Close,Close(t-1),Close(t-2),Close(t-3),Close(t-4),Close(t-5),Close(t-6),Close(t-7)
0.079167,0.075,0.069792,0.071354,0.081771,0.085417,0.086458,0.097917
0.076563,0.079167,0.075,0.069792,0.071354,0.081771,0.085417,0.086458
0.07526,0.076563,0.079167,0.075,0.069792,0.071354,0.081771,0.085417
0.075,0.07526,0.076563,0.079167,0.075,0.069792,0.071354,0.081771
0.075521,0.075,0.07526,0.076563,0.079167,0.075,0.069792,0.071354
0.073958,0.075521,0.075,0.07526,0.076563,0.079167,0.075,0.069792
0.070833,0.073958,0.075521,0.075,0.07526,0.076563,0.079167,0.075
0.077083,0.070833,0.073958,0.075521,0.075,0.07526,0.076563,0.079167
0.082813,0.077083,0.070833,0.073958,0.075521,0.075,0.07526,0.076563
0.084375,0.082813,0.077083,0.070833,0.073958,0.075521,0.075,0.07526
0.079167,0.084375,0.082813,0.077083,0.070833,0.073958,0.075521,0.075
0.077083,0.079167,0.084375,0.082813,0.077083,0.070833,0.073958,0.075521
0.080208,0.077083,0.079167,0.084375,0.082813,0.077083,0.070833,0.073958
0.079167,0.080208,0.077083,0.079167,0.084375,0.082813,0.077083,0.070833
0.078646,0.079167,0.080208,0.077083,0.079167,0.084375,0.082813,0.077083
0.07526,0.078646,0.079167,0.080208,0.077083,0.079167,0.084375,0.082813
0.075521,0.07526,0.078646,0.079167,0.080208,0.077083,0.079167,0.084375
0.075521,0.075521,0.07526,0.078646,0.079167,0.080208,0.077083,0.079167
0.076302,0.075521,0.075521,0.07526,0.078646,0.079167,0.080208,0.077083
0.075,0.076302,0.075521,0.075521,0.07526,0.078646,0.079167,0.080208
0.075521,0.075,0.076302,0.075521,0.075521,0.07526,0.078646,0.079167
0.075521,0.075521,0.075,0.076302,0.075521,0.075521,0.07526,0.078646
0.075521,0.075521,0.075521,0.075,0.076302,0.075521,0.075521,0.07526
0.074479,0.075521,0.075521,0.075521,0.075,0.076302,0.075521,0.075521
0.077083,0.074479,0.075521,0.075521,0.075521,0.075,0.076302,0.075521
0.075781,0.077083,0.074479,0.075521,0.075521,0.075521,0.075,0.076302
0.079427,0.075781,0.077083,0.074479,0.075521,0.075521,0.075521,0.075
0.095573,0.079427,0.075781,0.077083,0.074479,0.075521,0.075521,0.075521
0.1,0.095573,0.079427,0.075781,0.077083,0.074479,0.075521,0.075521
0.115104,0.1,0.095573,0.079427,0.075781,0.077083,0.074479,0.075521
0.116146,0.115104,0.1,0.095573,0.079427,0.075781,0.077083,0.074479
0.128125,0.116146,0.115104,0.1,0.095573,0.079427,0.075781,0.077083
0.114583,0.128125,0.116146,0.115104,0.1,0.095573,0.079427,0.075781
0.106771,0.114583,0.128125,0.116146,0.115104,0.1,0.095573,0.079427
0.121875,0.106771,0.114583,0.128125,0.116146,0.115104,0.1,0.095573
0.116667,0.121875,0.106771,0.114583,0.128125,0.116146,0.115104,0.1
0.110938,0.116667,0.121875,0.106771,0.114583,0.128125,0.116146,0.115104
0.107813,0.110938,0.116667,0.121875,0.106771,0.114583,0.128125,0.116146
0.109115,0.107813,0.110938,0.116667,0.121875,0.106771,0.114583,0.128125
0.106771,0.109115,0.107813,0.110938,0.116667,0.121875,0.106771,0.114583
0.114583,0.106771,0.109115,0.107813,0.110938,0.116667,0.121875,0.106771
0.113021,0.114583,0.106771,0.109115,0.107813,0.110938,0.116667,0.121875
0.111458,0.113021,0.114583,0.106771,0.109115,0.107813,0.110938,0.116667
0.116146,0.111458,0.113021,0.114583,0.106771,0.109115,0.107813,0.110938
0.123958,0.116146,0.111458,0.113021,0.114583,0.106771,0.109115,0.107813
0.122396,0.123958,0.116146,0.111458,0.113021,0.114583,0.106771,0.109115
0.119792,0.122396,0.123958,0.116146,0.111458,0.113021,0.114583,0.106771
0.120833,0.119792,0.122396,0.123958,0.116146,0.111458,0.113021,0.114583
0.115625,0.120833,0.119792,0.122396,0.123958,0.116146,0.111458,0.113021
0.110417,0.115625,0.120833,0.119792,0.122396,0.123958,0.116146,0.111458
0.1125,0.110417,0.115625,0.120833,0.119792,0.122396,0.123958,0.116146
0.108854,0.1125,0.110417,0.115625,0.120833,0.119792,0.122396,0.123958
0.114583,0.108854,0.1125,0.110417,0.115625,0.120833,0.119792,0.122396
0.116406,0.114583,0.108854,0.1125,0.110417,0.115625,0.120833,0.119792
0.109896,0.116406,0.114583,0.108854,0.1125,0.110417,0.115625,0.120833
0.109896,0.109896,0.116406,0.114583,0.108854,0.1125,0.110417,0.115625
0.107813,0.109896,0.109896,0.116406,0.114583,0.108854,0.1125,0.110417
0.105729,0.107813,0.109896,0.109896,0.116406,0.114583,0.108854,0.1125
0.102083,0.105729,0.107813,0.109896,0.109896,0.116406,0.114583,0.108854
0.108333,0.102083,0.105729,0.107813,0.109896,0.109896,0.116406,0.114583
0.108333,0.108333,0.102083,0.105729,0.107813,0.109896,0.109896,0.116406
0.105729,0.108333,0.108333,0.102083,0.105729,0.107813,0.109896,0.109896
0.10625,0.105729,0.108333,0.108333,0.102083,0.105729,0.107813,0.109896
0.110938,0.10625,0.105729,0.108333,0.108333,0.102083,0.105729,0.107813
0.117188,0.110938,0.10625,0.105729,0.108333,0.108333,0.102083,0.105729
0.115885,0.117188,0.110938,0.10625,0.105729,0.108333,0.108333,0.102083
0.11875,0.115885,0.117188,0.110938,0.10625,0.105729,0.108333,0.108333
0.116927,0.11875,0.115885,0.117188,0.110938,0.10625,0.105729,0.108333
0.117708,0.116927,0.11875,0.115885,0.117188,0.110938,0.10625,0.105729
0.116667,0.117708,0.116927,0.11875,0.115885,0.117188,0.110938,0.10625
0.127604,0.116667,0.117708,0.116927,0.11875,0.115885,0.117188,0.110938
0.125,0.127604,0.116667,0.117708,0.116927,0.11875,0.115885,0.117188
0.15,0.125,0.127604,0.116667,0.117708,0.116927,0.11875,0.115885
0.161979,0.15,0.125,0.127604,0.116667,0.117708,0.116927,0.11875
0.165104,0.161979,0.15,0.125,0.127604,0.116667,0.117708,0.116927
0.157813,0.165104,0.161979,0.15,0.125,0.127604,0.116667,0.117708
0.184375,0.157813,0.165104,0.161979,0.15,0.125,0.127604,0.116667
0.154688,0.184375,0.157813,0.165104,0.161979,0.15,0.125,0.127604
0.167708,0.154688,0.184375,0.157813,0.165104,0.161979,0.15,0.125
0.170313,0.167708,0.154688,0.184375,0.157813,0.165104,0.161979,0.15
0.164583,0.170313,0.167708,0.154688,0.184375,0.157813,0.165104,0.161979
0.197396,0.164583,0.170313,0.167708,0.154688,0.184375,0.157813,0.165104
0.225,0.197396,0.164583,0.170313,0.167708,0.154688,0.184375,0.157813
0.23125,0.225,0.197396,0.164583,0.170313,0.167708,0.154688,0.184375
0.21875,0.23125,0.225,0.197396,0.164583,0.170313,0.167708,0.154688
0.203906,0.21875,0.23125,0.225,0.197396,0.164583,0.170313,0.167708
0.208333,0.203906,0.21875,0.23125,0.225,0.197396,0.164583,0.170313
0.202083,0.208333,0.203906,0.21875,0.23125,0.225,0.197396,0.164583
0.216927,0.202083,0.208333,0.203906,0.21875,0.23125,0.225,0.197396
0.201042,0.216927,0.202083,0.208333,0.203906,0.21875,0.23125,0.225
0.200521,0.201042,0.216927,0.202083,0.208333,0.203906,0.21875,0.23125
0.200781,0.200521,0.201042,0.216927,0.202083,0.208333,0.203906,0.21875
0.20625,0.200781,0.200521,0.201042,0.216927,0.202083,0.208333,0.203906
0.202865,0.20625,0.200781,0.200521,0.201042,0.216927,0.202083,0.208333
0.20026,0.202865,0.20625,0.200781,0.200521,0.201042,0.216927,0.202083
0.1875,0.20026,0.202865,0.20625,0.200781,0.200521,0.201042,0.216927
0.195052,0.1875,0.20026,0.202865,0.20625,0.200781,0.200521,0.201042
0.2,0.195052,0.1875,0.20026,0.202865,0.20625,0.200781,0.200521
0.198958,0.2,0.195052,0.1875,0.20026,0.202865,0.20625,0.200781
0.196094,0.198958,0.2,0.195052,0.1875,0.20026,0.202865,0.20625
0.18125,0.196094,0.198958,0.2,0.195052,0.1875,0.20026,0.202865
0.18125,0.18125,0.196094,0.198958,0.2,0.195052,0.1875,0.20026
0.191146,0.18125,0.18125,0.196094,0.198958,0.2,0.195052,0.1875
0.221354,0.191146,0.18125,0.18125,0.196094,0.198958,0.2,0.195052
0.226042,0.221354,0.191146,0.18125,0.18125,0.196094,0.198958,0.2
0.225,0.226042,0.221354,0.191146,0.18125,0.18125,0.196094,0.198958
0.251302,0.225,0.226042,0.221354,0.191146,0.18125,0.18125,0.196094
0.213542,0.251302,0.225,0.226042,0.221354,0.191146,0.18125,0.18125
0.247396,0.213542,0.251302,0.225,0.226042,0.221354,0.191146,0.18125
0.269531,0.247396,0.213542,0.251302,0.225,0.226042,0.221354,0.191146
0.25625,0.269531,0.247396,0.213542,0.251302,0.225,0.226042,0.221354
0.254167,0.25625,0.269531,0.247396,0.213542,0.251302,0.225,0.226042
0.253646,0.254167,0.25625,0.269531,0.247396,0.213542,0.251302,0.225
0.247917,0.253646,0.254167,0.25625,0.269531,0.247396,0.213542,0.251302
0.24375,0.247917,0.253646,0.254167,0.25625,0.269531,0.247396,0.213542
0.233073,0.24375,0.247917,0.253646,0.254167,0.25625,0.269531,0.247396
0.223958,0.233073,0.24375,0.247917,0.253646,0.254167,0.25625,0.269531
0.210417,0.223958,0.233073,0.24375,0.247917,0.253646,0.254167,0.25625
0.197396,0.210417,0.223958,0.233073,0.24375,0.247917,0.253646,0.254167
0.188542,0.197396,0.210417,0.223958,0.233073,0.24375,0.247917,0.253646
0.192969,0.188542,0.197396,0.210417,0.223958,0.233073,0.24375,0.247917
0.208333,0.192969,0.188542,0.197396,0.210417,0.223958,0.233073,0.24375
0.21875,0.208333,0.192969,0.188542,0.197396,0.210417,0.223958,0.233073
0.220833,0.21875,0.208333,0.192969,0.188542,0.197396,0.210417,0.223958
0.225521,0.220833,0.21875,0.208333,0.192969,0.188542,0.197396,0.210417
0.229167,0.225521,0.220833,0.21875,0.208333,0.192969,0.188542,0.197396
0.224479,0.229167,0.225521,0.220833,0.21875,0.208333,0.192969,0.188542
0.211458,0.224479,0.229167,0.225521,0.220833,0.21875,0.208333,0.192969
0.210156,0.211458,0.224479,0.229167,0.225521,0.220833,0.21875,0.208333
0.213021,0.210156,0.211458,0.224479,0.229167,0.225521,0.220833,0.21875
0.20625,0.213021,0.210156,0.211458,0.224479,0.229167,0.225521,0.220833
0.213542,0.20625,0.213021,0.210156,0.211458,0.224479,0.229167,0.225521
0.211719,0.213542,0.20625,0.213021,0.210156,0.211458,0.224479,0.229167
0.218229,0.211719,0.213542,0.20625,0.213021,0.210156,0.211458,0.224479
0.225,0.218229,0.211719,0.213542,0.20625,0.213021,0.210156,0.211458
0.229688,0.225,0.218229,0.211719,0.213542,0.20625,0.213021,0.210156
0.235417,0.229688,0.225,0.218229,0.211719,0.213542,0.20625,0.213021
0.234375,0.235417,0.229688,0.225,0.218229,0.211719,0.213542,0.20625
0.225521,0.234375,0.235417,0.229688,0.225,0.218229,0.211719,0.213542
0.234375,0.225521,0.234375,0.235417,0.229688,0.225,0.218229,0.211719
0.227083,0.234375,0.225521,0.234375,0.235417,0.229688,0.225,0.218229
0.229167,0.227083,0.234375,0.225521,0.234375,0.235417,0.229688,0.225
0.222917,0.229167,0.227083,0.234375,0.225521,0.234375,0.235417,0.229688
0.219531,0.222917,0.229167,0.227083,0.234375,0.225521,0.234375,0.235417
0.214583,0.219531,0.222917,0.229167,0.227083,0.234375,0.225521,0.234375
0.225,0.214583,0.219531,0.222917,0.229167,0.227083,0.234375,0.225521
0.234896,0.225,0.214583,0.219531,0.222917,0.229167,0.227083,0.234375
0.23125,0.234896,0.225,0.214583,0.219531,0.222917,0.229167,0.227083
0.230208,0.23125,0.234896,0.225,0.214583,0.219531,0.222917,0.229167
0.226042,0.230208,0.23125,0.234896,0.225,0.214583,0.219531,0.222917
0.2375,0.226042,0.230208,0.23125,0.234896,0.225,0.214583,0.219531
0.242448,0.2375,0.226042,0.230208,0.23125,0.234896,0.225,0.214583
0.251042,0.242448,0.2375,0.226042,0.230208,0.23125,0.234896,0.225
0.247917,0.251042,0.242448,0.2375,0.226042,0.230208,0.23125,0.234896
0.2375,0.247917,0.251042,0.242448,0.2375,0.226042,0.230208,0.23125
0.241927,0.2375,0.247917,0.251042,0.242448,0.2375,0.226042,0.230208
0.239063,0.241927,0.2375,0.247917,0.251042,0.242448,0.2375,0.226042
0.230729,0.239063,0.241927,0.2375,0.247917,0.251042,0.242448,0.2375
0.213021,0.230729,0.239063,0.241927,0.2375,0.247917,0.251042,0.242448
0.215104,0.213021,0.230729,0.239063,0.241927,0.2375,0.247917,0.251042
0.232292,0.215104,0.213021,0.230729,0.239063,0.241927,0.2375,0.247917
0.24375,0.232292,0.215104,0.213021,0.230729,0.239063,0.241927,0.2375
0.247656,0.24375,0.232292,0.215104,0.213021,0.230729,0.239063,0.241927
0.239583,0.247656,0.24375,0.232292,0.215104,0.213021,0.230729,0.239063
0.247656,0.239583,0.247656,0.24375,0.232292,0.215104,0.213021,0.230729
0.253646,0.247656,0.239583,0.247656,0.24375,0.232292,0.215104,0.213021
0.256771,0.253646,0.247656,0.239583,0.247656,0.24375,0.232292,0.215104
0.246875,0.256771,0.253646,0.247656,0.239583,0.247656,0.24375,0.232292
0.240625,0.246875,0.256771,0.253646,0.247656,0.239583,0.247656,0.24375
0.2375,0.240625,0.246875,0.256771,0.253646,0.247656,0.239583,0.247656
0.238542,0.2375,0.240625,0.246875,0.256771,0.253646,0.247656,0.239583
0.247917,0.238542,0.2375,0.240625,0.246875,0.256771,0.253646,0.247656
0.245833,0.247917,0.238542,0.2375,0.240625,0.246875,0.256771,0.253646
0.259896,0.245833,0.247917,0.238542,0.2375,0.240625,0.246875,0.256771
0.257552,0.259896,0.245833,0.247917,0.238542,0.2375,0.240625,0.246875
0.253125,0.257552,0.259896,0.245833,0.247917,0.238542,0.2375,0.240625
0.246875,0.253125,0.257552,0.259896,0.245833,0.247917,0.238542,0.2375
0.245313,0.246875,0.253125,0.257552,0.259896,0.245833,0.247917,0.238542
0.242708,0.245313,0.246875,0.253125,0.257552,0.259896,0.245833,0.247917
0.265104,0.242708,0.245313,0.246875,0.253125,0.257552,0.259896,0.245833
0.264583,0.265104,0.242708,0.245313,0.246875,0.253125,0.257552,0.259896
0.263021,0.264583,0.265104,0.242708,0.245313,0.246875,0.253125,0.257552
0.259375,0.263021,0.264583,0.265104,0.242708,0.245313,0.246875,0.253125
0.257292,0.259375,0.263021,0.264583,0.265104,0.242708,0.245313,0.246875
0.253646,0.257292,0.259375,0.263021,0.264583,0.265104,0.242708,0.245313
0.261458,0.253646,0.257292,0.259375,0.263021,0.264583,0.265104,0.242708
0.263542,0.261458,0.253646,0.257292,0.259375,0.263021,0.264583,0.265104
0.270313,0.263542,0.261458,0.253646,0.257292,0.259375,0.263021,0.264583
0.270313,0.270313,0.263542,0.261458,0.253646,0.257292,0.259375,0.263021
0.274479,0.270313,0.270313,0.263542,0.261458,0.253646,0.257292,0.259375
0.303125,0.274479,0.270313,0.270313,0.263542,0.261458,0.253646,0.257292
0.320833,0.303125,0.274479,0.270313,0.270313,0.263542,0.261458,0.253646
0.317708,0.320833,0.303125,0.274479,0.270313,0.270313,0.263542,0.261458
0.298958,0.317708,0.320833,0.303125,0.274479,0.270313,0.270313,0.263542
0.30599,0.298958,0.317708,0.320833,0.303125,0.274479,0.270313,0.270313
0.3125,0.30599,0.298958,0.317708,0.320833,0.303125,0.274479,0.270313
0.319792,0.3125,0.30599,0.298958,0.317708,0.320833,0.303125,0.274479
0.347917,0.319792,0.3125,0.30599,0.298958,0.317708,0.320833,0.303125
0.346289,0.347917,0.319792,0.3125,0.30599,0.298958,0.317708,0.320833
0.331771,0.346289,0.347917,0.319792,0.3125,0.30599,0.298958,0.317708
0.327083,0.331771,0.346289,0.347917,0.319792,0.3125,0.30599,0.298958
0.327865,0.327083,0.331771,0.346289,0.347917,0.319792,0.3125,0.30599
0.329167,0.327865,0.327083,0.331771,0.346289,0.347917,0.319792,0.3125
0.332813,0.329167,0.327865,0.327083,0.331771,0.346289,0.347917,0.319792
0.355469,0.332813,0.329167,0.327865,0.327083,0.331771,0.346289,0.347917
0.35,0.355469,0.332813,0.329167,0.327865,0.327083,0.331771,0.346289
0.35,0.35,0.355469,0.332813,0.329167,0.327865,0.327083,0.331771
0.349219,0.35,0.35,0.355469,0.332813,0.329167,0.327865,0.327083
0.351042,0.349219,0.35,0.35,0.355469,0.332813,0.329167,0.327865
0.340365,0.351042,0.349219,0.35,0.35,0.355469,0.332813,0.329167
0.344792,0.340365,0.351042,0.349219,0.35,0.35,0.355469,0.332813
0.354167,0.344792,0.340365,0.351042,0.349219,0.35,0.35,0.355469
0.357813,0.354167,0.344792,0.340365,0.351042,0.349219,0.35,0.35
0.35638,0.357813,0.354167,0.344792,0.340365,0.351042,0.349219,0.35
0.375521,0.35638,0.357813,0.354167,0.344792,0.340365,0.351042,0.349219
0.396094,0.375521,0.35638,0.357813,0.354167,0.344792,0.340365,0.351042
0.3875,0.396094,0.375521,0.35638,0.357813,0.354167,0.344792,0.340365
0.369271,0.3875,0.396094,0.375521,0.35638,0.357813,0.354167,0.344792
0.358333,0.369271,0.3875,0.396094,0.375521,0.35638,0.357813,0.354167
0.369271,0.358333,0.369271,0.3875,0.396094,0.375521,0.35638,0.357813
0.396875,0.369271,0.358333,0.369271,0.3875,0.396094,0.375521,0.35638
0.392969,0.396875,0.369271,0.358333,0.369271,0.3875,0.396094,0.375521
0.404948,0.392969,0.396875,0.369271,0.358333,0.369271,0.3875,0.396094
0.400521,0.404948,0.392969,0.396875,0.369271,0.358333,0.369271,0.3875
0.410417,0.400521,0.404948,0.392969,0.396875,0.369271,0.358333,0.369271
0.395313,0.410417,0.400521,0.404948,0.392969,0.396875,0.369271,0.358333
0.392708,0.395313,0.410417,0.400521,0.404948,0.392969,0.396875,0.369271
0.38776,0.392708,0.395313,0.410417,0.400521,0.404948,0.392969,0.396875
0.363542,0.38776,0.392708,0.395313,0.410417,0.400521,0.404948,0.392969
0.3375,0.363542,0.38776,0.392708,0.395313,0.410417,0.400521,0.404948
0.353646,0.3375,0.363542,0.38776,0.392708,0.395313,0.410417,0.400521
0.344792,0.353646,0.3375,0.363542,0.38776,0.392708,0.395313,0.410417
0.398438,0.344792,0.353646,0.3375,0.363542,0.38776,0.392708,0.395313
0.397917,0.398438,0.344792,0.353646,0.3375,0.363542,0.38776,0.392708
0.382292,0.397917,0.398438,0.344792,0.353646,0.3375,0.363542,0.38776
0.39375,0.382292,0.397917,0.398438,0.344792,0.353646,0.3375,0.363542
0.396875,0.39375,0.382292,0.397917,0.398438,0.344792,0.353646,0.3375
0.390495,0.396875,0.39375,0.382292,0.397917,0.398438,0.344792,0.353646
0.376563,0.390495,0.396875,0.39375,0.382292,0.397917,0.398438,0.344792
0.379167,0.376563,0.390495,0.396875,0.39375,0.382292,0.397917,0.398438
0.384896,0.379167,0.376563,0.390495,0.396875,0.39375,0.382292,0.397917
0.361979,0.384896,0.379167,0.376563,0.390495,0.396875,0.39375,0.382292
0.380729,0.361979,0.384896,0.379167,0.376563,0.390495,0.396875,0.39375
0.386979,0.380729,0.361979,0.384896,0.379167,0.376563,0.390495,0.396875
0.38151,0.386979,0.380729,0.361979,0.384896,0.379167,0.376563,0.390495
0.373438,0.38151,0.386979,0.380729,0.361979,0.384896,0.379167,0.376563
0.366927,0.373438,0.38151,0.386979,0.380729,0.361979,0.384896,0.379167
0.376563,0.366927,0.373438,0.38151,0.386979,0.380729,0.361979,0.384896
0.369271,0.376563,0.366927,0.373438,0.38151,0.386979,0.380729,0.361979
0.369792,0.369271,0.376563,0.366927,0.373438,0.38151,0.386979,0.380729
0.358333,0.369792,0.369271,0.376563,0.366927,0.373438,0.38151,0.386979
0.341146,0.358333,0.369792,0.369271,0.376563,0.366927,0.373438,0.38151
0.360938,0.341146,0.358333,0.369792,0.369271,0.376563,0.366927,0.373438
0.358073,0.360938,0.341146,0.358333,0.369792,0.369271,0.376563,0.366927
0.367188,0.358073,0.360938,0.341146,0.358333,0.369792,0.369271,0.376563
0.356771,0.367188,0.358073,0.360938,0.341146,0.358333,0.369792,0.369271
0.364063,0.356771,0.367188,0.358073,0.360938,0.341146,0.358333,0.369792
0.352083,0.364063,0.356771,0.367188,0.358073,0.360938,0.341146,0.358333
0.365625,0.352083,0.364063,0.356771,0.367188,0.358073,0.360938,0.341146
0.36875,0.365625,0.352083,0.364063,0.356771,0.367188,0.358073,0.360938
0.385417,0.36875,0.365625,0.352083,0.364063,0.356771,0.367188,0.358073
0.427083,0.385417,0.36875,0.365625,0.352083,0.364063,0.356771,0.367188
0.451042,0.427083,0.385417,0.36875,0.365625,0.352083,0.364063,0.356771
0.520833,0.451042,0.427083,0.385417,0.36875,0.365625,0.352083,0.364063
0.508333,0.520833,0.451042,0.427083,0.385417,0.36875,0.365625,0.352083
0.547917,0.508333,0.520833,0.451042,0.427083,0.385417,0.36875,0.365625
0.613542,0.547917,0.508333,0.520833,0.451042,0.427083,0.385417,0.36875
0.658333,0.613542,0.547917,0.508333,0.520833,0.451042,0.427083,0.385417
0.601042,0.658333,0.613542,0.547917,0.508333,0.520833,0.451042,0.427083
0.631771,0.601042,0.658333,0.613542,0.547917,0.508333,0.520833,0.451042
0.678125,0.631771,0.601042,0.658333,0.613542,0.547917,0.508333,0.520833
0.772396,0.678125,0.631771,0.601042,0.658333,0.613542,0.547917,0.508333
0.831771,0.772396,0.678125,0.631771,0.601042,0.658333,0.613542,0.547917
0.825521,0.831771,0.772396,0.678125,0.631771,0.601042,0.658333,0.613542
0.785417,0.825521,0.831771,0.772396,0.678125,0.631771,0.601042,0.658333
0.822917,0.785417,0.825521,0.831771,0.772396,0.678125,0.631771,0.601042
0.83125,0.822917,0.785417,0.825521,0.831771,0.772396,0.678125,0.631771
0.951042,0.83125,0.822917,0.785417,0.825521,0.831771,0.772396,0.678125
1.033333,0.951042,0.83125,0.822917,0.785417,0.825521,0.831771,0.772396
1.1625,1.033333,0.951042,0.83125,0.822917,0.785417,0.825521,0.831771
1.017708,1.1625,1.033333,0.951042,0.83125,0.822917,0.785417,0.825521
0.892708,1.017708,1.1625,1.033333,0.951042,0.83125,0.822917,0.785417
0.879167,0.892708,1.017708,1.1625,1.033333,0.951042,0.83125,0.822917
0.829167,0.879167,0.892708,1.017708,1.1625,1.033333,0.951042,0.83125
0.896875,0.829167,0.879167,0.892708,1.017708,1.1625,1.033333,0.951042
0.958333,0.896875,0.829167,0.879167,0.892708,1.017708,1.1625,1.033333
0.9375,0.958333,0.896875,0.829167,0.879167,0.892708,1.017708,1.1625
0.944792,0.9375,0.958333,0.896875,0.829167,0.879167,0.892708,1.017708
0.998438,0.944792,0.9375,0.958333,0.896875,0.829167,0.879167,0.892708
1.145833,0.998438,0.944792,0.9375,0.958333,0.896875,0.829167,0.879167
1.100521,1.145833,0.998438,0.944792,0.9375,0.958333,0.896875,0.829167
1.116667,1.100521,1.145833,0.998438,0.944792,0.9375,0.958333,0.896875
1.063542,1.116667,1.100521,1.145833,0.998438,0.944792,0.9375,0.958333
1.035417,1.063542,1.116667,1.100521,1.145833,0.998438,0.944792,0.9375
1.046354,1.035417,1.063542,1.116667,1.100521,1.145833,0.998438,0.944792
0.991146,1.046354,1.035417,1.063542,1.116667,1.100521,1.145833,0.998438
0.898438,0.991146,1.046354,1.035417,1.063542,1.116667,1.100521,1.145833
0.947917,0.898438,0.991146,1.046354,1.035417,1.063542,1.116667,1.100521
0.923958,0.947917,0.898438,0.991146,1.046354,1.035417,1.063542,1.116667
0.902083,0.923958,0.947917,0.898438,0.991146,1.046354,1.035417,1.063542
0.915625,0.902083,0.923958,0.947917,0.898438,0.991146,1.046354,1.035417
0.884896,0.915625,0.902083,0.923958,0.947917,0.898438,0.991146,1.046354
0.9125,0.884896,0.915625,0.902083,0.923958,0.947917,0.898438,0.991146
0.966667,0.9125,0.884896,0.915625,0.902083,0.923958,0.947917,0.898438
1.013542,0.966667,0.9125,0.884896,0.915625,0.902083,0.923958,0.947917
1.033333,1.013542,0.966667,0.9125,0.884896,0.915625,0.902083,0.923958
1.086458,1.033333,1.013542,0.966667,0.9125,0.884896,0.915625,0.902083
1.0625,1.086458,1.033333,1.013542,0.966667,0.9125,0.884896,0.915625
1.022917,1.0625,1.086458,1.033333,1.013542,0.966667,0.9125,0.884896
0.997396,1.022917,1.0625,1.086458,1.033333,1.013542,0.966667,0.9125
1.072396,0.997396,1.022917,1.0625,1.086458,1.033333,1.013542,0.966667
1.072917,1.072396,0.997396,1.022917,1.0625,1.086458,1.033333,1.013542
1.076042,1.072917,1.072396,0.997396,1.022917,1.0625,1.086458,1.033333
1.080729,1.076042,1.072917,1.072396,0.997396,1.022917,1.0625,1.086458
1.122917,1.080729,1.076042,1.072917,1.072396,0.997396,1.022917,1.0625
1.096875,1.122917,1.080729,1.076042,1.072917,1.072396,0.997396,1.022917
1.060417,1.096875,1.122917,1.080729,1.076042,1.072917,1.072396,0.997396
0.991667,1.060417,1.096875,1.122917,1.080729,1.076042,1.072917,1.072396
0.882422,0.991667,1.060417,1.096875,1.122917,1.080729,1.076042,1.072917
0.697917,0.882422,0.991667,1.060417,1.096875,1.122917,1.080729,1.076042
0.666276,0.697917,0.882422,0.991667,1.060417,1.096875,1.122917,1.080729
0.732292,0.666276,0.697917,0.882422,0.991667,1.060417,1.096875,1.122917
0.715625,0.732292,0.666276,0.697917,0.882422,0.991667,1.060417,1.096875
0.71875,0.715625,0.732292,0.666276,0.697917,0.882422,0.991667,1.060417
0.76875,0.71875,0.715625,0.732292,0.666276,0.697917,0.882422,0.991667
0.704167,0.76875,0.71875,0.715625,0.732292,0.666276,0.697917,0.882422
0.663542,0.704167,0.76875,0.71875,0.715625,0.732292,0.666276,0.697917
0.633854,0.663542,0.704167,0.76875,0.71875,0.715625,0.732292,0.666276
0.614063,0.633854,0.663542,0.704167,0.76875,0.71875,0.715625,0.732292
0.608333,0.614063,0.633854,0.663542,0.704167,0.76875,0.71875,0.715625
0.704167,0.608333,0.614063,0.633854,0.663542,0.704167,0.76875,0.71875
0.641667,0.704167,0.608333,0.614063,0.633854,0.663542,0.704167,0.76875
0.664063,0.641667,0.704167,0.608333,0.614063,0.633854,0.663542,0.704167
0.7125,0.664063,0.641667,0.704167,0.608333,0.614063,0.633854,0.663542
0.734896,0.7125,0.664063,0.641667,0.704167,0.608333,0.614063,0.633854
0.876042,0.734896,0.7125,0.664063,0.641667,0.704167,0.608333,0.614063
0.851042,0.876042,0.734896,0.7125,0.664063,0.641667,0.704167,0.608333
0.910417,0.851042,0.876042,0.734896,0.7125,0.664063,0.641667,0.704167
0.963542,0.910417,0.851042,0.876042,0.734896,0.7125,0.664063,0.641667
0.942708,0.963542,0.910417,0.851042,0.876042,0.734896,0.7125,0.664063
0.930208,0.942708,0.963542,0.910417,0.851042,0.876042,0.734896,0.7125
0.855208,0.930208,0.942708,0.963542,0.910417,0.851042,0.876042,0.734896
0.91875,0.855208,0.930208,0.942708,0.963542,0.910417,0.851042,0.876042
0.872526,0.91875,0.855208,0.930208,0.942708,0.963542,0.910417,0.851042
0.902604,0.872526,0.91875,0.855208,0.930208,0.942708,0.963542,0.910417
0.778646,0.902604,0.872526,0.91875,0.855208,0.930208,0.942708,0.963542
0.718229,0.778646,0.902604,0.872526,0.91875,0.855208,0.930208,0.942708
0.759896,0.718229,0.778646,0.902604,0.872526,0.91875,0.855208,0.930208
0.776563,0.759896,0.718229,0.778646,0.902604,0.872526,0.91875,0.855208
0.761458,0.776563,0.759896,0.718229,0.778646,0.902604,0.872526,0.91875
0.779167,0.761458,0.776563,0.759896,0.718229,0.778646,0.902604,0.872526
0.808854,0.779167,0.761458,0.776563,0.759896,0.718229,0.778646,0.902604
0.828646,0.808854,0.779167,0.761458,0.776563,0.759896,0.718229,0.778646
0.88125,0.828646,0.808854,0.779167,0.761458,0.776563,0.759896,0.718229
0.889583,0.88125,0.828646,0.808854,0.779167,0.761458,0.776563,0.759896
0.916667,0.889583,0.88125,0.828646,0.808854,0.779167,0.761458,0.776563
0.955729,0.916667,0.889583,0.88125,0.828646,0.808854,0.779167,0.761458
0.967708,0.955729,0.916667,0.889583,0.88125,0.828646,0.808854,0.779167
1.011979,0.967708,0.955729,0.916667,0.889583,0.88125,0.828646,0.808854
0.969271,1.011979,0.967708,0.955729,0.916667,0.889583,0.88125,0.828646
0.975521,0.969271,1.011979,0.967708,0.955729,0.916667,0.889583,0.88125
1.054167,0.975521,0.969271,1.011979,0.967708,0.955729,0.916667,0.889583
1.053646,1.054167,0.975521,0.969271,1.011979,0.967708,0.955729,0.916667
1.091667,1.053646,1.054167,0.975521,0.969271,1.011979,0.967708,0.955729
1.050521,1.091667,1.053646,1.054167,0.975521,0.969271,1.011979,0.967708
1.081771,1.050521,1.091667,1.053646,1.054167,0.975521,0.969271,1.011979
1.070833,1.081771,1.050521,1.091667,1.053646,1.054167,0.975521,0.969271
1.038021,1.070833,1.081771,1.050521,1.091667,1.053646,1.054167,0.975521
1.057292,1.038021,1.070833,1.081771,1.050521,1.091667,1.053646,1.054167
1.097917,1.057292,1.038021,1.070833,1.081771,1.050521,1.091667,1.053646
1.055208,1.097917,1.057292,1.038021,1.070833,1.081771,1.050521,1.091667
1.091667,1.055208,1.097917,1.057292,1.038021,1.070833,1.081771,1.050521
1.064583,1.091667,1.055208,1.097917,1.057292,1.038021,1.070833,1.081771
1.052083,1.064583,1.091667,1.055208,1.097917,1.057292,1.038021,1.070833
1.2375,1.052083,1.064583,1.091667,1.055208,1.097917,1.057292,1.038021
1.366667,1.2375,1.052083,1.064583,1.091667,1.055208,1.097917,1.057292
1.277083,1.366667,1.2375,1.052083,1.064583,1.091667,1.055208,1.097917
1.505208,1.277083,1.366667,1.2375,1.052083,1.064583,1.091667,1.055208
1.816667,1.505208,1.277083,1.366667,1.2375,1.052083,1.064583,1.091667
1.7875,1.816667,1.505208,1.277083,1.366667,1.2375,1.052083,1.064583
1.752604,1.7875,1.816667,1.505208,1.277083,1.366667,1.2375,1.052083
1.805208,1.752604,1.7875,1.816667,1.505208,1.277083,1.366667,1.2375
1.6,1.805208,1.752604,1.7875,1.816667,1.505208,1.277083,1.366667
1.745833,1.6,1.805208,1.752604,1.7875,1.816667,1.505208,1.277083
1.6625,1.745833,1.6,1.805208,1.752604,1.7875,1.816667,1.505208
1.579167,1.6625,1.745833,1.6,1.805208,1.752604,1.7875,1.816667
1.570833,1.579167,1.6625,1.745833,1.6,1.805208,1.752604,1.7875
1.591667,1.570833,1.579167,1.6625,1.745833,1.6,1.805208,1.752604
1.700521,1.591667,1.570833,1.579167,1.6625,1.745833,1.6,1.805208
1.802083,1.700521,1.591667,1.570833,1.579167,1.6625,1.745833,1.6
1.776042,1.802083,1.700521,1.591667,1.570833,1.579167,1.6625,1.745833
1.858333,1.776042,1.802083,1.700521,1.591667,1.570833,1.579167,1.6625
1.852083,1.858333,1.776042,1.802083,1.700521,1.591667,1.570833,1.579167
2.022917,1.852083,1.858333,1.776042,1.802083,1.700521,1.591667,1.570833
2.408333,2.022917,1.852083,1.858333,1.776042,1.802083,1.700521,1.591667
2.30625,2.408333,2.022917,1.852083,1.858333,1.776042,1.802083,1.700521
2.389063,2.30625,2.408333,2.022917,1.852083,1.858333,1.776042,1.802083
2.65625,2.389063,2.30625,2.408333,2.022917,1.852083,1.858333,1.776042
2.686458,2.65625,2.389063,2.30625,2.408333,2.022917,1.852083,1.858333
2.708333,2.686458,2.65625,2.389063,2.30625,2.408333,2.022917,1.852083
2.706771,2.708333,2.686458,2.65625,2.389063,2.30625,2.408333,2.022917
2.932813,2.706771,2.708333,2.686458,2.65625,2.389063,2.30625,2.408333
2.769271,2.932813,2.706771,2.708333,2.686458,2.65625,2.389063,2.30625
2.677083,2.769271,2.932813,2.706771,2.708333,2.686458,2.65625,2.389063
2.677083,2.677083,2.769271,2.932813,2.706771,2.708333,2.686458,2.65625
2.957813,2.677083,2.677083,2.769271,2.932813,2.706771,2.708333,2.686458
3.1125,2.957813,2.677083,2.677083,2.769271,2.932813,2.706771,2.708333
3.45,3.1125,2.957813,2.677083,2.677083,2.769271,2.932813,2.706771
3.971875,3.45,3.1125,2.957813,2.677083,2.677083,2.769271,2.932813
4.00625,3.971875,3.45,3.1125,2.957813,2.677083,2.677083,2.769271
4.615625,4.00625,3.971875,3.45,3.1125,2.957813,2.677083,2.677083
4.084375,4.615625,4.00625,3.971875,3.45,3.1125,2.957813,2.677083
3.7,4.084375,4.615625,4.00625,3.971875,3.45,3.1125,2.957813
3.45,3.7,4.084375,4.615625,4.00625,3.971875,3.45,3.1125
3.509375,3.45,3.7,4.084375,4.615625,4.00625,3.971875,3.45
3.495313,3.509375,3.45,3.7,4.084375,4.615625,4.00625,3.971875
2.825,3.495313,3.509375,3.45,3.7,4.084375,4.615625,4.00625
2.65,2.825,3.495313,3.509375,3.45,3.7,4.084375,4.615625
3.075,2.65,2.825,3.495313,3.509375,3.45,3.7,4.084375
2.809375,3.075,2.65,2.825,3.495313,3.509375,3.45,3.7
2.877344,2.809375,3.075,2.65,2.825,3.495313,3.509375,3.45
3.140625,2.877344,2.809375,3.075,2.65,2.825,3.495313,3.509375
3.071875,3.140625,2.877344,2.809375,3.075,2.65,2.825,3.495313
2.923438,3.071875,3.140625,2.877344,2.809375,3.075,2.65,2.825
2.896875,2.923438,3.071875,3.140625,2.877344,2.809375,3.075,2.65
2.75625,2.896875,2.923438,3.071875,3.140625,2.877344,2.809375,3.075
3.14375,2.75625,2.896875,2.923438,3.071875,3.140625,2.877344,2.809375
2.95,3.14375,2.75625,2.896875,2.923438,3.071875,3.140625,2.877344
2.896875,2.95,3.14375,2.75625,2.896875,2.923438,3.071875,3.140625
2.728125,2.896875,2.95,3.14375,2.75625,2.896875,2.923438,3.071875
2.5,2.728125,2.896875,2.95,3.14375,2.75625,2.896875,2.923438
2.435938,2.5,2.728125,2.896875,2.95,3.14375,2.75625,2.896875
2.746875,2.435938,2.5,2.728125,2.896875,2.95,3.14375,2.75625
2.6125,2.746875,2.435938,2.5,2.728125,2.896875,2.95,3.14375
2.465625,2.6125,2.746875,2.435938,2.5,2.728125,2.896875,2.95
2.3375,2.465625,2.6125,2.746875,2.435938,2.5,2.728125,2.896875
2.2375,2.3375,2.465625,2.6125,2.746875,2.435938,2.5,2.728125
2.546875,2.2375,2.3375,2.465625,2.6125,2.746875,2.435938,2.5
2.6625,2.546875,2.2375,2.3375,2.465625,2.6125,2.746875,2.435938
2.879688,2.6625,2.546875,2.2375,2.3375,2.465625,2.6125,2.746875
2.773438,2.879688,2.6625,2.546875,2.2375,2.3375,2.465625,2.6125
3.125,2.773438,2.879688,2.6625,2.546875,2.2375,2.3375,2.465625
3.203125,3.125,2.773438,2.879688,2.6625,2.546875,2.2375,2.3375
3.325,3.203125,3.125,2.773438,2.879688,2.6625,2.546875,2.2375
3.032813,3.325,3.203125,3.125,2.773438,2.879688,2.6625,2.546875
3.0875,3.032813,3.325,3.203125,3.125,2.773438,2.879688,2.6625
3.003125,3.0875,3.032813,3.325,3.203125,3.125,2.773438,2.879688
3.0375,3.003125,3.0875,3.032813,3.325,3.203125,3.125,2.773438
3.054688,3.0375,3.003125,3.0875,3.032813,3.325,3.203125,3.125
3.248438,3.054688,3.0375,3.003125,3.0875,3.032813,3.325,3.203125
3.428125,3.248438,3.054688,3.0375,3.003125,3.0875,3.032813,3.325
3.371875,3.428125,3.248438,3.054688,3.0375,3.003125,3.0875,3.032813
3.332813,3.371875,3.428125,3.248438,3.054688,3.0375,3.003125,3.0875
3.473438,3.332813,3.371875,3.428125,3.248438,3.054688,3.0375,3.003125
3.345313,3.473438,3.332813,3.371875,3.428125,3.248438,3.054688,3.0375
3.275,3.345313,3.473438,3.332813,3.371875,3.428125,3.248438,3.054688
3.460938,3.275,3.345313,3.473438,3.332813,3.371875,3.428125,3.248438
3.376563,3.460938,3.275,3.345313,3.473438,3.332813,3.371875,3.428125
3.3,3.376563,3.460938,3.275,3.345313,3.473438,3.332813,3.371875
2.984375,3.3,3.376563,3.460938,3.275,3.345313,3.473438,3.332813
3.092188,2.984375,3.3,3.376563,3.460938,3.275,3.345313,3.473438
3.496875,3.092188,2.984375,3.3,3.376563,3.460938,3.275,3.345313
3.476563,3.496875,3.092188,2.984375,3.3,3.376563,3.460938,3.275
3.740625,3.476563,3.496875,3.092188,2.984375,3.3,3.376563,3.460938
4.117188,3.740625,3.476563,3.496875,3.092188,2.984375,3.3,3.376563
4.304688,4.117188,3.740625,3.476563,3.496875,3.092188,2.984375,3.3
4.275,4.304688,4.117188,3.740625,3.476563,3.496875,3.092188,2.984375
4.6625,4.275,4.304688,4.117188,3.740625,3.476563,3.496875,3.092188
4.571875,4.6625,4.275,4.304688,4.117188,3.740625,3.476563,3.496875
4.395313,4.571875,4.6625,4.275,4.304688,4.117188,3.740625,3.476563
4.475,4.395313,4.571875,4.6625,4.275,4.304688,4.117188,3.740625
4.571875,4.475,4.395313,4.571875,4.6625,4.275,4.304688,4.117188
4.610938,4.571875,4.475,4.395313,4.571875,4.6625,4.275,4.304688
4.459375,4.610938,4.571875,4.475,4.395313,4.571875,4.6625,4.275
4.2,4.459375,4.610938,4.571875,4.475,4.395313,4.571875,4.6625
4.18125,4.2,4.459375,4.610938,4.571875,4.475,4.395313,4.571875
4.75,4.18125,4.2,4.459375,4.610938,4.571875,4.475,4.395313
3.973438,4.75,4.18125,4.2,4.459375,4.610938,4.571875,4.475
4.3,3.973438,4.75,4.18125,4.2,4.459375,4.610938,4.571875
4.48125,4.3,3.973438,4.75,4.18125,4.2,4.459375,4.610938
4.751563,4.48125,4.3,3.973438,4.75,4.18125,4.2,4.459375
5.253125,4.751563,4.48125,4.3,3.973438,4.75,4.18125,4.2
5.179688,5.253125,4.751563,4.48125,4.3,3.973438,4.75,4.18125
5.146875,5.179688,5.253125,4.751563,4.48125,4.3,3.973438,4.75
4.8375,5.146875,5.179688,5.253125,4.751563,4.48125,4.3,3.973438
4.20625,4.8375,5.146875,5.179688,5.253125,4.751563,4.48125,4.3
4.301563,4.20625,4.8375,5.146875,5.179688,5.253125,4.751563,4.48125
3.773438,4.301563,4.20625,4.8375,5.146875,5.179688,5.253125,4.751563
3.575,3.773438,4.301563,4.20625,4.8375,5.146875,5.179688,5.253125
3.6625,3.575,3.773438,4.301563,4.20625,4.8375,5.146875,5.179688
3.434375,3.6625,3.575,3.773438,4.301563,4.20625,4.8375,5.146875
3.409375,3.434375,3.6625,3.575,3.773438,4.301563,4.20625,4.8375
3.671875,3.409375,3.434375,3.6625,3.575,3.773438,4.301563,4.20625
3.709375,3.671875,3.409375,3.434375,3.6625,3.575,3.773438,4.301563
3.573438,3.709375,3.671875,3.409375,3.434375,3.6625,3.575,3.773438
3.4,3.573438,3.709375,3.671875,3.409375,3.434375,3.6625,3.575
3.309375,3.4,3.573438,3.709375,3.671875,3.409375,3.434375,3.6625
3.440625,3.309375,3.4,3.573438,3.709375,3.671875,3.409375,3.434375
3.315625,3.440625,3.309375,3.4,3.573438,3.709375,3.671875,3.409375
3.489063,3.315625,3.440625,3.309375,3.4,3.573438,3.709375,3.671875
3.270313,3.489063,3.315625,3.440625,3.309375,3.4,3.573438,3.709375
3.214063,3.270313,3.489063,3.315625,3.440625,3.309375,3.4,3.573438
2.9375,3.214063,3.270313,3.489063,3.315625,3.440625,3.309375,3.4
2.789063,2.9375,3.214063,3.270313,3.489063,3.315625,3.440625,3.309375
3.023438,2.789063,2.9375,3.214063,3.270313,3.489063,3.315625,3.440625
2.864063,3.023438,2.789063,2.9375,3.214063,3.270313,3.489063,3.315625
2.96875,2.864063,3.023438,2.789063,2.9375,3.214063,3.270313,3.489063
2.645313,2.96875,2.864063,3.023438,2.789063,2.9375,3.214063,3.270313
2.803125,2.645313,2.96875,2.864063,3.023438,2.789063,2.9375,3.214063
2.626563,2.803125,2.645313,2.96875,2.864063,3.023438,2.789063,2.9375
2.710938,2.626563,2.803125,2.645313,2.96875,2.864063,3.023438,2.789063
2.934375,2.710938,2.626563,2.803125,2.645313,2.96875,2.864063,3.023438
2.789063,2.934375,2.710938,2.626563,2.803125,2.645313,2.96875,2.864063
2.85,2.789063,2.934375,2.710938,2.626563,2.803125,2.645313,2.96875
2.898438,2.85,2.789063,2.934375,2.710938,2.626563,2.803125,2.645313
2.645313,2.898438,2.85,2.789063,2.934375,2.710938,2.626563,2.803125
2.3,2.645313,2.898438,2.85,2.789063,2.934375,2.710938,2.626563
2.4125,2.3,2.645313,2.898438,2.85,2.789063,2.934375,2.710938
2.792188,2.4125,2.3,2.645313,2.898438,2.85,2.789063,2.934375
2.823438,2.792188,2.4125,2.3,2.645313,2.898438,2.85,2.789063
2.782813,2.823438,2.792188,2.4125,2.3,2.645313,2.898438,2.85
3.0875,2.782813,2.823438,2.792188,2.4125,2.3,2.645313,2.898438
2.9375,3.0875,2.782813,2.823438,2.792188,2.4125,2.3,2.645313
2.94375,2.9375,3.0875,2.782813,2.823438,2.792188,2.4125,2.3
2.840625,2.94375,2.9375,3.0875,2.782813,2.823438,2.792188,2.4125
2.754688,2.840625,2.94375,2.9375,3.0875,2.782813,2.823438,2.792188
2.767188,2.754688,2.840625,2.94375,2.9375,3.0875,2.782813,2.823438
2.901563,2.767188,2.754688,2.840625,2.94375,2.9375,3.0875,2.782813
3.128125,2.901563,2.767188,2.754688,2.840625,2.94375,2.9375,3.0875
3.059375,3.128125,2.901563,2.767188,2.754688,2.840625,2.94375,2.9375
3.101563,3.059375,3.128125,2.901563,2.767188,2.754688,2.840625,2.94375
3.171875,3.101563,3.059375,3.128125,2.901563,2.767188,2.754688,2.840625
3.046875,3.171875,3.101563,3.059375,3.128125,2.901563,2.767188,2.754688
3.134375,3.046875,3.171875,3.101563,3.059375,3.128125,2.901563,2.767188
3.1375,3.134375,3.046875,3.171875,3.101563,3.059375,3.128125,2.901563
2.934375,3.1375,3.134375,3.046875,3.171875,3.101563,3.059375,3.128125
3.153125,2.934375,3.1375,3.134375,3.046875,3.171875,3.101563,3.059375
3.375,3.153125,2.934375,3.1375,3.134375,3.046875,3.171875,3.101563
3.489063,3.375,3.153125,2.934375,3.1375,3.134375,3.046875,3.171875
3.440625,3.489063,3.375,3.153125,2.934375,3.1375,3.134375,3.046875
3.292188,3.440625,3.489063,3.375,3.153125,2.934375,3.1375,3.134375
3.003125,3.292188,3.440625,3.489063,3.375,3.153125,2.934375,3.1375
3.135938,3.003125,3.292188,3.440625,3.489063,3.375,3.153125,2.934375
2.670313,3.135938,3.003125,3.292188,3.440625,3.489063,3.375,3.153125
2.864063,2.670313,3.135938,3.003125,3.292188,3.440625,3.489063,3.375
2.648438,2.864063,2.670313,3.135938,3.003125,3.292188,3.440625,3.489063
2.525,2.648438,2.864063,2.670313,3.135938,3.003125,3.292188,3.440625
2.64375,2.525,2.648438,2.864063,2.670313,3.135938,3.003125,3.292188
2.539063,2.64375,2.525,2.648438,2.864063,2.670313,3.135938,3.003125
2.501563,2.539063,2.64375,2.525,2.648438,2.864063,2.670313,3.135938
2.35,2.501563,2.539063,2.64375,2.525,2.648438,2.864063,2.670313
2.371875,2.35,2.501563,2.539063,2.64375,2.525,2.648438,2.864063
2.210938,2.371875,2.35,2.501563,2.539063,2.64375,2.525,2.648438
2.43125,2.210938,2.371875,2.35,2.501563,2.539063,2.64375,2.525
2.239063,2.43125,2.210938,2.371875,2.35,2.501563,2.539063,2.64375
2.1375,2.239063,2.43125,2.210938,2.371875,2.35,2.501563,2.539063
2.275,2.1375,2.239063,2.43125,2.210938,2.371875,2.35,2.501563
2.273438,2.275,2.1375,2.239063,2.43125,2.210938,2.371875,2.35
2.29375,2.273438,2.275,2.1375,2.239063,2.43125,2.210938,2.371875
2.435938,2.29375,2.273438,2.275,2.1375,2.239063,2.43125,2.210938
2.457813,2.435938,2.29375,2.273438,2.275,2.1375,2.239063,2.43125
2.73125,2.457813,2.435938,2.29375,2.273438,2.275,2.1375,2.239063
2.828125,2.73125,2.457813,2.435938,2.29375,2.273438,2.275,2.1375
2.653125,2.828125,2.73125,2.457813,2.435938,2.29375,2.273438,2.275
2.835938,2.653125,2.828125,2.73125,2.457813,2.435938,2.29375,2.273438
2.959375,2.835938,2.653125,2.828125,2.73125,2.457813,2.435938,2.29375
3.001563,2.959375,2.835938,2.653125,2.828125,2.73125,2.457813,2.435938
3.321875,3.001563,2.959375,2.835938,2.653125,2.828125,2.73125,2.457813
3.214063,3.321875,3.001563,2.959375,2.835938,2.653125,2.828125,2.73125
3.2125,3.214063,3.321875,3.001563,2.959375,2.835938,2.653125,2.828125
2.98125,3.2125,3.214063,3.321875,3.001563,2.959375,2.835938,2.653125
3.109375,2.98125,3.2125,3.214063,3.321875,3.001563,2.959375,2.835938
2.976563,3.109375,2.98125,3.2125,3.214063,3.321875,3.001563,2.959375
3.003125,2.976563,3.109375,2.98125,3.2125,3.214063,3.321875,3.001563
3.121875,3.003125,2.976563,3.109375,2.98125,3.2125,3.214063,3.321875
3.146875,3.121875,3.003125,2.976563,3.109375,2.98125,3.2125,3.214063
3.071875,3.146875,3.121875,3.003125,2.976563,3.109375,2.98125,3.2125
3.18125,3.071875,3.146875,3.121875,3.003125,2.976563,3.109375,2.98125
3.325,3.18125,3.071875,3.146875,3.121875,3.003125,2.976563,3.109375
3.165625,3.325,3.18125,3.071875,3.146875,3.121875,3.003125,2.976563
3.3,3.165625,3.325,3.18125,3.071875,3.146875,3.121875,3.003125
3.278125,3.3,3.165625,3.325,3.18125,3.071875,3.146875,3.121875
3.2625,3.278125,3.3,3.165625,3.325,3.18125,3.071875,3.146875
3.190625,3.2625,3.278125,3.3,3.165625,3.325,3.18125,3.071875
3.1375,3.190625,3.2625,3.278125,3.3,3.165625,3.325,3.18125
3.1125,3.1375,3.190625,3.2625,3.278125,3.3,3.165625,3.325
3.3,3.1125,3.1375,3.190625,3.2625,3.278125,3.3,3.165625
3.1125,3.3,3.1125,3.1375,3.190625,3.2625,3.278125,3.3
3.25,3.1125,3.3,3.1125,3.1375,3.190625,3.2625,3.278125
3.128125,3.25,3.1125,3.3,3.1125,3.1375,3.190625,3.2625
3.29375,3.128125,3.25,3.1125,3.3,3.1125,3.1375,3.190625
4.0375,3.29375,3.128125,3.25,3.1125,3.3,3.1125,3.1375
3.996875,4.0375,3.29375,3.128125,3.25,3.1125,3.3,3.1125
3.8625,3.996875,4.0375,3.29375,3.128125,3.25,3.1125,3.3
3.853125,3.8625,3.996875,4.0375,3.29375,3.128125,3.25,3.1125
3.921875,3.853125,3.8625,3.996875,4.0375,3.29375,3.128125,3.25
4.121875,3.921875,3.853125,3.8625,3.996875,4.0375,3.29375,3.128125
4.365625,4.121875,3.921875,3.853125,3.8625,3.996875,4.0375,3.29375
4.4625,4.365625,4.121875,3.921875,3.853125,3.8625,3.996875,4.0375
4.41875,4.4625,4.365625,4.121875,3.921875,3.853125,3.8625,3.996875
4.246875,4.41875,4.4625,4.365625,4.121875,3.921875,3.853125,3.8625
3.996875,4.246875,4.41875,4.4625,4.365625,4.121875,3.921875,3.853125
3.979688,3.996875,4.246875,4.41875,4.4625,4.365625,4.121875,3.921875
3.753125,3.979688,3.996875,4.246875,4.41875,4.4625,4.365625,4.121875
3.703125,3.753125,3.979688,3.996875,4.246875,4.41875,4.4625,4.365625
3.83125,3.703125,3.753125,3.979688,3.996875,4.246875,4.41875,4.4625
4.025,3.83125,3.703125,3.753125,3.979688,3.996875,4.246875,4.41875
4.0375,4.025,3.83125,3.703125,3.753125,3.979688,3.996875,4.246875
3.93125,4.0375,4.025,3.83125,3.703125,3.753125,3.979688,3.996875
4.1375,3.93125,4.0375,4.025,3.83125,3.703125,3.753125,3.979688
4.0625,4.1375,3.93125,4.0375,4.025,3.83125,3.703125,3.753125
3.796875,4.0625,4.1375,3.93125,4.0375,4.025,3.83125,3.703125
3.55,3.796875,4.0625,4.1375,3.93125,4.0375,4.025,3.83125
3.53125,3.55,3.796875,4.0625,4.1375,3.93125,4.0375,4.025
3.45625,3.53125,3.55,3.796875,4.0625,4.1375,3.93125,4.0375
3.321875,3.45625,3.53125,3.55,3.796875,4.0625,4.1375,3.93125
3.290625,3.321875,3.45625,3.53125,3.55,3.796875,4.0625,4.1375
3.153125,3.290625,3.321875,3.45625,3.53125,3.55,3.796875,4.0625
3.246875,3.153125,3.290625,3.321875,3.45625,3.53125,3.55,3.796875
3.9,3.246875,3.153125,3.290625,3.321875,3.45625,3.53125,3.55
3.540625,3.9,3.246875,3.153125,3.290625,3.321875,3.45625,3.53125
3.6,3.540625,3.9,3.246875,3.153125,3.290625,3.321875,3.45625
3.65,3.6,3.540625,3.9,3.246875,3.153125,3.290625,3.321875
3.746875,3.65,3.6,3.540625,3.9,3.246875,3.153125,3.290625
3.675,3.746875,3.65,3.6,3.540625,3.9,3.246875,3.153125
3.946875,3.675,3.746875,3.65,3.6,3.540625,3.9,3.246875
3.825,3.946875,3.675,3.746875,3.65,3.6,3.540625,3.9
3.896875,3.825,3.946875,3.675,3.746875,3.65,3.6,3.540625
3.896875,3.896875,3.825,3.946875,3.675,3.746875,3.65,3.6
4.025,3.896875,3.896875,3.825,3.946875,3.675,3.746875,3.65
4.0875,4.025,3.896875,3.896875,3.825,3.946875,3.675,3.746875
4.3625,4.0875,4.025,3.896875,3.896875,3.825,3.946875,3.675
4.65625,4.3625,4.0875,4.025,3.896875,3.896875,3.825,3.946875
4.521875,4.65625,4.3625,4.0875,4.025,3.896875,3.896875,3.825
4.253125,4.521875,4.65625,4.3625,4.0875,4.025,3.896875,3.896875
4.25,4.253125,4.521875,4.65625,4.3625,4.0875,4.025,3.896875
4.453125,4.25,4.253125,4.521875,4.65625,4.3625,4.0875,4.025
4.328125,4.453125,4.25,4.253125,4.521875,4.65625,4.3625,4.0875
4.3875,4.328125,4.453125,4.25,4.253125,4.521875,4.65625,4.3625
4.303125,4.3875,4.328125,4.453125,4.25,4.253125,4.521875,4.65625
4.428125,4.303125,4.3875,4.328125,4.453125,4.25,4.253125,4.521875
5.18125,4.428125,4.303125,4.3875,4.328125,4.453125,4.25,4.253125
5.334375,5.18125,4.428125,4.303125,4.3875,4.328125,4.453125,4.25
5.125,5.334375,5.18125,4.428125,4.303125,4.3875,4.328125,4.453125
4.78125,5.125,5.334375,5.18125,4.428125,4.303125,4.3875,4.328125
4.825,4.78125,5.125,5.334375,5.18125,4.428125,4.303125,4.3875
4.74375,4.825,4.78125,5.125,5.334375,5.18125,4.428125,4.303125
4.703125,4.74375,4.825,4.78125,5.125,5.334375,5.18125,4.428125
4.85,4.703125,4.74375,4.825,4.78125,5.125,5.334375,5.18125
4.99375,4.85,4.703125,4.74375,4.825,4.78125,5.125,5.334375
4.884375,4.99375,4.85,4.703125,4.74375,4.825,4.78125,5.125
4.5,4.884375,4.99375,4.85,4.703125,4.74375,4.825,4.78125
4.05625,4.5,4.884375,4.99375,4.85,4.703125,4.74375,4.825
4.115625,4.05625,4.5,4.884375,4.99375,4.85,4.703125,4.74375
4.175,4.115625,4.05625,4.5,4.884375,4.99375,4.85,4.703125
3.953125,4.175,4.115625,4.05625,4.5,4.884375,4.99375,4.85
3.80625,3.953125,4.175,4.115625,4.05625,4.5,4.884375,4.99375
4.46875,3.80625,3.953125,4.175,4.115625,4.05625,4.5,4.884375
4.096875,4.46875,3.80625,3.953125,4.175,4.115625,4.05625,4.5
3.4875,4.096875,4.46875,3.80625,3.953125,4.175,4.115625,4.05625
3.278125,3.4875,4.096875,4.46875,3.80625,3.953125,4.175,4.115625
3.478125,3.278125,3.4875,4.096875,4.46875,3.80625,3.953125,4.175
3.459375,3.478125,3.278125,3.4875,4.096875,4.46875,3.80625,3.953125
3.3375,3.459375,3.478125,3.278125,3.4875,4.096875,4.46875,3.80625
3.178125,3.3375,3.459375,3.478125,3.278125,3.4875,4.096875,4.46875
3.296875,3.178125,3.3375,3.459375,3.478125,3.278125,3.4875,4.096875
3.2125,3.296875,3.178125,3.3375,3.459375,3.478125,3.278125,3.4875
3.20625,3.2125,3.296875,3.178125,3.3375,3.459375,3.478125,3.278125
3.340625,3.20625,3.2125,3.296875,3.178125,3.3375,3.459375,3.478125
3.2375,3.340625,3.20625,3.2125,3.296875,3.178125,3.3375,3.459375
3.103125,3.2375,3.340625,3.20625,3.2125,3.296875,3.178125,3.3375
3.50625,3.103125,3.2375,3.340625,3.20625,3.2125,3.296875,3.178125
3.4625,3.50625,3.103125,3.2375,3.340625,3.20625,3.2125,3.296875
3.240625,3.4625,3.50625,3.103125,3.2375,3.340625,3.20625,3.2125
3.346875,3.240625,3.4625,3.50625,3.103125,3.2375,3.340625,3.20625
3.084375,3.346875,3.240625,3.4625,3.50625,3.103125,3.2375,3.340625
3.228125,3.084375,3.346875,3.240625,3.4625,3.50625,3.103125,3.2375
3.371875,3.228125,3.084375,3.346875,3.240625,3.4625,3.50625,3.103125
3.471875,3.371875,3.228125,3.084375,3.346875,3.240625,3.4625,3.50625
4.209375,3.471875,3.371875,3.228125,3.084375,3.346875,3.240625,3.4625
3.928125,4.209375,3.471875,3.371875,3.228125,3.084375,3.346875,3.240625
3.75,3.928125,4.209375,3.471875,3.371875,3.228125,3.084375,3.346875
4.15625,3.75,3.928125,4.209375,3.471875,3.371875,3.228125,3.084375
4.0125,4.15625,3.75,3.928125,4.209375,3.471875,3.371875,3.228125
3.809375,4.0125,4.15625,3.75,3.928125,4.209375,3.471875,3.371875
3.809375,3.809375,4.0125,4.15625,3.75,3.928125,4.209375,3.471875
3.721875,3.809375,3.809375,4.0125,4.15625,3.75,3.928125,4.209375
3.690625,3.721875,3.809375,3.809375,4.0125,4.15625,3.75,3.928125
3.534375,3.690625,3.721875,3.809375,3.809375,4.0125,4.15625,3.75
3.45,3.534375,3.690625,3.721875,3.809375,3.809375,4.0125,4.15625
3.2375,3.45,3.534375,3.690625,3.721875,3.809375,3.809375,4.0125
3.178125,3.2375,3.45,3.534375,3.690625,3.721875,3.809375,3.809375
3.521875,3.178125,3.2375,3.45,3.534375,3.690625,3.721875,3.809375
3.421875,3.521875,3.178125,3.2375,3.45,3.534375,3.690625,3.721875
3.45625,3.421875,3.521875,3.178125,3.2375,3.45,3.534375,3.690625
3.2875,3.45625,3.421875,3.521875,3.178125,3.2375,3.45,3.534375
3.44375,3.2875,3.45625,3.421875,3.521875,3.178125,3.2375,3.45
3.29375,3.44375,3.2875,3.45625,3.421875,3.521875,3.178125,3.2375
3.128125,3.29375,3.44375,3.2875,3.45625,3.421875,3.521875,3.178125
3.125,3.128125,3.29375,3.44375,3.2875,3.45625,3.421875,3.521875
3.196875,3.125,3.128125,3.29375,3.44375,3.2875,3.45625,3.421875
3.175,3.196875,3.125,3.128125,3.29375,3.44375,3.2875,3.45625
3.18125,3.175,3.196875,3.125,3.128125,3.29375,3.44375,3.2875
3.440625,3.18125,3.175,3.196875,3.125,3.128125,3.29375,3.44375
3.34375,3.440625,3.18125,3.175,3.196875,3.125,3.128125,3.29375
3.265625,3.34375,3.440625,3.18125,3.175,3.196875,3.125,3.128125
3.28125,3.265625,3.34375,3.440625,3.18125,3.175,3.196875,3.125
3.1875,3.28125,3.265625,3.34375,3.440625,3.18125,3.175,3.196875
3.3125,3.1875,3.28125,3.265625,3.34375,3.440625,3.18125,3.175
3.240625,3.3125,3.1875,3.28125,3.265625,3.34375,3.440625,3.18125
3.209375,3.240625,3.3125,3.1875,3.28125,3.265625,3.34375,3.440625
3.61875,3.209375,3.240625,3.3125,3.1875,3.28125,3.265625,3.34375
3.534375,3.61875,3.209375,3.240625,3.3125,3.1875,3.28125,3.265625
3.384375,3.534375,3.61875,3.209375,3.240625,3.3125,3.1875,3.28125
3.634375,3.384375,3.534375,3.61875,3.209375,3.240625,3.3125,3.1875
3.65625,3.634375,3.384375,3.534375,3.61875,3.209375,3.240625,3.3125
3.50625,3.65625,3.634375,3.384375,3.534375,3.61875,3.209375,3.240625
3.3125,3.50625,3.65625,3.634375,3.384375,3.534375,3.61875,3.209375
3.325,3.3125,3.50625,3.65625,3.634375,3.384375,3.534375,3.61875
3.35,3.325,3.3125,3.50625,3.65625,3.634375,3.384375,3.534375
3.178125,3.35,3.325,3.3125,3.50625,3.65625,3.634375,3.384375
3.196875,3.178125,3.35,3.325,3.3125,3.50625,3.65625,3.634375
3.109375,3.196875,3.178125,3.35,3.325,3.3125,3.50625,3.65625
3.2125,3.109375,3.196875,3.178125,3.35,3.325,3.3125,3.50625
3.378125,3.2125,3.109375,3.196875,3.178125,3.35,3.325,3.3125
3.16875,3.378125,3.2125,3.109375,3.196875,3.178125,3.35,3.325
3.16875,3.16875,3.378125,3.2125,3.109375,3.196875,3.178125,3.35
2.81875,3.16875,3.16875,3.378125,3.2125,3.109375,3.196875,3.178125
2.4,2.81875,3.16875,3.16875,3.378125,3.2125,3.109375,3.196875
2.34375,2.4,2.81875,3.16875,3.16875,3.378125,3.2125,3.109375
2.353125,2.34375,2.4,2.81875,3.16875,3.16875,3.378125,3.2125
2.746875,2.353125,2.34375,2.4,2.81875,3.16875,3.16875,3.378125
2.671875,2.746875,2.353125,2.34375,2.4,2.81875,3.16875,3.16875
2.61875,2.671875,2.746875,2.353125,2.34375,2.4,2.81875,3.16875
2.490625,2.61875,2.671875,2.746875,2.353125,2.34375,2.4,2.81875
2.621875,2.490625,2.61875,2.671875,2.746875,2.353125,2.34375,2.4
2.675,2.621875,2.490625,2.61875,2.671875,2.746875,2.353125,2.34375
2.64375,2.675,2.621875,2.490625,2.61875,2.671875,2.746875,2.353125
2.759375,2.64375,2.675,2.621875,2.490625,2.61875,2.671875,2.746875
2.996875,2.759375,2.64375,2.675,2.621875,2.490625,2.61875,2.671875
2.80625,2.996875,2.759375,2.64375,2.675,2.621875,2.490625,2.61875
2.70625,2.80625,2.996875,2.759375,2.64375,2.675,2.621875,2.490625
2.753125,2.70625,2.80625,2.996875,2.759375,2.64375,2.675,2.621875
2.925,2.753125,2.70625,2.80625,2.996875,2.759375,2.64375,2.675
2.800781,2.925,2.753125,2.70625,2.80625,2.996875,2.759375,2.64375
2.8125,2.800781,2.925,2.753125,2.70625,2.80625,2.996875,2.759375
2.665625,2.8125,2.800781,2.925,2.753125,2.70625,2.80625,2.996875
2.74375,2.665625,2.8125,2.800781,2.925,2.753125,2.70625,2.80625
2.6875,2.74375,2.665625,2.8125,2.800781,2.925,2.753125,2.70625
2.803125,2.6875,2.74375,2.665625,2.8125,2.800781,2.925,2.753125
2.953125,2.803125,2.6875,2.74375,2.665625,2.8125,2.800781,2.925
3.05,2.953125,2.803125,2.6875,2.74375,2.665625,2.8125,2.800781
2.76875,3.05,2.953125,2.803125,2.6875,2.74375,2.665625,2.8125
2.63125,2.76875,3.05,2.953125,2.803125,2.6875,2.74375,2.665625
2.59375,2.63125,2.76875,3.05,2.953125,2.803125,2.6875,2.74375
2.334375,2.59375,2.63125,2.76875,3.05,2.953125,2.803125,2.6875
2.428125,2.334375,2.59375,2.63125,2.76875,3.05,2.953125,2.803125
2.275,2.428125,2.334375,2.59375,2.63125,2.76875,3.05,2.953125
2.325,2.275,2.428125,2.334375,2.59375,2.63125,2.76875,3.05
2.5875,2.325,2.275,2.428125,2.334375,2.59375,2.63125,2.76875
2.415625,2.5875,2.325,2.275,2.428125,2.334375,2.59375,2.63125
2.509375,2.415625,2.5875,2.325,2.275,2.428125,2.334375,2.59375
2.89375,2.509375,2.415625,2.5875,2.325,2.275,2.428125,2.334375
2.725,2.89375,2.509375,2.415625,2.5875,2.325,2.275,2.428125
2.528125,2.725,2.89375,2.509375,2.415625,2.5875,2.325,2.275
2.590625,2.528125,2.725,2.89375,2.509375,2.415625,2.5875,2.325
2.59375,2.590625,2.528125,2.725,2.89375,2.509375,2.415625,2.5875
2.609375,2.59375,2.590625,2.528125,2.725,2.89375,2.509375,2.415625
2.421875,2.609375,2.59375,2.590625,2.528125,2.725,2.89375,2.509375
2.45,2.421875,2.609375,2.59375,2.590625,2.528125,2.725,2.89375
2.321875,2.45,2.421875,2.609375,2.59375,2.590625,2.528125,2.725
2.315625,2.321875,2.45,2.421875,2.609375,2.59375,2.590625,2.528125
2.3,2.315625,2.321875,2.45,2.421875,2.609375,2.59375,2.590625
2.265625,2.3,2.315625,2.321875,2.45,2.421875,2.609375,2.59375
2.30625,2.265625,2.3,2.315625,2.321875,2.45,2.421875,2.609375
2.303125,2.30625,2.265625,2.3,2.315625,2.321875,2.45,2.421875
2.1,2.303125,2.30625,2.265625,2.3,2.315625,2.321875,2.45
1.69375,2.1,2.303125,2.30625,2.265625,2.3,2.315625,2.321875
1.696875,1.69375,2.1,2.303125,2.30625,2.265625,2.3,2.315625
1.825,1.696875,1.69375,2.1,2.303125,2.30625,2.265625,2.3
1.89375,1.825,1.696875,1.69375,2.1,2.303125,2.30625,2.265625
1.85625,1.89375,1.825,1.696875,1.69375,2.1,2.303125,2.30625
1.815625,1.85625,1.89375,1.825,1.696875,1.69375,2.1,2.303125
1.85,1.815625,1.85625,1.89375,1.825,1.696875,1.69375,2.1
1.825,1.85,1.815625,1.85625,1.89375,1.825,1.696875,1.69375
1.803125,1.825,1.85,1.815625,1.85625,1.89375,1.825,1.696875
1.80625,1.803125,1.825,1.85,1.815625,1.85625,1.89375,1.825
1.753125,1.80625,1.803125,1.825,1.85,1.815625,1.85625,1.89375
1.65625,1.753125,1.80625,1.803125,1.825,1.85,1.815625,1.85625
1.753125,1.65625,1.753125,1.80625,1.803125,1.825,1.85,1.815625
1.75,1.753125,1.65625,1.753125,1.80625,1.803125,1.825,1.85
2.13125,1.75,1.753125,1.65625,1.753125,1.80625,1.803125,1.825
2.05625,2.13125,1.75,1.753125,1.65625,1.753125,1.80625,1.803125
2.0875,2.05625,2.13125,1.75,1.753125,1.65625,1.753125,1.80625
2.04375,2.0875,2.05625,2.13125,1.75,1.753125,1.65625,1.753125
2.015625,2.04375,2.0875,2.05625,2.13125,1.75,1.753125,1.65625
2.05625,2.015625,2.04375,2.0875,2.05625,2.13125,1.75,1.753125
1.9375,2.05625,2.015625,2.04375,2.0875,2.05625,2.13125,1.75
1.88125,1.9375,2.05625,2.015625,2.04375,2.0875,2.05625,2.13125
1.803125,1.88125,1.9375,2.05625,2.015625,2.04375,2.0875,2.05625
1.56875,1.803125,1.88125,1.9375,2.05625,2.015625,2.04375,2.0875
1.5,1.56875,1.803125,1.88125,1.9375,2.05625,2.015625,2.04375
1.50625,1.5,1.56875,1.803125,1.88125,1.9375,2.05625,2.015625
1.5125,1.50625,1.5,1.56875,1.803125,1.88125,1.9375,2.05625
1.540625,1.5125,1.50625,1.5,1.56875,1.803125,1.88125,1.9375
1.575,1.540625,1.5125,1.50625,1.5,1.56875,1.803125,1.88125
1.625,1.575,1.540625,1.5125,1.50625,1.5,1.56875,1.803125
1.690625,1.625,1.575,1.540625,1.5125,1.50625,1.5,1.56875
1.646875,1.690625,1.625,1.575,1.540625,1.5125,1.50625,1.5
1.54375,1.646875,1.690625,1.625,1.575,1.540625,1.5125,1.50625
1.521875,1.54375,1.646875,1.690625,1.625,1.575,1.540625,1.5125
1.684375,1.521875,1.54375,1.646875,1.690625,1.625,1.575,1.540625
1.74375,1.684375,1.521875,1.54375,1.646875,1.690625,1.625,1.575
1.878125,1.74375,1.684375,1.521875,1.54375,1.646875,1.690625,1.625
1.93125,1.878125,1.74375,1.684375,1.521875,1.54375,1.646875,1.690625
1.9125,1.93125,1.878125,1.74375,1.684375,1.521875,1.54375,1.646875
1.95,1.9125,1.93125,1.878125,1.74375,1.684375,1.521875,1.54375
1.875,1.95,1.9125,1.93125,1.878125,1.74375,1.684375,1.521875
1.825,1.875,1.95,1.9125,1.93125,1.878125,1.74375,1.684375
1.940625,1.825,1.875,1.95,1.9125,1.93125,1.878125,1.74375
1.96875,1.940625,1.825,1.875,1.95,1.9125,1.93125,1.878125
1.996875,1.96875,1.940625,1.825,1.875,1.95,1.9125,1.93125
1.95625,1.996875,1.96875,1.940625,1.825,1.875,1.95,1.9125
1.98125,1.95625,1.996875,1.96875,1.940625,1.825,1.875,1.95
2.146875,1.98125,1.95625,1.996875,1.96875,1.940625,1.825,1.875
2.075,2.146875,1.98125,1.95625,1.996875,1.96875,1.940625,1.825
2.075,2.075,2.146875,1.98125,1.95625,1.996875,1.96875,1.940625
2.284375,2.075,2.075,2.146875,1.98125,1.95625,1.996875,1.96875
2.29375,2.284375,2.075,2.075,2.146875,1.98125,1.95625,1.996875
2.175,2.29375,2.284375,2.075,2.075,2.146875,1.98125,1.95625
2.146875,2.175,2.29375,2.284375,2.075,2.075,2.146875,1.98125
2.11875,2.146875,2.175,2.29375,2.284375,2.075,2.075,2.146875
2.134375,2.11875,2.146875,2.175,2.29375,2.284375,2.075,2.075
2.121875,2.134375,2.11875,2.146875,2.175,2.29375,2.284375,2.075
2.24375,2.121875,2.134375,2.11875,2.146875,2.175,2.29375,2.284375
2.18125,2.24375,2.121875,2.134375,2.11875,2.146875,2.175,2.29375
2.140625,2.18125,2.24375,2.121875,2.134375,2.11875,2.146875,2.175
2.0375,2.140625,2.18125,2.24375,2.121875,2.134375,2.11875,2.146875
1.875,2.0375,2.140625,2.18125,2.24375,2.121875,2.134375,2.11875
2.003125,1.875,2.0375,2.140625,2.18125,2.24375,2.121875,2.134375
2.071875,2.003125,1.875,2.0375,2.140625,2.18125,2.24375,2.121875
2.01875,2.071875,2.003125,1.875,2.0375,2.140625,2.18125,2.24375
1.9875,2.01875,2.071875,2.003125,1.875,2.0375,2.140625,2.18125
1.89375,1.9875,2.01875,2.071875,2.003125,1.875,2.0375,2.140625
2.0,1.89375,1.9875,2.01875,2.071875,2.003125,1.875,2.0375
1.921875,2.0,1.89375,1.9875,2.01875,2.071875,2.003125,1.875
1.79375,1.921875,2.0,1.89375,1.9875,2.01875,2.071875,2.003125
1.753125,1.79375,1.921875,2.0,1.89375,1.9875,2.01875,2.071875
1.8,1.753125,1.79375,1.921875,2.0,1.89375,1.9875,2.01875
1.678125,1.8,1.753125,1.79375,1.921875,2.0,1.89375,1.9875
1.578125,1.678125,1.8,1.753125,1.79375,1.921875,2.0,1.89375
1.503125,1.578125,1.678125,1.8,1.753125,1.79375,1.921875,2.0
1.521875,1.503125,1.578125,1.678125,1.8,1.753125,1.79375,1.921875
1.390625,1.521875,1.503125,1.578125,1.678125,1.8,1.753125,1.79375
1.25625,1.390625,1.521875,1.503125,1.578125,1.678125,1.8,1.753125
1.421875,1.25625,1.390625,1.521875,1.503125,1.578125,1.678125,1.8
1.215625,1.421875,1.25625,1.390625,1.521875,1.503125,1.578125,1.678125
1.096875,1.215625,1.421875,1.25625,1.390625,1.521875,1.503125,1.578125
1.25625,1.096875,1.215625,1.421875,1.25625,1.390625,1.521875,1.503125
1.3875,1.25625,1.096875,1.215625,1.421875,1.25625,1.390625,1.521875
1.540625,1.3875,1.25625,1.096875,1.215625,1.421875,1.25625,1.390625
1.5,1.540625,1.3875,1.25625,1.096875,1.215625,1.421875,1.25625
1.478125,1.5,1.540625,1.3875,1.25625,1.096875,1.215625,1.421875
1.59375,1.478125,1.5,1.540625,1.3875,1.25625,1.096875,1.215625
1.84375,1.59375,1.478125,1.5,1.540625,1.3875,1.25625,1.096875
1.78125,1.84375,1.59375,1.478125,1.5,1.540625,1.3875,1.25625
1.64375,1.78125,1.84375,1.59375,1.478125,1.5,1.540625,1.3875
1.83125,1.64375,1.78125,1.84375,1.59375,1.478125,1.5,1.540625
1.86875,1.83125,1.64375,1.78125,1.84375,1.59375,1.478125,1.5
1.9875,1.86875,1.83125,1.64375,1.78125,1.84375,1.59375,1.478125
1.878125,1.9875,1.86875,1.83125,1.64375,1.78125,1.84375,1.59375
1.828125,1.878125,1.9875,1.86875,1.83125,1.64375,1.78125,1.84375
1.846875,1.828125,1.878125,1.9875,1.86875,1.83125,1.64375,1.78125
1.69375,1.846875,1.828125,1.878125,1.9875,1.86875,1.83125,1.64375
1.5625,1.69375,1.846875,1.828125,1.878125,1.9875,1.86875,1.83125
1.503125,1.5625,1.69375,1.846875,1.828125,1.878125,1.9875,1.86875
1.390625,1.503125,1.5625,1.69375,1.846875,1.828125,1.878125,1.9875
1.446875,1.390625,1.503125,1.5625,1.69375,1.846875,1.828125,1.878125
1.475,1.446875,1.390625,1.503125,1.5625,1.69375,1.846875,1.828125
1.390625,1.475,1.446875,1.390625,1.503125,1.5625,1.69375,1.846875
1.371875,1.390625,1.475,1.446875,1.390625,1.503125,1.5625,1.69375
1.290625,1.371875,1.390625,1.475,1.446875,1.390625,1.503125,1.5625
1.2125,1.290625,1.371875,1.390625,1.475,1.446875,1.390625,1.503125
1.259375,1.2125,1.290625,1.371875,1.390625,1.475,1.446875,1.390625
1.446875,1.259375,1.2125,1.290625,1.371875,1.390625,1.475,1.446875
1.4,1.446875,1.259375,1.2125,1.290625,1.371875,1.390625,1.475
1.251563,1.4,1.446875,1.259375,1.2125,1.290625,1.371875,1.390625
1.346875,1.251563,1.4,1.446875,1.259375,1.2125,1.290625,1.371875
1.234375,1.346875,1.251563,1.4,1.446875,1.259375,1.2125,1.290625
1.23125,1.234375,1.346875,1.251563,1.4,1.446875,1.259375,1.2125
1.328125,1.23125,1.234375,1.346875,1.251563,1.4,1.446875,1.259375
1.26875,1.328125,1.23125,1.234375,1.346875,1.251563,1.4,1.446875
1.18125,1.26875,1.328125,1.23125,1.234375,1.346875,1.251563,1.4
1.06875,1.18125,1.26875,1.328125,1.23125,1.234375,1.346875,1.251563
1.171875,1.06875,1.18125,1.26875,1.328125,1.23125,1.234375,1.346875
1.265625,1.171875,1.06875,1.18125,1.26875,1.328125,1.23125,1.234375
1.29375,1.265625,1.171875,1.06875,1.18125,1.26875,1.328125,1.23125
1.1875,1.29375,1.265625,1.171875,1.06875,1.18125,1.26875,1.328125
1.134375,1.1875,1.29375,1.265625,1.171875,1.06875,1.18125,1.26875
1.14375,1.134375,1.1875,1.29375,1.265625,1.171875,1.06875,1.18125
0.99375,1.14375,1.134375,1.1875,1.29375,1.265625,1.171875,1.06875
0.9125,0.99375,1.14375,1.134375,1.1875,1.29375,1.265625,1.171875
0.834375,0.9125,0.99375,1.14375,1.134375,1.1875,1.29375,1.265625
0.759375,0.834375,0.9125,0.99375,1.14375,1.134375,1.1875,1.29375
0.778125,0.759375,0.834375,0.9125,0.99375,1.14375,1.134375,1.1875
0.846875,0.778125,0.759375,0.834375,0.9125,0.99375,1.14375,1.134375
0.84375,0.846875,0.778125,0.759375,0.834375,0.9125,0.99375,1.14375
0.86875,0.84375,0.846875,0.778125,0.759375,0.834375,0.9125,0.99375
0.778125,0.86875,0.84375,0.846875,0.778125,0.759375,0.834375,0.9125
0.69375,0.778125,0.86875,0.84375,0.846875,0.778125,0.759375,0.834375
0.878125,0.69375,0.778125,0.86875,0.84375,0.846875,0.778125,0.759375
0.775,0.878125,0.69375,0.778125,0.86875,0.84375,0.846875,0.778125
0.728125,0.775,0.878125,0.69375,0.778125,0.86875,0.84375,0.846875
0.746875,0.728125,0.775,0.878125,0.69375,0.778125,0.86875,0.84375
0.81875,0.746875,0.728125,0.775,0.878125,0.69375,0.778125,0.86875
0.825,0.81875,0.746875,0.728125,0.775,0.878125,0.69375,0.778125
0.85,0.825,0.81875,0.746875,0.728125,0.775,0.878125,0.69375
0.884375,0.85,0.825,0.81875,0.746875,0.728125,0.775,0.878125
0.903125,0.884375,0.85,0.825,0.81875,0.746875,0.728125,0.775
0.91875,0.903125,0.884375,0.85,0.825,0.81875,0.746875,0.728125
0.975,0.91875,0.903125,0.884375,0.85,0.825,0.81875,0.746875
0.996875,0.975,0.91875,0.903125,0.884375,0.85,0.825,0.81875
0.925,0.996875,0.975,0.91875,0.903125,0.884375,0.85,0.825
0.947656,0.925,0.996875,0.975,0.91875,0.903125,0.884375,0.85
1.09375,0.947656,0.925,0.996875,0.975,0.91875,0.903125,0.884375
0.95,1.09375,0.947656,0.925,0.996875,0.975,0.91875,0.903125
0.975,0.95,1.09375,0.947656,0.925,0.996875,0.975,0.91875
1.00625,0.975,0.95,1.09375,0.947656,0.925,0.996875,0.975
0.946875,1.00625,0.975,0.95,1.09375,0.947656,0.925,0.996875
0.865625,0.946875,1.00625,0.975,0.95,1.09375,0.947656,0.925
0.8125,0.865625,0.946875,1.00625,0.975,0.95,1.09375,0.947656
0.71875,0.8125,0.865625,0.946875,1.00625,0.975,0.95,1.09375
0.721875,0.71875,0.8125,0.865625,0.946875,1.00625,0.975,0.95
0.790625,0.721875,0.71875,0.8125,0.865625,0.946875,1.00625,0.975
0.75,0.790625,0.721875,0.71875,0.8125,0.865625,0.946875,1.00625
0.71875,0.75,0.790625,0.721875,0.71875,0.8125,0.865625,0.946875
0.66875,0.71875,0.75,0.790625,0.721875,0.71875,0.8125,0.865625
0.725,0.66875,0.71875,0.75,0.790625,0.721875,0.71875,0.8125
0.6875,0.725,0.66875,0.71875,0.75,0.790625,0.721875,0.71875
0.721875,0.6875,0.725,0.66875,0.71875,0.75,0.790625,0.721875
0.725,0.721875,0.6875,0.725,0.66875,0.71875,0.75,0.790625
0.684375,0.725,0.721875,0.6875,0.725,0.66875,0.71875,0.75
0.625,0.684375,0.725,0.721875,0.6875,0.725,0.66875,0.71875
0.596875,0.625,0.684375,0.725,0.721875,0.6875,0.725,0.66875
0.596875,0.596875,0.625,0.684375,0.725,0.721875,0.6875,0.725
0.590625,0.596875,0.596875,0.625,0.684375,0.725,0.721875,0.6875
0.596875,0.590625,0.596875,0.596875,0.625,0.684375,0.725,0.721875
0.5875,0.596875,0.590625,0.596875,0.596875,0.625,0.684375,0.725
0.509375,0.5875,0.596875,0.590625,0.596875,0.596875,0.625,0.684375
0.521875,0.509375,0.5875,0.596875,0.590625,0.596875,0.596875,0.625
0.5,0.521875,0.509375,0.5875,0.596875,0.590625,0.596875,0.596875
0.63125,0.5,0.521875,0.509375,0.5875,0.596875,0.590625,0.596875
0.59375,0.63125,0.5,0.521875,0.509375,0.5875,0.596875,0.590625
0.6125,0.59375,0.63125,0.5,0.521875,0.509375,0.5875,0.596875
0.584375,0.6125,0.59375,0.63125,0.5,0.521875,0.509375,0.5875
0.6125,0.584375,0.6125,0.59375,0.63125,0.5,0.521875,0.509375
0.53125,0.6125,0.584375,0.6125,0.59375,0.63125,0.5,0.521875
0.55,0.53125,0.6125,0.584375,0.6125,0.59375,0.63125,0.5
0.53125,0.55,0.53125,0.6125,0.584375,0.6125,0.59375,0.63125
0.54375,0.53125,0.55,0.53125,0.6125,0.584375,0.6125,0.59375
0.55,0.54375,0.53125,0.55,0.53125,0.6125,0.584375,0.6125
0.525,0.55,0.54375,0.53125,0.55,0.53125,0.6125,0.584375
0.5125,0.525,0.55,0.54375,0.53125,0.55,0.53125,0.6125
0.5,0.5125,0.525,0.55,0.54375,0.53125,0.55,0.53125
0.509375,0.5,0.5125,0.525,0.55,0.54375,0.53125,0.55
0.509375,0.509375,0.5,0.5125,0.525,0.55,0.54375,0.53125
0.547,0.509375,0.509375,0.5,0.5125,0.525,0.55,0.54375
0.582,0.547,0.509375,0.509375,0.5,0.5125,0.525,0.55
0.54,0.582,0.547,0.509375,0.509375,0.5,0.5125,0.525
0.5,0.54,0.582,0.547,0.509375,0.509375,0.5,0.5125
0.5115,0.5,0.54,0.582,0.547,0.509375,0.509375,0.5
0.455,0.5115,0.5,0.54,0.582,0.547,0.509375,0.509375
0.4315,0.455,0.5115,0.5,0.54,0.582,0.547,0.509375
0.42,0.4315,0.455,0.5115,0.5,0.54,0.582,0.547
0.456,0.42,0.4315,0.455,0.5115,0.5,0.54,0.582
0.4185,0.456,0.42,0.4315,0.455,0.5115,0.5,0.54
0.559,0.4185,0.456,0.42,0.4315,0.455,0.5115,0.5
0.6005,0.559,0.4185,0.456,0.42,0.4315,0.455,0.5115
0.666,0.6005,0.559,0.4185,0.456,0.42,0.4315,0.455
0.7335,0.666,0.6005,0.559,0.4185,0.456,0.42,0.4315
0.7015,0.7335,0.666,0.6005,0.559,0.4185,0.456,0.42
0.737,0.7015,0.7335,0.666,0.6005,0.559,0.4185,0.456
0.827,0.737,0.7015,0.7335,0.666,0.6005,0.559,0.4185
0.7995,0.827,0.737,0.7015,0.7335,0.666,0.6005,0.559
0.789,0.7995,0.827,0.737,0.7015,0.7335,0.666,0.6005
0.81,0.789,0.7995,0.827,0.737,0.7015,0.7335,0.666
0.784,0.81,0.789,0.7995,0.827,0.737,0.7015,0.7335
0.8045,0.784,0.81,0.789,0.7995,0.827,0.737,0.7015
0.7715,0.8045,0.784,0.81,0.789,0.7995,0.827,0.737
0.7635,0.7715,0.8045,0.784,0.81,0.789,0.7995,0.827
0.789,0.7635,0.7715,0.8045,0.784,0.81,0.789,0.7995
0.8445,0.789,0.7635,0.7715,0.8045,0.784,0.81,0.789
0.8555,0.8445,0.789,0.7635,0.7715,0.8045,0.784,0.81
0.8375,0.8555,0.8445,0.789,0.7635,0.7715,0.8045,0.784
0.878,0.8375,0.8555,0.8445,0.789,0.7635,0.7715,0.8045
0.846,0.878,0.8375,0.8555,0.8445,0.789,0.7635,0.7715
0.809,0.846,0.878,0.8375,0.8555,0.8445,0.789,0.7635
0.7505,0.809,0.846,0.878,0.8375,0.8555,0.8445,0.789
0.731,0.7505,0.809,0.846,0.878,0.8375,0.8555,0.8445
0.734,0.731,0.7505,0.809,0.846,0.878,0.8375,0.8555
0.6665,0.734,0.731,0.7505,0.809,0.846,0.878,0.8375
0.677,0.6665,0.734,0.731,0.7505,0.809,0.846,0.878
0.7065,0.677,0.6665,0.734,0.731,0.7505,0.809,0.846
0.739,0.7065,0.677,0.6665,0.734,0.731,0.7505,0.809
0.736,0.739,0.7065,0.677,0.6665,0.734,0.731,0.7505
0.819,0.736,0.739,0.7065,0.677,0.6665,0.734,0.731
0.8125,0.819,0.736,0.739,0.7065,0.677,0.6665,0.734
0.78,0.8125,0.819,0.736,0.739,0.7065,0.677,0.6665
0.8375,0.78,0.8125,0.819,0.736,0.739,0.7065,0.677
0.8545,0.8375,0.78,0.8125,0.819,0.736,0.739,0.7065
0.861,0.8545,0.8375,0.78,0.8125,0.819,0.736,0.739
0.783,0.861,0.8545,0.8375,0.78,0.8125,0.819,0.736
0.8345,0.783,0.861,0.8545,0.8375,0.78,0.8125,0.819
0.8475,0.8345,0.783,0.861,0.8545,0.8375,0.78,0.8125
0.8455,0.8475,0.8345,0.783,0.861,0.8545,0.8375,0.78
0.822,0.8455,0.8475,0.8345,0.783,0.861,0.8545,0.8375
0.7995,0.822,0.8455,0.8475,0.8345,0.783,0.861,0.8545
0.8065,0.7995,0.822,0.8455,0.8475,0.8345,0.783,0.861
0.785,0.8065,0.7995,0.822,0.8455,0.8475,0.8345,0.783
0.743,0.785,0.8065,0.7995,0.822,0.8455,0.8475,0.8345
0.732,0.743,0.785,0.8065,0.7995,0.822,0.8455,0.8475
0.706,0.732,0.743,0.785,0.8065,0.7995,0.822,0.8455
0.6645,0.706,0.732,0.743,0.785,0.8065,0.7995,0.822
0.6245,0.6645,0.706,0.732,0.743,0.785,0.8065,0.7995
0.5915,0.6245,0.6645,0.706,0.732,0.743,0.785,0.8065
0.568,0.5915,0.6245,0.6645,0.706,0.732,0.743,0.785
0.6265,0.568,0.5915,0.6245,0.6645,0.706,0.732,0.743
0.654,0.6265,0.568,0.5915,0.6245,0.6645,0.706,0.732
0.62,0.654,0.6265,0.568,0.5915,0.6245,0.6645,0.706
0.6405,0.62,0.654,0.6265,0.568,0.5915,0.6245,0.6645
0.6625,0.6405,0.62,0.654,0.6265,0.568,0.5915,0.6245
0.702,0.6625,0.6405,0.62,0.654,0.6265,0.568,0.5915
0.718,0.702,0.6625,0.6405,0.62,0.654,0.6265,0.568
0.7075,0.718,0.702,0.6625,0.6405,0.62,0.654,0.6265
0.7265,0.7075,0.718,0.702,0.6625,0.6405,0.62,0.654
0.7065,0.7265,0.7075,0.718,0.702,0.6625,0.6405,0.62
0.7635,0.7065,0.7265,0.7075,0.718,0.702,0.6625,0.6405
0.7635,0.7635,0.7065,0.7265,0.7075,0.718,0.702,0.6625
0.7905,0.7635,0.7635,0.7065,0.7265,0.7075,0.718,0.702
0.7805,0.7905,0.7635,0.7635,0.7065,0.7265,0.7075,0.718
0.767,0.7805,0.7905,0.7635,0.7635,0.7065,0.7265,0.7075
0.8245,0.767,0.7805,0.7905,0.7635,0.7635,0.7065,0.7265
0.849,0.8245,0.767,0.7805,0.7905,0.7635,0.7635,0.7065
0.8005,0.849,0.8245,0.767,0.7805,0.7905,0.7635,0.7635
0.8175,0.8005,0.849,0.8245,0.767,0.7805,0.7905,0.7635
0.798,0.8175,0.8005,0.849,0.8245,0.767,0.7805,0.7905
0.8245,0.798,0.8175,0.8005,0.849,0.8245,0.767,0.7805
0.849,0.8245,0.798,0.8175,0.8005,0.849,0.8245,0.767
0.8015,0.849,0.8245,0.798,0.8175,0.8005,0.849,0.8245
0.603,0.8015,0.849,0.8245,0.798,0.8175,0.8005,0.849
0.5755,0.603,0.8015,0.849,0.8245,0.798,0.8175,0.8005
0.6165,0.5755,0.603,0.8015,0.849,0.8245,0.798,0.8175
0.6125,0.6165,0.5755,0.603,0.8015,0.849,0.8245,0.798
0.6275,0.6125,0.6165,0.5755,0.603,0.8015,0.849,0.8245
0.6245,0.6275,0.6125,0.6165,0.5755,0.603,0.8015,0.849
0.625,0.6245,0.6275,0.6125,0.6165,0.5755,0.603,0.8015
0.6095,0.625,0.6245,0.6275,0.6125,0.6165,0.5755,0.603
0.6075,0.6095,0.625,0.6245,0.6275,0.6125,0.6165,0.5755
0.595,0.6075,0.6095,0.625,0.6245,0.6275,0.6125,0.6165
0.58,0.595,0.6075,0.6095,0.625,0.6245,0.6275,0.6125
0.5555,0.58,0.595,0.6075,0.6095,0.625,0.6245,0.6275
0.523,0.5555,0.58,0.595,0.6075,0.6095,0.625,0.6245
0.4975,0.523,0.5555,0.58,0.595,0.6075,0.6095,0.625
0.506,0.4975,0.523,0.5555,0.58,0.595,0.6075,0.6095
0.5265,0.506,0.4975,0.523,0.5555,0.58,0.595,0.6075
0.504,0.5265,0.506,0.4975,0.523,0.5555,0.58,0.595
0.4905,0.504,0.5265,0.506,0.4975,0.523,0.5555,0.58
0.4995,0.4905,0.504,0.5265,0.506,0.4975,0.523,0.5555
0.52,0.4995,0.4905,0.504,0.5265,0.506,0.4975,0.523
0.4945,0.52,0.4995,0.4905,0.504,0.5265,0.506,0.4975
0.51,0.4945,0.52,0.4995,0.4905,0.504,0.5265,0.506
0.4815,0.51,0.4945,0.52,0.4995,0.4905,0.504,0.5265
0.5115,0.4815,0.51,0.4945,0.52,0.4995,0.4905,0.504
0.5065,0.5115,0.4815,0.51,0.4945,0.52,0.4995,0.4905
0.4985,0.5065,0.5115,0.4815,0.51,0.4945,0.52,0.4995
0.4595,0.4985,0.5065,0.5115,0.4815,0.51,0.4945,0.52
0.4345,0.4595,0.4985,0.5065,0.5115,0.4815,0.51,0.4945
0.447,0.4345,0.4595,0.4985,0.5065,0.5115,0.4815,0.51
0.4295,0.447,0.4345,0.4595,0.4985,0.5065,0.5115,0.4815
0.3825,0.4295,0.447,0.4345,0.4595,0.4985,0.5065,0.5115
0.4075,0.3825,0.4295,0.447,0.4345,0.4595,0.4985,0.5065
0.4255,0.4075,0.3825,0.4295,0.447,0.4345,0.4595,0.4985
0.4315,0.4255,0.4075,0.3825,0.4295,0.447,0.4345,0.4595
0.3745,0.4315,0.4255,0.4075,0.3825,0.4295,0.447,0.4345
0.3645,0.3745,0.4315,0.4255,0.4075,0.3825,0.4295,0.447
0.3655,0.3645,0.3745,0.4315,0.4255,0.4075,0.3825,0.4295
0.374,0.3655,0.3645,0.3745,0.4315,0.4255,0.4075,0.3825
0.374,0.374,0.3655,0.3645,0.3745,0.4315,0.4255,0.4075
0.373,0.374,0.374,0.3655,0.3645,0.3745,0.4315,0.4255
0.3545,0.373,0.374,0.374,0.3655,0.3645,0.3745,0.4315
0.3175,0.3545,0.373,0.374,0.374,0.3655,0.3645,0.3745
0.31,0.3175,0.3545,0.373,0.374,0.374,0.3655,0.3645
0.2985,0.31,0.3175,0.3545,0.373,0.374,0.374,0.3655
0.3005,0.2985,0.31,0.3175,0.3545,0.373,0.374,0.374
0.304,0.3005,0.2985,0.31,0.3175,0.3545,0.373,0.374
0.338,0.304,0.3005,0.2985,0.31,0.3175,0.3545,0.373
0.352,0.338,0.304,0.3005,0.2985,0.31,0.3175,0.3545
0.36,0.352,0.338,0.304,0.3005,0.2985,0.31,0.3175
0.356,0.36,0.352,0.338,0.304,0.3005,0.2985,0.31
0.3455,0.356,0.36,0.352,0.338,0.304,0.3005,0.2985
0.363,0.3455,0.356,0.36,0.352,0.338,0.304,0.3005
0.3925,0.363,0.3455,0.356,0.36,0.352,0.338,0.304
0.4035,0.3925,0.363,0.3455,0.356,0.36,0.352,0.338
0.444,0.4035,0.3925,0.363,0.3455,0.356,0.36,0.352
0.478,0.444,0.4035,0.3925,0.363,0.3455,0.356,0.36
0.446,0.478,0.444,0.4035,0.3925,0.363,0.3455,0.356
0.4235,0.446,0.478,0.444,0.4035,0.3925,0.363,0.3455
0.4005,0.4235,0.446,0.478,0.444,0.4035,0.3925,0.363
0.4385,0.4005,0.4235,0.446,0.478,0.444,0.4035,0.3925
0.4775,0.4385,0.4005,0.4235,0.446,0.478,0.444,0.4035
0.382,0.4775,0.4385,0.4005,0.4235,0.446,0.478,0.444
0.3885,0.382,0.4775,0.4385,0.4005,0.4235,0.446,0.478
0.378,0.3885,0.382,0.4775,0.4385,0.4005,0.4235,0.446
0.3525,0.378,0.3885,0.382,0.4775,0.4385,0.4005,0.4235
0.321,0.3525,0.378,0.3885,0.382,0.4775,0.4385,0.4005
0.349,0.321,0.3525,0.378,0.3885,0.382,0.4775,0.4385
0.3475,0.349,0.321,0.3525,0.378,0.3885,0.382,0.4775
0.3355,0.3475,0.349,0.321,0.3525,0.378,0.3885,0.382
0.3495,0.3355,0.3475,0.349,0.321,0.3525,0.378,0.3885
0.3525,0.3495,0.3355,0.3475,0.349,0.321,0.3525,0.378
0.3715,0.3525,0.3495,0.3355,0.3475,0.349,0.321,0.3525
0.3485,0.3715,0.3525,0.3495,0.3355,0.3475,0.349,0.321
0.356,0.3485,0.3715,0.3525,0.3495,0.3355,0.3475,0.349
0.3525,0.356,0.3485,0.3715,0.3525,0.3495,0.3355,0.3475
0.3645,0.3525,0.356,0.3485,0.3715,0.3525,0.3495,0.3355
0.4745,0.3645,0.3525,0.356,0.3485,0.3715,0.3525,0.3495
0.4525,0.4745,0.3645,0.3525,0.356,0.3485,0.3715,0.3525
0.4475,0.4525,0.4745,0.3645,0.3525,0.356,0.3485,0.3715
0.4595,0.4475,0.4525,0.4745,0.3645,0.3525,0.356,0.3485
0.43,0.4595,0.4475,0.4525,0.4745,0.3645,0.3525,0.356
0.44,0.43,0.4595,0.4475,0.4525,0.4745,0.3645,0.3525
0.454,0.44,0.43,0.4595,0.4475,0.4525,0.4745,0.3645
0.6105,0.454,0.44,0.43,0.4595,0.4475,0.4525,0.4745
0.574,0.6105,0.454,0.44,0.43,0.4595,0.4475,0.4525
0.5795,0.574,0.6105,0.454,0.44,0.43,0.4595,0.4475
0.5575,0.5795,0.574,0.6105,0.454,0.44,0.43,0.4595
0.566,0.5575,0.5795,0.574,0.6105,0.454,0.44,0.43
0.5245,0.566,0.5575,0.5795,0.574,0.6105,0.454,0.44
0.5965,0.5245,0.566,0.5575,0.5795,0.574,0.6105,0.454
0.588,0.5965,0.5245,0.566,0.5575,0.5795,0.574,0.6105
0.605,0.588,0.5965,0.5245,0.566,0.5575,0.5795,0.574
0.5855,0.605,0.588,0.5965,0.5245,0.566,0.5575,0.5795
0.5825,0.5855,0.605,0.588,0.5965,0.5245,0.566,0.5575
0.612,0.5825,0.5855,0.605,0.588,0.5965,0.5245,0.566
0.5955,0.612,0.5825,0.5855,0.605,0.588,0.5965,0.5245
0.5445,0.5955,0.612,0.5825,0.5855,0.605,0.588,0.5965
0.55,0.5445,0.5955,0.612,0.5825,0.5855,0.605,0.588
0.5405,0.55,0.5445,0.5955,0.612,0.5825,0.5855,0.605
0.543,0.5405,0.55,0.5445,0.5955,0.612,0.5825,0.5855
0.5355,0.543,0.5405,0.55,0.5445,0.5955,0.612,0.5825
0.5075,0.5355,0.543,0.5405,0.55,0.5445,0.5955,0.612
0.5,0.5075,0.5355,0.543,0.5405,0.55,0.5445,0.5955
0.4915,0.5,0.5075,0.5355,0.543,0.5405,0.55,0.5445
0.555,0.4915,0.5,0.5075,0.5355,0.543,0.5405,0.55
0.53,0.555,0.4915,0.5,0.5075,0.5355,0.543,0.5405
0.545,0.53,0.555,0.4915,0.5,0.5075,0.5355,0.543
0.541,0.545,0.53,0.555,0.4915,0.5,0.5075,0.5355
0.548,0.541,0.545,0.53,0.555,0.4915,0.5,0.5075
0.595,0.548,0.541,0.545,0.53,0.555,0.4915,0.5
0.6125,0.595,0.548,0.541,0.545,0.53,0.555,0.4915
0.617,0.6125,0.595,0.548,0.541,0.545,0.53,0.555
0.5925,0.617,0.6125,0.595,0.548,0.541,0.545,0.53
0.5765,0.5925,0.617,0.6125,0.595,0.548,0.541,0.545
0.552,0.5765,0.5925,0.617,0.6125,0.595,0.548,0.541
0.5515,0.552,0.5765,0.5925,0.617,0.6125,0.595,0.548
0.5055,0.5515,0.552,0.5765,0.5925,0.617,0.6125,0.595
0.5145,0.5055,0.5515,0.552,0.5765,0.5925,0.617,0.6125
0.4565,0.5145,0.5055,0.5515,0.552,0.5765,0.5925,0.617
0.487,0.4565,0.5145,0.5055,0.5515,0.552,0.5765,0.5925
0.508,0.487,0.4565,0.5145,0.5055,0.5515,0.552,0.5765
0.63,0.508,0.487,0.4565,0.5145,0.5055,0.5515,0.552
0.6235,0.63,0.508,0.487,0.4565,0.5145,0.5055,0.5515
0.7005,0.6235,0.63,0.508,0.487,0.4565,0.5145,0.5055
0.722,0.7005,0.6235,0.63,0.508,0.487,0.4565,0.5145
0.775,0.722,0.7005,0.6235,0.63,0.508,0.487,0.4565
0.711,0.775,0.722,0.7005,0.6235,0.63,0.508,0.487
0.695,0.711,0.775,0.722,0.7005,0.6235,0.63,0.508
0.7095,0.695,0.711,0.775,0.722,0.7005,0.6235,0.63
0.6865,0.7095,0.695,0.711,0.775,0.722,0.7005,0.6235
0.6265,0.6865,0.7095,0.695,0.711,0.775,0.722,0.7005
0.575,0.6265,0.6865,0.7095,0.695,0.711,0.775,0.722
0.563,0.575,0.6265,0.6865,0.7095,0.695,0.711,0.775
0.562,0.563,0.575,0.6265,0.6865,0.7095,0.695,0.711
0.626,0.562,0.563,0.575,0.6265,0.6865,0.7095,0.695
0.665,0.626,0.562,0.563,0.575,0.6265,0.6865,0.7095
0.645,0.665,0.626,0.562,0.563,0.575,0.6265,0.6865
0.6645,0.645,0.665,0.626,0.562,0.563,0.575,0.6265
0.694,0.6645,0.645,0.665,0.626,0.562,0.563,0.575
0.6705,0.694,0.6645,0.645,0.665,0.626,0.562,0.563
0.6505,0.6705,0.694,0.6645,0.645,0.665,0.626,0.562
0.648,0.6505,0.6705,0.694,0.6645,0.645,0.665,0.626
0.663,0.648,0.6505,0.6705,0.694,0.6645,0.645,0.665
0.6535,0.663,0.648,0.6505,0.6705,0.694,0.6645,0.645
0.6865,0.6535,0.663,0.648,0.6505,0.6705,0.694,0.6645
0.72,0.6865,0.6535,0.663,0.648,0.6505,0.6705,0.694
0.7135,0.72,0.6865,0.6535,0.663,0.648,0.6505,0.6705
0.705,0.7135,0.72,0.6865,0.6535,0.663,0.648,0.6505
0.7695,0.705,0.7135,0.72,0.6865,0.6535,0.663,0.648
0.824,0.7695,0.705,0.7135,0.72,0.6865,0.6535,0.663
0.7985,0.824,0.7695,0.705,0.7135,0.72,0.6865,0.6535
0.8165,0.7985,0.824,0.7695,0.705,0.7135,0.72,0.6865
0.781,0.8165,0.7985,0.824,0.7695,0.705,0.7135,0.72
0.8175,0.781,0.8165,0.7985,0.824,0.7695,0.705,0.7135
0.8355,0.8175,0.781,0.8165,0.7985,0.824,0.7695,0.705
0.8155,0.8355,0.8175,0.781,0.8165,0.7985,0.824,0.7695
0.787,0.8155,0.8355,0.8175,0.781,0.8165,0.7985,0.824
0.724,0.787,0.8155,0.8355,0.8175,0.781,0.8165,0.7985
0.7015,0.724,0.787,0.8155,0.8355,0.8175,0.781,0.8165
0.7505,0.7015,0.724,0.787,0.8155,0.8355,0.8175,0.781
0.733,0.7505,0.7015,0.724,0.787,0.8155,0.8355,0.8175
0.725,0.733,0.7505,0.7015,0.724,0.787,0.8155,0.8355
0.7585,0.725,0.733,0.7505,0.7015,0.724,0.787,0.8155
0.7765,0.7585,0.725,0.733,0.7505,0.7015,0.724,0.787
0.737,0.7765,0.7585,0.725,0.733,0.7505,0.7015,0.724
0.7415,0.737,0.7765,0.7585,0.725,0.733,0.7505,0.7015
0.7125,0.7415,0.737,0.7765,0.7585,0.725,0.733,0.7505
0.715,0.7125,0.7415,0.737,0.7765,0.7585,0.725,0.733
0.74,0.715,0.7125,0.7415,0.737,0.7765,0.7585,0.725
0.7125,0.74,0.715,0.7125,0.7415,0.737,0.7765,0.7585
0.6835,0.7125,0.74,0.715,0.7125,0.7415,0.737,0.7765
0.677,0.6835,0.7125,0.74,0.715,0.7125,0.7415,0.737
0.675,0.677,0.6835,0.7125,0.74,0.715,0.7125,0.7415
0.6975,0.675,0.677,0.6835,0.7125,0.74,0.715,0.7125
0.68,0.6975,0.675,0.677,0.6835,0.7125,0.74,0.715
0.674,0.68,0.6975,0.675,0.677,0.6835,0.7125,0.74
0.637,0.674,0.68,0.6975,0.675,0.677,0.6835,0.7125
0.6655,0.637,0.674,0.68,0.6975,0.675,0.677,0.6835
0.6945,0.6655,0.637,0.674,0.68,0.6975,0.675,0.677
0.7005,0.6945,0.6655,0.637,0.674,0.68,0.6975,0.675
0.741,0.7005,0.6945,0.6655,0.637,0.674,0.68,0.6975
0.713,0.741,0.7005,0.6945,0.6655,0.637,0.674,0.68
0.7265,0.713,0.741,0.7005,0.6945,0.6655,0.637,0.674
0.7155,0.7265,0.713,0.741,0.7005,0.6945,0.6655,0.637
0.703,0.7155,0.7265,0.713,0.741,0.7005,0.6945,0.6655
0.8395,0.703,0.7155,0.7265,0.713,0.741,0.7005,0.6945
0.841,0.8395,0.703,0.7155,0.7265,0.713,0.741,0.7005
0.8455,0.841,0.8395,0.703,0.7155,0.7265,0.713,0.741
0.809,0.8455,0.841,0.8395,0.703,0.7155,0.7265,0.713
0.8345,0.809,0.8455,0.841,0.8395,0.703,0.7155,0.7265
0.8245,0.8345,0.809,0.8455,0.841,0.8395,0.703,0.7155
0.816,0.8245,0.8345,0.809,0.8455,0.841,0.8395,0.703
0.8025,0.816,0.8245,0.8345,0.809,0.8455,0.841,0.8395
0.806,0.8025,0.816,0.8245,0.8345,0.809,0.8455,0.841
0.8055,0.806,0.8025,0.816,0.8245,0.8345,0.809,0.8455
0.866,0.8055,0.806,0.8025,0.816,0.8245,0.8345,0.809
0.8865,0.866,0.8055,0.806,0.8025,0.816,0.8245,0.8345
0.847,0.8865,0.866,0.8055,0.806,0.8025,0.816,0.8245
0.866,0.847,0.8865,0.866,0.8055,0.806,0.8025,0.816
0.9405,0.866,0.847,0.8865,0.866,0.8055,0.806,0.8025
0.997,0.9405,0.866,0.847,0.8865,0.866,0.8055,0.806
0.9805,0.997,0.9405,0.866,0.847,0.8865,0.866,0.8055
0.958,0.9805,0.997,0.9405,0.866,0.847,0.8865,0.866
0.9695,0.958,0.9805,0.997,0.9405,0.866,0.847,0.8865
0.938,0.9695,0.958,0.9805,0.997,0.9405,0.866,0.847
0.9375,0.938,0.9695,0.958,0.9805,0.997,0.9405,0.866
0.9725,0.9375,0.938,0.9695,0.958,0.9805,0.997,0.9405
0.9735,0.9725,0.9375,0.938,0.9695,0.958,0.9805,0.997
0.953,0.9735,0.9725,0.9375,0.938,0.9695,0.958,0.9805
0.9455,0.953,0.9735,0.9725,0.9375,0.938,0.9695,0.958
0.9185,0.9455,0.953,0.9735,0.9725,0.9375,0.938,0.9695
0.9115,0.9185,0.9455,0.953,0.9735,0.9725,0.9375,0.938
0.898,0.9115,0.9185,0.9455,0.953,0.9735,0.9725,0.9375
0.8985,0.898,0.9115,0.9185,0.9455,0.953,0.9735,0.9725
0.8995,0.8985,0.898,0.9115,0.9185,0.9455,0.953,0.9735
0.9085,0.8995,0.8985,0.898,0.9115,0.9185,0.9455,0.953
0.929,0.9085,0.8995,0.8985,0.898,0.9115,0.9185,0.9455
0.865,0.929,0.9085,0.8995,0.8985,0.898,0.9115,0.9185
0.857,0.865,0.929,0.9085,0.8995,0.8985,0.898,0.9115
0.854,0.857,0.865,0.929,0.9085,0.8995,0.8985,0.898
0.8715,0.854,0.857,0.865,0.929,0.9085,0.8995,0.8985
0.841,0.8715,0.854,0.857,0.865,0.929,0.9085,0.8995
0.9205,0.841,0.8715,0.854,0.857,0.865,0.929,0.9085
0.939,0.9205,0.841,0.8715,0.854,0.857,0.865,0.929
0.915,0.939,0.9205,0.841,0.8715,0.854,0.857,0.865
0.8775,0.915,0.939,0.9205,0.841,0.8715,0.854,0.857
0.8765,0.8775,0.915,0.939,0.9205,0.841,0.8715,0.854
0.8755,0.8765,0.8775,0.915,0.939,0.9205,0.841,0.8715
0.767,0.8755,0.8765,0.8775,0.915,0.939,0.9205,0.841
0.7925,0.767,0.8755,0.8765,0.8775,0.915,0.939,0.9205
0.793,0.7925,0.767,0.8755,0.8765,0.8775,0.915,0.939
0.8125,0.793,0.7925,0.767,0.8755,0.8765,0.8775,0.915
0.6775,0.8125,0.793,0.7925,0.767,0.8755,0.8765,0.8775
0.666,0.6775,0.8125,0.793,0.7925,0.767,0.8755,0.8765
0.7125,0.666,0.6775,0.8125,0.793,0.7925,0.767,0.8755
0.7605,0.7125,0.666,0.6775,0.8125,0.793,0.7925,0.767
0.747,0.7605,0.7125,0.666,0.6775,0.8125,0.793,0.7925
0.78,0.747,0.7605,0.7125,0.666,0.6775,0.8125,0.793
0.748,0.78,0.747,0.7605,0.7125,0.666,0.6775,0.8125
0.7775,0.748,0.78,0.747,0.7605,0.7125,0.666,0.6775
0.7715,0.7775,0.748,0.78,0.747,0.7605,0.7125,0.666
0.797,0.7715,0.7775,0.748,0.78,0.747,0.7605,0.7125
0.8145,0.797,0.7715,0.7775,0.748,0.78,0.747,0.7605
0.808,0.8145,0.797,0.7715,0.7775,0.748,0.78,0.747
0.7775,0.808,0.8145,0.797,0.7715,0.7775,0.748,0.78
0.7645,0.7775,0.808,0.8145,0.797,0.7715,0.7775,0.748
0.775,0.7645,0.7775,0.808,0.8145,0.797,0.7715,0.7775
0.7275,0.775,0.7645,0.7775,0.808,0.8145,0.797,0.7715
0.705,0.7275,0.775,0.7645,0.7775,0.808,0.8145,0.797
0.6245,0.705,0.7275,0.775,0.7645,0.7775,0.808,0.8145
0.6465,0.6245,0.705,0.7275,0.775,0.7645,0.7775,0.808
0.7165,0.6465,0.6245,0.705,0.7275,0.775,0.7645,0.7775
0.7385,0.7165,0.6465,0.6245,0.705,0.7275,0.775,0.7645
0.7225,0.7385,0.7165,0.6465,0.6245,0.705,0.7275,0.775
0.708,0.7225,0.7385,0.7165,0.6465,0.6245,0.705,0.7275
0.692,0.708,0.7225,0.7385,0.7165,0.6465,0.6245,0.705
0.6435,0.692,0.708,0.7225,0.7385,0.7165,0.6465,0.6245
0.687,0.6435,0.692,0.708,0.7225,0.7385,0.7165,0.6465
0.68,0.687,0.6435,0.692,0.708,0.7225,0.7385,0.7165
0.695,0.68,0.687,0.6435,0.692,0.708,0.7225,0.7385
0.713,0.695,0.68,0.687,0.6435,0.692,0.708,0.7225
0.723,0.713,0.695,0.68,0.687,0.6435,0.692,0.708
0.6965,0.723,0.713,0.695,0.68,0.687,0.6435,0.692
0.6955,0.6965,0.723,0.713,0.695,0.68,0.687,0.6435
0.731,0.6955,0.6965,0.723,0.713,0.695,0.68,0.687
0.745,0.731,0.6955,0.6965,0.723,0.713,0.695,0.68
0.775,0.745,0.731,0.6955,0.6965,0.723,0.713,0.695
0.799,0.775,0.745,0.731,0.6955,0.6965,0.723,0.713
0.769,0.799,0.775,0.745,0.731,0.6955,0.6965,0.723
0.7865,0.769,0.799,0.775,0.745,0.731,0.6955,0.6965
0.7585,0.7865,0.769,0.799,0.775,0.745,0.731,0.6955
0.7465,0.7585,0.7865,0.769,0.799,0.775,0.745,0.731
0.726,0.7465,0.7585,0.7865,0.769,0.799,0.775,0.745
0.7285,0.726,0.7465,0.7585,0.7865,0.769,0.799,0.775
0.757,0.7285,0.726,0.7465,0.7585,0.7865,0.769,0.799
0.747,0.757,0.7285,0.726,0.7465,0.7585,0.7865,0.769
0.73,0.747,0.757,0.7285,0.726,0.7465,0.7585,0.7865
0.7415,0.73,0.747,0.757,0.7285,0.726,0.7465,0.7585
0.7125,0.7415,0.73,0.747,0.757,0.7285,0.726,0.7465
0.7655,0.7125,0.7415,0.73,0.747,0.757,0.7285,0.726
0.8255,0.7655,0.7125,0.7415,0.73,0.747,0.757,0.7285
0.8565,0.8255,0.7655,0.7125,0.7415,0.73,0.747,0.757
0.8555,0.8565,0.8255,0.7655,0.7125,0.7415,0.73,0.747
0.8375,0.8555,0.8565,0.8255,0.7655,0.7125,0.7415,0.73
0.8305,0.8375,0.8555,0.8565,0.8255,0.7655,0.7125,0.7415
0.8355,0.8305,0.8375,0.8555,0.8565,0.8255,0.7655,0.7125
0.8675,0.8355,0.8305,0.8375,0.8555,0.8565,0.8255,0.7655
0.8865,0.8675,0.8355,0.8305,0.8375,0.8555,0.8565,0.8255
0.8605,0.8865,0.8675,0.8355,0.8305,0.8375,0.8555,0.8565
0.793,0.8605,0.8865,0.8675,0.8355,0.8305,0.8375,0.8555
0.8025,0.793,0.8605,0.8865,0.8675,0.8355,0.8305,0.8375
0.7965,0.8025,0.793,0.8605,0.8865,0.8675,0.8355,0.8305
0.7865,0.7965,0.8025,0.793,0.8605,0.8865,0.8675,0.8355
0.8575,0.7865,0.7965,0.8025,0.793,0.8605,0.8865,0.8675
0.8505,0.8575,0.7865,0.7965,0.8025,0.793,0.8605,0.8865
0.7965,0.8505,0.8575,0.7865,0.7965,0.8025,0.793,0.8605
0.8475,0.7965,0.8505,0.8575,0.7865,0.7965,0.8025,0.793
0.8505,0.8475,0.7965,0.8505,0.8575,0.7865,0.7965,0.8025
0.8375,0.8505,0.8475,0.7965,0.8505,0.8575,0.7865,0.7965
0.8275,0.8375,0.8505,0.8475,0.7965,0.8505,0.8575,0.7865
0.832,0.8275,0.8375,0.8505,0.8475,0.7965,0.8505,0.8575
0.847,0.832,0.8275,0.8375,0.8505,0.8475,0.7965,0.8505
0.843,0.847,0.832,0.8275,0.8375,0.8505,0.8475,0.7965
0.898,0.843,0.847,0.832,0.8275,0.8375,0.8505,0.8475
0.923,0.898,0.843,0.847,0.832,0.8275,0.8375,0.8505
0.96,0.923,0.898,0.843,0.847,0.832,0.8275,0.8375
0.947,0.96,0.923,0.898,0.843,0.847,0.832,0.8275
0.9745,0.947,0.96,0.923,0.898,0.843,0.847,0.832
0.937,0.9745,0.947,0.96,0.923,0.898,0.843,0.847
0.952,0.937,0.9745,0.947,0.96,0.923,0.898,0.843
0.963,0.952,0.937,0.9745,0.947,0.96,0.923,0.898
0.969,0.963,0.952,0.937,0.9745,0.947,0.96,0.923
0.9875,0.969,0.963,0.952,0.937,0.9745,0.947,0.96
0.993,0.9875,0.969,0.963,0.952,0.937,0.9745,0.947
0.965,0.993,0.9875,0.969,0.963,0.952,0.937,0.9745
0.9295,0.965,0.993,0.9875,0.969,0.963,0.952,0.937
0.9285,0.9295,0.965,0.993,0.9875,0.969,0.963,0.952
0.954,0.9285,0.9295,0.965,0.993,0.9875,0.969,0.963
0.968,0.954,0.9285,0.9295,0.965,0.993,0.9875,0.969
0.99,0.968,0.954,0.9285,0.9295,0.965,0.993,0.9875
0.939,0.99,0.968,0.954,0.9285,0.9295,0.965,0.993
0.936,0.939,0.99,0.968,0.954,0.9285,0.9295,0.965
0.967,0.936,0.939,0.99,0.968,0.954,0.9285,0.9295
0.956,0.967,0.936,0.939,0.99,0.968,0.954,0.9285
0.9755,0.956,0.967,0.936,0.939,0.99,0.968,0.954
0.95,0.9755,0.956,0.967,0.936,0.939,0.99,0.968
0.991,0.95,0.9755,0.956,0.967,0.936,0.939,0.99
1.0205,0.991,0.95,0.9755,0.956,0.967,0.936,0.939
1.0605,1.0205,0.991,0.95,0.9755,0.956,0.967,0.936
1.1105,1.0605,1.0205,0.991,0.95,0.9755,0.956,0.967
1.121,1.1105,1.0605,1.0205,0.991,0.95,0.9755,0.956
1.0645,1.121,1.1105,1.0605,1.0205,0.991,0.95,0.9755
1.145,1.0645,1.121,1.1105,1.0605,1.0205,0.991,0.95
1.17,1.145,1.0645,1.121,1.1105,1.0605,1.0205,0.991
1.1995,1.17,1.145,1.0645,1.121,1.1105,1.0605,1.0205
1.2125,1.1995,1.17,1.145,1.0645,1.121,1.1105,1.0605
1.17,1.2125,1.1995,1.17,1.145,1.0645,1.121,1.1105
1.204,1.17,1.2125,1.1995,1.17,1.145,1.0645,1.121
1.1675,1.204,1.17,1.2125,1.1995,1.17,1.145,1.0645
1.2055,1.1675,1.204,1.17,1.2125,1.1995,1.17,1.145
1.187,1.2055,1.1675,1.204,1.17,1.2125,1.1995,1.17
1.1695,1.187,1.2055,1.1675,1.204,1.17,1.2125,1.1995
1.129,1.1695,1.187,1.2055,1.1675,1.204,1.17,1.2125
1.1305,1.129,1.1695,1.187,1.2055,1.1675,1.204,1.17
1.084,1.1305,1.129,1.1695,1.187,1.2055,1.1675,1.204
1.093,1.084,1.1305,1.129,1.1695,1.187,1.2055,1.1675
1.1065,1.093,1.084,1.1305,1.129,1.1695,1.187,1.2055
1.115,1.1065,1.093,1.084,1.1305,1.129,1.1695,1.187
1.109,1.115,1.1065,1.093,1.084,1.1305,1.129,1.1695
1.1255,1.109,1.115,1.1065,1.093,1.084,1.1305,1.129
1.123,1.1255,1.109,1.115,1.1065,1.093,1.084,1.1305
1.105,1.123,1.1255,1.109,1.115,1.1065,1.093,1.084
1.0845,1.105,1.123,1.1255,1.109,1.115,1.1065,1.093
1.0965,1.0845,1.105,1.123,1.1255,1.109,1.115,1.1065
1.112,1.0965,1.0845,1.105,1.123,1.1255,1.109,1.115
1.094,1.112,1.0965,1.0845,1.105,1.123,1.1255,1.109
1.015,1.094,1.112,1.0965,1.0845,1.105,1.123,1.1255
0.943,1.015,1.094,1.112,1.0965,1.0845,1.105,1.123
0.9625,0.943,1.015,1.094,1.112,1.0965,1.0845,1.105
0.9445,0.9625,0.943,1.015,1.094,1.112,1.0965,1.0845
0.9785,0.9445,0.9625,0.943,1.015,1.094,1.112,1.0965
1.026,0.9785,0.9445,0.9625,0.943,1.015,1.094,1.112
1.035,1.026,0.9785,0.9445,0.9625,0.943,1.015,1.094
1.0775,1.035,1.026,0.9785,0.9445,0.9625,0.943,1.015
1.051,1.0775,1.035,1.026,0.9785,0.9445,0.9625,0.943
1.0725,1.051,1.0775,1.035,1.026,0.9785,0.9445,0.9625
1.066,1.0725,1.051,1.0775,1.035,1.026,0.9785,0.9445
1.102,1.066,1.0725,1.051,1.0775,1.035,1.026,0.9785
1.137,1.102,1.066,1.0725,1.051,1.0775,1.035,1.026
1.1135,1.137,1.102,1.066,1.0725,1.051,1.0775,1.035
1.09,1.1135,1.137,1.102,1.066,1.0725,1.051,1.0775
1.07,1.09,1.1135,1.137,1.102,1.066,1.0725,1.051
1.054,1.07,1.09,1.1135,1.137,1.102,1.066,1.0725
1.0585,1.054,1.07,1.09,1.1135,1.137,1.102,1.066
1.0895,1.0585,1.054,1.07,1.09,1.1135,1.137,1.102
1.1055,1.0895,1.0585,1.054,1.07,1.09,1.1135,1.137
1.089,1.1055,1.0895,1.0585,1.054,1.07,1.09,1.1135
1.081,1.089,1.1055,1.0895,1.0585,1.054,1.07,1.09
1.104,1.081,1.089,1.1055,1.0895,1.0585,1.054,1.07
1.091,1.104,1.081,1.089,1.1055,1.0895,1.0585,1.054
1.0925,1.091,1.104,1.081,1.089,1.1055,1.0895,1.0585
1.108,1.0925,1.091,1.104,1.081,1.089,1.1055,1.0895
1.1025,1.108,1.0925,1.091,1.104,1.081,1.089,1.1055
1.1085,1.1025,1.108,1.0925,1.091,1.104,1.081,1.089
1.1045,1.1085,1.1025,1.108,1.0925,1.091,1.104,1.081
1.072,1.1045,1.1085,1.1025,1.108,1.0925,1.091,1.104
1.07,1.072,1.1045,1.1085,1.1025,1.108,1.0925,1.091
1.039,1.07,1.072,1.1045,1.1085,1.1025,1.108,1.0925
1.0565,1.039,1.07,1.072,1.1045,1.1085,1.1025,1.108
1.003,1.0565,1.039,1.07,1.072,1.1045,1.1085,1.1025
1.003,1.003,1.0565,1.039,1.07,1.072,1.1045,1.1085
1.0695,1.003,1.003,1.0565,1.039,1.07,1.072,1.1045
1.0595,1.0695,1.003,1.003,1.0565,1.039,1.07,1.072
1.068,1.0595,1.0695,1.003,1.003,1.0565,1.039,1.07
1.089,1.068,1.0595,1.0695,1.003,1.003,1.0565,1.039
1.089,1.089,1.068,1.0595,1.0695,1.003,1.003,1.0565
1.094,1.089,1.089,1.068,1.0595,1.0695,1.003,1.003
1.082,1.094,1.089,1.089,1.068,1.0595,1.0695,1.003
1.081,1.082,1.094,1.089,1.089,1.068,1.0595,1.0695
1.1005,1.081,1.082,1.094,1.089,1.089,1.068,1.0595
1.0905,1.1005,1.081,1.082,1.094,1.089,1.089,1.068
1.1135,1.0905,1.1005,1.081,1.082,1.094,1.089,1.089
1.121,1.1135,1.0905,1.1005,1.081,1.082,1.094,1.089
1.1345,1.121,1.1135,1.0905,1.1005,1.081,1.082,1.094
1.1485,1.1345,1.121,1.1135,1.0905,1.1005,1.081,1.082
1.144,1.1485,1.1345,1.121,1.1135,1.0905,1.1005,1.081
1.139,1.144,1.1485,1.1345,1.121,1.1135,1.0905,1.1005
1.168,1.139,1.144,1.1485,1.1345,1.121,1.1135,1.0905
1.221,1.168,1.139,1.144,1.1485,1.1345,1.121,1.1135
1.2355,1.221,1.168,1.139,1.144,1.1485,1.1345,1.121
1.3275,1.2355,1.221,1.168,1.139,1.144,1.1485,1.1345
1.339,1.3275,1.2355,1.221,1.168,1.139,1.144,1.1485
1.327,1.339,1.3275,1.2355,1.221,1.168,1.139,1.144
1.3725,1.327,1.339,1.3275,1.2355,1.221,1.168,1.139
1.3965,1.3725,1.327,1.339,1.3275,1.2355,1.221,1.168
1.3115,1.3965,1.3725,1.327,1.339,1.3275,1.2355,1.221
1.345,1.3115,1.3965,1.3725,1.327,1.339,1.3275,1.2355
1.388,1.345,1.3115,1.3965,1.3725,1.327,1.339,1.3275
1.3885,1.388,1.345,1.3115,1.3965,1.3725,1.327,1.339
1.359,1.3885,1.388,1.345,1.3115,1.3965,1.3725,1.327
1.3015,1.359,1.3885,1.388,1.345,1.3115,1.3965,1.3725
1.277,1.3015,1.359,1.3885,1.388,1.345,1.3115,1.3965
1.319,1.277,1.3015,1.359,1.3885,1.388,1.345,1.3115
1.3325,1.319,1.277,1.3015,1.359,1.3885,1.388,1.345
1.311,1.3325,1.319,1.277,1.3015,1.359,1.3885,1.388
1.341,1.311,1.3325,1.319,1.277,1.3015,1.359,1.3885
1.326,1.341,1.311,1.3325,1.319,1.277,1.3015,1.359
1.253,1.326,1.341,1.311,1.3325,1.319,1.277,1.3015
1.2835,1.253,1.326,1.341,1.311,1.3325,1.319,1.277
1.2875,1.2835,1.253,1.326,1.341,1.311,1.3325,1.319
1.2525,1.2875,1.2835,1.253,1.326,1.341,1.311,1.3325
1.2565,1.2525,1.2875,1.2835,1.253,1.326,1.341,1.311
1.219,1.2565,1.2525,1.2875,1.2835,1.253,1.326,1.341
1.2495,1.219,1.2565,1.2525,1.2875,1.2835,1.253,1.326
1.2625,1.2495,1.219,1.2565,1.2525,1.2875,1.2835,1.253
1.279,1.2625,1.2495,1.219,1.2565,1.2525,1.2875,1.2835
1.2715,1.279,1.2625,1.2495,1.219,1.2565,1.2525,1.2875
1.256,1.2715,1.279,1.2625,1.2495,1.219,1.2565,1.2525
1.4485,1.256,1.2715,1.279,1.2625,1.2495,1.219,1.2565
1.4555,1.4485,1.256,1.2715,1.279,1.2625,1.2495,1.219
1.4445,1.4555,1.4485,1.256,1.2715,1.279,1.2625,1.2495
1.4345,1.4445,1.4555,1.4485,1.256,1.2715,1.279,1.2625
1.433,1.4345,1.4445,1.4555,1.4485,1.256,1.2715,1.279
1.4715,1.433,1.4345,1.4445,1.4555,1.4485,1.256,1.2715
1.498,1.4715,1.433,1.4345,1.4445,1.4555,1.4485,1.256
1.544,1.498,1.4715,1.433,1.4345,1.4445,1.4555,1.4485
1.535,1.544,1.498,1.4715,1.433,1.4345,1.4445,1.4555
1.5225,1.535,1.544,1.498,1.4715,1.433,1.4345,1.4445
1.548,1.5225,1.535,1.544,1.498,1.4715,1.433,1.4345
1.585,1.548,1.5225,1.535,1.544,1.498,1.4715,1.433
1.6475,1.585,1.548,1.5225,1.535,1.544,1.498,1.4715
1.63,1.6475,1.585,1.548,1.5225,1.535,1.544,1.498
1.6315,1.63,1.6475,1.585,1.548,1.5225,1.535,1.544
1.6525,1.6315,1.63,1.6475,1.585,1.548,1.5225,1.535
1.578,1.6525,1.6315,1.63,1.6475,1.585,1.548,1.5225
1.574,1.578,1.6525,1.6315,1.63,1.6475,1.585,1.548
1.5875,1.574,1.578,1.6525,1.6315,1.63,1.6475,1.585
1.65,1.5875,1.574,1.578,1.6525,1.6315,1.63,1.6475
1.636,1.65,1.5875,1.574,1.578,1.6525,1.6315,1.63
1.7425,1.636,1.65,1.5875,1.574,1.578,1.6525,1.6315
1.743,1.7425,1.636,1.65,1.5875,1.574,1.578,1.6525
1.7775,1.743,1.7425,1.636,1.65,1.5875,1.574,1.578
1.7945,1.7775,1.743,1.7425,1.636,1.65,1.5875,1.574
1.77,1.7945,1.7775,1.743,1.7425,1.636,1.65,1.5875
1.7615,1.77,1.7945,1.7775,1.743,1.7425,1.636,1.65
1.7695,1.7615,1.77,1.7945,1.7775,1.743,1.7425,1.636
1.776,1.7695,1.7615,1.77,1.7945,1.7775,1.743,1.7425
1.6675,1.776,1.7695,1.7615,1.77,1.7945,1.7775,1.743
1.684,1.6675,1.776,1.7695,1.7615,1.77,1.7945,1.7775
1.7035,1.684,1.6675,1.776,1.7695,1.7615,1.77,1.7945
1.7325,1.7035,1.684,1.6675,1.776,1.7695,1.7615,1.77
1.76,1.7325,1.7035,1.684,1.6675,1.776,1.7695,1.7615
1.7065,1.76,1.7325,1.7035,1.684,1.6675,1.776,1.7695
1.792,1.7065,1.76,1.7325,1.7035,1.684,1.6675,1.776
1.792,1.792,1.7065,1.76,1.7325,1.7035,1.684,1.6675
1.7925,1.792,1.792,1.7065,1.76,1.7325,1.7035,1.684
1.775,1.7925,1.792,1.792,1.7065,1.76,1.7325,1.7035
1.752,1.775,1.7925,1.792,1.792,1.7065,1.76,1.7325
1.779,1.752,1.775,1.7925,1.792,1.792,1.7065,1.76
1.77,1.779,1.752,1.775,1.7925,1.792,1.792,1.7065
1.7695,1.77,1.779,1.752,1.775,1.7925,1.792,1.792
1.836,1.7695,1.77,1.779,1.752,1.775,1.7925,1.792
1.815,1.836,1.7695,1.77,1.779,1.752,1.775,1.7925
1.816,1.815,1.836,1.7695,1.77,1.779,1.752,1.775
1.8625,1.816,1.815,1.836,1.7695,1.77,1.779,1.752
1.8925,1.8625,1.816,1.815,1.836,1.7695,1.77,1.779
1.896,1.8925,1.8625,1.816,1.815,1.836,1.7695,1.77
1.9525,1.896,1.8925,1.8625,1.816,1.815,1.836,1.7695
2.0255,1.9525,1.896,1.8925,1.8625,1.816,1.815,1.836
2.025,2.0255,1.9525,1.896,1.8925,1.8625,1.816,1.815
1.9125,2.025,2.0255,1.9525,1.896,1.8925,1.8625,1.816
1.8825,1.9125,2.025,2.0255,1.9525,1.896,1.8925,1.8625
1.9635,1.8825,1.9125,2.025,2.0255,1.9525,1.896,1.8925
1.9215,1.9635,1.8825,1.9125,2.025,2.0255,1.9525,1.896
1.884,1.9215,1.9635,1.8825,1.9125,2.025,2.0255,1.9525
1.816,1.884,1.9215,1.9635,1.8825,1.9125,2.025,2.0255
1.749,1.816,1.884,1.9215,1.9635,1.8825,1.9125,2.025
1.7665,1.749,1.816,1.884,1.9215,1.9635,1.8825,1.9125
1.7435,1.7665,1.749,1.816,1.884,1.9215,1.9635,1.8825
2.0055,1.7435,1.7665,1.749,1.816,1.884,1.9215,1.9635
2.0655,2.0055,1.7435,1.7665,1.749,1.816,1.884,1.9215
2.08,2.0655,2.0055,1.7435,1.7665,1.749,1.816,1.884
2.104,2.08,2.0655,2.0055,1.7435,1.7665,1.749,1.816
2.0695,2.104,2.08,2.0655,2.0055,1.7435,1.7665,1.749
2.033,2.0695,2.104,2.08,2.0655,2.0055,1.7435,1.7665
2.082,2.033,2.0695,2.104,2.08,2.0655,2.0055,1.7435
2.0015,2.082,2.033,2.0695,2.104,2.08,2.0655,2.0055
1.9825,2.0015,2.082,2.033,2.0695,2.104,2.08,2.0655
1.9335,1.9825,2.0015,2.082,2.033,2.0695,2.104,2.08
1.947,1.9335,1.9825,2.0015,2.082,2.033,2.0695,2.104
1.9505,1.947,1.9335,1.9825,2.0015,2.082,2.033,2.0695
1.9575,1.9505,1.947,1.9335,1.9825,2.0015,2.082,2.033
1.9465,1.9575,1.9505,1.947,1.9335,1.9825,2.0015,2.082
1.9925,1.9465,1.9575,1.9505,1.947,1.9335,1.9825,2.0015
2.0105,1.9925,1.9465,1.9575,1.9505,1.947,1.9335,1.9825
2.015,2.0105,1.9925,1.9465,1.9575,1.9505,1.947,1.9335
2.005,2.015,2.0105,1.9925,1.9465,1.9575,1.9505,1.947
2.151,2.005,2.015,2.0105,1.9925,1.9465,1.9575,1.9505
2.1785,2.151,2.005,2.015,2.0105,1.9925,1.9465,1.9575
2.188,2.1785,2.151,2.005,2.015,2.0105,1.9925,1.9465
2.285,2.188,2.1785,2.151,2.005,2.015,2.0105,1.9925
2.261,2.285,2.188,2.1785,2.151,2.005,2.015,2.0105
2.2925,2.261,2.285,2.188,2.1785,2.151,2.005,2.015
2.2965,2.2925,2.261,2.285,2.188,2.1785,2.151,2.005
2.294,2.2965,2.2925,2.261,2.285,2.188,2.1785,2.151
2.297,2.294,2.2965,2.2925,2.261,2.285,2.188,2.1785
2.316,2.297,2.294,2.2965,2.2925,2.261,2.285,2.188
2.3665,2.316,2.297,2.294,2.2965,2.2925,2.261,2.285
2.3095,2.3665,2.316,2.297,2.294,2.2965,2.2925,2.261
2.3645,2.3095,2.3665,2.316,2.297,2.294,2.2965,2.2925
2.326,2.3645,2.3095,2.3665,2.316,2.297,2.294,2.2965
2.364,2.326,2.3645,2.3095,2.3665,2.316,2.297,2.294
2.334,2.364,2.326,2.3645,2.3095,2.3665,2.316,2.297
2.311,2.334,2.364,2.326,2.3645,2.3095,2.3665,2.316
2.2595,2.311,2.334,2.364,2.326,2.3645,2.3095,2.3665
2.284,2.2595,2.311,2.334,2.364,2.326,2.3645,2.3095
2.2755,2.284,2.2595,2.311,2.334,2.364,2.326,2.3645
2.312,2.2755,2.284,2.2595,2.311,2.334,2.364,2.326
2.308,2.312,2.2755,2.284,2.2595,2.311,2.334,2.364
2.3945,2.308,2.312,2.2755,2.284,2.2595,2.311,2.334
2.379,2.3945,2.308,2.312,2.2755,2.284,2.2595,2.311
2.3735,2.379,2.3945,2.308,2.312,2.2755,2.284,2.2595
2.522,2.3735,2.379,2.3945,2.308,2.312,2.2755,2.284
2.4805,2.522,2.3735,2.379,2.3945,2.308,2.312,2.2755
2.5025,2.4805,2.522,2.3735,2.379,2.3945,2.308,2.312
2.428,2.5025,2.4805,2.522,2.3735,2.379,2.3945,2.308
2.493,2.428,2.5025,2.4805,2.522,2.3735,2.379,2.3945
2.4215,2.493,2.428,2.5025,2.4805,2.522,2.3735,2.379
2.456,2.4215,2.493,2.428,2.5025,2.4805,2.522,2.3735
2.5045,2.456,2.4215,2.493,2.428,2.5025,2.4805,2.522
2.6445,2.5045,2.456,2.4215,2.493,2.428,2.5025,2.4805
2.7075,2.6445,2.5045,2.456,2.4215,2.493,2.428,2.5025
2.7455,2.7075,2.6445,2.5045,2.456,2.4215,2.493,2.428
2.785,2.7455,2.7075,2.6445,2.5045,2.456,2.4215,2.493
2.893,2.785,2.7455,2.7075,2.6445,2.5045,2.456,2.4215
2.903,2.893,2.785,2.7455,2.7075,2.6445,2.5045,2.456
2.915,2.903,2.893,2.785,2.7455,2.7075,2.6445,2.5045
2.9955,2.915,2.903,2.893,2.785,2.7455,2.7075,2.6445
2.9275,2.9955,2.915,2.903,2.893,2.785,2.7455,2.7075
2.9955,2.9275,2.9955,2.915,2.903,2.893,2.785,2.7455
2.9845,2.9955,2.9275,2.9955,2.915,2.903,2.893,2.785
2.9795,2.9845,2.9955,2.9275,2.9955,2.915,2.903,2.893
2.9675,2.9795,2.9845,2.9955,2.9275,2.9955,2.915,2.903
2.7015,2.9675,2.9795,2.9845,2.9955,2.9275,2.9955,2.915
2.716,2.7015,2.9675,2.9795,2.9845,2.9955,2.9275,2.9955
2.7255,2.716,2.7015,2.9675,2.9795,2.9845,2.9955,2.9275
2.741,2.7255,2.716,2.7015,2.9675,2.9795,2.9845,2.9955
2.8365,2.741,2.7255,2.716,2.7015,2.9675,2.9795,2.9845
2.8345,2.8365,2.741,2.7255,2.716,2.7015,2.9675,2.9795
2.7915,2.8345,2.8365,2.741,2.7255,2.716,2.7015,2.9675
2.7215,2.7915,2.8345,2.8365,2.741,2.7255,2.716,2.7015
2.837,2.7215,2.7915,2.8345,2.8365,2.741,2.7255,2.716
2.843,2.837,2.7215,2.7915,2.8345,2.8365,2.741,2.7255
2.837,2.843,2.837,2.7215,2.7915,2.8345,2.8365,2.741
2.7495,2.837,2.843,2.837,2.7215,2.7915,2.8345,2.8365
2.7155,2.7495,2.837,2.843,2.837,2.7215,2.7915,2.8345
2.599,2.7155,2.7495,2.837,2.843,2.837,2.7215,2.7915
2.6115,2.599,2.7155,2.7495,2.837,2.843,2.837,2.7215
2.7065,2.6115,2.599,2.7155,2.7495,2.837,2.843,2.837
2.74,2.7065,2.6115,2.599,2.7155,2.7495,2.837,2.843
2.6225,2.74,2.7065,2.6115,2.599,2.7155,2.7495,2.837
2.518,2.6225,2.74,2.7065,2.6115,2.599,2.7155,2.7495
2.425,2.518,2.6225,2.74,2.7065,2.6115,2.599,2.7155
2.4765,2.425,2.518,2.6225,2.74,2.7065,2.6115,2.599
2.4425,2.4765,2.425,2.518,2.6225,2.74,2.7065,2.6115
2.429,2.4425,2.4765,2.425,2.518,2.6225,2.74,2.7065
2.5665,2.429,2.4425,2.4765,2.425,2.518,2.6225,2.74
2.6235,2.5665,2.429,2.4425,2.4765,2.425,2.518,2.6225
2.648,2.6235,2.5665,2.429,2.4425,2.4765,2.425,2.518
2.6985,2.648,2.6235,2.5665,2.429,2.4425,2.4765,2.425
2.7325,2.6985,2.648,2.6235,2.5665,2.429,2.4425,2.4765
2.6965,2.7325,2.6985,2.648,2.6235,2.5665,2.429,2.4425
2.5755,2.6965,2.7325,2.6985,2.648,2.6235,2.5665,2.429
2.59,2.5755,2.6965,2.7325,2.6985,2.648,2.6235,2.5665
2.578,2.59,2.5755,2.6965,2.7325,2.6985,2.648,2.6235
2.554,2.578,2.59,2.5755,2.6965,2.7325,2.6985,2.648
2.467,2.554,2.578,2.59,2.5755,2.6965,2.7325,2.6985
2.46,2.467,2.554,2.578,2.59,2.5755,2.6965,2.7325
2.54,2.46,2.467,2.554,2.578,2.59,2.5755,2.6965
2.5495,2.54,2.46,2.467,2.554,2.578,2.59,2.5755
2.5205,2.5495,2.54,2.46,2.467,2.554,2.578,2.59
2.475,2.5205,2.5495,2.54,2.46,2.467,2.554,2.578
2.379,2.475,2.5205,2.5495,2.54,2.46,2.467,2.554
2.4375,2.379,2.475,2.5205,2.5495,2.54,2.46,2.467
2.462,2.4375,2.379,2.475,2.5205,2.5495,2.54,2.46
2.4945,2.462,2.4375,2.379,2.475,2.5205,2.5495,2.54
2.624,2.4945,2.462,2.4375,2.379,2.475,2.5205,2.5495
2.666,2.624,2.4945,2.462,2.4375,2.379,2.475,2.5205
2.6735,2.666,2.624,2.4945,2.462,2.4375,2.379,2.475
2.6735,2.6735,2.666,2.624,2.4945,2.462,2.4375,2.379
2.6415,2.6735,2.6735,2.666,2.624,2.4945,2.462,2.4375
2.631,2.6415,2.6735,2.6735,2.666,2.624,2.4945,2.462
2.595,2.631,2.6415,2.6735,2.6735,2.666,2.624,2.4945
2.6635,2.595,2.631,2.6415,2.6735,2.6735,2.666,2.624
2.6515,2.6635,2.595,2.631,2.6415,2.6735,2.6735,2.666
2.595,2.6515,2.6635,2.595,2.631,2.6415,2.6735,2.6735
2.512,2.595,2.6515,2.6635,2.595,2.631,2.6415,2.6735
2.5795,2.512,2.595,2.6515,2.6635,2.595,2.631,2.6415
2.6475,2.5795,2.512,2.595,2.6515,2.6635,2.595,2.631
2.7455,2.6475,2.5795,2.512,2.595,2.6515,2.6635,2.595
2.79,2.7455,2.6475,2.5795,2.512,2.595,2.6515,2.6635
2.809,2.79,2.7455,2.6475,2.5795,2.512,2.595,2.6515
2.786,2.809,2.79,2.7455,2.6475,2.5795,2.512,2.595
2.8305,2.786,2.809,2.79,2.7455,2.6475,2.5795,2.512
2.81,2.8305,2.786,2.809,2.79,2.7455,2.6475,2.5795
2.859,2.81,2.8305,2.786,2.809,2.79,2.7455,2.6475
2.8555,2.859,2.81,2.8305,2.786,2.809,2.79,2.7455
2.8515,2.8555,2.859,2.81,2.8305,2.786,2.809,2.79
2.787,2.8515,2.8555,2.859,2.81,2.8305,2.786,2.809
2.598,2.787,2.8515,2.8555,2.859,2.81,2.8305,2.786
2.461,2.598,2.787,2.8515,2.8555,2.859,2.81,2.8305
2.52,2.461,2.598,2.787,2.8515,2.8555,2.859,2.81
2.4135,2.52,2.461,2.598,2.787,2.8515,2.8555,2.859
2.247,2.4135,2.52,2.461,2.598,2.787,2.8515,2.8555
2.2695,2.247,2.4135,2.52,2.461,2.598,2.787,2.8515
2.302,2.2695,2.247,2.4135,2.52,2.461,2.598,2.787
2.3175,2.302,2.2695,2.247,2.4135,2.52,2.461,2.598
2.293,2.3175,2.302,2.2695,2.247,2.4135,2.52,2.461
2.2795,2.293,2.3175,2.302,2.2695,2.247,2.4135,2.52
2.357,2.2795,2.293,2.3175,2.302,2.2695,2.247,2.4135
2.353,2.357,2.2795,2.293,2.3175,2.302,2.2695,2.247
2.319,2.353,2.357,2.2795,2.293,2.3175,2.302,2.2695
2.2765,2.319,2.353,2.357,2.2795,2.293,2.3175,2.302
2.2435,2.2765,2.319,2.353,2.357,2.2795,2.293,2.3175
2.2325,2.2435,2.2765,2.319,2.353,2.357,2.2795,2.293
2.2585,2.2325,2.2435,2.2765,2.319,2.353,2.357,2.2795
2.1985,2.2585,2.2325,2.2435,2.2765,2.319,2.353,2.357
2.116,2.1985,2.2585,2.2325,2.2435,2.2765,2.319,2.353
2.147,2.116,2.1985,2.2585,2.2325,2.2435,2.2765,2.319
2.1825,2.147,2.116,2.1985,2.2585,2.2325,2.2435,2.2765
2.1505,2.1825,2.147,2.116,2.1985,2.2585,2.2325,2.2435
2.1485,2.1505,2.1825,2.147,2.116,2.1985,2.2585,2.2325
2.1005,2.1485,2.1505,2.1825,2.147,2.116,2.1985,2.2585
2.1585,2.1005,2.1485,2.1505,2.1825,2.147,2.116,2.1985
2.2195,2.1585,2.1005,2.1485,2.1505,2.1825,2.147,2.116
2.2045,2.2195,2.1585,2.1005,2.1485,2.1505,2.1825,2.147
2.175,2.2045,2.2195,2.1585,2.1005,2.1485,2.1505,2.1825
2.1355,2.175,2.2045,2.2195,2.1585,2.1005,2.1485,2.1505
2.0775,2.1355,2.175,2.2045,2.2195,2.1585,2.1005,2.1485
2.064,2.0775,2.1355,2.175,2.2045,2.2195,2.1585,2.1005
2.122,2.064,2.0775,2.1355,2.175,2.2045,2.2195,2.1585
2.054,2.122,2.064,2.0775,2.1355,2.175,2.2045,2.2195
2.1065,2.054,2.122,2.064,2.0775,2.1355,2.175,2.2045
2.14,2.1065,2.054,2.122,2.064,2.0775,2.1355,2.175
2.1505,2.14,2.1065,2.054,2.122,2.064,2.0775,2.1355
2.14,2.1505,2.14,2.1065,2.054,2.122,2.064,2.0775
2.0425,2.14,2.1505,2.14,2.1065,2.054,2.122,2.064
2.0115,2.0425,2.14,2.1505,2.14,2.1065,2.054,2.122
1.9815,2.0115,2.0425,2.14,2.1505,2.14,2.1065,2.054
2.0995,1.9815,2.0115,2.0425,2.14,2.1505,2.14,2.1065
2.085,2.0995,1.9815,2.0115,2.0425,2.14,2.1505,2.14
2.138,2.085,2.0995,1.9815,2.0115,2.0425,2.14,2.1505
2.19,2.138,2.085,2.0995,1.9815,2.0115,2.0425,2.14
2.164,2.19,2.138,2.085,2.0995,1.9815,2.0115,2.0425
2.237,2.164,2.19,2.138,2.085,2.0995,1.9815,2.0115
2.3045,2.237,2.164,2.19,2.138,2.085,2.0995,1.9815
2.348,2.3045,2.237,2.164,2.19,2.138,2.085,2.0995
2.322,2.348,2.3045,2.237,2.164,2.19,2.138,2.085
2.2925,2.322,2.348,2.3045,2.237,2.164,2.19,2.138
2.405,2.2925,2.322,2.348,2.3045,2.237,2.164,2.19
2.398,2.405,2.2925,2.322,2.348,2.3045,2.237,2.164
2.329,2.398,2.405,2.2925,2.322,2.348,2.3045,2.237
2.3395,2.329,2.398,2.405,2.2925,2.322,2.348,2.3045
2.3495,2.3395,2.329,2.398,2.405,2.2925,2.322,2.348
2.275,2.3495,2.3395,2.329,2.398,2.405,2.2925,2.322
2.3555,2.275,2.3495,2.3395,2.329,2.398,2.405,2.2925
2.26,2.3555,2.275,2.3495,2.3395,2.329,2.398,2.405
2.286,2.26,2.3555,2.275,2.3495,2.3395,2.329,2.398
2.443,2.286,2.26,2.3555,2.275,2.3495,2.3395,2.329
2.3145,2.443,2.286,2.26,2.3555,2.275,2.3495,2.3395
2.3625,2.3145,2.443,2.286,2.26,2.3555,2.275,2.3495
2.4,2.3625,2.3145,2.443,2.286,2.26,2.3555,2.275
2.3485,2.4,2.3625,2.3145,2.443,2.286,2.26,2.3555
2.3095,2.3485,2.4,2.3625,2.3145,2.443,2.286,2.26
2.18,2.3095,2.3485,2.4,2.3625,2.3145,2.443,2.286
2.2205,2.18,2.3095,2.3485,2.4,2.3625,2.3145,2.443
2.1975,2.2205,2.18,2.3095,2.3485,2.4,2.3625,2.3145
2.213,2.1975,2.2205,2.18,2.3095,2.3485,2.4,2.3625
2.157,2.213,2.1975,2.2205,2.18,2.3095,2.3485,2.4
2.095,2.157,2.213,2.1975,2.2205,2.18,2.3095,2.3485
2.063,2.095,2.157,2.213,2.1975,2.2205,2.18,2.3095
2.135,2.063,2.095,2.157,2.213,2.1975,2.2205,2.18
2.151,2.135,2.063,2.095,2.157,2.213,2.1975,2.2205
2.1805,2.151,2.135,2.063,2.095,2.157,2.213,2.1975
2.1525,2.1805,2.151,2.135,2.063,2.095,2.157,2.213
2.104,2.1525,2.1805,2.151,2.135,2.063,2.095,2.157
2.0995,2.104,2.1525,2.1805,2.151,2.135,2.063,2.095
2.0845,2.0995,2.104,2.1525,2.1805,2.151,2.135,2.063
2.049,2.0845,2.0995,2.104,2.1525,2.1805,2.151,2.135
2.0585,2.049,2.0845,2.0995,2.104,2.1525,2.1805,2.151
2.0815,2.0585,2.049,2.0845,2.0995,2.104,2.1525,2.1805
2.181,2.0815,2.0585,2.049,2.0845,2.0995,2.104,2.1525
2.2345,2.181,2.0815,2.0585,2.049,2.0845,2.0995,2.104
2.381,2.2345,2.181,2.0815,2.0585,2.049,2.0845,2.0995
2.425,2.381,2.2345,2.181,2.0815,2.0585,2.049,2.0845
2.5115,2.425,2.381,2.2345,2.181,2.0815,2.0585,2.049
2.5175,2.5115,2.425,2.381,2.2345,2.181,2.0815,2.0585
2.47,2.5175,2.5115,2.425,2.381,2.2345,2.181,2.0815
2.5475,2.47,2.5175,2.5115,2.425,2.381,2.2345,2.181
2.588,2.5475,2.47,2.5175,2.5115,2.425,2.381,2.2345
2.597,2.588,2.5475,2.47,2.5175,2.5115,2.425,2.381
2.512,2.597,2.588,2.5475,2.47,2.5175,2.5115,2.425
2.497,2.512,2.597,2.588,2.5475,2.47,2.5175,2.5115
2.4625,2.497,2.512,2.597,2.588,2.5475,2.47,2.5175
2.5055,2.4625,2.497,2.512,2.597,2.588,2.5475,2.47
2.5285,2.5055,2.4625,2.497,2.512,2.597,2.588,2.5475
2.4885,2.5285,2.5055,2.4625,2.497,2.512,2.597,2.588
2.48,2.4885,2.5285,2.5055,2.4625,2.497,2.512,2.597
2.4885,2.48,2.4885,2.5285,2.5055,2.4625,2.497,2.512
2.45,2.4885,2.48,2.4885,2.5285,2.5055,2.4625,2.497
2.5405,2.45,2.4885,2.48,2.4885,2.5285,2.5055,2.4625
2.551,2.5405,2.45,2.4885,2.48,2.4885,2.5285,2.5055
2.59,2.551,2.5405,2.45,2.4885,2.48,2.4885,2.5285
2.6695,2.59,2.551,2.5405,2.45,2.4885,2.48,2.4885
2.6855,2.6695,2.59,2.551,2.5405,2.45,2.4885,2.48
2.72,2.6855,2.6695,2.59,2.551,2.5405,2.45,2.4885
2.628,2.72,2.6855,2.6695,2.59,2.551,2.5405,2.45
2.6295,2.628,2.72,2.6855,2.6695,2.59,2.551,2.5405
2.562,2.6295,2.628,2.72,2.6855,2.6695,2.59,2.551
2.55,2.562,2.6295,2.628,2.72,2.6855,2.6695,2.59
2.475,2.55,2.562,2.6295,2.628,2.72,2.6855,2.6695
2.416,2.475,2.55,2.562,2.6295,2.628,2.72,2.6855
2.4525,2.416,2.475,2.55,2.562,2.6295,2.628,2.72
2.48,2.4525,2.416,2.475,2.55,2.562,2.6295,2.628
2.475,2.48,2.4525,2.416,2.475,2.55,2.562,2.6295
2.4335,2.475,2.48,2.4525,2.416,2.475,2.55,2.562
2.355,2.4335,2.475,2.48,2.4525,2.416,2.475,2.55
2.301,2.355,2.4335,2.475,2.48,2.4525,2.416,2.475
2.3495,2.301,2.355,2.4335,2.475,2.48,2.4525,2.416
2.238,2.3495,2.301,2.355,2.4335,2.475,2.48,2.4525
2.291,2.238,2.3495,2.301,2.355,2.4335,2.475,2.48
1.999,2.291,2.238,2.3495,2.301,2.355,2.4335,2.475
1.939,1.999,2.291,2.238,2.3495,2.301,2.355,2.4335
1.9555,1.939,1.999,2.291,2.238,2.3495,2.301,2.355
1.8985,1.9555,1.939,1.999,2.291,2.238,2.3495,2.301
1.929,1.8985,1.9555,1.939,1.999,2.291,2.238,2.3495
1.946,1.929,1.8985,1.9555,1.939,1.999,2.291,2.238
1.915,1.946,1.929,1.8985,1.9555,1.939,1.999,2.291
1.8805,1.915,1.946,1.929,1.8985,1.9555,1.939,1.999
1.856,1.8805,1.915,1.946,1.929,1.8985,1.9555,1.939
1.7805,1.856,1.8805,1.915,1.946,1.929,1.8985,1.9555
1.7745,1.7805,1.856,1.8805,1.915,1.946,1.929,1.8985
1.766,1.7745,1.7805,1.856,1.8805,1.915,1.946,1.929
1.855,1.766,1.7745,1.7805,1.856,1.8805,1.915,1.946
1.828,1.855,1.766,1.7745,1.7805,1.856,1.8805,1.915
1.8145,1.828,1.855,1.766,1.7745,1.7805,1.856,1.8805
1.8065,1.8145,1.828,1.855,1.766,1.7745,1.7805,1.856
1.8975,1.8065,1.8145,1.828,1.855,1.766,1.7745,1.7805
1.9115,1.8975,1.8065,1.8145,1.828,1.855,1.766,1.7745
1.968,1.9115,1.8975,1.8065,1.8145,1.828,1.855,1.766
1.9315,1.968,1.9115,1.8975,1.8065,1.8145,1.828,1.855
1.9755,1.9315,1.968,1.9115,1.8975,1.8065,1.8145,1.828
1.9725,1.9755,1.9315,1.968,1.9115,1.8975,1.8065,1.8145
1.9525,1.9725,1.9755,1.9315,1.968,1.9115,1.8975,1.8065
2.015,1.9525,1.9725,1.9755,1.9315,1.968,1.9115,1.8975
2.0095,2.015,1.9525,1.9725,1.9755,1.9315,1.968,1.9115
1.995,2.0095,2.015,1.9525,1.9725,1.9755,1.9315,1.968
1.9155,1.995,2.0095,2.015,1.9525,1.9725,1.9755,1.9315
1.907,1.9155,1.995,2.0095,2.015,1.9525,1.9725,1.9755
1.912,1.907,1.9155,1.995,2.0095,2.015,1.9525,1.9725
1.959,1.912,1.907,1.9155,1.995,2.0095,2.015,1.9525
1.937,1.959,1.912,1.907,1.9155,1.995,2.0095,2.015
1.9255,1.937,1.959,1.912,1.907,1.9155,1.995,2.0095
1.9005,1.9255,1.937,1.959,1.912,1.907,1.9155,1.995
1.9035,1.9005,1.9255,1.937,1.959,1.912,1.907,1.9155
1.9285,1.9035,1.9005,1.9255,1.937,1.959,1.912,1.907
2.0005,1.9285,1.9035,1.9005,1.9255,1.937,1.959,1.912
2.1335,2.0005,1.9285,1.9035,1.9005,1.9255,1.937,1.959
2.1105,2.1335,2.0005,1.9285,1.9035,1.9005,1.9255,1.937
2.1285,2.1105,2.1335,2.0005,1.9285,1.9035,1.9005,1.9255
2.148,2.1285,2.1105,2.1335,2.0005,1.9285,1.9035,1.9005
2.1635,2.148,2.1285,2.1105,2.1335,2.0005,1.9285,1.9035
2.1645,2.1635,2.148,2.1285,2.1105,2.1335,2.0005,1.9285
2.069,2.1645,2.1635,2.148,2.1285,2.1105,2.1335,2.0005
2.0915,2.069,2.1645,2.1635,2.148,2.1285,2.1105,2.1335
2.047,2.0915,2.069,2.1645,2.1635,2.148,2.1285,2.1105
1.9965,2.047,2.0915,2.069,2.1645,2.1635,2.148,2.1285
1.9715,1.9965,2.047,2.0915,2.069,2.1645,2.1635,2.148
2.042,1.9715,1.9965,2.047,2.0915,2.069,2.1645,2.1635
2.043,2.042,1.9715,1.9965,2.047,2.0915,2.069,2.1645
2.0235,2.043,2.042,1.9715,1.9965,2.047,2.0915,2.069
2.0505,2.0235,2.043,2.042,1.9715,1.9965,2.047,2.0915
2.048,2.0505,2.0235,2.043,2.042,1.9715,1.9965,2.047
2.068,2.048,2.0505,2.0235,2.043,2.042,1.9715,1.9965
2.0575,2.068,2.048,2.0505,2.0235,2.043,2.042,1.9715
2.0,2.0575,2.068,2.048,2.0505,2.0235,2.043,2.042
2.0075,2.0,2.0575,2.068,2.048,2.0505,2.0235,2.043
2.011,2.0075,2.0,2.0575,2.068,2.048,2.0505,2.0235
1.999,2.011,2.0075,2.0,2.0575,2.068,2.048,2.0505
1.955,1.999,2.011,2.0075,2.0,2.0575,2.068,2.048
1.9275,1.955,1.999,2.011,2.0075,2.0,2.0575,2.068
1.9635,1.9275,1.955,1.999,2.011,2.0075,2.0,2.0575
1.9165,1.9635,1.9275,1.955,1.999,2.011,2.0075,2.0
1.9175,1.9165,1.9635,1.9275,1.955,1.999,2.011,2.0075
1.9735,1.9175,1.9165,1.9635,1.9275,1.955,1.999,2.011
1.73,1.9735,1.9175,1.9165,1.9635,1.9275,1.955,1.999
1.6985,1.73,1.9735,1.9175,1.9165,1.9635,1.9275,1.955
1.6915,1.6985,1.73,1.9735,1.9175,1.9165,1.9635,1.9275
1.7115,1.6915,1.6985,1.73,1.9735,1.9175,1.9165,1.9635
1.7225,1.7115,1.6915,1.6985,1.73,1.9735,1.9175,1.9165
1.7065,1.7225,1.7115,1.6915,1.6985,1.73,1.9735,1.9175
1.755,1.7065,1.7225,1.7115,1.6915,1.6985,1.73,1.9735
1.812,1.755,1.7065,1.7225,1.7115,1.6915,1.6985,1.73
1.796,1.812,1.755,1.7065,1.7225,1.7115,1.6915,1.6985
1.8455,1.796,1.812,1.755,1.7065,1.7225,1.7115,1.6915
1.828,1.8455,1.796,1.812,1.755,1.7065,1.7225,1.7115
1.866,1.828,1.8455,1.796,1.812,1.755,1.7065,1.7225
1.87,1.866,1.828,1.8455,1.796,1.812,1.755,1.7065
1.9045,1.87,1.866,1.828,1.8455,1.796,1.812,1.755
1.9415,1.9045,1.87,1.866,1.828,1.8455,1.796,1.812
2.023,1.9415,1.9045,1.87,1.866,1.828,1.8455,1.796
2.0445,2.023,1.9415,1.9045,1.87,1.866,1.828,1.8455
2.0035,2.0445,2.023,1.9415,1.9045,1.87,1.866,1.828
1.995,2.0035,2.0445,2.023,1.9415,1.9045,1.87,1.866
2.0185,1.995,2.0035,2.0445,2.023,1.9415,1.9045,1.87
1.9275,2.0185,1.995,2.0035,2.0445,2.023,1.9415,1.9045
1.9025,1.9275,2.0185,1.995,2.0035,2.0445,2.023,1.9415
1.9155,1.9025,1.9275,2.0185,1.995,2.0035,2.0445,2.023
1.9375,1.9155,1.9025,1.9275,2.0185,1.995,2.0035,2.0445
1.9545,1.9375,1.9155,1.9025,1.9275,2.0185,1.995,2.0035
1.947,1.9545,1.9375,1.9155,1.9025,1.9275,2.0185,1.995
1.984,1.947,1.9545,1.9375,1.9155,1.9025,1.9275,2.0185
1.999,1.984,1.947,1.9545,1.9375,1.9155,1.9025,1.9275
2.0085,1.999,1.984,1.947,1.9545,1.9375,1.9155,1.9025
2.0045,2.0085,1.999,1.984,1.947,1.9545,1.9375,1.9155
1.9745,2.0045,2.0085,1.999,1.984,1.947,1.9545,1.9375
1.91,1.9745,2.0045,2.0085,1.999,1.984,1.947,1.9545
1.936,1.91,1.9745,2.0045,2.0085,1.999,1.984,1.947
1.991,1.936,1.91,1.9745,2.0045,2.0085,1.999,1.984
1.9525,1.991,1.936,1.91,1.9745,2.0045,2.0085,1.999
1.9915,1.9525,1.991,1.936,1.91,1.9745,2.0045,2.0085
2.022,1.9915,1.9525,1.991,1.936,1.91,1.9745,2.0045
2.05,2.022,1.9915,1.9525,1.991,1.936,1.91,1.9745
2.0025,2.05,2.022,1.9915,1.9525,1.991,1.936,1.91
2.0005,2.0025,2.05,2.022,1.9915,1.9525,1.991,1.936
1.9475,2.0005,2.0025,2.05,2.022,1.9915,1.9525,1.991
1.9695,1.9475,2.0005,2.0025,2.05,2.022,1.9915,1.9525
1.976,1.9695,1.9475,2.0005,2.0025,2.05,2.022,1.9915
1.9465,1.976,1.9695,1.9475,2.0005,2.0025,2.05,2.022
2.1125,1.9465,1.976,1.9695,1.9475,2.0005,2.0025,2.05
2.2315,2.1125,1.9465,1.976,1.9695,1.9475,2.0005,2.0025
2.241,2.2315,2.1125,1.9465,1.976,1.9695,1.9475,2.0005
2.2485,2.241,2.2315,2.1125,1.9465,1.976,1.9695,1.9475
2.2145,2.2485,2.241,2.2315,2.1125,1.9465,1.976,1.9695
2.226,2.2145,2.2485,2.241,2.2315,2.1125,1.9465,1.976
2.107,2.226,2.2145,2.2485,2.241,2.2315,2.1125,1.9465
2.0885,2.107,2.226,2.2145,2.2485,2.241,2.2315,2.1125
2.0525,2.0885,2.107,2.226,2.2145,2.2485,2.241,2.2315
2.116,2.0525,2.0885,2.107,2.226,2.2145,2.2485,2.241
2.092,2.116,2.0525,2.0885,2.107,2.226,2.2145,2.2485
2.082,2.092,2.116,2.0525,2.0885,2.107,2.226,2.2145
2.115,2.082,2.092,2.116,2.0525,2.0885,2.107,2.226
2.13,2.115,2.082,2.092,2.116,2.0525,2.0885,2.107
2.2275,2.13,2.115,2.082,2.092,2.116,2.0525,2.0885
2.229,2.2275,2.13,2.115,2.082,2.092,2.116,2.0525
2.198,2.229,2.2275,2.13,2.115,2.082,2.092,2.116
2.118,2.198,2.229,2.2275,2.13,2.115,2.082,2.092
2.058,2.118,2.198,2.229,2.2275,2.13,2.115,2.082
2.019,2.058,2.118,2.198,2.229,2.2275,2.13,2.115
2.047,2.019,2.058,2.118,2.198,2.229,2.2275,2.13
2.067,2.047,2.019,2.058,2.118,2.198,2.229,2.2275
2.1155,2.067,2.047,2.019,2.058,2.118,2.198,2.229
2.111,2.1155,2.067,2.047,2.019,2.058,2.118,2.198
2.161,2.111,2.1155,2.067,2.047,2.019,2.058,2.118
2.124,2.161,2.111,2.1155,2.067,2.047,2.019,2.058
2.094,2.124,2.161,2.111,2.1155,2.067,2.047,2.019
1.7875,2.094,2.124,2.161,2.111,2.1155,2.067,2.047
1.786,1.7875,2.094,2.124,2.161,2.111,2.1155,2.067
1.7845,1.786,1.7875,2.094,2.124,2.161,2.111,2.1155
1.815,1.7845,1.786,1.7875,2.094,2.124,2.161,2.111
1.7945,1.815,1.7845,1.786,1.7875,2.094,2.124,2.161
1.789,1.7945,1.815,1.7845,1.786,1.7875,2.094,2.124
1.789,1.789,1.7945,1.815,1.7845,1.786,1.7875,2.094
1.8015,1.789,1.789,1.7945,1.815,1.7845,1.786,1.7875
1.807,1.8015,1.789,1.789,1.7945,1.815,1.7845,1.786
1.783,1.807,1.8015,1.789,1.789,1.7945,1.815,1.7845
1.7845,1.783,1.807,1.8015,1.789,1.789,1.7945,1.815
1.7655,1.7845,1.783,1.807,1.8015,1.789,1.789,1.7945
1.736,1.7655,1.7845,1.783,1.807,1.8015,1.789,1.789
1.707,1.736,1.7655,1.7845,1.783,1.807,1.8015,1.789
1.7345,1.707,1.736,1.7655,1.7845,1.783,1.807,1.8015
1.7495,1.7345,1.707,1.736,1.7655,1.7845,1.783,1.807
1.759,1.7495,1.7345,1.707,1.736,1.7655,1.7845,1.783
1.7695,1.759,1.7495,1.7345,1.707,1.736,1.7655,1.7845
1.775,1.7695,1.759,1.7495,1.7345,1.707,1.736,1.7655
1.7825,1.775,1.7695,1.759,1.7495,1.7345,1.707,1.736
1.7925,1.7825,1.775,1.7695,1.759,1.7495,1.7345,1.707
1.816,1.7925,1.7825,1.775,1.7695,1.759,1.7495,1.7345
1.7915,1.816,1.7925,1.7825,1.775,1.7695,1.759,1.7495
1.77,1.7915,1.816,1.7925,1.7825,1.775,1.7695,1.759
1.7455,1.77,1.7915,1.816,1.7925,1.7825,1.775,1.7695
1.7375,1.7455,1.77,1.7915,1.816,1.7925,1.7825,1.775
1.73,1.7375,1.7455,1.77,1.7915,1.816,1.7925,1.7825
1.709,1.73,1.7375,1.7455,1.77,1.7915,1.816,1.7925
1.6935,1.709,1.73,1.7375,1.7455,1.77,1.7915,1.816
1.6985,1.6935,1.709,1.73,1.7375,1.7455,1.77,1.7915
1.708,1.6985,1.6935,1.709,1.73,1.7375,1.7455,1.77
1.6835,1.708,1.6985,1.6935,1.709,1.73,1.7375,1.7455
1.6575,1.6835,1.708,1.6985,1.6935,1.709,1.73,1.7375
1.659,1.6575,1.6835,1.708,1.6985,1.6935,1.709,1.73
1.644,1.659,1.6575,1.6835,1.708,1.6985,1.6935,1.709
1.6695,1.644,1.659,1.6575,1.6835,1.708,1.6985,1.6935
1.6715,1.6695,1.644,1.659,1.6575,1.6835,1.708,1.6985
1.716,1.6715,1.6695,1.644,1.659,1.6575,1.6835,1.708
1.7135,1.716,1.6715,1.6695,1.644,1.659,1.6575,1.6835
1.7005,1.7135,1.716,1.6715,1.6695,1.644,1.659,1.6575
1.75,1.7005,1.7135,1.716,1.6715,1.6695,1.644,1.659
1.764,1.75,1.7005,1.7135,1.716,1.6715,1.6695,1.644
1.741,1.764,1.75,1.7005,1.7135,1.716,1.6715,1.6695
1.745,1.741,1.764,1.75,1.7005,1.7135,1.716,1.6715
1.73,1.745,1.741,1.764,1.75,1.7005,1.7135,1.716
1.73,1.73,1.745,1.741,1.764,1.75,1.7005,1.7135
1.7315,1.73,1.73,1.745,1.741,1.764,1.75,1.7005
1.715,1.7315,1.73,1.73,1.745,1.741,1.764,1.75
1.6985,1.715,1.7315,1.73,1.73,1.745,1.741,1.764
1.651,1.6985,1.715,1.7315,1.73,1.73,1.745,1.741
1.65,1.651,1.6985,1.715,1.7315,1.73,1.73,1.745
1.639,1.65,1.651,1.6985,1.715,1.7315,1.73,1.73
1.6625,1.639,1.65,1.651,1.6985,1.715,1.7315,1.73
1.6865,1.6625,1.639,1.65,1.651,1.6985,1.715,1.7315
1.652,1.6865,1.6625,1.639,1.65,1.651,1.6985,1.715
1.6765,1.652,1.6865,1.6625,1.639,1.65,1.651,1.6985
1.6355,1.6765,1.652,1.6865,1.6625,1.639,1.65,1.651
1.586,1.6355,1.6765,1.652,1.6865,1.6625,1.639,1.65
1.626,1.586,1.6355,1.6765,1.652,1.6865,1.6625,1.639
1.618,1.626,1.586,1.6355,1.6765,1.652,1.6865,1.6625
1.655,1.618,1.626,1.586,1.6355,1.6765,1.652,1.6865
1.6605,1.655,1.618,1.626,1.586,1.6355,1.6765,1.652
1.698,1.6605,1.655,1.618,1.626,1.586,1.6355,1.6765
1.698,1.698,1.6605,1.655,1.618,1.626,1.586,1.6355
1.726,1.698,1.698,1.6605,1.655,1.618,1.626,1.586
1.732,1.726,1.698,1.698,1.6605,1.655,1.618,1.626
1.7115,1.732,1.726,1.698,1.698,1.6605,1.655,1.618
1.691,1.7115,1.732,1.726,1.698,1.698,1.6605,1.655
1.6925,1.691,1.7115,1.732,1.726,1.698,1.698,1.6605
1.695,1.6925,1.691,1.7115,1.732,1.726,1.698,1.698
1.727,1.695,1.6925,1.691,1.7115,1.732,1.726,1.698
1.7365,1.727,1.695,1.6925,1.691,1.7115,1.732,1.726
1.7665,1.7365,1.727,1.695,1.6925,1.691,1.7115,1.732
1.7795,1.7665,1.7365,1.727,1.695,1.6925,1.691,1.7115
1.775,1.7795,1.7665,1.7365,1.727,1.695,1.6925,1.691
1.784,1.775,1.7795,1.7665,1.7365,1.727,1.695,1.6925
1.777,1.784,1.775,1.7795,1.7665,1.7365,1.727,1.695
1.7625,1.777,1.784,1.775,1.7795,1.7665,1.7365,1.727
1.7725,1.7625,1.777,1.784,1.775,1.7795,1.7665,1.7365
1.775,1.7725,1.7625,1.777,1.784,1.775,1.7795,1.7665
1.7755,1.775,1.7725,1.7625,1.777,1.784,1.775,1.7795
1.825,1.7755,1.775,1.7725,1.7625,1.777,1.784,1.775
1.8205,1.825,1.7755,1.775,1.7725,1.7625,1.777,1.784
1.7795,1.8205,1.825,1.7755,1.775,1.7725,1.7625,1.777
1.7885,1.7795,1.8205,1.825,1.7755,1.775,1.7725,1.7625
1.7675,1.7885,1.7795,1.8205,1.825,1.7755,1.775,1.7725
1.7415,1.7675,1.7885,1.7795,1.8205,1.825,1.7755,1.775
1.76,1.7415,1.7675,1.7885,1.7795,1.8205,1.825,1.7755
1.7475,1.76,1.7415,1.7675,1.7885,1.7795,1.8205,1.825
1.7435,1.7475,1.76,1.7415,1.7675,1.7885,1.7795,1.8205
1.752,1.7435,1.7475,1.76,1.7415,1.7675,1.7885,1.7795
1.762,1.752,1.7435,1.7475,1.76,1.7415,1.7675,1.7885
1.779,1.762,1.752,1.7435,1.7475,1.76,1.7415,1.7675
1.7655,1.779,1.762,1.752,1.7435,1.7475,1.76,1.7415
1.7845,1.7655,1.779,1.762,1.752,1.7435,1.7475,1.76
1.769,1.7845,1.7655,1.779,1.762,1.752,1.7435,1.7475
1.761,1.769,1.7845,1.7655,1.779,1.762,1.752,1.7435
1.7715,1.761,1.769,1.7845,1.7655,1.779,1.762,1.752
1.751,1.7715,1.761,1.769,1.7845,1.7655,1.779,1.762
1.725,1.751,1.7715,1.761,1.769,1.7845,1.7655,1.779
1.6855,1.725,1.751,1.7715,1.761,1.769,1.7845,1.7655
1.6675,1.6855,1.725,1.751,1.7715,1.761,1.769,1.7845
1.6545,1.6675,1.6855,1.725,1.751,1.7715,1.761,1.769
1.6455,1.6545,1.6675,1.6855,1.725,1.751,1.7715,1.761
1.704,1.6455,1.6545,1.6675,1.6855,1.725,1.751,1.7715
1.703,1.704,1.6455,1.6545,1.6675,1.6855,1.725,1.751
1.698,1.703,1.704,1.6455,1.6545,1.6675,1.6855,1.725
1.737,1.698,1.703,1.704,1.6455,1.6545,1.6675,1.6855
1.7795,1.737,1.698,1.703,1.704,1.6455,1.6545,1.6675
1.8155,1.7795,1.737,1.698,1.703,1.704,1.6455,1.6545
1.8255,1.8155,1.7795,1.737,1.698,1.703,1.704,1.6455
1.8595,1.8255,1.8155,1.7795,1.737,1.698,1.703,1.704
1.8575,1.8595,1.8255,1.8155,1.7795,1.737,1.698,1.703
1.8595,1.8575,1.8595,1.8255,1.8155,1.7795,1.737,1.698
1.9085,1.8595,1.8575,1.8595,1.8255,1.8155,1.7795,1.737
1.9085,1.9085,1.8595,1.8575,1.8595,1.8255,1.8155,1.7795
1.8975,1.9085,1.9085,1.8595,1.8575,1.8595,1.8255,1.8155
1.8975,1.8975,1.9085,1.9085,1.8595,1.8575,1.8595,1.8255
1.8975,1.8975,1.8975,1.9085,1.9085,1.8595,1.8575,1.8595
1.887,1.8975,1.8975,1.8975,1.9085,1.9085,1.8595,1.8575
2.1825,1.887,1.8975,1.8975,1.8975,1.9085,1.9085,1.8595
2.284,2.1825,1.887,1.8975,1.8975,1.8975,1.9085,1.9085
2.2575,2.284,2.1825,1.887,1.8975,1.8975,1.8975,1.9085
2.2465,2.2575,2.284,2.1825,1.887,1.8975,1.8975,1.8975
2.3255,2.2465,2.2575,2.284,2.1825,1.887,1.8975,1.8975
2.3055,2.3255,2.2465,2.2575,2.284,2.1825,1.887,1.8975
2.273,2.3055,2.3255,2.2465,2.2575,2.284,2.1825,1.887
2.2635,2.273,2.3055,2.3255,2.2465,2.2575,2.284,2.1825
2.283,2.2635,2.273,2.3055,2.3255,2.2465,2.2575,2.284
2.2965,2.283,2.2635,2.273,2.3055,2.3255,2.2465,2.2575
2.238,2.2965,2.283,2.2635,2.273,2.3055,2.3255,2.2465
2.2605,2.238,2.2965,2.283,2.2635,2.273,2.3055,2.3255
2.21,2.2605,2.238,2.2965,2.283,2.2635,2.273,2.3055
2.252,2.21,2.2605,2.238,2.2965,2.283,2.2635,2.273
2.2135,2.252,2.21,2.2605,2.238,2.2965,2.283,2.2635
2.206,2.2135,2.252,2.21,2.2605,2.238,2.2965,2.283
2.1865,2.206,2.2135,2.252,2.21,2.2605,2.238,2.2965
2.186,2.1865,2.206,2.2135,2.252,2.21,2.2605,2.238
2.1885,2.186,2.1865,2.206,2.2135,2.252,2.21,2.2605
2.171,2.1885,2.186,2.1865,2.206,2.2135,2.252,2.21
2.1185,2.171,2.1885,2.186,2.1865,2.206,2.2135,2.252
2.1155,2.1185,2.171,2.1885,2.186,2.1865,2.206,2.2135
2.1185,2.1155,2.1185,2.171,2.1885,2.186,2.1865,2.206
2.1395,2.1185,2.1155,2.1185,2.171,2.1885,2.186,2.1865
2.1245,2.1395,2.1185,2.1155,2.1185,2.171,2.1885,2.186
2.135,2.1245,2.1395,2.1185,2.1155,2.1185,2.171,2.1885
2.092,2.135,2.1245,2.1395,2.1185,2.1155,2.1185,2.171
2.0755,2.092,2.135,2.1245,2.1395,2.1185,2.1155,2.1185
2.181,2.0755,2.092,2.135,2.1245,2.1395,2.1185,2.1155
2.1865,2.181,2.0755,2.092,2.135,2.1245,2.1395,2.1185
2.148,2.1865,2.181,2.0755,2.092,2.135,2.1245,2.1395
2.1475,2.148,2.1865,2.181,2.0755,2.092,2.135,2.1245
2.225,2.1475,2.148,2.1865,2.181,2.0755,2.092,2.135
2.1965,2.225,2.1475,2.148,2.1865,2.181,2.0755,2.092
2.155,2.1965,2.225,2.1475,2.148,2.1865,2.181,2.0755
2.1355,2.155,2.1965,2.225,2.1475,2.148,2.1865,2.181
2.14,2.1355,2.155,2.1965,2.225,2.1475,2.148,2.1865
2.1375,2.14,2.1355,2.155,2.1965,2.225,2.1475,2.148
2.0935,2.1375,2.14,2.1355,2.155,2.1965,2.225,2.1475
2.0625,2.0935,2.1375,2.14,2.1355,2.155,2.1965,2.225
2.104,2.0625,2.0935,2.1375,2.14,2.1355,2.155,2.1965
2.1095,2.104,2.0625,2.0935,2.1375,2.14,2.1355,2.155
2.167,2.1095,2.104,2.0625,2.0935,2.1375,2.14,2.1355
2.158,2.167,2.1095,2.104,2.0625,2.0935,2.1375,2.14
2.1685,2.158,2.167,2.1095,2.104,2.0625,2.0935,2.1375
2.2395,2.1685,2.158,2.167,2.1095,2.104,2.0625,2.0935
2.265,2.2395,2.1685,2.158,2.167,2.1095,2.104,2.0625
2.3005,2.265,2.2395,2.1685,2.158,2.167,2.1095,2.104
2.2465,2.3005,2.265,2.2395,2.1685,2.158,2.167,2.1095
2.2245,2.2465,2.3005,2.265,2.2395,2.1685,2.158,2.167
2.2005,2.2245,2.2465,2.3005,2.265,2.2395,2.1685,2.158
2.186,2.2005,2.2245,2.2465,2.3005,2.265,2.2395,2.1685
2.188,2.186,2.2005,2.2245,2.2465,2.3005,2.265,2.2395
2.17,2.188,2.186,2.2005,2.2245,2.2465,2.3005,2.265
2.1275,2.17,2.188,2.186,2.2005,2.2245,2.2465,2.3005
2.131,2.1275,2.17,2.188,2.186,2.2005,2.2245,2.2465
2.1895,2.131,2.1275,2.17,2.188,2.186,2.2005,2.2245
2.251,2.1895,2.131,2.1275,2.17,2.188,2.186,2.2005
2.2325,2.251,2.1895,2.131,2.1275,2.17,2.188,2.186
2.293,2.2325,2.251,2.1895,2.131,2.1275,2.17,2.188
2.2505,2.293,2.2325,2.251,2.1895,2.131,2.1275,2.17
2.2975,2.2505,2.293,2.2325,2.251,2.1895,2.131,2.1275
2.3465,2.2975,2.2505,2.293,2.2325,2.251,2.1895,2.131
2.3085,2.3465,2.2975,2.2505,2.293,2.2325,2.251,2.1895
1.9875,2.3085,2.3465,2.2975,2.2505,2.293,2.2325,2.251
1.953,1.9875,2.3085,2.3465,2.2975,2.2505,2.293,2.2325
1.9475,1.953,1.9875,2.3085,2.3465,2.2975,2.2505,2.293
1.993,1.9475,1.953,1.9875,2.3085,2.3465,2.2975,2.2505
2.0185,1.993,1.9475,1.953,1.9875,2.3085,2.3465,2.2975
2.0375,2.0185,1.993,1.9475,1.953,1.9875,2.3085,2.3465
2.078,2.0375,2.0185,1.993,1.9475,1.953,1.9875,2.3085
2.0545,2.078,2.0375,2.0185,1.993,1.9475,1.953,1.9875
2.0695,2.0545,2.078,2.0375,2.0185,1.993,1.9475,1.953
2.0975,2.0695,2.0545,2.078,2.0375,2.0185,1.993,1.9475
2.07,2.0975,2.0695,2.0545,2.078,2.0375,2.0185,1.993
2.109,2.07,2.0975,2.0695,2.0545,2.078,2.0375,2.0185
2.134,2.109,2.07,2.0975,2.0695,2.0545,2.078,2.0375
2.1265,2.134,2.109,2.07,2.0975,2.0695,2.0545,2.078
2.2225,2.1265,2.134,2.109,2.07,2.0975,2.0695,2.0545
2.265,2.2225,2.1265,2.134,2.109,2.07,2.0975,2.0695
2.337,2.265,2.2225,2.1265,2.134,2.109,2.07,2.0975
2.399,2.337,2.265,2.2225,2.1265,2.134,2.109,2.07
2.3995,2.399,2.337,2.265,2.2225,2.1265,2.134,2.109
2.4425,2.3995,2.399,2.337,2.265,2.2225,2.1265,2.134
2.412,2.4425,2.3995,2.399,2.337,2.265,2.2225,2.1265
2.403,2.412,2.4425,2.3995,2.399,2.337,2.265,2.2225
2.4175,2.403,2.412,2.4425,2.3995,2.399,2.337,2.265
2.4275,2.4175,2.403,2.412,2.4425,2.3995,2.399,2.337
2.423,2.4275,2.4175,2.403,2.412,2.4425,2.3995,2.399
2.45,2.423,2.4275,2.4175,2.403,2.412,2.4425,2.3995
2.453,2.45,2.423,2.4275,2.4175,2.403,2.412,2.4425
2.4415,2.453,2.45,2.423,2.4275,2.4175,2.403,2.412
2.463,2.4415,2.453,2.45,2.423,2.4275,2.4175,2.403
2.4415,2.463,2.4415,2.453,2.45,2.423,2.4275,2.4175
2.4175,2.4415,2.463,2.4415,2.453,2.45,2.423,2.4275
2.437,2.4175,2.4415,2.463,2.4415,2.453,2.45,2.423
2.4535,2.437,2.4175,2.4415,2.463,2.4415,2.453,2.45
2.475,2.4535,2.437,2.4175,2.4415,2.463,2.4415,2.453
2.4705,2.475,2.4535,2.437,2.4175,2.4415,2.463,2.4415
2.474,2.4705,2.475,2.4535,2.437,2.4175,2.4415,2.463
2.4605,2.474,2.4705,2.475,2.4535,2.437,2.4175,2.4415
2.4185,2.4605,2.474,2.4705,2.475,2.4535,2.437,2.4175
2.407,2.4185,2.4605,2.474,2.4705,2.475,2.4535,2.437
2.4485,2.407,2.4185,2.4605,2.474,2.4705,2.475,2.4535
2.461,2.4485,2.407,2.4185,2.4605,2.474,2.4705,2.475
2.461,2.461,2.4485,2.407,2.4185,2.4605,2.474,2.4705
2.428,2.461,2.461,2.4485,2.407,2.4185,2.4605,2.474
2.403,2.428,2.461,2.461,2.4485,2.407,2.4185,2.4605
2.3995,2.403,2.428,2.461,2.461,2.4485,2.407,2.4185
2.3575,2.3995,2.403,2.428,2.461,2.461,2.4485,2.407
2.379,2.3575,2.3995,2.403,2.428,2.461,2.461,2.4485
2.3625,2.379,2.3575,2.3995,2.403,2.428,2.461,2.461
2.3825,2.3625,2.379,2.3575,2.3995,2.403,2.428,2.461
2.3935,2.3825,2.3625,2.379,2.3575,2.3995,2.403,2.428
2.354,2.3935,2.3825,2.3625,2.379,2.3575,2.3995,2.403
2.2825,2.354,2.3935,2.3825,2.3625,2.379,2.3575,2.3995
2.2465,2.2825,2.354,2.3935,2.3825,2.3625,2.379,2.3575
2.218,2.2465,2.2825,2.354,2.3935,2.3825,2.3625,2.379
2.22,2.218,2.2465,2.2825,2.354,2.3935,2.3825,2.3625
2.2,2.22,2.218,2.2465,2.2825,2.354,2.3935,2.3825
2.216,2.2,2.22,2.218,2.2465,2.2825,2.354,2.3935
2.2225,2.216,2.2,2.22,2.218,2.2465,2.2825,2.354
2.196,2.2225,2.216,2.2,2.22,2.218,2.2465,2.2825
2.1865,2.196,2.2225,2.216,2.2,2.22,2.218,2.2465
2.201,2.1865,2.196,2.2225,2.216,2.2,2.22,2.218
2.18,2.201,2.1865,2.196,2.2225,2.216,2.2,2.22
2.234,2.18,2.201,2.1865,2.196,2.2225,2.216,2.2
2.261,2.234,2.18,2.201,2.1865,2.196,2.2225,2.216
2.248,2.261,2.234,2.18,2.201,2.1865,2.196,2.2225
2.241,2.248,2.261,2.234,2.18,2.201,2.1865,2.196
2.199,2.241,2.248,2.261,2.234,2.18,2.201,2.1865
2.137,2.199,2.241,2.248,2.261,2.234,2.18,2.201
1.9165,2.137,2.199,2.241,2.248,2.261,2.234,2.18
1.8975,1.9165,2.137,2.199,2.241,2.248,2.261,2.234
1.876,1.8975,1.9165,2.137,2.199,2.241,2.248,2.261
1.9085,1.876,1.8975,1.9165,2.137,2.199,2.241,2.248
1.8995,1.9085,1.876,1.8975,1.9165,2.137,2.199,2.241
1.926,1.8995,1.9085,1.876,1.8975,1.9165,2.137,2.199
1.893,1.926,1.8995,1.9085,1.876,1.8975,1.9165,2.137
1.9125,1.893,1.926,1.8995,1.9085,1.876,1.8975,1.9165
1.963,1.9125,1.893,1.926,1.8995,1.9085,1.876,1.8975
1.9575,1.963,1.9125,1.893,1.926,1.8995,1.9085,1.876
1.9595,1.9575,1.963,1.9125,1.893,1.926,1.8995,1.9085
1.9145,1.9595,1.9575,1.963,1.9125,1.893,1.926,1.8995
1.936,1.9145,1.9595,1.9575,1.963,1.9125,1.893,1.926
1.895,1.936,1.9145,1.9595,1.9575,1.963,1.9125,1.893
1.9175,1.895,1.936,1.9145,1.9595,1.9575,1.963,1.9125
1.9005,1.9175,1.895,1.936,1.9145,1.9595,1.9575,1.963
1.872,1.9005,1.9175,1.895,1.936,1.9145,1.9595,1.9575
1.856,1.872,1.9005,1.9175,1.895,1.936,1.9145,1.9595
1.844,1.856,1.872,1.9005,1.9175,1.895,1.936,1.9145
1.8605,1.844,1.856,1.872,1.9005,1.9175,1.895,1.936
1.843,1.8605,1.844,1.856,1.872,1.9005,1.9175,1.895
1.8465,1.843,1.8605,1.844,1.856,1.872,1.9005,1.9175
1.8405,1.8465,1.843,1.8605,1.844,1.856,1.872,1.9005
1.806,1.8405,1.8465,1.843,1.8605,1.844,1.856,1.872
1.811,1.806,1.8405,1.8465,1.843,1.8605,1.844,1.856
1.8095,1.811,1.806,1.8405,1.8465,1.843,1.8605,1.844
1.8455,1.8095,1.811,1.806,1.8405,1.8465,1.843,1.8605
1.8445,1.8455,1.8095,1.811,1.806,1.8405,1.8465,1.843
1.8385,1.8445,1.8455,1.8095,1.811,1.806,1.8405,1.8465
1.7995,1.8385,1.8445,1.8455,1.8095,1.811,1.806,1.8405
1.8115,1.7995,1.8385,1.8445,1.8455,1.8095,1.811,1.806
1.796,1.8115,1.7995,1.8385,1.8445,1.8455,1.8095,1.811
1.8,1.796,1.8115,1.7995,1.8385,1.8445,1.8455,1.8095
1.784,1.8,1.796,1.8115,1.7995,1.8385,1.8445,1.8455
1.7735,1.784,1.8,1.796,1.8115,1.7995,1.8385,1.8445
1.7625,1.7735,1.784,1.8,1.796,1.8115,1.7995,1.8385
1.7845,1.7625,1.7735,1.784,1.8,1.796,1.8115,1.7995
1.816,1.7845,1.7625,1.7735,1.784,1.8,1.796,1.8115
1.8335,1.816,1.7845,1.7625,1.7735,1.784,1.8,1.796
1.8265,1.8335,1.816,1.7845,1.7625,1.7735,1.784,1.8
1.807,1.8265,1.8335,1.816,1.7845,1.7625,1.7735,1.784
1.8385,1.807,1.8265,1.8335,1.816,1.7845,1.7625,1.7735
1.867,1.8385,1.807,1.8265,1.8335,1.816,1.7845,1.7625
1.9255,1.867,1.8385,1.807,1.8265,1.8335,1.816,1.7845
1.8545,1.9255,1.867,1.8385,1.807,1.8265,1.8335,1.816
1.8305,1.8545,1.9255,1.867,1.8385,1.807,1.8265,1.8335
1.803,1.8305,1.8545,1.9255,1.867,1.8385,1.807,1.8265
1.8065,1.803,1.8305,1.8545,1.9255,1.867,1.8385,1.807
1.831,1.8065,1.803,1.8305,1.8545,1.9255,1.867,1.8385
1.7635,1.831,1.8065,1.803,1.8305,1.8545,1.9255,1.867
1.814,1.7635,1.831,1.8065,1.803,1.8305,1.8545,1.9255
1.8445,1.814,1.7635,1.831,1.8065,1.803,1.8305,1.8545
1.817,1.8445,1.814,1.7635,1.831,1.8065,1.803,1.8305
1.8015,1.817,1.8445,1.814,1.7635,1.831,1.8065,1.803
1.7895,1.8015,1.817,1.8445,1.814,1.7635,1.831,1.8065
1.7775,1.7895,1.8015,1.817,1.8445,1.814,1.7635,1.831
1.7895,1.7775,1.7895,1.8015,1.817,1.8445,1.814,1.7635
1.787,1.7895,1.7775,1.7895,1.8015,1.817,1.8445,1.814
1.7605,1.787,1.7895,1.7775,1.7895,1.8015,1.817,1.8445
1.7295,1.7605,1.787,1.7895,1.7775,1.7895,1.8015,1.817
1.719,1.7295,1.7605,1.787,1.7895,1.7775,1.7895,1.8015
1.698,1.719,1.7295,1.7605,1.787,1.7895,1.7775,1.7895
1.7235,1.698,1.719,1.7295,1.7605,1.787,1.7895,1.7775
1.752,1.7235,1.698,1.719,1.7295,1.7605,1.787,1.7895
1.7345,1.752,1.7235,1.698,1.719,1.7295,1.7605,1.787
1.742,1.7345,1.752,1.7235,1.698,1.719,1.7295,1.7605
1.708,1.742,1.7345,1.752,1.7235,1.698,1.719,1.7295
1.6765,1.708,1.742,1.7345,1.752,1.7235,1.698,1.719
1.6365,1.6765,1.708,1.742,1.7345,1.752,1.7235,1.698
1.639,1.6365,1.6765,1.708,1.742,1.7345,1.752,1.7235
1.638,1.639,1.6365,1.6765,1.708,1.742,1.7345,1.752
1.5805,1.638,1.639,1.6365,1.6765,1.708,1.742,1.7345
1.6305,1.5805,1.638,1.639,1.6365,1.6765,1.708,1.742
1.697,1.6305,1.5805,1.638,1.639,1.6365,1.6765,1.708
1.7415,1.697,1.6305,1.5805,1.638,1.639,1.6365,1.6765
1.688,1.7415,1.697,1.6305,1.5805,1.638,1.639,1.6365
1.7595,1.688,1.7415,1.697,1.6305,1.5805,1.638,1.639
1.7815,1.7595,1.688,1.7415,1.697,1.6305,1.5805,1.638
1.8035,1.7815,1.7595,1.688,1.7415,1.697,1.6305,1.5805
1.732,1.8035,1.7815,1.7595,1.688,1.7415,1.697,1.6305
1.7305,1.732,1.8035,1.7815,1.7595,1.688,1.7415,1.697
1.7535,1.7305,1.732,1.8035,1.7815,1.7595,1.688,1.7415
1.738,1.7535,1.7305,1.732,1.8035,1.7815,1.7595,1.688
1.6745,1.738,1.7535,1.7305,1.732,1.8035,1.7815,1.7595
1.6705,1.6745,1.738,1.7535,1.7305,1.732,1.8035,1.7815
1.6885,1.6705,1.6745,1.738,1.7535,1.7305,1.732,1.8035
1.6775,1.6885,1.6705,1.6745,1.738,1.7535,1.7305,1.732
1.689,1.6775,1.6885,1.6705,1.6745,1.738,1.7535,1.7305
1.68,1.689,1.6775,1.6885,1.6705,1.6745,1.738,1.7535
1.6735,1.68,1.689,1.6775,1.6885,1.6705,1.6745,1.738
1.684,1.6735,1.68,1.689,1.6775,1.6885,1.6705,1.6745
1.748,1.684,1.6735,1.68,1.689,1.6775,1.6885,1.6705
1.7545,1.748,1.684,1.6735,1.68,1.689,1.6775,1.6885
1.7535,1.7545,1.748,1.684,1.6735,1.68,1.689,1.6775
1.774,1.7535,1.7545,1.748,1.684,1.6735,1.68,1.689
1.8325,1.774,1.7535,1.7545,1.748,1.684,1.6735,1.68
1.8185,1.8325,1.774,1.7535,1.7545,1.748,1.684,1.6735
1.8275,1.8185,1.8325,1.774,1.7535,1.7545,1.748,1.684
1.8385,1.8275,1.8185,1.8325,1.774,1.7535,1.7545,1.748
1.824,1.8385,1.8275,1.8185,1.8325,1.774,1.7535,1.7545
1.835,1.824,1.8385,1.8275,1.8185,1.8325,1.774,1.7535
1.926,1.835,1.824,1.8385,1.8275,1.8185,1.8325,1.774
1.934,1.926,1.835,1.824,1.8385,1.8275,1.8185,1.8325
1.9305,1.934,1.926,1.835,1.824,1.8385,1.8275,1.8185
1.8555,1.9305,1.934,1.926,1.835,1.824,1.8385,1.8275
1.84,1.8555,1.9305,1.934,1.926,1.835,1.824,1.8385
1.8055,1.84,1.8555,1.9305,1.934,1.926,1.835,1.824
1.7895,1.8055,1.84,1.8555,1.9305,1.934,1.926,1.835
1.783,1.7895,1.8055,1.84,1.8555,1.9305,1.934,1.926
1.7315,1.783,1.7895,1.8055,1.84,1.8555,1.9305,1.934
1.6865,1.7315,1.783,1.7895,1.8055,1.84,1.8555,1.9305
1.646,1.6865,1.7315,1.783,1.7895,1.8055,1.84,1.8555
1.6835,1.646,1.6865,1.7315,1.783,1.7895,1.8055,1.84
1.6745,1.6835,1.646,1.6865,1.7315,1.783,1.7895,1.8055
1.724,1.6745,1.6835,1.646,1.6865,1.7315,1.783,1.7895
1.709,1.724,1.6745,1.6835,1.646,1.6865,1.7315,1.783
1.6595,1.709,1.724,1.6745,1.6835,1.646,1.6865,1.7315
1.7155,1.6595,1.709,1.724,1.6745,1.6835,1.646,1.6865
1.6795,1.7155,1.6595,1.709,1.724,1.6745,1.6835,1.646
1.313,1.6795,1.7155,1.6595,1.709,1.724,1.6745,1.6835
1.328,1.313,1.6795,1.7155,1.6595,1.709,1.724,1.6745
1.3585,1.328,1.313,1.6795,1.7155,1.6595,1.709,1.724
1.3445,1.3585,1.328,1.313,1.6795,1.7155,1.6595,1.709
1.316,1.3445,1.3585,1.328,1.313,1.6795,1.7155,1.6595
1.3045,1.316,1.3445,1.3585,1.328,1.313,1.6795,1.7155
1.3345,1.3045,1.316,1.3445,1.3585,1.328,1.313,1.6795
1.3645,1.3345,1.3045,1.316,1.3445,1.3585,1.328,1.313
1.339,1.3645,1.3345,1.3045,1.316,1.3445,1.3585,1.328
1.318,1.339,1.3645,1.3345,1.3045,1.316,1.3445,1.3585
1.3105,1.318,1.339,1.3645,1.3345,1.3045,1.316,1.3445
1.3245,1.3105,1.318,1.339,1.3645,1.3345,1.3045,1.316
1.3035,1.3245,1.3105,1.318,1.339,1.3645,1.3345,1.3045
1.3265,1.3035,1.3245,1.3105,1.318,1.339,1.3645,1.3345
1.3885,1.3265,1.3035,1.3245,1.3105,1.318,1.339,1.3645
1.3975,1.3885,1.3265,1.3035,1.3245,1.3105,1.318,1.339
1.4545,1.3975,1.3885,1.3265,1.3035,1.3245,1.3105,1.318
1.456,1.4545,1.3975,1.3885,1.3265,1.3035,1.3245,1.3105
1.4065,1.456,1.4545,1.3975,1.3885,1.3265,1.3035,1.3245
1.4185,1.4065,1.456,1.4545,1.3975,1.3885,1.3265,1.3035
1.407,1.4185,1.4065,1.456,1.4545,1.3975,1.3885,1.3265
1.3985,1.407,1.4185,1.4065,1.456,1.4545,1.3975,1.3885
1.4015,1.3985,1.407,1.4185,1.4065,1.456,1.4545,1.3975
1.4455,1.4015,1.3985,1.407,1.4185,1.4065,1.456,1.4545
1.476,1.4455,1.4015,1.3985,1.407,1.4185,1.4065,1.456
1.5335,1.476,1.4455,1.4015,1.3985,1.407,1.4185,1.4065
1.5415,1.5335,1.476,1.4455,1.4015,1.3985,1.407,1.4185
1.588,1.5415,1.5335,1.476,1.4455,1.4015,1.3985,1.407
1.6115,1.588,1.5415,1.5335,1.476,1.4455,1.4015,1.3985
1.54,1.6115,1.588,1.5415,1.5335,1.476,1.4455,1.4015
1.4865,1.54,1.6115,1.588,1.5415,1.5335,1.476,1.4455
1.5255,1.4865,1.54,1.6115,1.588,1.5415,1.5335,1.476
1.5395,1.5255,1.4865,1.54,1.6115,1.588,1.5415,1.5335
1.586,1.5395,1.5255,1.4865,1.54,1.6115,1.588,1.5415
1.5835,1.586,1.5395,1.5255,1.4865,1.54,1.6115,1.588
1.5825,1.5835,1.586,1.5395,1.5255,1.4865,1.54,1.6115
1.626,1.5825,1.5835,1.586,1.5395,1.5255,1.4865,1.54
1.604,1.626,1.5825,1.5835,1.586,1.5395,1.5255,1.4865
1.579,1.604,1.626,1.5825,1.5835,1.586,1.5395,1.5255
1.606,1.579,1.604,1.626,1.5825,1.5835,1.586,1.5395
1.511,1.606,1.579,1.604,1.626,1.5825,1.5835,1.586
1.542,1.511,1.606,1.579,1.604,1.626,1.5825,1.5835
1.5895,1.542,1.511,1.606,1.579,1.604,1.626,1.5825
1.625,1.5895,1.542,1.511,1.606,1.579,1.604,1.626
1.6165,1.625,1.5895,1.542,1.511,1.606,1.579,1.604
1.592,1.6165,1.625,1.5895,1.542,1.511,1.606,1.579
1.606,1.592,1.6165,1.625,1.5895,1.542,1.511,1.606
1.5435,1.606,1.592,1.6165,1.625,1.5895,1.542,1.511
1.585,1.5435,1.606,1.592,1.6165,1.625,1.5895,1.542
1.638,1.585,1.5435,1.606,1.592,1.6165,1.625,1.5895
1.666,1.638,1.585,1.5435,1.606,1.592,1.6165,1.625
1.6295,1.666,1.638,1.585,1.5435,1.606,1.592,1.6165
1.669,1.6295,1.666,1.638,1.585,1.5435,1.606,1.592
1.631,1.669,1.6295,1.666,1.638,1.585,1.5435,1.606
1.6455,1.631,1.669,1.6295,1.666,1.638,1.585,1.5435
1.6775,1.6455,1.631,1.669,1.6295,1.666,1.638,1.585
1.666,1.6775,1.6455,1.631,1.669,1.6295,1.666,1.638
1.63,1.666,1.6775,1.6455,1.631,1.669,1.6295,1.666
1.6235,1.63,1.666,1.6775,1.6455,1.631,1.669,1.6295
1.6155,1.6235,1.63,1.666,1.6775,1.6455,1.631,1.669
1.627,1.6155,1.6235,1.63,1.666,1.6775,1.6455,1.631
1.6285,1.627,1.6155,1.6235,1.63,1.666,1.6775,1.6455
1.644,1.6285,1.627,1.6155,1.6235,1.63,1.666,1.6775
1.6815,1.644,1.6285,1.627,1.6155,1.6235,1.63,1.666
1.884,1.6815,1.644,1.6285,1.627,1.6155,1.6235,1.63
1.915,1.884,1.6815,1.644,1.6285,1.627,1.6155,1.6235
1.912,1.915,1.884,1.6815,1.644,1.6285,1.627,1.6155
1.9075,1.912,1.915,1.884,1.6815,1.644,1.6285,1.627
1.9045,1.9075,1.912,1.915,1.884,1.6815,1.644,1.6285
1.878,1.9045,1.9075,1.912,1.915,1.884,1.6815,1.644
1.8725,1.878,1.9045,1.9075,1.912,1.915,1.884,1.6815
1.873,1.8725,1.878,1.9045,1.9075,1.912,1.915,1.884
1.9105,1.873,1.8725,1.878,1.9045,1.9075,1.912,1.915
1.9385,1.9105,1.873,1.8725,1.878,1.9045,1.9075,1.912
1.9735,1.9385,1.9105,1.873,1.8725,1.878,1.9045,1.9075
1.942,1.9735,1.9385,1.9105,1.873,1.8725,1.878,1.9045
1.963,1.942,1.9735,1.9385,1.9105,1.873,1.8725,1.878
1.9995,1.963,1.942,1.9735,1.9385,1.9105,1.873,1.8725
2.0755,1.9995,1.963,1.942,1.9735,1.9385,1.9105,1.873
2.13,2.0755,1.9995,1.963,1.942,1.9735,1.9385,1.9105
2.142,2.13,2.0755,1.9995,1.963,1.942,1.9735,1.9385
2.1275,2.142,2.13,2.0755,1.9995,1.963,1.942,1.9735
2.122,2.1275,2.142,2.13,2.0755,1.9995,1.963,1.942
2.127,2.122,2.1275,2.142,2.13,2.0755,1.9995,1.963
2.148,2.127,2.122,2.1275,2.142,2.13,2.0755,1.9995
2.1205,2.148,2.127,2.122,2.1275,2.142,2.13,2.0755
2.0425,2.1205,2.148,2.127,2.122,2.1275,2.142,2.13
2.046,2.0425,2.1205,2.148,2.127,2.122,2.1275,2.142
2.0315,2.046,2.0425,2.1205,2.148,2.127,2.122,2.1275
2.017,2.0315,2.046,2.0425,2.1205,2.148,2.127,2.122
1.9705,2.017,2.0315,2.046,2.0425,2.1205,2.148,2.127
1.955,1.9705,2.017,2.0315,2.046,2.0425,2.1205,2.148
1.949,1.955,1.9705,2.017,2.0315,2.046,2.0425,2.1205
1.945,1.949,1.955,1.9705,2.017,2.0315,2.046,2.0425
1.906,1.945,1.949,1.955,1.9705,2.017,2.0315,2.046
1.923,1.906,1.945,1.949,1.955,1.9705,2.017,2.0315
1.9345,1.923,1.906,1.945,1.949,1.955,1.9705,2.017
1.923,1.9345,1.923,1.906,1.945,1.949,1.955,1.9705
1.925,1.923,1.9345,1.923,1.906,1.945,1.949,1.955
1.951,1.925,1.923,1.9345,1.923,1.906,1.945,1.949
2.0005,1.951,1.925,1.923,1.9345,1.923,1.906,1.945
1.963,2.0005,1.951,1.925,1.923,1.9345,1.923,1.906
1.971,1.963,2.0005,1.951,1.925,1.923,1.9345,1.923
2.0005,1.971,1.963,2.0005,1.951,1.925,1.923,1.9345
1.9945,2.0005,1.971,1.963,2.0005,1.951,1.925,1.923
2.012,1.9945,2.0005,1.971,1.963,2.0005,1.951,1.925
1.99,2.012,1.9945,2.0005,1.971,1.963,2.0005,1.951
2.0145,1.99,2.012,1.9945,2.0005,1.971,1.963,2.0005
2.0105,2.0145,1.99,2.012,1.9945,2.0005,1.971,1.963
1.973,2.0105,2.0145,1.99,2.012,1.9945,2.0005,1.971
1.935,1.973,2.0105,2.0145,1.99,2.012,1.9945,2.0005
1.945,1.935,1.973,2.0105,2.0145,1.99,2.012,1.9945
1.9185,1.945,1.935,1.973,2.0105,2.0145,1.99,2.012
1.875,1.9185,1.945,1.935,1.973,2.0105,2.0145,1.99
1.889,1.875,1.9185,1.945,1.935,1.973,2.0105,2.0145
1.8575,1.889,1.875,1.9185,1.945,1.935,1.973,2.0105
1.87,1.8575,1.889,1.875,1.9185,1.945,1.935,1.973
1.91,1.87,1.8575,1.889,1.875,1.9185,1.945,1.935
1.933,1.91,1.87,1.8575,1.889,1.875,1.9185,1.945
1.894,1.933,1.91,1.87,1.8575,1.889,1.875,1.9185
1.849,1.894,1.933,1.91,1.87,1.8575,1.889,1.875
1.851,1.849,1.894,1.933,1.91,1.87,1.8575,1.889
1.8475,1.851,1.849,1.894,1.933,1.91,1.87,1.8575
1.8215,1.8475,1.851,1.849,1.894,1.933,1.91,1.87
1.863,1.8215,1.8475,1.851,1.849,1.894,1.933,1.91
1.854,1.863,1.8215,1.8475,1.851,1.849,1.894,1.933
1.8425,1.854,1.863,1.8215,1.8475,1.851,1.849,1.894
1.8715,1.8425,1.854,1.863,1.8215,1.8475,1.851,1.849
1.8525,1.8715,1.8425,1.854,1.863,1.8215,1.8475,1.851
1.8835,1.8525,1.8715,1.8425,1.854,1.863,1.8215,1.8475
1.935,1.8835,1.8525,1.8715,1.8425,1.854,1.863,1.8215
1.8695,1.935,1.8835,1.8525,1.8715,1.8425,1.854,1.863
1.858,1.8695,1.935,1.8835,1.8525,1.8715,1.8425,1.854
1.9135,1.858,1.8695,1.935,1.8835,1.8525,1.8715,1.8425
1.949,1.9135,1.858,1.8695,1.935,1.8835,1.8525,1.8715
1.955,1.949,1.9135,1.858,1.8695,1.935,1.8835,1.8525
1.936,1.955,1.949,1.9135,1.858,1.8695,1.935,1.8835
1.9425,1.936,1.955,1.949,1.9135,1.858,1.8695,1.935
1.9655,1.9425,1.936,1.955,1.949,1.9135,1.858,1.8695
2.007,1.9655,1.9425,1.936,1.955,1.949,1.9135,1.858
2.003,2.007,1.9655,1.9425,1.936,1.955,1.949,1.9135
2.0165,2.003,2.007,1.9655,1.9425,1.936,1.955,1.949
2.0755,2.0165,2.003,2.007,1.9655,1.9425,1.936,1.955
2.063,2.0755,2.0165,2.003,2.007,1.9655,1.9425,1.936
2.05,2.063,2.0755,2.0165,2.003,2.007,1.9655,1.9425
2.039,2.05,2.063,2.0755,2.0165,2.003,2.007,1.9655
2.044,2.039,2.05,2.063,2.0755,2.0165,2.003,2.007
1.9415,2.044,2.039,2.05,2.063,2.0755,2.0165,2.003
1.957,1.9415,2.044,2.039,2.05,2.063,2.0755,2.0165
1.9425,1.957,1.9415,2.044,2.039,2.05,2.063,2.0755
1.8845,1.9425,1.957,1.9415,2.044,2.039,2.05,2.063
1.8525,1.8845,1.9425,1.957,1.9415,2.044,2.039,2.05
1.929,1.8525,1.8845,1.9425,1.957,1.9415,2.044,2.039
1.918,1.929,1.8525,1.8845,1.9425,1.957,1.9415,2.044
1.905,1.918,1.929,1.8525,1.8845,1.9425,1.957,1.9415
1.942,1.905,1.918,1.929,1.8525,1.8845,1.9425,1.957
1.9405,1.942,1.905,1.918,1.929,1.8525,1.8845,1.9425
1.891,1.9405,1.942,1.905,1.918,1.929,1.8525,1.8845
1.904,1.891,1.9405,1.942,1.905,1.918,1.929,1.8525
1.889,1.904,1.891,1.9405,1.942,1.905,1.918,1.929
1.8925,1.889,1.904,1.891,1.9405,1.942,1.905,1.918
1.9225,1.8925,1.889,1.904,1.891,1.9405,1.942,1.905
1.929,1.9225,1.8925,1.889,1.904,1.891,1.9405,1.942
1.99,1.929,1.9225,1.8925,1.889,1.904,1.891,1.9405
1.9745,1.99,1.929,1.9225,1.8925,1.889,1.904,1.891
1.949,1.9745,1.99,1.929,1.9225,1.8925,1.889,1.904
1.9505,1.949,1.9745,1.99,1.929,1.9225,1.8925,1.889
1.9685,1.9505,1.949,1.9745,1.99,1.929,1.9225,1.8925
1.967,1.9685,1.9505,1.949,1.9745,1.99,1.929,1.9225
1.9905,1.967,1.9685,1.9505,1.949,1.9745,1.99,1.929
1.9895,1.9905,1.967,1.9685,1.9505,1.949,1.9745,1.99
2.021,1.9895,1.9905,1.967,1.9685,1.9505,1.949,1.9745
2.0595,2.021,1.9895,1.9905,1.967,1.9685,1.9505,1.949
2.0765,2.0595,2.021,1.9895,1.9905,1.967,1.9685,1.9505
2.084,2.0765,2.0595,2.021,1.9895,1.9905,1.967,1.9685
2.083,2.084,2.0765,2.0595,2.021,1.9895,1.9905,1.967
2.093,2.083,2.084,2.0765,2.0595,2.021,1.9895,1.9905
2.084,2.093,2.083,2.084,2.0765,2.0595,2.021,1.9895
2.1135,2.084,2.093,2.083,2.084,2.0765,2.0595,2.021
2.1205,2.1135,2.084,2.093,2.083,2.084,2.0765,2.0595
2.26,2.1205,2.1135,2.084,2.093,2.083,2.084,2.0765
2.2535,2.26,2.1205,2.1135,2.084,2.093,2.083,2.084
2.2495,2.2535,2.26,2.1205,2.1135,2.084,2.093,2.083
2.232,2.2495,2.2535,2.26,2.1205,2.1135,2.084,2.093
2.2475,2.232,2.2495,2.2535,2.26,2.1205,2.1135,2.084
2.2385,2.2475,2.232,2.2495,2.2535,2.26,2.1205,2.1135
2.2375,2.2385,2.2475,2.232,2.2495,2.2535,2.26,2.1205
2.8405,2.2375,2.2385,2.2475,2.232,2.2495,2.2535,2.26
3.139,2.8405,2.2375,2.2385,2.2475,2.232,2.2495,2.2535
3.13,3.139,2.8405,2.2375,2.2385,2.2475,2.232,2.2495
3.0665,3.13,3.139,2.8405,2.2375,2.2385,2.2475,2.232
3.102,3.0665,3.13,3.139,2.8405,2.2375,2.2385,2.2475
3.059,3.102,3.0665,3.13,3.139,2.8405,2.2375,2.2385
3.1095,3.059,3.102,3.0665,3.13,3.139,2.8405,2.2375
3.1615,3.1095,3.059,3.102,3.0665,3.13,3.139,2.8405
3.041,3.1615,3.1095,3.059,3.102,3.0665,3.13,3.139
3.0915,3.041,3.1615,3.1095,3.059,3.102,3.0665,3.13
3.1425,3.0915,3.041,3.1615,3.1095,3.059,3.102,3.0665
3.046,3.1425,3.0915,3.041,3.1615,3.1095,3.059,3.102
3.078,3.046,3.1425,3.0915,3.041,3.1615,3.1095,3.059
3.085,3.078,3.046,3.1425,3.0915,3.041,3.1615,3.1095
3.029,3.085,3.078,3.046,3.1425,3.0915,3.041,3.1615
3.161,3.029,3.085,3.078,3.046,3.1425,3.0915,3.041
3.1085,3.161,3.029,3.085,3.078,3.046,3.1425,3.0915
3.165,3.1085,3.161,3.029,3.085,3.078,3.046,3.1425
3.415,3.165,3.1085,3.161,3.029,3.085,3.078,3.046
3.444,3.415,3.165,3.1085,3.161,3.029,3.085,3.078
3.45,3.444,3.415,3.165,3.1085,3.161,3.029,3.085
3.4675,3.45,3.444,3.415,3.165,3.1085,3.161,3.029
3.4275,3.4675,3.45,3.444,3.415,3.165,3.1085,3.161
3.4815,3.4275,3.4675,3.45,3.444,3.415,3.165,3.1085
3.493,3.4815,3.4275,3.4675,3.45,3.444,3.415,3.165
3.457,3.493,3.4815,3.4275,3.4675,3.45,3.444,3.415
3.429,3.457,3.493,3.4815,3.4275,3.4675,3.45,3.444
3.521,3.429,3.457,3.493,3.4815,3.4275,3.4675,3.45
3.6825,3.521,3.429,3.457,3.493,3.4815,3.4275,3.4675
3.6145,3.6825,3.521,3.429,3.457,3.493,3.4815,3.4275
3.602,3.6145,3.6825,3.521,3.429,3.457,3.493,3.4815
3.662,3.602,3.6145,3.6825,3.521,3.429,3.457,3.493
3.5585,3.662,3.602,3.6145,3.6825,3.521,3.429,3.457
3.5035,3.5585,3.662,3.602,3.6145,3.6825,3.521,3.429
3.5445,3.5035,3.5585,3.662,3.602,3.6145,3.6825,3.521
3.597,3.5445,3.5035,3.5585,3.662,3.602,3.6145,3.6825
3.62,3.597,3.5445,3.5035,3.5585,3.662,3.602,3.6145
3.5915,3.62,3.597,3.5445,3.5035,3.5585,3.662,3.602
3.4905,3.5915,3.62,3.597,3.5445,3.5035,3.5585,3.662
3.455,3.4905,3.5915,3.62,3.597,3.5445,3.5035,3.5585
3.4835,3.455,3.4905,3.5915,3.62,3.597,3.5445,3.5035
3.443,3.4835,3.455,3.4905,3.5915,3.62,3.597,3.5445
3.433,3.443,3.4835,3.455,3.4905,3.5915,3.62,3.597
3.374,3.433,3.443,3.4835,3.455,3.4905,3.5915,3.62
3.407,3.374,3.433,3.443,3.4835,3.455,3.4905,3.5915
3.4445,3.407,3.374,3.433,3.443,3.4835,3.455,3.4905
3.4205,3.4445,3.407,3.374,3.433,3.443,3.4835,3.455
3.4805,3.4205,3.4445,3.407,3.374,3.433,3.443,3.4835
3.4725,3.4805,3.4205,3.4445,3.407,3.374,3.433,3.443
3.4365,3.4725,3.4805,3.4205,3.4445,3.407,3.374,3.433
3.4485,3.4365,3.4725,3.4805,3.4205,3.4445,3.407,3.374
3.6035,3.4485,3.4365,3.4725,3.4805,3.4205,3.4445,3.407
3.514,3.6035,3.4485,3.4365,3.4725,3.4805,3.4205,3.4445
3.5365,3.514,3.6035,3.4485,3.4365,3.4725,3.4805,3.4205
3.6395,3.5365,3.514,3.6035,3.4485,3.4365,3.4725,3.4805
3.755,3.6395,3.5365,3.514,3.6035,3.4485,3.4365,3.4725
3.6845,3.755,3.6395,3.5365,3.514,3.6035,3.4485,3.4365
3.6895,3.6845,3.755,3.6395,3.5365,3.514,3.6035,3.4485
3.666,3.6895,3.6845,3.755,3.6395,3.5365,3.514,3.6035
3.6675,3.666,3.6895,3.6845,3.755,3.6395,3.5365,3.514
3.5815,3.6675,3.666,3.6895,3.6845,3.755,3.6395,3.5365
3.587,3.5815,3.6675,3.666,3.6895,3.6845,3.755,3.6395
3.4625,3.587,3.5815,3.6675,3.666,3.6895,3.6845,3.755
4.309,3.4625,3.587,3.5815,3.6675,3.666,3.6895,3.6845
4.2005,4.309,3.4625,3.587,3.5815,3.6675,3.666,3.6895
4.202,4.2005,4.309,3.4625,3.587,3.5815,3.6675,3.666
4.135,4.202,4.2005,4.309,3.4625,3.587,3.5815,3.6675
3.927,4.135,4.202,4.2005,4.309,3.4625,3.587,3.5815
3.8655,3.927,4.135,4.202,4.2005,4.309,3.4625,3.587
3.9855,3.8655,3.927,4.135,4.202,4.2005,4.309,3.4625
3.84,3.9855,3.8655,3.927,4.135,4.202,4.2005,4.309
3.95,3.84,3.9855,3.8655,3.927,4.135,4.202,4.2005
3.957,3.95,3.84,3.9855,3.8655,3.927,4.135,4.202
3.889,3.957,3.95,3.84,3.9855,3.8655,3.927,4.135
3.7055,3.889,3.957,3.95,3.84,3.9855,3.8655,3.927
3.739,3.7055,3.889,3.957,3.95,3.84,3.9855,3.8655
3.7435,3.739,3.7055,3.889,3.957,3.95,3.84,3.9855
3.6725,3.7435,3.739,3.7055,3.889,3.957,3.95,3.84
3.619,3.6725,3.7435,3.739,3.7055,3.889,3.957,3.95
3.6395,3.619,3.6725,3.7435,3.739,3.7055,3.889,3.957
3.751,3.6395,3.619,3.6725,3.7435,3.739,3.7055,3.889
3.735,3.751,3.6395,3.619,3.6725,3.7435,3.739,3.7055
3.8745,3.735,3.751,3.6395,3.619,3.6725,3.7435,3.739
3.925,3.8745,3.735,3.751,3.6395,3.619,3.6725,3.7435
3.865,3.925,3.8745,3.735,3.751,3.6395,3.619,3.6725
3.9625,3.865,3.925,3.8745,3.735,3.751,3.6395,3.619
3.9325,3.9625,3.865,3.925,3.8745,3.735,3.751,3.6395
3.811,3.9325,3.9625,3.865,3.925,3.8745,3.735,3.751
3.9525,3.811,3.9325,3.9625,3.865,3.925,3.8745,3.735
3.934,3.9525,3.811,3.9325,3.9625,3.865,3.925,3.8745
3.9955,3.934,3.9525,3.811,3.9325,3.9625,3.865,3.925
4.135,3.9955,3.934,3.9525,3.811,3.9325,3.9625,3.865
4.1875,4.135,3.9955,3.934,3.9525,3.811,3.9325,3.9625
4.3105,4.1875,4.135,3.9955,3.934,3.9525,3.811,3.9325
4.226,4.3105,4.1875,4.135,3.9955,3.934,3.9525,3.811
4.167,4.226,4.3105,4.1875,4.135,3.9955,3.934,3.9525
4.314,4.167,4.226,4.3105,4.1875,4.135,3.9955,3.934
4.365,4.314,4.167,4.226,4.3105,4.1875,4.135,3.9955
4.363,4.365,4.314,4.167,4.226,4.3105,4.1875,4.135
4.3885,4.363,4.365,4.314,4.167,4.226,4.3105,4.1875
4.3455,4.3885,4.363,4.365,4.314,4.167,4.226,4.3105
4.4375,4.3455,4.3885,4.363,4.365,4.314,4.167,4.226
4.45,4.4375,4.3455,4.3885,4.363,4.365,4.314,4.167
4.4825,4.45,4.4375,4.3455,4.3885,4.363,4.365,4.314
4.565,4.4825,4.45,4.4375,4.3455,4.3885,4.363,4.365
4.6295,4.565,4.4825,4.45,4.4375,4.3455,4.3885,4.363
4.674,4.6295,4.565,4.4825,4.45,4.4375,4.3455,4.3885
4.6715,4.674,4.6295,4.565,4.4825,4.45,4.4375,4.3455
4.669,4.6715,4.674,4.6295,4.565,4.4825,4.45,4.4375
4.6575,4.669,4.6715,4.674,4.6295,4.565,4.4825,4.45
4.6705,4.6575,4.669,4.6715,4.674,4.6295,4.565,4.4825
4.618,4.6705,4.6575,4.669,4.6715,4.674,4.6295,4.565
4.623,4.618,4.6705,4.6575,4.669,4.6715,4.674,4.6295
4.613,4.623,4.618,4.6705,4.6575,4.669,4.6715,4.674
4.6715,4.613,4.623,4.618,4.6705,4.6575,4.669,4.6715
4.7925,4.6715,4.613,4.623,4.618,4.6705,4.6575,4.669
4.766,4.7925,4.6715,4.613,4.623,4.618,4.6705,4.6575
4.733,4.766,4.7925,4.6715,4.613,4.623,4.618,4.6705
4.467,4.733,4.766,4.7925,4.6715,4.613,4.623,4.618
4.6185,4.467,4.733,4.766,4.7925,4.6715,4.613,4.623
4.5265,4.6185,4.467,4.733,4.766,4.7925,4.6715,4.613
4.4765,4.5265,4.6185,4.467,4.733,4.766,4.7925,4.6715
4.5275,4.4765,4.5265,4.6185,4.467,4.733,4.766,4.7925
4.4925,4.5275,4.4765,4.5265,4.6185,4.467,4.733,4.766
4.488,4.4925,4.5275,4.4765,4.5265,4.6185,4.467,4.733
4.5645,4.488,4.4925,4.5275,4.4765,4.5265,4.6185,4.467
5.041,4.5645,4.488,4.4925,4.5275,4.4765,4.5265,4.6185
4.4365,5.041,4.5645,4.488,4.4925,4.5275,4.4765,4.5265
4.4105,4.4365,5.041,4.5645,4.488,4.4925,4.5275,4.4765
4.5,4.4105,4.4365,5.041,4.5645,4.488,4.4925,4.5275
4.505,4.5,4.4105,4.4365,5.041,4.5645,4.488,4.4925
4.412,4.505,4.5,4.4105,4.4365,5.041,4.5645,4.488
4.4575,4.412,4.505,4.5,4.4105,4.4365,5.041,4.5645
4.3825,4.4575,4.412,4.505,4.5,4.4105,4.4365,5.041
4.299,4.3825,4.4575,4.412,4.505,4.5,4.4105,4.4365
4.2185,4.299,4.3825,4.4575,4.412,4.505,4.5,4.4105
4.3635,4.2185,4.299,4.3825,4.4575,4.412,4.505,4.5
4.352,4.3635,4.2185,4.299,4.3825,4.4575,4.412,4.505
4.179,4.352,4.3635,4.2185,4.299,4.3825,4.4575,4.412
3.9445,4.179,4.352,4.3635,4.2185,4.299,4.3825,4.4575
3.85,3.9445,4.179,4.352,4.3635,4.2185,4.299,4.3825
3.993,3.85,3.9445,4.179,4.352,4.3635,4.2185,4.299
3.9255,3.993,3.85,3.9445,4.179,4.352,4.3635,4.2185
3.8925,3.9255,3.993,3.85,3.9445,4.179,4.352,4.3635
3.93,3.8925,3.9255,3.993,3.85,3.9445,4.179,4.352
3.959,3.93,3.8925,3.9255,3.993,3.85,3.9445,4.179
4.0195,3.959,3.93,3.8925,3.9255,3.993,3.85,3.9445
3.988,4.0195,3.959,3.93,3.8925,3.9255,3.993,3.85
4.0715,3.988,4.0195,3.959,3.93,3.8925,3.9255,3.993
4.065,4.0715,3.988,4.0195,3.959,3.93,3.8925,3.9255
4.2795,4.065,4.0715,3.988,4.0195,3.959,3.93,3.8925
4.515,4.2795,4.065,4.0715,3.988,4.0195,3.959,3.93
4.4575,4.515,4.2795,4.065,4.0715,3.988,4.0195,3.959
4.528,4.4575,4.515,4.2795,4.065,4.0715,3.988,4.0195
4.5455,4.528,4.4575,4.515,4.2795,4.065,4.0715,3.988
4.7205,4.5455,4.528,4.4575,4.515,4.2795,4.065,4.0715
4.6595,4.7205,4.5455,4.528,4.4575,4.515,4.2795,4.065
4.7105,4.6595,4.7205,4.5455,4.528,4.4575,4.515,4.2795
4.7155,4.7105,4.6595,4.7205,4.5455,4.528,4.4575,4.515
4.651,4.7155,4.7105,4.6595,4.7205,4.5455,4.528,4.4575
4.5375,4.651,4.7155,4.7105,4.6595,4.7205,4.5455,4.528
4.564,4.5375,4.651,4.7155,4.7105,4.6595,4.7205,4.5455
4.62,4.564,4.5375,4.651,4.7155,4.7105,4.6595,4.7205
4.454,4.62,4.564,4.5375,4.651,4.7155,4.7105,4.6595
4.2545,4.454,4.62,4.564,4.5375,4.651,4.7155,4.7105
4.3445,4.2545,4.454,4.62,4.564,4.5375,4.651,4.7155
4.469,4.3445,4.2545,4.454,4.62,4.564,4.5375,4.651
4.529,4.469,4.3445,4.2545,4.454,4.62,4.564,4.5375
4.563,4.529,4.469,4.3445,4.2545,4.454,4.62,4.564
4.5505,4.563,4.529,4.469,4.3445,4.2545,4.454,4.62
4.6425,4.5505,4.563,4.529,4.469,4.3445,4.2545,4.454
4.7125,4.6425,4.5505,4.563,4.529,4.469,4.3445,4.2545
4.7225,4.7125,4.6425,4.5505,4.563,4.529,4.469,4.3445
4.632,4.7225,4.7125,4.6425,4.5505,4.563,4.529,4.469
4.8125,4.632,4.7225,4.7125,4.6425,4.5505,4.563,4.529
4.7605,4.8125,4.632,4.7225,4.7125,4.6425,4.5505,4.563
4.4395,4.7605,4.8125,4.632,4.7225,4.7125,4.6425,4.5505
4.441,4.4395,4.7605,4.8125,4.632,4.7225,4.7125,4.6425
4.394,4.441,4.4395,4.7605,4.8125,4.632,4.7225,4.7125
4.261,4.394,4.441,4.4395,4.7605,4.8125,4.632,4.7225
4.213,4.261,4.394,4.441,4.4395,4.7605,4.8125,4.632
4.054,4.213,4.261,4.394,4.441,4.4395,4.7605,4.8125
4.1435,4.054,4.213,4.261,4.394,4.441,4.4395,4.7605
4.012,4.1435,4.054,4.213,4.261,4.394,4.441,4.4395
4.0175,4.012,4.1435,4.054,4.213,4.261,4.394,4.441
4.006,4.0175,4.012,4.1435,4.054,4.213,4.261,4.394
3.988,4.006,4.0175,4.012,4.1435,4.054,4.213,4.261
3.924,3.988,4.006,4.0175,4.012,4.1435,4.054,4.213
3.6985,3.924,3.988,4.006,4.0175,4.012,4.1435,4.054
3.8835,3.6985,3.924,3.988,4.006,4.0175,4.012,4.1435
3.88,3.8835,3.6985,3.924,3.988,4.006,4.0175,4.012
3.791,3.88,3.8835,3.6985,3.924,3.988,4.006,4.0175
3.6975,3.791,3.88,3.8835,3.6985,3.924,3.988,4.006
3.7105,3.6975,3.791,3.88,3.8835,3.6985,3.924,3.988
3.885,3.7105,3.6975,3.791,3.88,3.8835,3.6985,3.924
3.7315,3.885,3.7105,3.6975,3.791,3.88,3.8835,3.6985
3.6975,3.7315,3.885,3.7105,3.6975,3.791,3.88,3.8835
3.6045,3.6975,3.7315,3.885,3.7105,3.6975,3.791,3.88
3.4245,3.6045,3.6975,3.7315,3.885,3.7105,3.6975,3.791
3.5455,3.4245,3.6045,3.6975,3.7315,3.885,3.7105,3.6975
3.675,3.5455,3.4245,3.6045,3.6975,3.7315,3.885,3.7105
3.7595,3.675,3.5455,3.4245,3.6045,3.6975,3.7315,3.885
3.7225,3.7595,3.675,3.5455,3.4245,3.6045,3.6975,3.7315
3.8865,3.7225,3.7595,3.675,3.5455,3.4245,3.6045,3.6975
3.79,3.8865,3.7225,3.7595,3.675,3.5455,3.4245,3.6045
3.648,3.79,3.8865,3.7225,3.7595,3.675,3.5455,3.4245
3.604,3.648,3.79,3.8865,3.7225,3.7595,3.675,3.5455
3.682,3.604,3.648,3.79,3.8865,3.7225,3.7595,3.675
3.495,3.682,3.604,3.648,3.79,3.8865,3.7225,3.7595
3.604,3.495,3.682,3.604,3.648,3.79,3.8865,3.7225
3.6635,3.604,3.495,3.682,3.604,3.648,3.79,3.8865
3.5845,3.6635,3.604,3.495,3.682,3.604,3.648,3.79
3.5435,3.5845,3.6635,3.604,3.495,3.682,3.604,3.648
3.3925,3.5435,3.5845,3.6635,3.604,3.495,3.682,3.604
3.2235,3.3925,3.5435,3.5845,3.6635,3.604,3.495,3.682
3.1215,3.2235,3.3925,3.5435,3.5845,3.6635,3.604,3.495
3.267,3.1215,3.2235,3.3925,3.5435,3.5845,3.6635,3.604
3.2495,3.267,3.1215,3.2235,3.3925,3.5435,3.5845,3.6635
3.137,3.2495,3.267,3.1215,3.2235,3.3925,3.5435,3.5845
3.2045,3.137,3.2495,3.267,3.1215,3.2235,3.3925,3.5435
3.1735,3.2045,3.137,3.2495,3.267,3.1215,3.2235,3.3925
3.3575,3.1735,3.2045,3.137,3.2495,3.267,3.1215,3.2235
3.3255,3.3575,3.1735,3.2045,3.137,3.2495,3.267,3.1215
3.416,3.3255,3.3575,3.1735,3.2045,3.137,3.2495,3.267
3.411,3.416,3.3255,3.3575,3.1735,3.2045,3.137,3.2495
3.3265,3.411,3.416,3.3255,3.3575,3.1735,3.2045,3.137
3.585,3.3265,3.411,3.416,3.3255,3.3575,3.1735,3.2045
3.5085,3.585,3.3265,3.411,3.416,3.3255,3.3575,3.1735
3.6595,3.5085,3.585,3.3265,3.411,3.416,3.3255,3.3575
3.7975,3.6595,3.5085,3.585,3.3265,3.411,3.416,3.3255
3.7585,3.7975,3.6595,3.5085,3.585,3.3265,3.411,3.416
3.69,3.7585,3.7975,3.6595,3.5085,3.585,3.3265,3.411
3.54,3.69,3.7585,3.7975,3.6595,3.5085,3.585,3.3265
3.488,3.54,3.69,3.7585,3.7975,3.6595,3.5085,3.585
3.565,3.488,3.54,3.69,3.7585,3.7975,3.6595,3.5085
3.835,3.565,3.488,3.54,3.69,3.7585,3.7975,3.6595
3.8685,3.835,3.565,3.488,3.54,3.69,3.7585,3.7975
3.747,3.8685,3.835,3.565,3.488,3.54,3.69,3.7585
3.8435,3.747,3.8685,3.835,3.565,3.488,3.54,3.69
3.845,3.8435,3.747,3.8685,3.835,3.565,3.488,3.54
3.865,3.845,3.8435,3.747,3.8685,3.835,3.565,3.488
3.7195,3.865,3.845,3.8435,3.747,3.8685,3.835,3.565
3.7415,3.7195,3.865,3.845,3.8435,3.747,3.8685,3.835
3.5995,3.7415,3.7195,3.865,3.845,3.8435,3.747,3.8685
3.6305,3.5995,3.7415,3.7195,3.865,3.845,3.8435,3.747
3.625,3.6305,3.5995,3.7415,3.7195,3.865,3.845,3.8435
3.7295,3.625,3.6305,3.5995,3.7415,3.7195,3.865,3.845
3.702,3.7295,3.625,3.6305,3.5995,3.7415,3.7195,3.865
4.005,3.702,3.7295,3.625,3.6305,3.5995,3.7415,3.7195
4.009,4.005,3.702,3.7295,3.625,3.6305,3.5995,3.7415
3.98,4.009,4.005,3.702,3.7295,3.625,3.6305,3.5995
4.05,3.98,4.009,4.005,3.702,3.7295,3.625,3.6305
3.8845,4.05,3.98,4.009,4.005,3.702,3.7295,3.625
4.043,3.8845,4.05,3.98,4.009,4.005,3.702,3.7295
4.0985,4.043,3.8845,4.05,3.98,4.009,4.005,3.702
4.037,4.0985,4.043,3.8845,4.05,3.98,4.009,4.005
3.9315,4.037,4.0985,4.043,3.8845,4.05,3.98,4.009
3.968,3.9315,4.037,4.0985,4.043,3.8845,4.05,3.98
3.8655,3.968,3.9315,4.037,4.0985,4.043,3.8845,4.05
3.796,3.8655,3.968,3.9315,4.037,4.0985,4.043,3.8845
3.7855,3.796,3.8655,3.968,3.9315,4.037,4.0985,4.043
3.659,3.7855,3.796,3.8655,3.968,3.9315,4.037,4.0985
3.6395,3.659,3.7855,3.796,3.8655,3.968,3.9315,4.037
3.6205,3.6395,3.659,3.7855,3.796,3.8655,3.968,3.9315
3.7265,3.6205,3.6395,3.659,3.7855,3.796,3.8655,3.968
3.728,3.7265,3.6205,3.6395,3.659,3.7855,3.796,3.8655
3.71,3.728,3.7265,3.6205,3.6395,3.659,3.7855,3.796
3.806,3.71,3.728,3.7265,3.6205,3.6395,3.659,3.7855
3.823,3.806,3.71,3.728,3.7265,3.6205,3.6395,3.659
4.1145,3.823,3.806,3.71,3.728,3.7265,3.6205,3.6395
4.036,4.1145,3.823,3.806,3.71,3.728,3.7265,3.6205
3.915,4.036,4.1145,3.823,3.806,3.71,3.728,3.7265
3.963,3.915,4.036,4.1145,3.823,3.806,3.71,3.728
3.9175,3.963,3.915,4.036,4.1145,3.823,3.806,3.71
4.031,3.9175,3.963,3.915,4.036,4.1145,3.823,3.806
4.004,4.031,3.9175,3.963,3.915,4.036,4.1145,3.823
4.0175,4.004,4.031,3.9175,3.963,3.915,4.036,4.1145
4.081,4.0175,4.004,4.031,3.9175,3.963,3.915,4.036
4.0115,4.081,4.0175,4.004,4.031,3.9175,3.963,3.915
4.0055,4.0115,4.081,4.0175,4.004,4.031,3.9175,3.963
4.075,4.0055,4.0115,4.081,4.0175,4.004,4.031,3.9175
4.2255,4.075,4.0055,4.0115,4.081,4.0175,4.004,4.031
4.0315,4.2255,4.075,4.0055,4.0115,4.081,4.0175,4.004
3.9715,4.0315,4.2255,4.075,4.0055,4.0115,4.081,4.0175
3.981,3.9715,4.0315,4.2255,4.075,4.0055,4.0115,4.081
3.864,3.981,3.9715,4.0315,4.2255,4.075,4.0055,4.0115
3.8075,3.864,3.981,3.9715,4.0315,4.2255,4.075,4.0055
3.9585,3.8075,3.864,3.981,3.9715,4.0315,4.2255,4.075
4.085,3.9585,3.8075,3.864,3.981,3.9715,4.0315,4.2255
4.1485,4.085,3.9585,3.8075,3.864,3.981,3.9715,4.0315
4.126,4.1485,4.085,3.9585,3.8075,3.864,3.981,3.9715
4.213,4.126,4.1485,4.085,3.9585,3.8075,3.864,3.981
4.055,4.213,4.126,4.1485,4.085,3.9585,3.8075,3.864
4.034,4.055,4.213,4.126,4.1485,4.085,3.9585,3.8075
3.982,4.034,4.055,4.213,4.126,4.1485,4.085,3.9585
4.0255,3.982,4.034,4.055,4.213,4.126,4.1485,4.085
3.815,4.0255,3.982,4.034,4.055,4.213,4.126,4.1485
3.733,3.815,4.0255,3.982,4.034,4.055,4.213,4.126
3.6665,3.733,3.815,4.0255,3.982,4.034,4.055,4.213
3.681,3.6665,3.733,3.815,4.0255,3.982,4.034,4.055
3.572,3.681,3.6665,3.733,3.815,4.0255,3.982,4.034
3.6,3.572,3.681,3.6665,3.733,3.815,4.0255,3.982
3.6245,3.6,3.572,3.681,3.6665,3.733,3.815,4.0255
3.752,3.6245,3.6,3.572,3.681,3.6665,3.733,3.815
3.5305,3.752,3.6245,3.6,3.572,3.681,3.6665,3.733
3.5315,3.5305,3.752,3.6245,3.6,3.572,3.681,3.6665
3.427,3.5315,3.5305,3.752,3.6245,3.6,3.572,3.681
3.314,3.427,3.5315,3.5305,3.752,3.6245,3.6,3.572
3.3515,3.314,3.427,3.5315,3.5305,3.752,3.6245,3.6
3.592,3.3515,3.314,3.427,3.5315,3.5305,3.752,3.6245
3.6055,3.592,3.3515,3.314,3.427,3.5315,3.5305,3.752
3.456,3.6055,3.592,3.3515,3.314,3.427,3.5315,3.5305
3.424,3.456,3.6055,3.592,3.3515,3.314,3.427,3.5315
3.3985,3.424,3.456,3.6055,3.592,3.3515,3.314,3.427
3.527,3.3985,3.424,3.456,3.6055,3.592,3.3515,3.314
3.936,3.527,3.3985,3.424,3.456,3.6055,3.592,3.3515
3.9155,3.936,3.527,3.3985,3.424,3.456,3.6055,3.592
3.799,3.9155,3.936,3.527,3.3985,3.424,3.456,3.6055
3.9105,3.799,3.9155,3.936,3.527,3.3985,3.424,3.456
3.9105,3.9105,3.799,3.9155,3.936,3.527,3.3985,3.424
3.817,3.9105,3.9105,3.799,3.9155,3.936,3.527,3.3985
3.7875,3.817,3.9105,3.9105,3.799,3.9155,3.936,3.527
3.7855,3.7875,3.817,3.9105,3.9105,3.799,3.9155,3.936
3.9555,3.7855,3.7875,3.817,3.9105,3.9105,3.799,3.9155
3.9045,3.9555,3.7855,3.7875,3.817,3.9105,3.9105,3.799
3.8475,3.9045,3.9555,3.7855,3.7875,3.817,3.9105,3.9105
4.0255,3.8475,3.9045,3.9555,3.7855,3.7875,3.817,3.9105
4.4045,4.0255,3.8475,3.9045,3.9555,3.7855,3.7875,3.817
4.3625,4.4045,4.0255,3.8475,3.9045,3.9555,3.7855,3.7875
4.3345,4.3625,4.4045,4.0255,3.8475,3.9045,3.9555,3.7855
4.4015,4.3345,4.3625,4.4045,4.0255,3.8475,3.9045,3.9555
4.32,4.4015,4.3345,4.3625,4.4045,4.0255,3.8475,3.9045
4.1555,4.32,4.4015,4.3345,4.3625,4.4045,4.0255,3.8475
4.0645,4.1555,4.32,4.4015,4.3345,4.3625,4.4045,4.0255
4.1065,4.0645,4.1555,4.32,4.4015,4.3345,4.3625,4.4045
4.163,4.1065,4.0645,4.1555,4.32,4.4015,4.3345,4.3625
4.263,4.163,4.1065,4.0645,4.1555,4.32,4.4015,4.3345
4.1425,4.263,4.163,4.1065,4.0645,4.1555,4.32,4.4015
4.088,4.1425,4.263,4.163,4.1065,4.0645,4.1555,4.32
4.0865,4.088,4.1425,4.263,4.163,4.1065,4.0645,4.1555
4.171,4.0865,4.088,4.1425,4.263,4.163,4.1065,4.0645
4.0405,4.171,4.0865,4.088,4.1425,4.263,4.163,4.1065
4.0705,4.0405,4.171,4.0865,4.088,4.1425,4.263,4.163
4.0385,4.0705,4.0405,4.171,4.0865,4.088,4.1425,4.263
3.9015,4.0385,4.0705,4.0405,4.171,4.0865,4.088,4.1425
3.9595,3.9015,4.0385,4.0705,4.0405,4.171,4.0865,4.088
4.058,3.9595,3.9015,4.0385,4.0705,4.0405,4.171,4.0865
3.952,4.058,3.9595,3.9015,4.0385,4.0705,4.0405,4.171
3.837,3.952,4.058,3.9595,3.9015,4.0385,4.0705,4.0405
3.9755,3.837,3.952,4.058,3.9595,3.9015,4.0385,4.0705
3.915,3.9755,3.837,3.952,4.058,3.9595,3.9015,4.0385
3.867,3.915,3.9755,3.837,3.952,4.058,3.9595,3.9015
3.9365,3.867,3.915,3.9755,3.837,3.952,4.058,3.9595
3.577,3.9365,3.867,3.915,3.9755,3.837,3.952,4.058
3.825,3.577,3.9365,3.867,3.915,3.9755,3.837,3.952
4.05,3.825,3.577,3.9365,3.867,3.915,3.9755,3.837
3.7465,4.05,3.825,3.577,3.9365,3.867,3.915,3.9755
3.588,3.7465,4.05,3.825,3.577,3.9365,3.867,3.915
3.498,3.588,3.7465,4.05,3.825,3.577,3.9365,3.867
3.604,3.498,3.588,3.7465,4.05,3.825,3.577,3.9365
3.535,3.604,3.498,3.588,3.7465,4.05,3.825,3.577
3.1675,3.535,3.604,3.498,3.588,3.7465,4.05,3.825
3.638,3.1675,3.535,3.604,3.498,3.588,3.7465,4.05
3.479,3.638,3.1675,3.535,3.604,3.498,3.588,3.7465
3.368,3.479,3.638,3.1675,3.535,3.604,3.498,3.588
3.35,3.368,3.479,3.638,3.1675,3.535,3.604,3.498
3.2615,3.35,3.368,3.479,3.638,3.1675,3.535,3.604
2.926,3.2615,3.35,3.368,3.479,3.638,3.1675,3.535
3.051,2.926,3.2615,3.35,3.368,3.479,3.638,3.1675
2.8,3.051,2.926,3.2615,3.35,3.368,3.479,3.638
2.8125,2.8,3.051,2.926,3.2615,3.35,3.368,3.479
3.101,2.8125,2.8,3.051,2.926,3.2615,3.35,3.368
2.793,3.101,2.8125,2.8,3.051,2.926,3.2615,3.35
2.436,2.793,3.101,2.8125,2.8,3.051,2.926,3.2615
2.5145,2.436,2.793,3.101,2.8125,2.8,3.051,2.926
2.5325,2.5145,2.436,2.793,3.101,2.8125,2.8,3.051
2.6485,2.5325,2.5145,2.436,2.793,3.101,2.8125,2.8
2.5115,2.6485,2.5325,2.5145,2.436,2.793,3.101,2.8125
2.4995,2.5115,2.6485,2.5325,2.5145,2.436,2.793,3.101
2.516,2.4995,2.5115,2.6485,2.5325,2.5145,2.436,2.793
2.448,2.516,2.4995,2.5115,2.6485,2.5325,2.5145,2.436
2.479,2.448,2.516,2.4995,2.5115,2.6485,2.5325,2.5145
2.802,2.479,2.448,2.516,2.4995,2.5115,2.6485,2.5325
2.8445,2.802,2.479,2.448,2.516,2.4995,2.5115,2.6485
2.8355,2.8445,2.802,2.479,2.448,2.516,2.4995,2.5115
2.862,2.8355,2.8445,2.802,2.479,2.448,2.516,2.4995
2.7885,2.862,2.8355,2.8445,2.802,2.479,2.448,2.516
2.9225,2.7885,2.862,2.8355,2.8445,2.802,2.479,2.448
2.599,2.9225,2.7885,2.862,2.8355,2.8445,2.802,2.479
2.361,2.599,2.9225,2.7885,2.862,2.8355,2.8445,2.802
2.4605,2.361,2.599,2.9225,2.7885,2.862,2.8355,2.8445
2.423,2.4605,2.361,2.599,2.9225,2.7885,2.862,2.8355
2.315,2.423,2.4605,2.361,2.599,2.9225,2.7885,2.862
2.078,2.315,2.423,2.4605,2.361,2.599,2.9225,2.7885
2.2465,2.078,2.315,2.423,2.4605,2.361,2.599,2.9225
2.0875,2.2465,2.078,2.315,2.423,2.4605,2.361,2.599
1.9845,2.0875,2.2465,2.078,2.315,2.423,2.4605,2.361
1.922,1.9845,2.0875,2.2465,2.078,2.315,2.423,2.4605
1.792,1.922,1.9845,2.0875,2.2465,2.078,2.315,2.423
1.7515,1.792,1.922,1.9845,2.0875,2.2465,2.078,2.315
1.8935,1.7515,1.792,1.922,1.9845,2.0875,2.2465,2.078
2.125,1.8935,1.7515,1.792,1.922,1.9845,2.0875,2.2465
2.1095,2.125,1.8935,1.7515,1.792,1.922,1.9845,2.0875
2.198,2.1095,2.125,1.8935,1.7515,1.792,1.922,1.9845
2.135,2.198,2.1095,2.125,1.8935,1.7515,1.792,1.922
2.0235,2.135,2.198,2.1095,2.125,1.8935,1.7515,1.792
2.0595,2.0235,2.135,2.198,2.1095,2.125,1.8935,1.7515
2.2605,2.0595,2.0235,2.135,2.198,2.1095,2.125,1.8935
2.366,2.2605,2.0595,2.0235,2.135,2.198,2.1095,2.125
2.413,2.366,2.2605,2.0595,2.0235,2.135,2.198,2.1095
2.5705,2.413,2.366,2.2605,2.0595,2.0235,2.135,2.198
2.5625,2.5705,2.413,2.366,2.2605,2.0595,2.0235,2.135
2.485,2.5625,2.5705,2.413,2.366,2.2605,2.0595,2.0235
2.4125,2.485,2.5625,2.5705,2.413,2.366,2.2605,2.0595
2.5625,2.4125,2.485,2.5625,2.5705,2.413,2.366,2.2605
2.4425,2.5625,2.4125,2.485,2.5625,2.5705,2.413,2.366
2.6315,2.4425,2.5625,2.4125,2.485,2.5625,2.5705,2.413
2.659,2.6315,2.4425,2.5625,2.4125,2.485,2.5625,2.5705
2.604,2.659,2.6315,2.4425,2.5625,2.4125,2.485,2.5625
2.578,2.604,2.659,2.6315,2.4425,2.5625,2.4125,2.485
2.492,2.578,2.604,2.659,2.6315,2.4425,2.5625,2.4125
2.554,2.492,2.578,2.604,2.659,2.6315,2.4425,2.5625
2.572,2.554,2.492,2.578,2.604,2.659,2.6315,2.4425
2.589,2.572,2.554,2.492,2.578,2.604,2.659,2.6315
2.47,2.589,2.572,2.554,2.492,2.578,2.604,2.659
2.538,2.47,2.589,2.572,2.554,2.492,2.578,2.604
2.564,2.538,2.47,2.589,2.572,2.554,2.492,2.578
2.718,2.564,2.538,2.47,2.589,2.572,2.554,2.492
2.703,2.718,2.564,2.538,2.47,2.589,2.572,2.554
2.868,2.703,2.718,2.564,2.538,2.47,2.589,2.572
2.81,2.868,2.703,2.718,2.564,2.538,2.47,2.589
2.858,2.81,2.868,2.703,2.718,2.564,2.538,2.47
2.7755,2.858,2.81,2.868,2.703,2.718,2.564,2.538
2.596,2.7755,2.858,2.81,2.868,2.703,2.718,2.564
2.5725,2.596,2.7755,2.858,2.81,2.868,2.703,2.718
2.4245,2.5725,2.596,2.7755,2.858,2.81,2.868,2.703
2.572,2.4245,2.5725,2.596,2.7755,2.858,2.81,2.868
2.5795,2.572,2.4245,2.5725,2.596,2.7755,2.858,2.81
2.422,2.5795,2.572,2.4245,2.5725,2.596,2.7755,2.858
2.527,2.422,2.5795,2.572,2.4245,2.5725,2.596,2.7755
2.497,2.527,2.422,2.5795,2.572,2.4245,2.5725,2.596
2.5315,2.497,2.527,2.422,2.5795,2.572,2.4245,2.5725
2.4815,2.5315,2.497,2.527,2.422,2.5795,2.572,2.4245
2.422,2.4815,2.5315,2.497,2.527,2.422,2.5795,2.572
2.518,2.422,2.4815,2.5315,2.497,2.527,2.422,2.5795
2.5,2.518,2.422,2.4815,2.5315,2.497,2.527,2.422
2.941,2.5,2.518,2.422,2.4815,2.5315,2.497,2.527
3.0575,2.941,2.5,2.518,2.422,2.4815,2.5315,2.497
3.1795,3.0575,2.941,2.5,2.518,2.422,2.4815,2.5315
3.053,3.1795,3.0575,2.941,2.5,2.518,2.422,2.4815
3.159,3.053,3.1795,3.0575,2.941,2.5,2.518,2.422
3.3275,3.159,3.053,3.1795,3.0575,2.941,2.5,2.518
3.3355,3.3275,3.159,3.053,3.1795,3.0575,2.941,2.5
3.1655,3.3355,3.3275,3.159,3.053,3.1795,3.0575,2.941
3.2175,3.1655,3.3355,3.3275,3.159,3.053,3.1795,3.0575
3.198,3.2175,3.1655,3.3355,3.3275,3.159,3.053,3.1795
3.163,3.198,3.2175,3.1655,3.3355,3.3275,3.159,3.053
3.0835,3.163,3.198,3.2175,3.1655,3.3355,3.3275,3.159
3.1175,3.0835,3.163,3.198,3.2175,3.1655,3.3355,3.3275
3.0975,3.1175,3.0835,3.163,3.198,3.2175,3.1655,3.3355
3.193,3.0975,3.1175,3.0835,3.163,3.198,3.2175,3.1655
3.0855,3.193,3.0975,3.1175,3.0835,3.163,3.198,3.2175
3.28,3.0855,3.193,3.0975,3.1175,3.0835,3.163,3.198
3.1855,3.28,3.0855,3.193,3.0975,3.1175,3.0835,3.163
3.117,3.1855,3.28,3.0855,3.193,3.0975,3.1175,3.0835
3.2395,3.117,3.1855,3.28,3.0855,3.193,3.0975,3.1175
3.0995,3.2395,3.117,3.1855,3.28,3.0855,3.193,3.0975
3.085,3.0995,3.2395,3.117,3.1855,3.28,3.0855,3.193
3.2405,3.085,3.0995,3.2395,3.117,3.1855,3.28,3.0855
3.2385,3.2405,3.085,3.0995,3.2395,3.117,3.1855,3.28
3.0845,3.2385,3.2405,3.085,3.0995,3.2395,3.117,3.1855
3.0245,3.0845,3.2385,3.2405,3.085,3.0995,3.2395,3.117
3.2855,3.0245,3.0845,3.2385,3.2405,3.085,3.0995,3.2395
3.427,3.2855,3.0245,3.0845,3.2385,3.2405,3.085,3.0995
3.479,3.427,3.2855,3.0245,3.0845,3.2385,3.2405,3.085
3.4315,3.479,3.427,3.2855,3.0245,3.0845,3.2385,3.2405
3.349,3.4315,3.479,3.427,3.2855,3.0245,3.0845,3.2385
3.5675,3.349,3.4315,3.479,3.427,3.2855,3.0245,3.0845
3.5625,3.5675,3.349,3.4315,3.479,3.427,3.2855,3.0245
3.505,3.5625,3.5675,3.349,3.4315,3.479,3.427,3.2855
3.498,3.505,3.5625,3.5675,3.349,3.4315,3.479,3.427
3.779,3.498,3.505,3.5625,3.5675,3.349,3.4315,3.479
3.6405,3.779,3.498,3.505,3.5625,3.5675,3.349,3.4315
3.62,3.6405,3.779,3.498,3.505,3.5625,3.5675,3.349
3.6845,3.62,3.6405,3.779,3.498,3.505,3.5625,3.5675
3.526,3.6845,3.62,3.6405,3.779,3.498,3.505,3.5625
3.572,3.526,3.6845,3.62,3.6405,3.779,3.498,3.505
3.672,3.572,3.526,3.6845,3.62,3.6405,3.779,3.498
3.675,3.672,3.572,3.526,3.6845,3.62,3.6405,3.779
3.817,3.675,3.672,3.572,3.526,3.6845,3.62,3.6405
3.9085,3.817,3.675,3.672,3.572,3.526,3.6845,3.62
3.8995,3.9085,3.817,3.675,3.672,3.572,3.526,3.6845
3.7755,3.8995,3.9085,3.817,3.675,3.672,3.572,3.526
3.849,3.7755,3.8995,3.9085,3.817,3.675,3.672,3.572
3.9885,3.849,3.7755,3.8995,3.9085,3.817,3.675,3.672
3.947,3.9885,3.849,3.7755,3.8995,3.9085,3.817,3.675
3.861,3.947,3.9885,3.849,3.7755,3.8995,3.9085,3.817
3.7355,3.861,3.947,3.9885,3.849,3.7755,3.8995,3.9085
3.8625,3.7355,3.861,3.947,3.9885,3.849,3.7755,3.8995
3.9025,3.8625,3.7355,3.861,3.947,3.9885,3.849,3.7755
3.8785,3.9025,3.8625,3.7355,3.861,3.947,3.9885,3.849
3.937,3.8785,3.9025,3.8625,3.7355,3.861,3.947,3.9885
3.96,3.937,3.8785,3.9025,3.8625,3.7355,3.861,3.947
4.0305,3.96,3.937,3.8785,3.9025,3.8625,3.7355,3.861
4.223,4.0305,3.96,3.937,3.8785,3.9025,3.8625,3.7355
4.156,4.223,4.0305,3.96,3.937,3.8785,3.9025,3.8625
4.12,4.156,4.223,4.0305,3.96,3.937,3.8785,3.9025
3.9895,4.12,4.156,4.223,4.0305,3.96,3.937,3.8785
4.026,3.9895,4.12,4.156,4.223,4.0305,3.96,3.937
3.948,4.026,3.9895,4.12,4.156,4.223,4.0305,3.96
3.9885,3.948,4.026,3.9895,4.12,4.156,4.223,4.0305
4.095,3.9885,3.948,4.026,3.9895,4.12,4.156,4.223
4.0995,4.095,3.9885,3.948,4.026,3.9895,4.12,4.156
3.964,4.0995,4.095,3.9885,3.948,4.026,3.9895,4.12
3.8975,3.964,4.0995,4.095,3.9885,3.948,4.026,3.9895
3.9305,3.8975,3.964,4.0995,4.095,3.9885,3.948,4.026
3.8965,3.9305,3.8975,3.964,4.0995,4.095,3.9885,3.948
3.7095,3.8965,3.9305,3.8975,3.964,4.0995,4.095,3.9885
3.7555,3.7095,3.8965,3.9305,3.8975,3.964,4.0995,4.095
3.68,3.7555,3.7095,3.8965,3.9305,3.8975,3.964,4.0995
3.7975,3.68,3.7555,3.7095,3.8965,3.9305,3.8975,3.964
3.8935,3.7975,3.68,3.7555,3.7095,3.8965,3.9305,3.8975
3.8985,3.8935,3.7975,3.68,3.7555,3.7095,3.8965,3.9305
3.798,3.8985,3.8935,3.7975,3.68,3.7555,3.7095,3.8965
3.782,3.798,3.8985,3.8935,3.7975,3.68,3.7555,3.7095
3.9195,3.782,3.798,3.8985,3.8935,3.7975,3.68,3.7555
3.855,3.9195,3.782,3.798,3.8985,3.8935,3.7975,3.68
3.8825,3.855,3.9195,3.782,3.798,3.8985,3.8935,3.7975
3.8995,3.8825,3.855,3.9195,3.782,3.798,3.8985,3.8935
4.1525,3.8995,3.8825,3.855,3.9195,3.782,3.798,3.8985
4.2465,4.1525,3.8995,3.8825,3.855,3.9195,3.782,3.798
4.284,4.2465,4.1525,3.8995,3.8825,3.855,3.9195,3.782
4.276,4.284,4.2465,4.1525,3.8995,3.8825,3.855,3.9195
4.378,4.276,4.284,4.2465,4.1525,3.8995,3.8825,3.855
4.318,4.378,4.276,4.284,4.2465,4.1525,3.8995,3.8825
4.354,4.318,4.378,4.276,4.284,4.2465,4.1525,3.8995
4.3295,4.354,4.318,4.378,4.276,4.284,4.2465,4.1525
4.2845,4.3295,4.354,4.318,4.378,4.276,4.284,4.2465
4.204,4.2845,4.3295,4.354,4.318,4.378,4.276,4.284
4.159,4.204,4.2845,4.3295,4.354,4.318,4.378,4.276
4.1075,4.159,4.204,4.2845,4.3295,4.354,4.318,4.378
4.1325,4.1075,4.159,4.204,4.2845,4.3295,4.354,4.318
4.08,4.1325,4.1075,4.159,4.204,4.2845,4.3295,4.354
4.148,4.08,4.1325,4.1075,4.159,4.204,4.2845,4.3295
3.9575,4.148,4.08,4.1325,4.1075,4.159,4.204,4.2845
3.884,3.9575,4.148,4.08,4.1325,4.1075,4.159,4.204
3.9635,3.884,3.9575,4.148,4.08,4.1325,4.1075,4.159
4.11,3.9635,3.884,3.9575,4.148,4.08,4.1325,4.1075
4.194,4.11,3.9635,3.884,3.9575,4.148,4.08,4.1325
4.1515,4.194,4.11,3.9635,3.884,3.9575,4.148,4.08
4.183,4.1515,4.194,4.11,3.9635,3.884,3.9575,4.148
4.08,4.183,4.1515,4.194,4.11,3.9635,3.884,3.9575
3.966,4.08,4.183,4.1515,4.194,4.11,3.9635,3.884
3.905,3.966,4.08,4.183,4.1515,4.194,4.11,3.9635
3.7815,3.905,3.966,4.08,4.183,4.1515,4.194,4.11
3.868,3.7815,3.905,3.966,4.08,4.183,4.1515,4.194
3.905,3.868,3.7815,3.905,3.966,4.08,4.183,4.1515
3.8815,3.905,3.868,3.7815,3.905,3.966,4.08,4.183
4.0735,3.8815,3.905,3.868,3.7815,3.905,3.966,4.08
4.0975,4.0735,3.8815,3.905,3.868,3.7815,3.905,3.966
4.2275,4.0975,4.0735,3.8815,3.905,3.868,3.7815,3.905
4.3055,4.2275,4.0975,4.0735,3.8815,3.905,3.868,3.7815
4.2925,4.3055,4.2275,4.0975,4.0735,3.8815,3.905,3.868
4.4115,4.2925,4.3055,4.2275,4.0975,4.0735,3.8815,3.905
4.4505,4.4115,4.2925,4.3055,4.2275,4.0975,4.0735,3.8815
4.4395,4.4505,4.4115,4.2925,4.3055,4.2275,4.0975,4.0735
4.6935,4.4395,4.4505,4.4115,4.2925,4.3055,4.2275,4.0975
4.3245,4.6935,4.4395,4.4505,4.4115,4.2925,4.3055,4.2275
4.212,4.3245,4.6935,4.4395,4.4505,4.4115,4.2925,4.3055
4.249,4.212,4.3245,4.6935,4.4395,4.4505,4.4115,4.2925
4.217,4.249,4.212,4.3245,4.6935,4.4395,4.4505,4.4115
4.3045,4.217,4.249,4.212,4.3245,4.6935,4.4395,4.4505
4.288,4.3045,4.217,4.249,4.212,4.3245,4.6935,4.4395
4.372,4.288,4.3045,4.217,4.249,4.212,4.3245,4.6935
4.29,4.372,4.288,4.3045,4.217,4.249,4.212,4.3245
4.2145,4.29,4.372,4.288,4.3045,4.217,4.249,4.212
4.2235,4.2145,4.29,4.372,4.288,4.3045,4.217,4.249
4.266,4.2235,4.2145,4.29,4.372,4.288,4.3045,4.217
4.222,4.266,4.2235,4.2145,4.29,4.372,4.288,4.3045
4.178,4.222,4.266,4.2235,4.2145,4.29,4.372,4.288
4.298,4.178,4.222,4.266,4.2235,4.2145,4.29,4.372
4.23,4.298,4.178,4.222,4.266,4.2235,4.2145,4.29
4.179,4.23,4.298,4.178,4.222,4.266,4.2235,4.2145
4.053,4.179,4.23,4.298,4.178,4.222,4.266,4.2235
4.106,4.053,4.179,4.23,4.298,4.178,4.222,4.266
4.15,4.106,4.053,4.179,4.23,4.298,4.178,4.222
4.2045,4.15,4.106,4.053,4.179,4.23,4.298,4.178
4.25,4.2045,4.15,4.106,4.053,4.179,4.23,4.298
4.225,4.25,4.2045,4.15,4.106,4.053,4.179,4.23
4.2095,4.225,4.25,4.2045,4.15,4.106,4.053,4.179
4.2,4.2095,4.225,4.25,4.2045,4.15,4.106,4.053
4.2155,4.2,4.2095,4.225,4.25,4.2045,4.15,4.106
4.138,4.2155,4.2,4.2095,4.225,4.25,4.2045,4.15
4.0595,4.138,4.2155,4.2,4.2095,4.225,4.25,4.2045
3.958,4.0595,4.138,4.2155,4.2,4.2095,4.225,4.25
3.907,3.958,4.0595,4.138,4.2155,4.2,4.2095,4.225
3.923,3.907,3.958,4.0595,4.138,4.2155,4.2,4.2095
3.9435,3.923,3.907,3.958,4.0595,4.138,4.2155,4.2
4.045,3.9435,3.923,3.907,3.958,4.0595,4.138,4.2155
4.112,4.045,3.9435,3.923,3.907,3.958,4.0595,4.138
4.1925,4.112,4.045,3.9435,3.923,3.907,3.958,4.0595
4.227,4.1925,4.112,4.045,3.9435,3.923,3.907,3.958
4.193,4.227,4.1925,4.112,4.045,3.9435,3.923,3.907
4.1775,4.193,4.227,4.1925,4.112,4.045,3.9435,3.923
4.535,4.1775,4.193,4.227,4.1925,4.112,4.045,3.9435
4.522,4.535,4.1775,4.193,4.227,4.1925,4.112,4.045
4.514,4.522,4.535,4.1775,4.193,4.227,4.1925,4.112
4.528,4.514,4.522,4.535,4.1775,4.193,4.227,4.1925
4.6875,4.528,4.514,4.522,4.535,4.1775,4.193,4.227
4.619,4.6875,4.528,4.514,4.522,4.535,4.1775,4.193
4.6055,4.619,4.6875,4.528,4.514,4.522,4.535,4.1775
4.526,4.6055,4.619,4.6875,4.528,4.514,4.522,4.535
4.6105,4.526,4.6055,4.619,4.6875,4.528,4.514,4.522
4.586,4.6105,4.526,4.6055,4.619,4.6875,4.528,4.514
4.668,4.586,4.6105,4.526,4.6055,4.619,4.6875,4.528
4.552,4.668,4.586,4.6105,4.526,4.6055,4.619,4.6875
4.4925,4.552,4.668,4.586,4.6105,4.526,4.6055,4.619
4.4335,4.4925,4.552,4.668,4.586,4.6105,4.526,4.6055
4.5455,4.4335,4.4925,4.552,4.668,4.586,4.6105,4.526
4.6985,4.5455,4.4335,4.4925,4.552,4.668,4.586,4.6105
4.761,4.6985,4.5455,4.4335,4.4925,4.552,4.668,4.586
4.7855,4.761,4.6985,4.5455,4.4335,4.4925,4.552,4.668
4.68,4.7855,4.761,4.6985,4.5455,4.4335,4.4925,4.552
4.7415,4.68,4.7855,4.761,4.6985,4.5455,4.4335,4.4925
4.873,4.7415,4.68,4.7855,4.761,4.6985,4.5455,4.4335
4.8005,4.873,4.7415,4.68,4.7855,4.761,4.6985,4.5455
4.766,4.8005,4.873,4.7415,4.68,4.7855,4.761,4.6985
4.734,4.766,4.8005,4.873,4.7415,4.68,4.7855,4.761
4.749,4.734,4.766,4.8005,4.873,4.7415,4.68,4.7855
4.671,4.749,4.734,4.766,4.8005,4.873,4.7415,4.68
4.6725,4.671,4.749,4.734,4.766,4.8005,4.873,4.7415
5.9245,4.6725,4.671,4.749,4.734,4.766,4.8005,4.873
6.232,5.9245,4.6725,4.671,4.749,4.734,4.766,4.8005
6.1035,6.232,5.9245,4.6725,4.671,4.749,4.734,4.766
6.082,6.1035,6.232,5.9245,4.6725,4.671,4.749,4.734
6.129,6.082,6.1035,6.232,5.9245,4.6725,4.671,4.749
5.9405,6.129,6.082,6.1035,6.232,5.9245,4.6725,4.671
5.942,5.9405,6.129,6.082,6.1035,6.232,5.9245,4.6725
5.9185,5.942,5.9405,6.129,6.082,6.1035,6.232,5.9245
5.855,5.9185,5.942,5.9405,6.129,6.082,6.1035,6.232
6.0305,5.855,5.9185,5.942,5.9405,6.129,6.082,6.1035
6.31,6.0305,5.855,5.9185,5.942,5.9405,6.129,6.082
6.3335,6.31,6.0305,5.855,5.9185,5.942,5.9405,6.129
6.5075,6.3335,6.31,6.0305,5.855,5.9185,5.942,5.9405
6.4955,6.5075,6.3335,6.31,6.0305,5.855,5.9185,5.942
6.5265,6.4955,6.5075,6.3335,6.31,6.0305,5.855,5.9185
6.6485,6.5265,6.4955,6.5075,6.3335,6.31,6.0305,5.855
6.5795,6.6485,6.5265,6.4955,6.5075,6.3335,6.31,6.0305
6.5625,6.5795,6.6485,6.5265,6.4955,6.5075,6.3335,6.31
6.5645,6.5625,6.5795,6.6485,6.5265,6.4955,6.5075,6.3335
6.4495,6.5645,6.5625,6.5795,6.6485,6.5265,6.4955,6.5075
6.483,6.4495,6.5645,6.5625,6.5795,6.6485,6.5265,6.4955
6.65,6.483,6.4495,6.5645,6.5625,6.5795,6.6485,6.5265
6.647,6.65,6.483,6.4495,6.5645,6.5625,6.5795,6.6485
6.7015,6.647,6.65,6.483,6.4495,6.5645,6.5625,6.5795
6.587,6.7015,6.647,6.65,6.483,6.4495,6.5645,6.5625
6.7955,6.587,6.7015,6.647,6.65,6.483,6.4495,6.5645
6.925,6.7955,6.587,6.7015,6.647,6.65,6.483,6.4495
7.1125,6.925,6.7955,6.587,6.7015,6.647,6.65,6.483
7.0585,7.1125,6.925,6.7955,6.587,6.7015,6.647,6.65
6.879,7.0585,7.1125,6.925,6.7955,6.587,6.7015,6.647
6.7105,6.879,7.0585,7.1125,6.925,6.7955,6.587,6.7015
6.7055,6.7105,6.879,7.0585,7.1125,6.925,6.7955,6.587
6.5655,6.7055,6.7105,6.879,7.0585,7.1125,6.925,6.7955
6.769,6.5655,6.7055,6.7105,6.879,7.0585,7.1125,6.925
6.7075,6.769,6.5655,6.7055,6.7105,6.879,7.0585,7.1125
6.569,6.7075,6.769,6.5655,6.7055,6.7105,6.879,7.0585
6.5115,6.569,6.7075,6.769,6.5655,6.7055,6.7105,6.879
6.418,6.5115,6.569,6.7075,6.769,6.5655,6.7055,6.7105
6.3455,6.418,6.5115,6.569,6.7075,6.769,6.5655,6.7055
6.424,6.3455,6.418,6.5115,6.569,6.7075,6.769,6.5655
6.6395,6.424,6.3455,6.418,6.5115,6.569,6.7075,6.769
6.6875,6.6395,6.424,6.3455,6.418,6.5115,6.569,6.7075
6.947,6.6875,6.6395,6.424,6.3455,6.418,6.5115,6.569
6.9235,6.947,6.6875,6.6395,6.424,6.3455,6.418,6.5115
6.9655,6.9235,6.947,6.6875,6.6395,6.424,6.3455,6.418
6.9705,6.9655,6.9235,6.947,6.6875,6.6395,6.424,6.3455
6.8245,6.9705,6.9655,6.9235,6.947,6.6875,6.6395,6.424
6.726,6.8245,6.9705,6.9655,6.9235,6.947,6.6875,6.6395
6.695,6.726,6.8245,6.9705,6.9655,6.9235,6.947,6.6875
6.7345,6.695,6.726,6.8245,6.9705,6.9655,6.9235,6.947
6.6125,6.7345,6.695,6.726,6.8245,6.9705,6.9655,6.9235
6.5,6.6125,6.7345,6.695,6.726,6.8245,6.9705,6.9655
6.676,6.5,6.6125,6.7345,6.695,6.726,6.8245,6.9705
6.5155,6.676,6.5,6.6125,6.7345,6.695,6.726,6.8245
6.3675,6.5155,6.676,6.5,6.6125,6.7345,6.695,6.726
6.4555,6.3675,6.5155,6.676,6.5,6.6125,6.7345,6.695
6.3675,6.4555,6.3675,6.5155,6.676,6.5,6.6125,6.7345
6.357,6.3675,6.4555,6.3675,6.5155,6.676,6.5,6.6125
6.3805,6.357,6.3675,6.4555,6.3675,6.5155,6.676,6.5
6.289,6.3805,6.357,6.3675,6.4555,6.3675,6.5155,6.676
6.331,6.289,6.3805,6.357,6.3675,6.4555,6.3675,6.5155
6.0715,6.331,6.289,6.3805,6.357,6.3675,6.4555,6.3675
6.0155,6.0715,6.331,6.289,6.3805,6.357,6.3675,6.4555
5.974,6.0155,6.0715,6.331,6.289,6.3805,6.357,6.3675
6.1375,5.974,6.0155,6.0715,6.331,6.289,6.3805,6.357
6.3015,6.1375,5.974,6.0155,6.0715,6.331,6.289,6.3805
6.2705,6.3015,6.1375,5.974,6.0155,6.0715,6.331,6.289
5.9435,6.2705,6.3015,6.1375,5.974,6.0155,6.0715,6.331
5.906,5.9435,6.2705,6.3015,6.1375,5.974,6.0155,6.0715
5.955,5.906,5.9435,6.2705,6.3015,6.1375,5.974,6.0155
5.797,5.955,5.906,5.9435,6.2705,6.3015,6.1375,5.974
5.8695,5.797,5.955,5.906,5.9435,6.2705,6.3015,6.1375
5.8415,5.8695,5.797,5.955,5.906,5.9435,6.2705,6.3015
5.9015,5.8415,5.8695,5.797,5.955,5.906,5.9435,6.2705
5.868,5.9015,5.8415,5.8695,5.797,5.955,5.906,5.9435
6.0045,5.868,5.9015,5.8415,5.8695,5.797,5.955,5.906
5.983,6.0045,5.868,5.9015,5.8415,5.8695,5.797,5.955
5.8765,5.983,6.0045,5.868,5.9015,5.8415,5.8695,5.797
5.8155,5.8765,5.983,6.0045,5.868,5.9015,5.8415,5.8695
5.904,5.8155,5.8765,5.983,6.0045,5.868,5.9015,5.8415
5.876,5.904,5.8155,5.8765,5.983,6.0045,5.868,5.9015
5.9005,5.876,5.904,5.8155,5.8765,5.983,6.0045,5.868
5.862,5.9005,5.876,5.904,5.8155,5.8765,5.983,6.0045
5.986,5.862,5.9005,5.876,5.904,5.8155,5.8765,5.983
5.91,5.986,5.862,5.9005,5.876,5.904,5.8155,5.8765
5.92,5.91,5.986,5.862,5.9005,5.876,5.904,5.8155
6.227,5.92,5.91,5.986,5.862,5.9005,5.876,5.904
6.2765,6.227,5.92,5.91,5.986,5.862,5.9005,5.876
6.2945,6.2765,6.227,5.92,5.91,5.986,5.862,5.9005
6.4265,6.2945,6.2765,6.227,5.92,5.91,5.986,5.862
6.4455,6.4265,6.2945,6.2765,6.227,5.92,5.91,5.986
6.5055,6.4455,6.4265,6.2945,6.2765,6.227,5.92,5.91
6.441,6.5055,6.4455,6.4265,6.2945,6.2765,6.227,5.92
6.5255,6.441,6.5055,6.4455,6.4265,6.2945,6.2765,6.227
6.679,6.5255,6.441,6.5055,6.4455,6.4265,6.2945,6.2765
6.591,6.679,6.5255,6.441,6.5055,6.4455,6.4265,6.2945
6.5565,6.591,6.679,6.5255,6.441,6.5055,6.4455,6.4265
6.5895,6.5565,6.591,6.679,6.5255,6.441,6.5055,6.4455
6.567,6.5895,6.5565,6.591,6.679,6.5255,6.441,6.5055
6.638,6.567,6.5895,6.5565,6.591,6.679,6.5255,6.441
6.5175,6.638,6.567,6.5895,6.5565,6.591,6.679,6.5255
6.5235,6.5175,6.638,6.567,6.5895,6.5565,6.591,6.679
6.463,6.5235,6.5175,6.638,6.567,6.5895,6.5565,6.591
6.402,6.463,6.5235,6.5175,6.638,6.567,6.5895,6.5565
6.7365,6.402,6.463,6.5235,6.5175,6.638,6.567,6.5895
6.753,6.7365,6.402,6.463,6.5235,6.5175,6.638,6.567
6.756,6.753,6.7365,6.402,6.463,6.5235,6.5175,6.638
6.829,6.756,6.753,6.7365,6.402,6.463,6.5235,6.5175
6.7885,6.829,6.756,6.753,6.7365,6.402,6.463,6.5235
6.5905,6.7885,6.829,6.756,6.753,6.7365,6.402,6.463
6.5745,6.5905,6.7885,6.829,6.756,6.753,6.7365,6.402
6.778,6.5745,6.5905,6.7885,6.829,6.756,6.753,6.7365
6.7435,6.778,6.5745,6.5905,6.7885,6.829,6.756,6.753
7.048,6.7435,6.778,6.5745,6.5905,6.7885,6.829,6.756
7.003,7.048,6.7435,6.778,6.5745,6.5905,6.7885,6.829
7.06,7.003,7.048,6.7435,6.778,6.5745,6.5905,6.7885
7.008,7.06,7.003,7.048,6.7435,6.778,6.5745,6.5905
7.214,7.008,7.06,7.003,7.048,6.7435,6.778,6.5745
7.291,7.214,7.008,7.06,7.003,7.048,6.7435,6.778
7.1085,7.291,7.214,7.008,7.06,7.003,7.048,6.7435
7.1215,7.1085,7.291,7.214,7.008,7.06,7.003,7.048
7.21,7.1215,7.1085,7.291,7.214,7.008,7.06,7.003
7.3215,7.21,7.1215,7.1085,7.291,7.214,7.008,7.06
7.5045,7.3215,7.21,7.1215,7.1085,7.291,7.214,7.008
7.1815,7.5045,7.3215,7.21,7.1215,7.1085,7.291,7.214
7.3555,7.1815,7.5045,7.3215,7.21,7.1215,7.1085,7.291
7.101,7.3555,7.1815,7.5045,7.3215,7.21,7.1215,7.1085
6.9675,7.101,7.3555,7.1815,7.5045,7.3215,7.21,7.1215
7.0865,6.9675,7.101,7.3555,7.1815,7.5045,7.3215,7.21
6.855,7.0865,6.9675,7.101,7.3555,7.1815,7.5045,7.3215
6.8745,6.855,7.0865,6.9675,7.101,7.3555,7.1815,7.5045
6.4915,6.8745,6.855,7.0865,6.9675,7.101,7.3555,7.1815
6.5465,6.4915,6.8745,6.855,7.0865,6.9675,7.101,7.3555
6.4355,6.5465,6.4915,6.8745,6.855,7.0865,6.9675,7.101
6.249,6.4355,6.5465,6.4915,6.8745,6.855,7.0865,6.9675
6.5645,6.249,6.4355,6.5465,6.4915,6.8745,6.855,7.0865
6.523,6.5645,6.249,6.4355,6.5465,6.4915,6.8745,6.855
6.6935,6.523,6.5645,6.249,6.4355,6.5465,6.4915,6.8745
6.5735,6.6935,6.523,6.5645,6.249,6.4355,6.5465,6.4915
6.4265,6.5735,6.6935,6.523,6.5645,6.249,6.4355,6.5465
6.4455,6.4265,6.5735,6.6935,6.523,6.5645,6.249,6.4355
6.314,6.4455,6.4265,6.5735,6.6935,6.523,6.5645,6.249
6.2295,6.314,6.4455,6.4265,6.5735,6.6935,6.523,6.5645
5.9855,6.2295,6.314,6.4455,6.4265,6.5735,6.6935,6.523
6.136,5.9855,6.2295,6.314,6.4455,6.4265,6.5735,6.6935
6.106,6.136,5.9855,6.2295,6.314,6.4455,6.4265,6.5735
6.243,6.106,6.136,5.9855,6.2295,6.314,6.4455,6.4265
6.1605,6.243,6.106,6.136,5.9855,6.2295,6.314,6.4455
6.335,6.1605,6.243,6.106,6.136,5.9855,6.2295,6.314
6.273,6.335,6.1605,6.243,6.106,6.136,5.9855,6.2295
6.162,6.273,6.335,6.1605,6.243,6.106,6.136,5.9855
6.3155,6.162,6.273,6.335,6.1605,6.243,6.106,6.136
6.438,6.3155,6.162,6.273,6.335,6.1605,6.243,6.106
6.1385,6.438,6.3155,6.162,6.273,6.335,6.1605,6.243
6.1005,6.1385,6.438,6.3155,6.162,6.273,6.335,6.1605
5.942,6.1005,6.1385,6.438,6.3155,6.162,6.273,6.335
5.8955,5.942,6.1005,6.1385,6.438,6.3155,6.162,6.273
6.1605,5.8955,5.942,6.1005,6.1385,6.438,6.3155,6.162
6.1515,6.1605,5.8955,5.942,6.1005,6.1385,6.438,6.3155
6.1915,6.1515,6.1605,5.8955,5.942,6.1005,6.1385,6.438
6.342,6.1915,6.1515,6.1605,5.8955,5.942,6.1005,6.1385
6.345,6.342,6.1915,6.1515,6.1605,5.8955,5.942,6.1005
6.2945,6.345,6.342,6.1915,6.1515,6.1605,5.8955,5.942
6.2915,6.2945,6.345,6.342,6.1915,6.1515,6.1605,5.8955
6.1275,6.2915,6.2945,6.345,6.342,6.1915,6.1515,6.1605
6.1155,6.1275,6.2915,6.2945,6.345,6.342,6.1915,6.1515
6.0725,6.1155,6.1275,6.2915,6.2945,6.345,6.342,6.1915
5.9165,6.0725,6.1155,6.1275,6.2915,6.2945,6.345,6.342
6.05,5.9165,6.0725,6.1155,6.1275,6.2915,6.2945,6.345
5.89,6.05,5.9165,6.0725,6.1155,6.1275,6.2915,6.2945
5.4305,5.89,6.05,5.9165,6.0725,6.1155,6.1275,6.2915
5.463,5.4305,5.89,6.05,5.9165,6.0725,6.1155,6.1275
5.548,5.463,5.4305,5.89,6.05,5.9165,6.0725,6.1155
5.457,5.548,5.463,5.4305,5.89,6.05,5.9165,6.0725
5.503,5.457,5.548,5.463,5.4305,5.89,6.05,5.9165
5.6715,5.503,5.457,5.548,5.463,5.4305,5.89,6.05
5.811,5.6715,5.503,5.457,5.548,5.463,5.4305,5.89
5.863,5.811,5.6715,5.503,5.457,5.548,5.463,5.4305
5.9755,5.863,5.811,5.6715,5.503,5.457,5.548,5.463
6.1825,5.9755,5.863,5.811,5.6715,5.503,5.457,5.548
6.165,6.1825,5.9755,5.863,5.811,5.6715,5.503,5.457
6.103,6.165,6.1825,5.9755,5.863,5.811,5.6715,5.503
5.9245,6.103,6.165,6.1825,5.9755,5.863,5.811,5.6715
5.997,5.9245,6.103,6.165,6.1825,5.9755,5.863,5.811
6.005,5.997,5.9245,6.103,6.165,6.1825,5.9755,5.863
5.8715,6.005,5.997,5.9245,6.103,6.165,6.1825,5.9755
6.0035,5.8715,6.005,5.997,5.9245,6.103,6.165,6.1825
5.9435,6.0035,5.8715,6.005,5.997,5.9245,6.103,6.165
5.92,5.9435,6.0035,5.8715,6.005,5.997,5.9245,6.103
5.8565,5.92,5.9435,6.0035,5.8715,6.005,5.997,5.9245
5.8565,5.8565,5.92,5.9435,6.0035,5.8715,6.005,5.997
5.843,5.8565,5.8565,5.92,5.9435,6.0035,5.8715,6.005
5.8945,5.843,5.8565,5.8565,5.92,5.9435,6.0035,5.8715
6.0035,5.8945,5.843,5.8565,5.8565,5.92,5.9435,6.0035
6.121,6.0035,5.8945,5.843,5.8565,5.8565,5.92,5.9435
6.379,6.121,6.0035,5.8945,5.843,5.8565,5.8565,5.92
6.3915,6.379,6.121,6.0035,5.8945,5.843,5.8565,5.8565
6.416,6.3915,6.379,6.121,6.0035,5.8945,5.843,5.8565
6.4415,6.416,6.3915,6.379,6.121,6.0035,5.8945,5.843
6.5,6.4415,6.416,6.3915,6.379,6.121,6.0035,5.8945
6.2945,6.5,6.4415,6.416,6.3915,6.379,6.121,6.0035
6.328,6.2945,6.5,6.4415,6.416,6.3915,6.379,6.121
6.2345,6.328,6.2945,6.5,6.4415,6.416,6.3915,6.379
6.3035,6.2345,6.328,6.2945,6.5,6.4415,6.416,6.3915
6.443,6.3035,6.2345,6.328,6.2945,6.5,6.4415,6.416
6.4825,6.443,6.3035,6.2345,6.328,6.2945,6.5,6.4415
6.3785,6.4825,6.443,6.3035,6.2345,6.328,6.2945,6.5
6.388,6.3785,6.4825,6.443,6.3035,6.2345,6.328,6.2945
6.33,6.388,6.3785,6.4825,6.443,6.3035,6.2345,6.328
6.2265,6.33,6.388,6.3785,6.4825,6.443,6.3035,6.2345
6.3425,6.2265,6.33,6.388,6.3785,6.4825,6.443,6.3035
6.243,6.3425,6.2265,6.33,6.388,6.3785,6.4825,6.443
6.332,6.243,6.3425,6.2265,6.33,6.388,6.3785,6.4825
6.1895,6.332,6.243,6.3425,6.2265,6.33,6.388,6.3785
6.2415,6.1895,6.332,6.243,6.3425,6.2265,6.33,6.388
6.6245,6.2415,6.1895,6.332,6.243,6.3425,6.2265,6.33
6.7605,6.6245,6.2415,6.1895,6.332,6.243,6.3425,6.2265
6.9395,6.7605,6.6245,6.2415,6.1895,6.332,6.243,6.3425
6.861,6.9395,6.7605,6.6245,6.2415,6.1895,6.332,6.243
6.957,6.861,6.9395,6.7605,6.6245,6.2415,6.1895,6.332
7.019,6.957,6.861,6.9395,6.7605,6.6245,6.2415,6.1895
7.122,7.019,6.957,6.861,6.9395,6.7605,6.6245,6.2415
7.2535,7.122,7.019,6.957,6.861,6.9395,6.7605,6.6245
7.2875,7.2535,7.122,7.019,6.957,6.861,6.9395,6.7605
7.2725,7.2875,7.2535,7.122,7.019,6.957,6.861,6.9395
7.4065,7.2725,7.2875,7.2535,7.122,7.019,6.957,6.861
7.416,7.4065,7.2725,7.2875,7.2535,7.122,7.019,6.957
7.565,7.416,7.4065,7.2725,7.2875,7.2535,7.122,7.019
7.5365,7.565,7.416,7.4065,7.2725,7.2875,7.2535,7.122
7.5915,7.5365,7.565,7.416,7.4065,7.2725,7.2875,7.2535
7.6425,7.5915,7.5365,7.565,7.416,7.4065,7.2725,7.2875
8.0365,7.6425,7.5915,7.5365,7.565,7.416,7.4065,7.2725
7.9685,8.0365,7.6425,7.5915,7.5365,7.565,7.416,7.4065
7.985,7.9685,8.0365,7.6425,7.5915,7.5365,7.565,7.416
7.9495,7.985,7.9685,8.0365,7.6425,7.5915,7.5365,7.565
7.853,7.9495,7.985,7.9685,8.0365,7.6425,7.5915,7.5365
7.6855,7.853,7.9495,7.985,7.9685,8.0365,7.6425,7.5915
7.7695,7.6855,7.853,7.9495,7.985,7.9685,8.0365,7.6425
8.0435,7.7695,7.6855,7.853,7.9495,7.985,7.9685,8.0365
7.77,8.0435,7.7695,7.6855,7.853,7.9495,7.985,7.9685
7.8135,7.77,8.0435,7.7695,7.6855,7.853,7.9495,7.985
7.7775,7.8135,7.77,8.0435,7.7695,7.6855,7.853,7.9495
7.6515,7.7775,7.8135,7.77,8.0435,7.7695,7.6855,7.853
7.824,7.6515,7.7775,7.8135,7.77,8.0435,7.7695,7.6855
7.7585,7.824,7.6515,7.7775,7.8135,7.77,8.0435,7.7695
7.7765,7.7585,7.824,7.6515,7.7775,7.8135,7.77,8.0435
8.232,7.7765,7.7585,7.824,7.6515,7.7775,7.8135,7.77
8.178,8.232,7.7765,7.7585,7.824,7.6515,7.7775,7.8135
7.9335,8.178,8.232,7.7765,7.7585,7.824,7.6515,7.7775
7.9335,7.9335,8.178,8.232,7.7765,7.7585,7.824,7.6515
8.2485,7.9335,7.9335,8.178,8.232,7.7765,7.7585,7.824
8.4565,8.2485,7.9335,7.9335,8.178,8.232,7.7765,7.7585
8.45,8.4565,8.2485,7.9335,7.9335,8.178,8.232,7.7765
8.4975,8.45,8.4565,8.2485,7.9335,7.9335,8.178,8.232
8.3755,8.4975,8.45,8.4565,8.2485,7.9335,7.9335,8.178
8.342,8.3755,8.4975,8.45,8.4565,8.2485,7.9335,7.9335
8.2615,8.342,8.3755,8.4975,8.45,8.4565,8.2485,7.9335
8.129,8.2615,8.342,8.3755,8.4975,8.45,8.4565,8.2485
8.2305,8.129,8.2615,8.342,8.3755,8.4975,8.45,8.4565
8.4235,8.2305,8.129,8.2615,8.342,8.3755,8.4975,8.45
8.4465,8.4235,8.2305,8.129,8.2615,8.342,8.3755,8.4975
8.5385,8.4465,8.4235,8.2305,8.129,8.2615,8.342,8.3755
8.5995,8.5385,8.4465,8.4235,8.2305,8.129,8.2615,8.342
8.5135,8.5995,8.5385,8.4465,8.4235,8.2305,8.129,8.2615
8.6665,8.5135,8.5995,8.5385,8.4465,8.4235,8.2305,8.129
8.5185,8.6665,8.5135,8.5995,8.5385,8.4465,8.4235,8.2305
8.284,8.5185,8.6665,8.5135,8.5995,8.5385,8.4465,8.4235
7.945,8.284,8.5185,8.6665,8.5135,8.5995,8.5385,8.4465
7.889,7.945,8.284,8.5185,8.6665,8.5135,8.5995,8.5385
7.9175,7.889,7.945,8.284,8.5185,8.6665,8.5135,8.5995
8.2085,7.9175,7.889,7.945,8.284,8.5185,8.6665,8.5135
8.241,8.2085,7.9175,7.889,7.945,8.284,8.5185,8.6665
8.5195,8.241,8.2085,7.9175,7.889,7.945,8.284,8.5185
8.41,8.5195,8.241,8.2085,7.9175,7.889,7.945,8.284
8.8625,8.41,8.5195,8.241,8.2085,7.9175,7.889,7.945
8.86,8.8625,8.41,8.5195,8.241,8.2085,7.9175,7.889
8.9745,8.86,8.8625,8.41,8.5195,8.241,8.2085,7.9175
8.77,8.9745,8.86,8.8625,8.41,8.5195,8.241,8.2085
8.8275,8.77,8.9745,8.86,8.8625,8.41,8.5195,8.241
8.8265,8.8275,8.77,8.9745,8.86,8.8625,8.41,8.5195
8.784,8.8265,8.8275,8.77,8.9745,8.86,8.8625,8.41
8.9025,8.784,8.8265,8.8275,8.77,8.9745,8.86,8.8625
8.8385,8.9025,8.784,8.8265,8.8275,8.77,8.9745,8.86
8.8145,8.8385,8.9025,8.784,8.8265,8.8275,8.77,8.9745
8.7425,8.8145,8.8385,8.9025,8.784,8.8265,8.8275,8.77
8.781,8.7425,8.8145,8.8385,8.9025,8.784,8.8265,8.8275
8.7125,8.781,8.7425,8.8145,8.8385,8.9025,8.784,8.8265
8.697,8.7125,8.781,8.7425,8.8145,8.8385,8.9025,8.784
8.7785,8.697,8.7125,8.781,8.7425,8.8145,8.8385,8.9025
8.902,8.7785,8.697,8.7125,8.781,8.7425,8.8145,8.8385
8.879,8.902,8.7785,8.697,8.7125,8.781,8.7425,8.8145
9.1645,8.879,8.902,8.7785,8.697,8.7125,8.781,8.7425
9.2375,9.1645,8.879,8.902,8.7785,8.697,8.7125,8.781
9.238,9.2375,9.1645,8.879,8.902,8.7785,8.697,8.7125
9.1295,9.238,9.2375,9.1645,8.879,8.902,8.7785,8.697
9.107,9.1295,9.238,9.2375,9.1645,8.879,8.902,8.7785
9.0545,9.107,9.1295,9.238,9.2375,9.1645,8.879,8.902
9.1685,9.0545,9.107,9.1295,9.238,9.2375,9.1645,8.879
9.1375,9.1685,9.0545,9.107,9.1295,9.238,9.2375,9.1645
9.0,9.1375,9.1685,9.0545,9.107,9.1295,9.238,9.2375
9.211,9.0,9.1375,9.1685,9.0545,9.107,9.1295,9.238
9.2505,9.211,9.0,9.1375,9.1685,9.0545,9.107,9.1295
9.371,9.2505,9.211,9.0,9.1375,9.1685,9.0545,9.107
9.293,9.371,9.2505,9.211,9.0,9.1375,9.1685,9.0545
9.2745,9.293,9.371,9.2505,9.211,9.0,9.1375,9.1685
9.234,9.2745,9.293,9.371,9.2505,9.211,9.0,9.1375
9.217,9.234,9.2745,9.293,9.371,9.2505,9.211,9.0
9.204,9.217,9.234,9.2745,9.293,9.371,9.2505,9.211
9.2765,9.204,9.217,9.234,9.2745,9.293,9.371,9.2505
9.4375,9.2765,9.204,9.217,9.234,9.2745,9.293,9.371
9.5625,9.4375,9.2765,9.204,9.217,9.234,9.2745,9.293
9.3435,9.5625,9.4375,9.2765,9.204,9.217,9.234,9.2745
9.098,9.3435,9.5625,9.4375,9.2765,9.204,9.217,9.234
8.871,9.098,9.3435,9.5625,9.4375,9.2765,9.204,9.217
8.8425,8.871,9.098,9.3435,9.5625,9.4375,9.2765,9.204
8.835,8.8425,8.871,9.098,9.3435,9.5625,9.4375,9.2765
8.7695,8.835,8.8425,8.871,9.098,9.3435,9.5625,9.4375
9.2225,8.7695,8.835,8.8425,8.871,9.098,9.3435,9.5625
8.557,9.2225,8.7695,8.835,8.8425,8.871,9.098,9.3435
8.482,8.557,9.2225,8.7695,8.835,8.8425,8.871,9.098
8.6055,8.482,8.557,9.2225,8.7695,8.835,8.8425,8.871
8.6765,8.6055,8.482,8.557,9.2225,8.7695,8.835,8.8425
8.6855,8.6765,8.6055,8.482,8.557,9.2225,8.7695,8.835
8.7965,8.6855,8.6765,8.6055,8.482,8.557,9.2225,8.7695
8.8215,8.7965,8.6855,8.6765,8.6055,8.482,8.557,9.2225
9.153,8.8215,8.7965,8.6855,8.6765,8.6055,8.482,8.557
9.265,9.153,8.8215,8.7965,8.6855,8.6765,8.6055,8.482
9.3105,9.265,9.153,8.8215,8.7965,8.6855,8.6765,8.6055
9.4625,9.3105,9.265,9.153,8.8215,8.7965,8.6855,8.6765
9.521,9.4625,9.3105,9.265,9.153,8.8215,8.7965,8.6855
9.4515,9.521,9.4625,9.3105,9.265,9.153,8.8215,8.7965
9.331,9.4515,9.521,9.4625,9.3105,9.265,9.153,8.8215
9.388,9.331,9.4515,9.521,9.4625,9.3105,9.265,9.153
9.325,9.388,9.331,9.4515,9.521,9.4625,9.3105,9.265
9.021,9.325,9.388,9.331,9.4515,9.521,9.4625,9.3105
8.834,9.021,9.325,9.388,9.331,9.4515,9.521,9.4625
8.8875,8.834,9.021,9.325,9.388,9.331,9.4515,9.521
8.862,8.8875,8.834,9.021,9.325,9.388,9.331,9.4515
8.6645,8.862,8.8875,8.834,9.021,9.325,9.388,9.331
8.472,8.6645,8.862,8.8875,8.834,9.021,9.325,9.388
8.601,8.472,8.6645,8.862,8.8875,8.834,9.021,9.325
8.6395,8.601,8.472,8.6645,8.862,8.8875,8.834,9.021
8.5835,8.6395,8.601,8.472,8.6645,8.862,8.8875,8.834
8.454,8.5835,8.6395,8.601,8.472,8.6645,8.862,8.8875
8.3445,8.454,8.5835,8.6395,8.601,8.472,8.6645,8.862
8.4525,8.3445,8.454,8.5835,8.6395,8.601,8.472,8.6645
8.307,8.4525,8.3445,8.454,8.5835,8.6395,8.601,8.472
8.4035,8.307,8.4525,8.3445,8.454,8.5835,8.6395,8.601
8.3365,8.4035,8.307,8.4525,8.3445,8.454,8.5835,8.6395
8.254,8.3365,8.4035,8.307,8.4525,8.3445,8.454,8.5835
8.235,8.254,8.3365,8.4035,8.307,8.4525,8.3445,8.454
8.0485,8.235,8.254,8.3365,8.4035,8.307,8.4525,8.3445
8.091,8.0485,8.235,8.254,8.3365,8.4035,8.307,8.4525
8.226,8.091,8.0485,8.235,8.254,8.3365,8.4035,8.307
8.13,8.226,8.091,8.0485,8.235,8.254,8.3365,8.4035
8.266,8.13,8.226,8.091,8.0485,8.235,8.254,8.3365
8.555,8.266,8.13,8.226,8.091,8.0485,8.235,8.254
8.549,8.555,8.266,8.13,8.226,8.091,8.0485,8.235
8.4675,8.549,8.555,8.266,8.13,8.226,8.091,8.0485
8.731,8.4675,8.549,8.555,8.266,8.13,8.226,8.091
8.971,8.731,8.4675,8.549,8.555,8.266,8.13,8.226
9.0065,8.971,8.731,8.4675,8.549,8.555,8.266,8.13
9.0065,9.0065,8.971,8.731,8.4675,8.549,8.555,8.266
9.147,9.0065,9.0065,8.971,8.731,8.4675,8.549,8.555
9.2645,9.147,9.0065,9.0065,8.971,8.731,8.4675,8.549
9.138,9.2645,9.147,9.0065,9.0065,8.971,8.731,8.4675
9.2455,9.138,9.2645,9.147,9.0065,9.0065,8.971,8.731
9.2355,9.2455,9.138,9.2645,9.147,9.0065,9.0065,8.971
9.202,9.2355,9.2455,9.138,9.2645,9.147,9.0065,9.0065
9.024,9.202,9.2355,9.2455,9.138,9.2645,9.147,9.0065
9.1145,9.024,9.202,9.2355,9.2455,9.138,9.2645,9.147
9.091,9.1145,9.024,9.202,9.2355,9.2455,9.138,9.2645
9.0005,9.091,9.1145,9.024,9.202,9.2355,9.2455,9.138
8.917,9.0005,9.091,9.1145,9.024,9.202,9.2355,9.2455
8.941,8.917,9.0005,9.091,9.1145,9.024,9.202,9.2355
9.1935,8.941,8.917,9.0005,9.091,9.1145,9.024,9.202
9.2945,9.1935,8.941,8.917,9.0005,9.091,9.1145,9.024
9.271,9.2945,9.1935,8.941,8.917,9.0005,9.091,9.1145
9.115,9.271,9.2945,9.1935,8.941,8.917,9.0005,9.091
9.8315,9.115,9.271,9.2945,9.1935,8.941,8.917,9.0005
9.7535,9.8315,9.115,9.271,9.2945,9.1935,8.941,8.917
9.7905,9.7535,9.8315,9.115,9.271,9.2945,9.1935,8.941
10.0595,9.7905,9.7535,9.8315,9.115,9.271,9.2945,9.1935
9.9225,10.0595,9.7905,9.7535,9.8315,9.115,9.271,9.2945
9.9985,9.9225,10.0595,9.7905,9.7535,9.8315,9.115,9.271
9.8555,9.9985,9.9225,10.0595,9.7905,9.7535,9.8315,9.115
9.88,9.8555,9.9985,9.9225,10.0595,9.7905,9.7535,9.8315
10.04,9.88,9.8555,9.9985,9.9225,10.0595,9.7905,9.7535
10.197,10.04,9.88,9.8555,9.9985,9.9225,10.0595,9.7905
10.219,10.197,10.04,9.88,9.8555,9.9985,9.9225,10.0595
10.3035,10.219,10.197,10.04,9.88,9.8555,9.9985,9.9225
10.128,10.3035,10.219,10.197,10.04,9.88,9.8555,9.9985
9.6255,10.128,10.3035,10.219,10.197,10.04,9.88,9.8555
9.7405,9.6255,10.128,10.3035,10.219,10.197,10.04,9.88
9.8545,9.7405,9.6255,10.128,10.3035,10.219,10.197,10.04
9.94,9.8545,9.7405,9.6255,10.128,10.3035,10.219,10.197
9.9325,9.94,9.8545,9.7405,9.6255,10.128,10.3035,10.219
9.811,9.9325,9.94,9.8545,9.7405,9.6255,10.128,10.3035
9.6635,9.811,9.9325,9.94,9.8545,9.7405,9.6255,10.128
9.613,9.6635,9.811,9.9325,9.94,9.8545,9.7405,9.6255
9.75,9.613,9.6635,9.811,9.9325,9.94,9.8545,9.7405
9.7065,9.75,9.613,9.6635,9.811,9.9325,9.94,9.8545
9.8345,9.7065,9.75,9.613,9.6635,9.811,9.9325,9.94
9.62,9.8345,9.7065,9.75,9.613,9.6635,9.811,9.9325
9.6825,9.62,9.8345,9.7065,9.75,9.613,9.6635,9.811
9.416,9.6825,9.62,9.8345,9.7065,9.75,9.613,9.6635
9.2845,9.416,9.6825,9.62,9.8345,9.7065,9.75,9.613
9.3775,9.2845,9.416,9.6825,9.62,9.8345,9.7065,9.75
9.4025,9.3775,9.2845,9.416,9.6825,9.62,9.8345,9.7065
9.484,9.4025,9.3775,9.2845,9.416,9.6825,9.62,9.8345
9.3265,9.484,9.4025,9.3775,9.2845,9.416,9.6825,9.62
9.3145,9.3265,9.484,9.4025,9.3775,9.2845,9.416,9.6825
9.498,9.3145,9.3265,9.484,9.4025,9.3775,9.2845,9.416
9.299,9.498,9.3145,9.3265,9.484,9.4025,9.3775,9.2845
9.1825,9.299,9.498,9.3145,9.3265,9.484,9.4025,9.3775
9.3185,9.1825,9.299,9.498,9.3145,9.3265,9.484,9.4025
9.386,9.3185,9.1825,9.299,9.498,9.3145,9.3265,9.484
9.7115,9.386,9.3185,9.1825,9.299,9.498,9.3145,9.3265
9.5815,9.7115,9.386,9.3185,9.1825,9.299,9.498,9.3145
9.708,9.5815,9.7115,9.386,9.3185,9.1825,9.299,9.498
9.6275,9.708,9.5815,9.7115,9.386,9.3185,9.1825,9.299
10.0625,9.6275,9.708,9.5815,9.7115,9.386,9.3185,9.1825
10.1175,10.0625,9.6275,9.708,9.5815,9.7115,9.386,9.3185
10.209,10.1175,10.0625,9.6275,9.708,9.5815,9.7115,9.386
10.2245,10.209,10.1175,10.0625,9.6275,9.708,9.5815,9.7115
10.4745,10.2245,10.209,10.1175,10.0625,9.6275,9.708,9.5815
10.6595,10.4745,10.2245,10.209,10.1175,10.0625,9.6275,9.708
10.7095,10.6595,10.4745,10.2245,10.209,10.1175,10.0625,9.6275
10.837,10.7095,10.6595,10.4745,10.2245,10.209,10.1175,10.0625
10.914,10.837,10.7095,10.6595,10.4745,10.2245,10.209,10.1175
10.6275,10.914,10.837,10.7095,10.6595,10.4745,10.2245,10.209
10.5615,10.6275,10.914,10.837,10.7095,10.6595,10.4745,10.2245
10.675,10.5615,10.6275,10.914,10.837,10.7095,10.6595,10.4745
10.519,10.675,10.5615,10.6275,10.914,10.837,10.7095,10.6595
10.6435,10.519,10.675,10.5615,10.6275,10.914,10.837,10.7095
10.5765,10.6435,10.519,10.675,10.5615,10.6275,10.914,10.837
10.903,10.5765,10.6435,10.519,10.675,10.5615,10.6275,10.914
10.7775,10.903,10.5765,10.6435,10.519,10.675,10.5615,10.6275
10.6605,10.7775,10.903,10.5765,10.6435,10.519,10.675,10.5615
10.826,10.6605,10.7775,10.903,10.5765,10.6435,10.519,10.675
10.6745,10.826,10.6605,10.7775,10.903,10.5765,10.6435,10.519
10.709,10.6745,10.826,10.6605,10.7775,10.903,10.5765,10.6435
11.126,10.709,10.6745,10.826,10.6605,10.7775,10.903,10.5765
11.195,11.126,10.709,10.6745,10.826,10.6605,10.7775,10.903
11.126,11.195,11.126,10.709,10.6745,10.826,10.6605,10.7775
11.066,11.126,11.195,11.126,10.709,10.6745,10.826,10.6605
10.585,11.066,11.126,11.195,11.126,10.709,10.6745,10.826
10.498,10.585,11.066,11.126,11.195,11.126,10.709,10.6745
10.074,10.498,10.585,11.066,11.126,11.195,11.126,10.709
10.135,10.074,10.498,10.585,11.066,11.126,11.195,11.126
9.685,10.135,10.074,10.498,10.585,11.066,11.126,11.195
10.2545,9.685,10.135,10.074,10.498,10.585,11.066,11.126
9.7065,10.2545,9.685,10.135,10.074,10.498,10.585,11.066
9.918,9.7065,10.2545,9.685,10.135,10.074,10.498,10.585
10.115,9.918,9.7065,10.2545,9.685,10.135,10.074,10.498
10.1475,10.115,9.918,9.7065,10.2545,9.685,10.135,10.074
9.884,10.1475,10.115,9.918,9.7065,10.2545,9.685,10.135
9.7965,9.884,10.1475,10.115,9.918,9.7065,10.2545,9.685
9.126,9.7965,9.884,10.1475,10.115,9.918,9.7065,10.2545
8.9465,9.126,9.7965,9.884,10.1475,10.115,9.918,9.7065
8.877,8.9465,9.126,9.7965,9.884,10.1475,10.115,9.918
9.6775,8.877,8.9465,9.126,9.7965,9.884,10.1475,10.115
9.6865,9.6775,8.877,8.9465,9.126,9.7965,9.884,10.1475
9.6015,9.6865,9.6775,8.877,8.9465,9.126,9.7965,9.884
9.9635,9.6015,9.6865,9.6775,8.877,8.9465,9.126,9.7965
10.3265,9.9635,9.6015,9.6865,9.6775,8.877,8.9465,9.126
10.546,10.3265,9.9635,9.6015,9.6865,9.6775,8.877,8.9465
10.7615,10.546,10.3265,9.9635,9.6015,9.6865,9.6775,8.877
10.627,10.7615,10.546,10.3265,9.9635,9.6015,9.6865,9.6775
10.5,10.627,10.7615,10.546,10.3265,9.9635,9.6015,9.6865
10.809,10.5,10.627,10.7615,10.546,10.3265,9.9635,9.6015
10.995,10.809,10.5,10.627,10.7615,10.546,10.3265,9.9635
10.863,10.995,10.809,10.5,10.627,10.7615,10.546,10.3265
10.5695,10.863,10.995,10.809,10.5,10.627,10.7615,10.546
10.828,10.5695,10.863,10.995,10.809,10.5,10.627,10.7615
10.9765,10.828,10.5695,10.863,10.995,10.809,10.5,10.627
11.1285,10.9765,10.828,10.5695,10.863,10.995,10.809,10.5
11.339,11.1285,10.9765,10.828,10.5695,10.863,10.995,10.809
11.965,11.339,11.1285,10.9765,10.828,10.5695,10.863,10.995
12.0845,11.965,11.339,11.1285,10.9765,10.828,10.5695,10.863
11.6625,12.0845,11.965,11.339,11.1285,10.9765,10.828,10.5695
11.5935,11.6625,12.0845,11.965,11.339,11.1285,10.9765,10.828
11.1615,11.5935,11.6625,12.0845,11.965,11.339,11.1285,10.9765
11.1805,11.1615,11.5935,11.6625,12.0845,11.965,11.339,11.1285
11.4925,11.1805,11.1615,11.5935,11.6625,12.0845,11.965,11.339
11.2105,11.4925,11.1805,11.1615,11.5935,11.6625,12.0845,11.965
11.4855,11.2105,11.4925,11.1805,11.1615,11.5935,11.6625,12.0845
11.122,11.4855,11.2105,11.4925,11.1805,11.1615,11.5935,11.6625
10.8115,11.122,11.4855,11.2105,11.4925,11.1805,11.1615,11.5935
10.599,10.8115,11.122,11.4855,11.2105,11.4925,11.1805,11.1615
10.625,10.599,10.8115,11.122,11.4855,11.2105,11.4925,11.1805
10.975,10.625,10.599,10.8115,11.122,11.4855,11.2105,11.4925
11.0755,10.975,10.625,10.599,10.8115,11.122,11.4855,11.2105
11.237,11.0755,10.975,10.625,10.599,10.8115,11.122,11.4855
11.566,11.237,11.0755,10.975,10.625,10.599,10.8115,11.122
11.774,11.566,11.237,11.0755,10.975,10.625,10.599,10.8115
11.8405,11.774,11.566,11.237,11.0755,10.975,10.625,10.599
11.8075,11.8405,11.774,11.566,11.237,11.0755,10.975,10.625
12.3355,11.8075,11.8405,11.774,11.566,11.237,11.0755,10.975
12.1165,12.3355,11.8075,11.8405,11.774,11.566,11.237,11.0755
12.194,12.1165,12.3355,11.8075,11.8405,11.774,11.566,11.237
11.5765,12.194,12.1165,12.3355,11.8075,11.8405,11.774,11.566
11.6805,11.5765,12.194,12.1165,12.3355,11.8075,11.8405,11.774
11.739,11.6805,11.5765,12.194,12.1165,12.3355,11.8075,11.8405
11.8805,11.739,11.6805,11.5765,12.194,12.1165,12.3355,11.8075
11.3575,11.8805,11.739,11.6805,11.5765,12.194,12.1165,12.3355
9.92,11.3575,11.8805,11.739,11.6805,11.5765,12.194,12.1165
10.339,9.92,11.3575,11.8805,11.739,11.6805,11.5765,12.194
10.866,10.339,9.92,11.3575,11.8805,11.739,11.6805,11.5765
10.6755,10.866,10.339,9.92,11.3575,11.8805,11.739,11.6805
10.605,10.6755,10.866,10.339,9.92,11.3575,11.8805,11.739
10.781,10.605,10.6755,10.866,10.339,9.92,11.3575,11.8805
10.9145,10.781,10.605,10.6755,10.866,10.339,9.92,11.3575
10.824,10.9145,10.781,10.605,10.6755,10.866,10.339,9.92
10.85,10.824,10.9145,10.781,10.605,10.6755,10.866,10.339
10.8995,10.85,10.824,10.9145,10.781,10.605,10.6755,10.866
10.561,10.8995,10.85,10.824,10.9145,10.781,10.605,10.6755
10.5395,10.561,10.8995,10.85,10.824,10.9145,10.781,10.605
10.8695,10.5395,10.561,10.8995,10.85,10.824,10.9145,10.781
10.9465,10.8695,10.5395,10.561,10.8995,10.85,10.824,10.9145
10.8915,10.9465,10.8695,10.5395,10.561,10.8995,10.85,10.824
10.5995,10.8915,10.9465,10.8695,10.5395,10.561,10.8995,10.85
10.226,10.5995,10.8915,10.9465,10.8695,10.5395,10.561,10.8995
9.857,10.226,10.5995,10.8915,10.9465,10.8695,10.5395,10.561
9.4625,9.857,10.226,10.5995,10.8915,10.9465,10.8695,10.5395
9.617,9.4625,9.857,10.226,10.5995,10.8915,10.9465,10.8695
9.4495,9.617,9.4625,9.857,10.226,10.5995,10.8915,10.9465
9.12,9.4495,9.617,9.4625,9.857,10.226,10.5995,10.8915
9.7075,9.12,9.4495,9.617,9.4625,9.857,10.226,10.5995
9.4195,9.7075,9.12,9.4495,9.617,9.4625,9.857,10.226
9.6145,9.4195,9.7075,9.12,9.4495,9.617,9.4625,9.857
9.8565,9.6145,9.4195,9.7075,9.12,9.4495,9.617,9.4625
9.8015,9.8565,9.6145,9.4195,9.7075,9.12,9.4495,9.617
9.812,9.8015,9.8565,9.6145,9.4195,9.7075,9.12,9.4495
9.5995,9.812,9.8015,9.8565,9.6145,9.4195,9.7075,9.12
9.766,9.5995,9.812,9.8015,9.8565,9.6145,9.4195,9.7075
9.524,9.766,9.5995,9.812,9.8015,9.8565,9.6145,9.4195
9.6515,9.524,9.766,9.5995,9.812,9.8015,9.8565,9.6145
9.476,9.6515,9.524,9.766,9.5995,9.812,9.8015,9.8565
9.0255,9.476,9.6515,9.524,9.766,9.5995,9.812,9.8015
9.0105,9.0255,9.476,9.6515,9.524,9.766,9.5995,9.812
9.063,9.0105,9.0255,9.476,9.6515,9.524,9.766,9.5995
9.063,9.063,9.0105,9.0255,9.476,9.6515,9.524,9.766
8.9665,9.063,9.063,9.0105,9.0255,9.476,9.6515,9.524
9.126,8.9665,9.063,9.063,9.0105,9.0255,9.476,9.6515
8.7175,9.126,8.9665,9.063,9.063,9.0105,9.0255,9.476
8.9515,8.7175,9.126,8.9665,9.063,9.063,9.0105,9.0255
8.864,8.9515,8.7175,9.126,8.9665,9.063,9.063,9.0105
8.8135,8.864,8.9515,8.7175,9.126,8.9665,9.063,9.063
8.6945,8.8135,8.864,8.9515,8.7175,9.126,8.9665,9.063
8.693,8.6945,8.8135,8.864,8.9515,8.7175,9.126,8.9665
8.655,8.693,8.6945,8.8135,8.864,8.9515,8.7175,9.126
8.9515,8.655,8.693,8.6945,8.8135,8.864,8.9515,8.7175
8.8755,8.9515,8.655,8.693,8.6945,8.8135,8.864,8.9515
8.8805,8.8755,8.9515,8.655,8.693,8.6945,8.8135,8.864
9.1305,8.8805,8.8755,8.9515,8.655,8.693,8.6945,8.8135
8.928,9.1305,8.8805,8.8755,8.9515,8.655,8.693,8.6945
8.967,8.928,9.1305,8.8805,8.8755,8.9515,8.655,8.693
8.945,8.967,8.928,9.1305,8.8805,8.8755,8.9515,8.655
8.7965,8.945,8.967,8.928,9.1305,8.8805,8.8755,8.9515
8.921,8.7965,8.945,8.967,8.928,9.1305,8.8805,8.8755
9.083,8.921,8.7965,8.945,8.967,8.928,9.1305,8.8805
9.472,9.083,8.921,8.7965,8.945,8.967,8.928,9.1305
9.7225,9.472,9.083,8.921,8.7965,8.945,8.967,8.928
9.5465,9.7225,9.472,9.083,8.921,8.7965,8.945,8.967
9.3045,9.5465,9.7225,9.472,9.083,8.921,8.7965,8.945
9.35,9.3045,9.5465,9.7225,9.472,9.083,8.921,8.7965
9.39,9.35,9.3045,9.5465,9.7225,9.472,9.083,8.921
9.666,9.39,9.35,9.3045,9.5465,9.7225,9.472,9.083
9.7685,9.666,9.39,9.35,9.3045,9.5465,9.7225,9.472
9.6075,9.7685,9.666,9.39,9.35,9.3045,9.5465,9.7225
9.722,9.6075,9.7685,9.666,9.39,9.35,9.3045,9.5465
8.973,9.722,9.6075,9.7685,9.666,9.39,9.35,9.3045
9.086,8.973,9.722,9.6075,9.7685,9.666,9.39,9.35
9.384,9.086,8.973,9.722,9.6075,9.7685,9.666,9.39
9.157,9.384,9.086,8.973,9.722,9.6075,9.7685,9.666
9.2095,9.157,9.384,9.086,8.973,9.722,9.6075,9.7685
9.274,9.2095,9.157,9.384,9.086,8.973,9.722,9.6075
9.249,9.274,9.2095,9.157,9.384,9.086,8.973,9.722
9.277,9.249,9.274,9.2095,9.157,9.384,9.086,8.973
9.5795,9.277,9.249,9.274,9.2095,9.157,9.384,9.086
9.565,9.5795,9.277,9.249,9.274,9.2095,9.157,9.384
9.2235,9.565,9.5795,9.277,9.249,9.274,9.2095,9.157
8.9965,9.2235,9.565,9.5795,9.277,9.249,9.274,9.2095
9.125,8.9965,9.2235,9.565,9.5795,9.277,9.249,9.274
9.113,9.125,8.9965,9.2235,9.565,9.5795,9.277,9.249
9.029,9.113,9.125,8.9965,9.2235,9.565,9.5795,9.277
8.9445,9.029,9.113,9.125,8.9965,9.2235,9.565,9.5795
8.9565,8.9445,9.029,9.113,9.125,8.9965,9.2235,9.565
8.9265,8.9565,8.9445,9.029,9.113,9.125,8.9965,9.2235
9.19,8.9265,8.9565,8.9445,9.029,9.113,9.125,8.9965
8.9845,9.19,8.9265,8.9565,8.9445,9.029,9.113,9.125
9.002,8.9845,9.19,8.9265,8.9565,8.9445,9.029,9.113
8.965,9.002,8.9845,9.19,8.9265,8.9565,8.9445,9.029
9.013,8.965,9.002,8.9845,9.19,8.9265,8.9565,8.9445
9.0545,9.013,8.965,9.002,8.9845,9.19,8.9265,8.9565
9.1885,9.0545,9.013,8.965,9.002,8.9845,9.19,8.9265
9.382,9.1885,9.0545,9.013,8.965,9.002,8.9845,9.19
9.216,9.382,9.1885,9.0545,9.013,8.965,9.002,8.9845
9.1695,9.216,9.382,9.1885,9.0545,9.013,8.965,9.002
9.2295,9.1695,9.216,9.382,9.1885,9.0545,9.013,8.965
9.113,9.2295,9.1695,9.216,9.382,9.1885,9.0545,9.013
9.2215,9.113,9.2295,9.1695,9.216,9.382,9.1885,9.0545
9.2525,9.2215,9.113,9.2295,9.1695,9.216,9.382,9.1885
9.276,9.2525,9.2215,9.113,9.2295,9.1695,9.216,9.382
9.6165,9.276,9.2525,9.2215,9.113,9.2295,9.1695,9.216
9.5865,9.6165,9.276,9.2525,9.2215,9.113,9.2295,9.1695
9.62,9.5865,9.6165,9.276,9.2525,9.2215,9.113,9.2295
9.752,9.62,9.5865,9.6165,9.276,9.2525,9.2215,9.113
10.1435,9.752,9.62,9.5865,9.6165,9.276,9.2525,9.2215
10.272,10.1435,9.752,9.62,9.5865,9.6165,9.276,9.2525
10.058,10.272,10.1435,9.752,9.62,9.5865,9.6165,9.276
10.2305,10.058,10.272,10.1435,9.752,9.62,9.5865,9.6165
10.1255,10.2305,10.058,10.272,10.1435,9.752,9.62,9.5865
9.9025,10.1255,10.2305,10.058,10.272,10.1435,9.752,9.62
9.983,9.9025,10.1255,10.2305,10.058,10.272,10.1435,9.752
9.6995,9.983,9.9025,10.1255,10.2305,10.058,10.272,10.1435
9.7195,9.6995,9.983,9.9025,10.1255,10.2305,10.058,10.272
9.5935,9.7195,9.6995,9.983,9.9025,10.1255,10.2305,10.058
9.349,9.5935,9.7195,9.6995,9.983,9.9025,10.1255,10.2305
9.3985,9.349,9.5935,9.7195,9.6995,9.983,9.9025,10.1255
9.5345,9.3985,9.349,9.5935,9.7195,9.6995,9.983,9.9025
9.423,9.5345,9.3985,9.349,9.5935,9.7195,9.6995,9.983
9.275,9.423,9.5345,9.3985,9.349,9.5935,9.7195,9.6995
9.4195,9.275,9.423,9.5345,9.3985,9.349,9.5935,9.7195
9.5535,9.4195,9.275,9.423,9.5345,9.3985,9.349,9.5935
9.555,9.5535,9.4195,9.275,9.423,9.5345,9.3985,9.349
9.499,9.555,9.5535,9.4195,9.275,9.423,9.5345,9.3985
9.412,9.499,9.555,9.5535,9.4195,9.275,9.423,9.5345
9.5165,9.412,9.499,9.555,9.5535,9.4195,9.275,9.423
9.721,9.5165,9.412,9.499,9.555,9.5535,9.4195,9.275
9.7995,9.721,9.5165,9.412,9.499,9.555,9.5535,9.4195
11.3425,9.7995,9.721,9.5165,9.412,9.499,9.555,9.5535
11.595,11.3425,9.7995,9.721,9.5165,9.412,9.499,9.555
11.502,11.595,11.3425,9.7995,9.721,9.5165,9.412,9.499
11.5125,11.502,11.595,11.3425,9.7995,9.721,9.5165,9.412
11.4725,11.5125,11.502,11.595,11.3425,9.7995,9.721,9.5165
11.1995,11.4725,11.5125,11.502,11.595,11.3425,9.7995,9.721
11.258,11.1995,11.4725,11.5125,11.502,11.595,11.3425,9.7995
11.195,11.258,11.1995,11.4725,11.5125,11.502,11.595,11.3425
11.149,11.195,11.258,11.1995,11.4725,11.5125,11.502,11.595
11.3345,11.149,11.195,11.258,11.1995,11.4725,11.5125,11.502
11.384,11.3345,11.149,11.195,11.258,11.1995,11.4725,11.5125
11.1465,11.384,11.3345,11.149,11.195,11.258,11.1995,11.4725
11.2195,11.1465,11.384,11.3345,11.149,11.195,11.258,11.1995
11.203,11.2195,11.1465,11.384,11.3345,11.149,11.195,11.258
10.918,11.203,11.2195,11.1465,11.384,11.3345,11.149,11.195
10.6925,10.918,11.203,11.2195,11.1465,11.384,11.3345,11.149
10.9055,10.6925,10.918,11.203,11.2195,11.1465,11.384,11.3345
10.7665,10.9055,10.6925,10.918,11.203,11.2195,11.1465,11.384
10.864,10.7665,10.9055,10.6925,10.918,11.203,11.2195,11.1465
10.762,10.864,10.7665,10.9055,10.6925,10.918,11.203,11.2195
10.6445,10.762,10.864,10.7665,10.9055,10.6925,10.918,11.203
10.7375,10.6445,10.762,10.864,10.7665,10.9055,10.6925,10.918
10.4615,10.7375,10.6445,10.762,10.864,10.7665,10.9055,10.6925
10.6455,10.4615,10.7375,10.6445,10.762,10.864,10.7665,10.9055
10.411,10.6455,10.4615,10.7375,10.6445,10.762,10.864,10.7665
10.7285,10.411,10.6455,10.4615,10.7375,10.6445,10.762,10.864
10.6605,10.7285,10.411,10.6455,10.4615,10.7375,10.6445,10.762
10.882,10.6605,10.7285,10.411,10.6455,10.4615,10.7375,10.6445
10.94,10.882,10.6605,10.7285,10.411,10.6455,10.4615,10.7375
10.924,10.94,10.882,10.6605,10.7285,10.411,10.6455,10.4615
10.825,10.924,10.94,10.882,10.6605,10.7285,10.411,10.6455
10.821,10.825,10.924,10.94,10.882,10.6605,10.7285,10.411
10.7365,10.821,10.825,10.924,10.94,10.882,10.6605,10.7285
10.7225,10.7365,10.821,10.825,10.924,10.94,10.882,10.6605
10.9175,10.7225,10.7365,10.821,10.825,10.924,10.94,10.882
11.133,10.9175,10.7225,10.7365,10.821,10.825,10.924,10.94
11.2015,11.133,10.9175,10.7225,10.7365,10.821,10.825,10.924
11.151,11.2015,11.133,10.9175,10.7225,10.7365,10.821,10.825
11.0285,11.151,11.2015,11.133,10.9175,10.7225,10.7365,10.821
11.108,11.0285,11.151,11.2015,11.133,10.9175,10.7225,10.7365
11.0035,11.108,11.0285,11.151,11.2015,11.133,10.9175,10.7225
11.2805,11.0035,11.108,11.0285,11.151,11.2015,11.133,10.9175
11.281,11.2805,11.0035,11.108,11.0285,11.151,11.2015,11.133
11.0655,11.281,11.2805,11.0035,11.108,11.0285,11.151,11.2015
11.4175,11.0655,11.281,11.2805,11.0035,11.108,11.0285,11.151
11.466,11.4175,11.0655,11.281,11.2805,11.0035,11.108,11.0285
11.4765,11.466,11.4175,11.0655,11.281,11.2805,11.0035,11.108
11.353,11.4765,11.466,11.4175,11.0655,11.281,11.2805,11.0035
11.2525,11.353,11.4765,11.466,11.4175,11.0655,11.281,11.2805
11.2525,11.2525,11.353,11.4765,11.466,11.4175,11.0655,11.281
10.975,11.2525,11.2525,11.353,11.4765,11.466,11.4175,11.0655
10.9185,10.975,11.2525,11.2525,11.353,11.4765,11.466,11.4175
10.768,10.9185,10.975,11.2525,11.2525,11.353,11.4765,11.466
10.9195,10.768,10.9185,10.975,11.2525,11.2525,11.353,11.4765
10.8005,10.9195,10.768,10.9185,10.975,11.2525,11.2525,11.353
10.8465,10.8005,10.9195,10.768,10.9185,10.975,11.2525,11.2525
10.8735,10.8465,10.8005,10.9195,10.768,10.9185,10.975,11.2525
11.3085,10.8735,10.8465,10.8005,10.9195,10.768,10.9185,10.975
11.4145,11.3085,10.8735,10.8465,10.8005,10.9195,10.768,10.9185
11.3005,11.4145,11.3085,10.8735,10.8465,10.8005,10.9195,10.768
11.152,11.3005,11.4145,11.3085,10.8735,10.8465,10.8005,10.9195
10.8525,11.152,11.3005,11.4145,11.3085,10.8735,10.8465,10.8005
11.0005,10.8525,11.152,11.3005,11.4145,11.3085,10.8735,10.8465
11.866,11.0005,10.8525,11.152,11.3005,11.4145,11.3085,10.8735
11.8045,11.866,11.0005,10.8525,11.152,11.3005,11.4145,11.3085
11.665,11.8045,11.866,11.0005,10.8525,11.152,11.3005,11.4145
11.6045,11.665,11.8045,11.866,11.0005,10.8525,11.152,11.3005
11.5405,11.6045,11.665,11.8045,11.866,11.0005,10.8525,11.152
11.7485,11.5405,11.6045,11.665,11.8045,11.866,11.0005,10.8525
11.6995,11.7485,11.5405,11.6045,11.665,11.8045,11.866,11.0005
11.828,11.6995,11.7485,11.5405,11.6045,11.665,11.8045,11.866
11.719,11.828,11.6995,11.7485,11.5405,11.6045,11.665,11.8045
11.703,11.719,11.828,11.6995,11.7485,11.5405,11.6045,11.665
11.6375,11.703,11.719,11.828,11.6995,11.7485,11.5405,11.6045
11.622,11.6375,11.703,11.719,11.828,11.6995,11.7485,11.5405
11.6595,11.622,11.6375,11.703,11.719,11.828,11.6995,11.7485
11.871,11.6595,11.622,11.6375,11.703,11.719,11.828,11.6995
12.0775,11.871,11.6595,11.622,11.6375,11.703,11.719,11.828
12.0585,12.0775,11.871,11.6595,11.622,11.6375,11.703,11.719
12.0175,12.0585,12.0775,11.871,11.6595,11.622,11.6375,11.703
11.9725,12.0175,12.0585,12.0775,11.871,11.6595,11.622,11.6375
12.155,11.9725,12.0175,12.0585,12.0775,11.871,11.6595,11.622
12.06,12.155,11.9725,12.0175,12.0585,12.0775,11.871,11.6595
12.287,12.06,12.155,11.9725,12.0175,12.0585,12.0775,11.871
12.196,12.287,12.06,12.155,11.9725,12.0175,12.0585,12.0775
12.3055,12.196,12.287,12.06,12.155,11.9725,12.0175,12.0585
12.356,12.3055,12.196,12.287,12.06,12.155,11.9725,12.0175
12.311,12.356,12.3055,12.196,12.287,12.06,12.155,11.9725
12.4135,12.311,12.356,12.3055,12.196,12.287,12.06,12.155
12.394,12.4135,12.311,12.356,12.3055,12.196,12.287,12.06
12.311,12.394,12.4135,12.311,12.356,12.3055,12.196,12.287
12.569,12.311,12.394,12.4135,12.311,12.356,12.3055,12.196
12.957,12.569,12.311,12.394,12.4135,12.311,12.356,12.3055
12.8545,12.957,12.569,12.311,12.394,12.4135,12.311,12.356
12.7835,12.8545,12.957,12.569,12.311,12.394,12.4135,12.311
12.7815,12.7835,12.8545,12.957,12.569,12.311,12.394,12.4135
13.012,12.7815,12.7835,12.8545,12.957,12.569,12.311,12.394
13.0635,13.012,12.7815,12.7835,12.8545,12.957,12.569,12.311
12.9,13.0635,13.012,12.7815,12.7835,12.8545,12.957,12.569
12.9375,12.9,13.0635,13.012,12.7815,12.7835,12.8545,12.957
13.084,12.9375,12.9,13.0635,13.012,12.7815,12.7835,12.8545
13.0405,13.084,12.9375,12.9,13.0635,13.012,12.7815,12.7835
12.8735,13.0405,13.084,12.9375,12.9,13.0635,13.012,12.7815
12.74,12.8735,13.0405,13.084,12.9375,12.9,13.0635,13.012
12.623,12.74,12.8735,13.0405,13.084,12.9375,12.9,13.0635
12.4835,12.623,12.74,12.8735,13.0405,13.084,12.9375,12.9
12.8295,12.4835,12.623,12.74,12.8735,13.0405,13.084,12.9375
12.716,12.8295,12.4835,12.623,12.74,12.8735,13.0405,13.084
12.6005,12.716,12.8295,12.4835,12.623,12.74,12.8735,13.0405
12.53,12.6005,12.716,12.8295,12.4835,12.623,12.74,12.8735
12.796,12.53,12.6005,12.716,12.8295,12.4835,12.623,12.74
13.0235,12.796,12.53,12.6005,12.716,12.8295,12.4835,12.623
12.9255,13.0235,12.796,12.53,12.6005,12.716,12.8295,12.4835
12.953,12.9255,13.0235,12.796,12.53,12.6005,12.716,12.8295
12.548,12.953,12.9255,13.0235,12.796,12.53,12.6005,12.716
12.2495,12.548,12.953,12.9255,13.0235,12.796,12.53,12.6005
12.211,12.2495,12.548,12.953,12.9255,13.0235,12.796,12.53
12.118,12.211,12.2495,12.548,12.953,12.9255,13.0235,12.796
12.209,12.118,12.211,12.2495,12.548,12.953,12.9255,13.0235
12.197,12.209,12.118,12.211,12.2495,12.548,12.953,12.9255
12.3745,12.197,12.209,12.118,12.211,12.2495,12.548,12.953
12.2425,12.3745,12.197,12.209,12.118,12.211,12.2495,12.548
12.0,12.2425,12.3745,12.197,12.209,12.118,12.211,12.2495
11.689,12.0,12.2425,12.3745,12.197,12.209,12.118,12.211
11.7155,11.689,12.0,12.2425,12.3745,12.197,12.209,12.118
11.4245,11.7155,11.689,12.0,12.2425,12.3745,12.197,12.209
11.146,11.4245,11.7155,11.689,12.0,12.2425,12.3745,12.197
11.912,11.146,11.4245,11.7155,11.689,12.0,12.2425,12.3745
11.6445,11.912,11.146,11.4245,11.7155,11.689,12.0,12.2425
11.607,11.6445,11.912,11.146,11.4245,11.7155,11.689,12.0
11.621,11.607,11.6445,11.912,11.146,11.4245,11.7155,11.689
11.7165,11.621,11.607,11.6445,11.912,11.146,11.4245,11.7155
11.878,11.7165,11.621,11.607,11.6445,11.912,11.146,11.4245
11.603,11.878,11.7165,11.621,11.607,11.6445,11.912,11.146
11.3675,11.603,11.878,11.7165,11.621,11.607,11.6445,11.912
11.3155,11.3675,11.603,11.878,11.7165,11.621,11.607,11.6445
11.3235,11.3155,11.3675,11.603,11.878,11.7165,11.621,11.607
11.33,11.3235,11.3155,11.3675,11.603,11.878,11.7165,11.621
11.1475,11.33,11.3235,11.3155,11.3675,11.603,11.878,11.7165
11.03,11.1475,11.33,11.3235,11.3155,11.3675,11.603,11.878
11.2615,11.03,11.1475,11.33,11.3235,11.3155,11.3675,11.603
11.4855,11.2615,11.03,11.1475,11.33,11.3235,11.3155,11.3675
11.689,11.4855,11.2615,11.03,11.1475,11.33,11.3235,11.3155
11.9015,11.689,11.4855,11.2615,11.03,11.1475,11.33,11.3235
11.994,11.9015,11.689,11.4855,11.2615,11.03,11.1475,11.33
12.181,11.994,11.9015,11.689,11.4855,11.2615,11.03,11.1475
12.17,12.181,11.994,11.9015,11.689,11.4855,11.2615,11.03
12.3555,12.17,12.181,11.994,11.9015,11.689,11.4855,11.2615
12.5635,12.3555,12.17,12.181,11.994,11.9015,11.689,11.4855
12.6025,12.5635,12.3555,12.17,12.181,11.994,11.9015,11.689
12.5165,12.6025,12.5635,12.3555,12.17,12.181,11.994,11.9015
12.6245,12.5165,12.6025,12.5635,12.3555,12.17,12.181,11.994
12.698,12.6245,12.5165,12.6025,12.5635,12.3555,12.17,12.181
12.6685,12.698,12.6245,12.5165,12.6025,12.5635,12.3555,12.17
12.6635,12.6685,12.698,12.6245,12.5165,12.6025,12.5635,12.3555
12.3885,12.6635,12.6685,12.698,12.6245,12.5165,12.6025,12.5635
12.5345,12.3885,12.6635,12.6685,12.698,12.6245,12.5165,12.6025
12.588,12.5345,12.3885,12.6635,12.6685,12.698,12.6245,12.5165
12.5625,12.588,12.5345,12.3885,12.6635,12.6685,12.698,12.6245
12.4595,12.5625,12.588,12.5345,12.3885,12.6635,12.6685,12.698
12.693,12.4595,12.5625,12.588,12.5345,12.3885,12.6635,12.6685
13.02,12.693,12.4595,12.5625,12.588,12.5345,12.3885,12.6635
12.8995,13.02,12.693,12.4595,12.5625,12.588,12.5345,12.3885
13.075,12.8995,13.02,12.693,12.4595,12.5625,12.588,12.5345
12.846,13.075,12.8995,13.02,12.693,12.4595,12.5625,12.588
12.931,12.846,13.075,12.8995,13.02,12.693,12.4595,12.5625
12.4315,12.931,12.846,13.075,12.8995,13.02,12.693,12.4595
12.4155,12.4315,12.931,12.846,13.075,12.8995,13.02,12.693
12.259,12.4155,12.4315,12.931,12.846,13.075,12.8995,13.02
12.5435,12.259,12.4155,12.4315,12.931,12.846,13.075,12.8995
12.8655,12.5435,12.259,12.4155,12.4315,12.931,12.846,13.075
12.924,12.8655,12.5435,12.259,12.4155,12.4315,12.931,12.846
12.9575,12.924,12.8655,12.5435,12.259,12.4155,12.4315,12.931
13.423,12.9575,12.924,12.8655,12.5435,12.259,12.4155,12.4315
13.319,13.423,12.9575,12.924,12.8655,12.5435,12.259,12.4155
13.3175,13.319,13.423,12.9575,12.924,12.8655,12.5435,12.259
13.267,13.3175,13.319,13.423,12.9575,12.924,12.8655,12.5435
13.397,13.267,13.3175,13.319,13.423,12.9575,12.924,12.8655
13.6365,13.397,13.267,13.3175,13.319,13.423,12.9575,12.924
13.595,13.6365,13.397,13.267,13.3175,13.319,13.423,12.9575
13.4465,13.595,13.6365,13.397,13.267,13.3175,13.319,13.423
13.524,13.4465,13.595,13.6365,13.397,13.267,13.3175,13.319
13.606,13.524,13.4465,13.595,13.6365,13.397,13.267,13.3175
13.5095,13.606,13.524,13.4465,13.595,13.6365,13.397,13.267
13.4055,13.5095,13.606,13.524,13.4465,13.595,13.6365,13.397
13.673,13.4055,13.5095,13.606,13.524,13.4465,13.595,13.6365
14.1995,13.673,13.4055,13.5095,13.606,13.524,13.4465,13.595
13.802,14.1995,13.673,13.4055,13.5095,13.606,13.524,13.4465
13.0175,13.802,14.1995,13.673,13.4055,13.5095,13.606,13.524
13.638,13.0175,13.802,14.1995,13.673,13.4055,13.5095,13.606
13.275,13.638,13.0175,13.802,14.1995,13.673,13.4055,13.5095
13.25,13.275,13.638,13.0175,13.802,14.1995,13.673,13.4055
12.999,13.25,13.275,13.638,13.0175,13.802,14.1995,13.673
13.3445,12.999,13.25,13.275,13.638,13.0175,13.802,14.1995
13.111,13.3445,12.999,13.25,13.275,13.638,13.0175,13.802
13.0115,13.111,13.3445,12.999,13.25,13.275,13.638,13.0175
13.0975,13.0115,13.111,13.3445,12.999,13.25,13.275,13.638
12.8605,13.0975,13.0115,13.111,13.3445,12.999,13.25,13.275
12.935,12.8605,13.0975,13.0115,13.111,13.3445,12.999,13.25
13.4735,12.935,12.8605,13.0975,13.0115,13.111,13.3445,12.999
13.462,13.4735,12.935,12.8605,13.0975,13.0115,13.111,13.3445
13.2545,13.462,13.4735,12.935,12.8605,13.0975,13.0115,13.111
13.4875,13.2545,13.462,13.4735,12.935,12.8605,13.0975,13.0115
13.3205,13.4875,13.2545,13.462,13.4735,12.935,12.8605,13.0975
13.297,13.3205,13.4875,13.2545,13.462,13.4735,12.935,12.8605
13.271,13.297,13.3205,13.4875,13.2545,13.462,13.4735,12.935
12.9935,13.271,13.297,13.3205,13.4875,13.2545,13.462,13.4735
12.968,12.9935,13.271,13.297,13.3205,13.4875,13.2545,13.462
13.1625,12.968,12.9935,13.271,13.297,13.3205,13.4875,13.2545
13.2135,13.1625,12.968,12.9935,13.271,13.297,13.3205,13.4875
13.287,13.2135,13.1625,12.968,12.9935,13.271,13.297,13.3205
13.6555,13.287,13.2135,13.1625,12.968,12.9935,13.271,13.297
13.7795,13.6555,13.287,13.2135,13.1625,12.968,12.9935,13.271
13.6895,13.7795,13.6555,13.287,13.2135,13.1625,12.968,12.9935
13.694,13.6895,13.7795,13.6555,13.287,13.2135,13.1625,12.968
13.7095,13.694,13.6895,13.7795,13.6555,13.287,13.2135,13.1625
13.562,13.7095,13.694,13.6895,13.7795,13.6555,13.287,13.2135
13.7065,13.562,13.7095,13.694,13.6895,13.7795,13.6555,13.287
13.755,13.7065,13.562,13.7095,13.694,13.6895,13.7795,13.6555
13.287,13.755,13.7065,13.562,13.7095,13.694,13.6895,13.7795
13.091,13.287,13.755,13.7065,13.562,13.7095,13.694,13.6895
12.8945,13.091,13.287,13.755,13.7065,13.562,13.7095,13.694
12.8205,12.8945,13.091,13.287,13.755,13.7065,13.562,13.7095
12.864,12.8205,12.8945,13.091,13.287,13.755,13.7065,13.562
12.6695,12.864,12.8205,12.8945,13.091,13.287,13.755,13.7065
12.8875,12.6695,12.864,12.8205,12.8945,13.091,13.287,13.755
12.801,12.8875,12.6695,12.864,12.8205,12.8945,13.091,13.287
13.0155,12.801,12.8875,12.6695,12.864,12.8205,12.8945,13.091
13.265,13.0155,12.801,12.8875,12.6695,12.864,12.8205,12.8945
13.3245,13.265,13.0155,12.801,12.8875,12.6695,12.864,12.8205
13.0805,13.3245,13.265,13.0155,12.801,12.8875,12.6695,12.864
13.166,13.0805,13.3245,13.265,13.0155,12.801,12.8875,12.6695
12.9515,13.166,13.0805,13.3245,13.265,13.0155,12.801,12.8875
12.954,12.9515,13.166,13.0805,13.3245,13.265,13.0155,12.801
12.774,12.954,12.9515,13.166,13.0805,13.3245,13.265,13.0155
12.9475,12.774,12.954,12.9515,13.166,13.0805,13.3245,13.265
13.057,12.9475,12.774,12.954,12.9515,13.166,13.0805,13.3245
13.2385,13.057,12.9475,12.774,12.954,12.9515,13.166,13.0805
13.4925,13.2385,13.057,12.9475,12.774,12.954,12.9515,13.166
13.6435,13.4925,13.2385,13.057,12.9475,12.774,12.954,12.9515
13.386,13.6435,13.4925,13.2385,13.057,12.9475,12.774,12.954
13.617,13.386,13.6435,13.4925,13.2385,13.057,12.9475,12.774
13.37,13.617,13.386,13.6435,13.4925,13.2385,13.057,12.9475
12.971,13.37,13.617,13.386,13.6435,13.4925,13.2385,13.057
13.016,12.971,13.37,13.617,13.386,13.6435,13.4925,13.2385
13.1775,13.016,12.971,13.37,13.617,13.386,13.6435,13.4925
13.445,13.1775,13.016,12.971,13.37,13.617,13.386,13.6435
13.439,13.445,13.1775,13.016,12.971,13.37,13.617,13.386
13.735,13.439,13.445,13.1775,13.016,12.971,13.37,13.617
12.7405,13.735,13.439,13.445,13.1775,13.016,12.971,13.37
12.487,12.7405,13.735,13.439,13.445,13.1775,13.016,12.971
12.6905,12.487,12.7405,13.735,13.439,13.445,13.1775,13.016
12.4115,12.6905,12.487,12.7405,13.735,13.439,13.445,13.1775
12.6275,12.4115,12.6905,12.487,12.7405,13.735,13.439,13.445
12.9025,12.6275,12.4115,12.6905,12.487,12.7405,13.735,13.439
12.786,12.9025,12.6275,12.4115,12.6905,12.487,12.7405,13.735
12.8865,12.786,12.9025,12.6275,12.4115,12.6905,12.487,12.7405
12.934,12.8865,12.786,12.9025,12.6275,12.4115,12.6905,12.487
13.008,12.934,12.8865,12.786,12.9025,12.6275,12.4115,12.6905
13.1815,13.008,12.934,12.8865,12.786,12.9025,12.6275,12.4115
13.2255,13.1815,13.008,12.934,12.8865,12.786,12.9025,12.6275
13.4165,13.2255,13.1815,13.008,12.934,12.8865,12.786,12.9025
13.328,13.4165,13.2255,13.1815,13.008,12.934,12.8865,12.786
13.206,13.328,13.4165,13.2255,13.1815,13.008,12.934,12.8865
13.495,13.206,13.328,13.4165,13.2255,13.1815,13.008,12.934
13.3815,13.495,13.206,13.328,13.4165,13.2255,13.1815,13.008
13.443,13.3815,13.495,13.206,13.328,13.4165,13.2255,13.1815
13.148,13.443,13.3815,13.495,13.206,13.328,13.4165,13.2255
13.09,13.148,13.443,13.3815,13.495,13.206,13.328,13.4165
13.087,13.09,13.148,13.443,13.3815,13.495,13.206,13.328
13.3645,13.087,13.09,13.148,13.443,13.3815,13.495,13.206
13.2765,13.3645,13.087,13.09,13.148,13.443,13.3815,13.495
13.3415,13.2765,13.3645,13.087,13.09,13.148,13.443,13.3815
13.46,13.3415,13.2765,13.3645,13.087,13.09,13.148,13.443
13.344,13.46,13.3415,13.2765,13.3645,13.087,13.09,13.148
13.285,13.344,13.46,13.3415,13.2765,13.3645,13.087,13.09
13.3585,13.285,13.344,13.46,13.3415,13.2765,13.3645,13.087
13.3915,13.3585,13.285,13.344,13.46,13.3415,13.2765,13.3645
13.8435,13.3915,13.3585,13.285,13.344,13.46,13.3415,13.2765
14.0535,13.8435,13.3915,13.3585,13.285,13.344,13.46,13.3415
13.739,14.0535,13.8435,13.3915,13.3585,13.285,13.344,13.46
13.5835,13.739,14.0535,13.8435,13.3915,13.3585,13.285,13.344
13.7895,13.5835,13.739,14.0535,13.8435,13.3915,13.3585,13.285
13.6995,13.7895,13.5835,13.739,14.0535,13.8435,13.3915,13.3585
13.903,13.6995,13.7895,13.5835,13.739,14.0535,13.8435,13.3915
14.088,13.903,13.6995,13.7895,13.5835,13.739,14.0535,13.8435
13.908,14.088,13.903,13.6995,13.7895,13.5835,13.739,14.0535
13.672,13.908,14.088,13.903,13.6995,13.7895,13.5835,13.739
13.668,13.672,13.908,14.088,13.903,13.6995,13.7895,13.5835
13.5305,13.668,13.672,13.908,14.088,13.903,13.6995,13.7895
13.6045,13.5305,13.668,13.672,13.908,14.088,13.903,13.6995
13.8785,13.6045,13.5305,13.668,13.672,13.908,14.088,13.903
13.8775,13.8785,13.6045,13.5305,13.668,13.672,13.908,14.088
13.8845,13.8775,13.8785,13.6045,13.5305,13.668,13.672,13.908
14.105,13.8845,13.8775,13.8785,13.6045,13.5305,13.668,13.672
14.1865,14.105,13.8845,13.8775,13.8785,13.6045,13.5305,13.668
14.2015,14.1865,14.105,13.8845,13.8775,13.8785,13.6045,13.5305
14.294,14.2015,14.1865,14.105,13.8845,13.8775,13.8785,13.6045
14.5295,14.294,14.2015,14.1865,14.105,13.8845,13.8775,13.8785
14.5765,14.5295,14.294,14.2015,14.1865,14.105,13.8845,13.8775
14.6165,14.5765,14.5295,14.294,14.2015,14.1865,14.105,13.8845
14.983,14.6165,14.5765,14.5295,14.294,14.2015,14.1865,14.105
15.3775,14.983,14.6165,14.5765,14.5295,14.294,14.2015,14.1865
15.3285,15.3775,14.983,14.6165,14.5765,14.5295,14.294,14.2015
15.3435,15.3285,15.3775,14.983,14.6165,14.5765,14.5295,14.294
15.4345,15.3435,15.3285,15.3775,14.983,14.6165,14.5765,14.5295
15.2055,15.4345,15.3435,15.3285,15.3775,14.983,14.6165,14.5765
15.2615,15.2055,15.4345,15.3435,15.3285,15.3775,14.983,14.6165
15.174,15.2615,15.2055,15.4345,15.3435,15.3285,15.3775,14.983
15.053,15.174,15.2615,15.2055,15.4345,15.3435,15.3285,15.3775
14.947,15.053,15.174,15.2615,15.2055,15.4345,15.3435,15.3285
15.17,14.947,15.053,15.174,15.2615,15.2055,15.4345,15.3435
15.6005,15.17,14.947,15.053,15.174,15.2615,15.2055,15.4345
15.305,15.6005,15.17,14.947,15.053,15.174,15.2615,15.2055
15.1205,15.305,15.6005,15.17,14.947,15.053,15.174,15.2615
15.061,15.1205,15.305,15.6005,15.17,14.947,15.053,15.174
15.2785,15.061,15.1205,15.305,15.6005,15.17,14.947,15.053
15.2105,15.2785,15.061,15.1205,15.305,15.6005,15.17,14.947
15.0495,15.2105,15.2785,15.061,15.1205,15.305,15.6005,15.17
15.0375,15.0495,15.2105,15.2785,15.061,15.1205,15.305,15.6005
14.8455,15.0375,15.0495,15.2105,15.2785,15.061,15.1205,15.305
14.787,14.8455,15.0375,15.0495,15.2105,15.2785,15.061,15.1205
14.863,14.787,14.8455,15.0375,15.0495,15.2105,15.2785,15.061
14.8345,14.863,14.787,14.8455,15.0375,15.0495,15.2105,15.2785
14.6985,14.8345,14.863,14.787,14.8455,15.0375,15.0495,15.2105
14.567,14.6985,14.8345,14.863,14.787,14.8455,15.0375,15.0495
14.3235,14.567,14.6985,14.8345,14.863,14.787,14.8455,15.0375
14.241,14.3235,14.567,14.6985,14.8345,14.863,14.787,14.8455
14.2785,14.241,14.3235,14.567,14.6985,14.8345,14.863,14.787
14.3545,14.2785,14.241,14.3235,14.567,14.6985,14.8345,14.863
14.2285,14.3545,14.2785,14.241,14.3235,14.567,14.6985,14.8345
14.4865,14.2285,14.3545,14.2785,14.241,14.3235,14.567,14.6985
14.5005,14.4865,14.2285,14.3545,14.2785,14.241,14.3235,14.567
14.3105,14.5005,14.4865,14.2285,14.3545,14.2785,14.241,14.3235
14.0465,14.3105,14.5005,14.4865,14.2285,14.3545,14.2785,14.241
14.079,14.0465,14.3105,14.5005,14.4865,14.2285,14.3545,14.2785
14.199,14.079,14.0465,14.3105,14.5005,14.4865,14.2285,14.3545
14.049,14.199,14.079,14.0465,14.3105,14.5005,14.4865,14.2285
14.44,14.049,14.199,14.079,14.0465,14.3105,14.5005,14.4865
14.682,14.44,14.049,14.199,14.079,14.0465,14.3105,14.5005
14.705,14.682,14.44,14.049,14.199,14.079,14.0465,14.3105
14.793,14.705,14.682,14.44,14.049,14.199,14.079,14.0465
14.9855,14.793,14.705,14.682,14.44,14.049,14.199,14.079
15.018,14.9855,14.793,14.705,14.682,14.44,14.049,14.199
14.982,15.018,14.9855,14.793,14.705,14.682,14.44,14.049
14.943,14.982,15.018,14.9855,14.793,14.705,14.682,14.44
14.896,14.943,14.982,15.018,14.9855,14.793,14.705,14.682
14.803,14.896,14.943,14.982,15.018,14.9855,14.793,14.705
15.2085,14.803,14.896,14.943,14.982,15.018,14.9855,14.793
15.6015,15.2085,14.803,14.896,14.943,14.982,15.018,14.9855
15.603,15.6015,15.2085,14.803,14.896,14.943,14.982,15.018
15.817,15.603,15.6015,15.2085,14.803,14.896,14.943,14.982
15.5745,15.817,15.603,15.6015,15.2085,14.803,14.896,14.943
15.7065,15.5745,15.817,15.603,15.6015,15.2085,14.803,14.896
15.6325,15.7065,15.5745,15.817,15.603,15.6015,15.2085,14.803
15.906,15.6325,15.7065,15.5745,15.817,15.603,15.6015,15.2085
15.8005,15.906,15.6325,15.7065,15.5745,15.817,15.603,15.6015
15.632,15.8005,15.906,15.6325,15.7065,15.5745,15.817,15.603
16.047501,15.632,15.8005,15.906,15.6325,15.7065,15.5745,15.817
16.025499,16.047501,15.632,15.8005,15.906,15.6325,15.7065,15.5745
15.738,16.025499,16.047501,15.632,15.8005,15.906,15.6325,15.7065
15.952,15.738,16.025499,16.047501,15.632,15.8005,15.906,15.6325
15.5015,15.952,15.738,16.025499,16.047501,15.632,15.8005,15.906
15.1615,15.5015,15.952,15.738,16.025499,16.047501,15.632,15.8005
14.9115,15.1615,15.5015,15.952,15.738,16.025499,16.047501,15.632
15.2585,14.9115,15.1615,15.5015,15.952,15.738,16.025499,16.047501
15.5445,15.2585,14.9115,15.1615,15.5015,15.952,15.738,16.025499
15.535,15.5445,15.2585,14.9115,15.1615,15.5015,15.952,15.738
15.32,15.535,15.5445,15.2585,14.9115,15.1615,15.5015,15.952
15.5245,15.32,15.535,15.5445,15.2585,14.9115,15.1615,15.5015
15.5385,15.5245,15.32,15.535,15.5445,15.2585,14.9115,15.1615
16.446501,15.5385,15.5245,15.32,15.535,15.5445,15.2585,14.9115
16.322001,16.446501,15.5385,15.5245,15.32,15.535,15.5445,15.2585
16.627001,16.322001,16.446501,15.5385,15.5245,15.32,15.535,15.5445
16.337999,16.627001,16.322001,16.446501,15.5385,15.5245,15.32,15.535
16.6105,16.337999,16.627001,16.322001,16.446501,15.5385,15.5245,15.32
18.1695,16.6105,16.337999,16.627001,16.322001,16.446501,15.5385,15.5245
17.908001,18.1695,16.6105,16.337999,16.627001,16.322001,16.446501,15.5385
18.135,17.908001,18.1695,16.6105,16.337999,16.627001,16.322001,16.446501
18.054001,18.135,17.908001,18.1695,16.6105,16.337999,16.627001,16.322001
18.2015,18.054001,18.135,17.908001,18.1695,16.6105,16.337999,16.627001
17.950001,18.2015,18.054001,18.135,17.908001,18.1695,16.6105,16.337999
17.937,17.950001,18.2015,18.054001,18.135,17.908001,18.1695,16.6105
17.9445,17.937,17.950001,18.2015,18.054001,18.135,17.908001,18.1695
17.809,17.9445,17.937,17.950001,18.2015,18.054001,18.135,17.908001
17.177999,17.809,17.9445,17.937,17.950001,18.2015,18.054001,18.135
17.515499,17.177999,17.809,17.9445,17.937,17.950001,18.2015,18.054001
17.719,17.515499,17.177999,17.809,17.9445,17.937,17.950001,18.2015
17.4765,17.719,17.515499,17.177999,17.809,17.9445,17.937,17.950001
17.811001,17.4765,17.719,17.515499,17.177999,17.809,17.9445,17.937
18.370001,17.811001,17.4765,17.719,17.515499,17.177999,17.809,17.9445
18.4585,18.370001,17.811001,17.4765,17.719,17.515499,17.177999,17.809
18.309,18.4585,18.370001,17.811001,17.4765,17.719,17.515499,17.177999
18.247,18.309,18.4585,18.370001,17.811001,17.4765,17.719,17.515499
18.1285,18.247,18.309,18.4585,18.370001,17.811001,17.4765,17.719
18.445999,18.1285,18.247,18.309,18.4585,18.370001,17.811001,17.4765
18.615499,18.445999,18.1285,18.247,18.309,18.4585,18.370001,17.811001
18.832001,18.615499,18.445999,18.1285,18.247,18.309,18.4585,18.370001
19.068501,18.832001,18.615499,18.445999,18.1285,18.247,18.309,18.4585
19.335501,19.068501,18.832001,18.615499,18.445999,18.1285,18.247,18.309
19.681,19.335501,19.068501,18.832001,18.615499,18.445999,18.1285,18.247
19.615,19.681,19.335501,19.068501,18.832001,18.615499,18.445999,18.1285
19.233,19.615,19.681,19.335501,19.068501,18.832001,18.615499,18.445999
19.298,19.233,19.615,19.681,19.335501,19.068501,18.832001,18.615499
19.224501,19.298,19.233,19.615,19.681,19.335501,19.068501,18.832001
19.3475,19.224501,19.298,19.233,19.615,19.681,19.335501,19.068501
19.244499,19.3475,19.224501,19.298,19.233,19.615,19.681,19.335501
19.389,19.244499,19.3475,19.224501,19.298,19.233,19.615,19.681
19.109501,19.389,19.244499,19.3475,19.224501,19.298,19.233,19.615
19.0625,19.109501,19.389,19.244499,19.3475,19.224501,19.298,19.233
19.212,19.0625,19.109501,19.389,19.244499,19.3475,19.224501,19.298
19.4485,19.212,19.0625,19.109501,19.389,19.244499,19.3475,19.224501
19.3825,19.4485,19.212,19.0625,19.109501,19.389,19.244499,19.3475
19.798,19.3825,19.4485,19.212,19.0625,19.109501,19.389,19.244499
19.759501,19.798,19.3825,19.4485,19.212,19.0625,19.109501,19.389
20.110001,19.759501,19.798,19.3825,19.4485,19.212,19.0625,19.109501
20.146,20.110001,19.759501,19.798,19.3825,19.4485,19.212,19.0625
19.959999,20.146,20.110001,19.759501,19.798,19.3825,19.4485,19.212
20.2195,19.959999,20.146,20.110001,19.759501,19.798,19.3825,19.4485
19.903999,20.2195,19.959999,20.146,20.110001,19.759501,19.798,19.3825
19.668501,19.903999,20.2195,19.959999,20.146,20.110001,19.759501,19.798
19.939501,19.668501,19.903999,20.2195,19.959999,20.146,20.110001,19.759501
19.8985,19.939501,19.668501,19.903999,20.2195,19.959999,20.146,20.110001
19.822001,19.8985,19.939501,19.668501,19.903999,20.2195,19.959999,20.146
19.681499,19.822001,19.8985,19.939501,19.668501,19.903999,20.2195,19.959999
19.901501,19.681499,19.822001,19.8985,19.939501,19.668501,19.903999,20.2195
20.096001,19.901501,19.681499,19.822001,19.8985,19.939501,19.668501,19.903999
20.050501,20.096001,19.901501,19.681499,19.822001,19.8985,19.939501,19.668501
19.882999,20.050501,20.096001,19.901501,19.681499,19.822001,19.8985,19.939501
19.549,19.882999,20.050501,20.096001,19.901501,19.681499,19.822001,19.8985
19.877001,19.549,19.882999,20.050501,20.096001,19.901501,19.681499,19.822001
19.793501,19.877001,19.549,19.882999,20.050501,20.096001,19.901501,19.681499
19.790001,19.793501,19.877001,19.549,19.882999,20.050501,20.096001,19.901501
19.980499,19.790001,19.793501,19.877001,19.549,19.882999,20.050501,20.096001
20.352501,19.980499,19.790001,19.793501,19.877001,19.549,19.882999,20.050501
20.226999,20.352501,19.980499,19.790001,19.793501,19.877001,19.549,19.882999
19.9935,20.226999,20.352501,19.980499,19.790001,19.793501,19.877001,19.549
19.379999,19.9935,20.226999,20.352501,19.980499,19.790001,19.793501,19.877001
19.313999,19.379999,19.9935,20.226999,20.352501,19.980499,19.790001,19.793501
19.7215,19.313999,19.379999,19.9935,20.226999,20.352501,19.980499,19.790001
19.209999,19.7215,19.313999,19.379999,19.9935,20.226999,20.352501,19.980499
20.150499,19.209999,19.7215,19.313999,19.379999,19.9935,20.226999,20.352501
17.9345,20.150499,19.209999,19.7215,19.313999,19.379999,19.9935,20.226999
17.307501,17.9345,20.150499,19.209999,19.7215,19.313999,19.379999,19.9935
17.397499,17.307501,17.9345,20.150499,19.209999,19.7215,19.313999,19.379999
17.3225,17.397499,17.307501,17.9345,20.150499,19.209999,19.7215,19.313999
17.7295,17.3225,17.397499,17.307501,17.9345,20.150499,19.209999,19.7215
18.054001,17.7295,17.3225,17.397499,17.307501,17.9345,20.150499,19.209999
18.043501,18.054001,17.7295,17.3225,17.397499,17.307501,17.9345,20.150499
18.0895,18.043501,18.054001,17.7295,17.3225,17.397499,17.307501,17.9345
17.4625,18.0895,18.043501,18.054001,17.7295,17.3225,17.397499,17.307501
17.860001,17.4625,18.0895,18.043501,18.054001,17.7295,17.3225,17.397499
17.8675,17.860001,17.4625,18.0895,18.043501,18.054001,17.7295,17.3225
17.682501,17.8675,17.860001,17.4625,18.0895,18.043501,18.054001,17.7295
17.368999,17.682501,17.8675,17.860001,17.4625,18.0895,18.043501,18.054001
17.49,17.368999,17.682501,17.8675,17.860001,17.4625,18.0895,18.043501
17.337999,17.49,17.368999,17.682501,17.8675,17.860001,17.4625,18.0895
17.589001,17.337999,17.49,17.368999,17.682501,17.8675,17.860001,17.4625
17.916,17.589001,17.337999,17.49,17.368999,17.682501,17.8675,17.860001
17.99,17.916,17.589001,17.337999,17.49,17.368999,17.682501,17.8675
18.0065,17.99,17.916,17.589001,17.337999,17.49,17.368999,17.682501
18.105,18.0065,17.99,17.916,17.589001,17.337999,17.49,17.368999
17.989,18.105,18.0065,17.99,17.916,17.589001,17.337999,17.49
18.195,17.989,18.105,18.0065,17.99,17.916,17.589001,17.337999
18.6185,18.195,17.989,18.105,18.0065,17.99,17.916,17.589001
18.608,18.6185,18.195,17.989,18.105,18.0065,17.99,17.916
18.603001,18.608,18.6185,18.195,17.989,18.105,18.0065,17.99
18.526501,18.603001,18.608,18.6185,18.195,17.989,18.105,18.0065
18.441,18.526501,18.603001,18.608,18.6185,18.195,17.989,18.105
18.532,18.441,18.526501,18.603001,18.608,18.6185,18.195,17.989
18.5755,18.532,18.441,18.526501,18.603001,18.608,18.6185,18.195
18.687,18.5755,18.532,18.441,18.526501,18.603001,18.608,18.6185
18.752001,18.687,18.5755,18.532,18.441,18.526501,18.603001,18.608
18.938499,18.752001,18.687,18.5755,18.532,18.441,18.526501,18.603001
18.661501,18.938499,18.752001,18.687,18.5755,18.532,18.441,18.526501
18.4485,18.661501,18.938499,18.752001,18.687,18.5755,18.532,18.441
18.031,18.4485,18.661501,18.938499,18.752001,18.687,18.5755,18.532
17.592501,18.031,18.4485,18.661501,18.938499,18.752001,18.687,18.5755
17.7355,17.592501,18.031,18.4485,18.661501,18.938499,18.752001,18.687
17.1705,17.7355,17.592501,18.031,18.4485,18.661501,18.938499,18.752001
16.9235,17.1705,17.7355,17.592501,18.031,18.4485,18.661501,18.938499
16.914499,16.9235,17.1705,17.7355,17.592501,18.031,18.4485,18.661501
16.818501,16.914499,16.9235,17.1705,17.7355,17.592501,18.031,18.4485
17.1495,16.818501,16.914499,16.9235,17.1705,17.7355,17.592501,18.031
17.098,17.1495,16.818501,16.914499,16.9235,17.1705,17.7355,17.592501
16.681,17.098,17.1495,16.818501,16.914499,16.9235,17.1705,17.7355
16.15,16.681,17.098,17.1495,16.818501,16.914499,16.9235,17.1705
15.888,16.15,16.681,17.098,17.1495,16.818501,16.914499,16.9235
16.3535,15.888,16.15,16.681,17.098,17.1495,16.818501,16.914499
16.5905,16.3535,15.888,16.15,16.681,17.098,17.1495,16.818501
15.8555,16.5905,16.3535,15.888,16.15,16.681,17.098,17.1495
15.5865,15.8555,16.5905,16.3535,15.888,16.15,16.681,17.098
15.7955,15.5865,15.8555,16.5905,16.3535,15.888,16.15,16.681
15.804,15.7955,15.5865,15.8555,16.5905,16.3535,15.888,16.15
16.184,15.804,15.7955,15.5865,15.8555,16.5905,16.3535,15.888
16.245501,16.184,15.804,15.7955,15.5865,15.8555,16.5905,16.3535
16.543501,16.245501,16.184,15.804,15.7955,15.5865,15.8555,16.5905
16.466,16.543501,16.245501,16.184,15.804,15.7955,15.5865,15.8555
16.229,16.466,16.543501,16.245501,16.184,15.804,15.7955,15.5865
16.8575,16.229,16.466,16.543501,16.245501,16.184,15.804,15.7955
15.1915,16.8575,16.229,16.466,16.543501,16.245501,16.184,15.804
14.829,15.1915,16.8575,16.229,16.466,16.543501,16.245501,16.184
15.019,14.829,15.1915,16.8575,16.229,16.466,16.543501,16.245501
15.2065,15.019,14.829,15.1915,16.8575,16.229,16.466,16.543501
15.3945,15.2065,15.019,14.829,15.1915,16.8575,16.229,16.466
15.4005,15.3945,15.2065,15.019,14.829,15.1915,16.8575,16.229
15.5025,15.4005,15.3945,15.2065,15.019,14.829,15.1915,16.8575
14.869,15.5025,15.4005,15.3945,15.2065,15.019,14.829,15.1915
14.6355,14.869,15.5025,15.4005,15.3945,15.2065,15.019,14.829
14.416,14.6355,14.869,15.5025,15.4005,15.3945,15.2065,15.019
14.612,14.416,14.6355,14.869,15.5025,15.4005,15.3945,15.2065
15.143,14.612,14.416,14.6355,14.869,15.5025,15.4005,15.3945
15.232,15.143,14.612,14.416,14.6355,14.869,15.5025,15.4005
14.881,15.232,15.143,14.612,14.416,14.6355,14.869,15.5025
14.7595,14.881,15.232,15.143,14.612,14.416,14.6355,14.869
14.885,14.7595,14.881,15.232,15.143,14.612,14.416,14.6355
14.838,14.885,14.7595,14.881,15.232,15.143,14.612,14.416
15.0595,14.838,14.885,14.7595,14.881,15.232,15.143,14.612
15.2505,15.0595,14.838,14.885,14.7595,14.881,15.232,15.143
15.2455,15.2505,15.0595,14.838,14.885,14.7595,14.881,15.232
15.612,15.2455,15.2505,15.0595,14.838,14.885,14.7595,14.881
15.541,15.612,15.2455,15.2505,15.0595,14.838,14.885,14.7595
15.508,15.541,15.612,15.2455,15.2505,15.0595,14.838,14.885
15.689,15.508,15.541,15.612,15.2455,15.2505,15.0595,14.838
15.6275,15.689,15.508,15.541,15.612,15.2455,15.2505,15.0595
15.442,15.6275,15.689,15.508,15.541,15.612,15.2455,15.2505
15.3595,15.442,15.6275,15.689,15.508,15.541,15.612,15.2455
15.339,15.3595,15.442,15.6275,15.689,15.508,15.541,15.612
16.178499,15.339,15.3595,15.442,15.6275,15.689,15.508,15.541
16.4835,16.178499,15.339,15.3595,15.442,15.6275,15.689,15.508
16.375,16.4835,16.178499,15.339,15.3595,15.442,15.6275,15.689
16.620501,16.375,16.4835,16.178499,15.339,15.3595,15.442,15.6275
16.76,16.620501,16.375,16.4835,16.178499,15.339,15.3595,15.442
16.2955,16.76,16.620501,16.375,16.4835,16.178499,15.339,15.3595
16.313499,16.2955,16.76,16.620501,16.375,16.4835,16.178499,15.339
16.381001,16.313499,16.2955,16.76,16.620501,16.375,16.4835,16.178499
16.281,16.381001,16.313499,16.2955,16.76,16.620501,16.375,16.4835
16.719,16.281,16.381001,16.313499,16.2955,16.76,16.620501,16.375
16.35,16.719,16.281,16.381001,16.313499,16.2955,16.76,16.620501
16.209999,16.35,16.719,16.281,16.381001,16.313499,16.2955,16.76
16.362,16.209999,16.35,16.719,16.281,16.381001,16.313499,16.2955
16.208,16.362,16.209999,16.35,16.719,16.281,16.381001,16.313499
16.372,16.208,16.362,16.209999,16.35,16.719,16.281,16.381001
16.2845,16.372,16.208,16.362,16.209999,16.35,16.719,16.281
16.2285,16.2845,16.372,16.208,16.362,16.209999,16.35,16.719
16.239,16.2285,16.2845,16.372,16.208,16.362,16.209999,16.35
16.619499,16.239,16.2285,16.2845,16.372,16.208,16.362,16.209999
16.6425,16.619499,16.239,16.2285,16.2845,16.372,16.208,16.362
16.8745,16.6425,16.619499,16.239,16.2285,16.2845,16.372,16.208
16.6775,16.8745,16.6425,16.619499,16.239,16.2285,16.2845,16.372
16.1905,16.6775,16.8745,16.6425,16.619499,16.239,16.2285,16.2845
16.498501,16.1905,16.6775,16.8745,16.6425,16.619499,16.239,16.2285
16.396,16.498501,16.1905,16.6775,16.8745,16.6425,16.619499,16.239
17.309999,16.396,16.498501,16.1905,16.6775,16.8745,16.6425,16.619499
17.766001,17.309999,16.396,16.498501,16.1905,16.6775,16.8745,16.6425
17.722,17.766001,17.309999,16.396,16.498501,16.1905,16.6775,16.8745
17.795,17.722,17.766001,17.309999,16.396,16.498501,16.1905,16.6775
17.622499,17.795,17.722,17.766001,17.309999,16.396,16.498501,16.1905
17.933001,17.622499,17.795,17.722,17.766001,17.309999,16.396,16.498501
17.988001,17.933001,17.622499,17.795,17.722,17.766001,17.309999,16.396
18.042,17.988001,17.933001,17.622499,17.795,17.722,17.766001,17.309999
17.907,18.042,17.988001,17.933001,17.622499,17.795,17.722,17.766001
17.9305,17.907,18.042,17.988001,17.933001,17.622499,17.795,17.722
16.2005,17.9305,17.907,18.042,17.988001,17.933001,17.622499,17.795
16.0205,16.2005,17.9305,17.907,18.042,17.988001,17.933001,17.622499
16.0,16.0205,16.2005,17.9305,17.907,18.042,17.988001,17.933001
16.1255,16.0,16.0205,16.2005,17.9305,17.907,18.042,17.988001
15.6495,16.1255,16.0,16.0205,16.2005,17.9305,17.907,18.042
15.353,15.6495,16.1255,16.0,16.0205,16.2005,17.9305,17.907
15.6825,15.353,15.6495,16.1255,16.0,16.0205,16.2005,17.9305
15.616,15.6825,15.353,15.6495,16.1255,16.0,16.0205,16.2005
15.6945,15.616,15.6825,15.353,15.6495,16.1255,16.0,16.0205
15.5725,15.6945,15.616,15.6825,15.353,15.6495,16.1255,16.0
15.84,15.5725,15.6945,15.616,15.6825,15.353,15.6495,16.1255
15.9165,15.84,15.5725,15.6945,15.616,15.6825,15.353,15.6495
15.966,15.9165,15.84,15.5725,15.6945,15.616,15.6825,15.353
16.313999,15.966,15.9165,15.84,15.5725,15.6945,15.616,15.6825
16.6605,16.313999,15.966,15.9165,15.84,15.5725,15.6945,15.616
16.681499,16.6605,16.313999,15.966,15.9165,15.84,15.5725,15.6945
16.7265,16.681499,16.6605,16.313999,15.966,15.9165,15.84,15.5725
16.7565,16.7265,16.681499,16.6605,16.313999,15.966,15.9165,15.84
16.789,16.7565,16.7265,16.681499,16.6605,16.313999,15.966,15.9165
16.6455,16.789,16.7565,16.7265,16.681499,16.6605,16.313999,15.966
16.5795,16.6455,16.789,16.7565,16.7265,16.681499,16.6605,16.313999
16.701,16.5795,16.6455,16.789,16.7565,16.7265,16.681499,16.6605
17.091499,16.701,16.5795,16.6455,16.789,16.7565,16.7265,16.681499
17.159,17.091499,16.701,16.5795,16.6455,16.789,16.7565,16.7265
17.000999,17.159,17.091499,16.701,16.5795,16.6455,16.789,16.7565
16.952,17.000999,17.159,17.091499,16.701,16.5795,16.6455,16.789
17.118999,16.952,17.000999,17.159,17.091499,16.701,16.5795,16.6455
16.950001,17.118999,16.952,17.000999,17.159,17.091499,16.701,16.5795
17.297501,16.950001,17.118999,16.952,17.000999,17.159,17.091499,16.701
17.319,17.297501,16.950001,17.118999,16.952,17.000999,17.159,17.091499
17.117001,17.319,17.297501,16.950001,17.118999,16.952,17.000999,17.159
16.487499,17.117001,17.319,17.297501,16.950001,17.118999,16.952,17.000999
16.5665,16.487499,17.117001,17.319,17.297501,16.950001,17.118999,16.952
16.525999,16.5665,16.487499,17.117001,17.319,17.297501,16.950001,17.118999
16.5595,16.525999,16.5665,16.487499,17.117001,17.319,17.297501,16.950001
16.1945,16.5595,16.525999,16.5665,16.487499,17.117001,17.319,17.297501
16.388,16.1945,16.5595,16.525999,16.5665,16.487499,17.117001,17.319
16.200001,16.388,16.1945,16.5595,16.525999,16.5665,16.487499,17.117001
16.25,16.200001,16.388,16.1945,16.5595,16.525999,16.5665,16.487499
16.566,16.25,16.200001,16.388,16.1945,16.5595,16.525999,16.5665
16.225,16.566,16.25,16.200001,16.388,16.1945,16.5595,16.525999
16.181499,16.225,16.566,16.25,16.200001,16.388,16.1945,16.5595
16.4105,16.181499,16.225,16.566,16.25,16.200001,16.388,16.1945
16.0965,16.4105,16.181499,16.225,16.566,16.25,16.200001,16.388
16.1605,16.0965,16.4105,16.181499,16.225,16.566,16.25,16.200001
16.091,16.1605,16.0965,16.4105,16.181499,16.225,16.566,16.25
16.122,16.091,16.1605,16.0965,16.4105,16.181499,16.225,16.566
15.873,16.122,16.091,16.1605,16.0965,16.4105,16.181499,16.225
15.9205,15.873,16.122,16.091,16.1605,16.0965,16.4105,16.181499
16.136999,15.9205,15.873,16.122,16.091,16.1605,16.0965,16.4105
16.110001,16.136999,15.9205,15.873,16.122,16.091,16.1605,16.0965
15.849,16.110001,16.136999,15.9205,15.873,16.122,16.091,16.1605
16.135,15.849,16.110001,16.136999,15.9205,15.873,16.122,16.091
15.7685,16.135,15.849,16.110001,16.136999,15.9205,15.873,16.122
15.5695,15.7685,16.135,15.849,16.110001,16.136999,15.9205,15.873
15.3225,15.5695,15.7685,16.135,15.849,16.110001,16.136999,15.9205
15.4155,15.3225,15.5695,15.7685,16.135,15.849,16.110001,16.136999
15.2985,15.4155,15.3225,15.5695,15.7685,16.135,15.849,16.110001
15.143,15.2985,15.4155,15.3225,15.5695,15.7685,16.135,15.849
15.182,15.143,15.2985,15.4155,15.3225,15.5695,15.7685,16.135
15.3105,15.182,15.143,15.2985,15.4155,15.3225,15.5695,15.7685
15.7665,15.3105,15.182,15.143,15.2985,15.4155,15.3225,15.5695
15.6485,15.7665,15.3105,15.182,15.143,15.2985,15.4155,15.3225
15.659,15.6485,15.7665,15.3105,15.182,15.143,15.2985,15.4155
14.353,15.659,15.6485,15.7665,15.3105,15.182,15.143,15.2985
14.4985,14.353,15.659,15.6485,15.7665,15.3105,15.182,15.143
14.7795,14.4985,14.353,15.659,15.6485,15.7665,15.3105,15.182
14.706,14.7795,14.4985,14.353,15.659,15.6485,15.7665,15.3105
14.9535,14.706,14.7795,14.4985,14.353,15.659,15.6485,15.7665
15.273,14.9535,14.706,14.7795,14.4985,14.353,15.659,15.6485
15.286,15.273,14.9535,14.706,14.7795,14.4985,14.353,15.659
15.1405,15.286,15.273,14.9535,14.706,14.7795,14.4985,14.353
14.826,15.1405,15.286,15.273,14.9535,14.706,14.7795,14.4985
14.832,14.826,15.1405,15.286,15.273,14.9535,14.706,14.7795
14.993,14.832,14.826,15.1405,15.286,15.273,14.9535,14.706
15.2555,14.993,14.832,14.826,15.1405,15.286,15.273,14.9535
15.6005,15.2555,14.993,14.832,14.826,15.1405,15.286,15.273
15.5755,15.6005,15.2555,14.993,14.832,14.826,15.1405,15.286
15.824,15.5755,15.6005,15.2555,14.993,14.832,14.826,15.1405
16.391001,15.824,15.5755,15.6005,15.2555,14.993,14.832,14.826
16.1525,16.391001,15.824,15.5755,15.6005,15.2555,14.993,14.832
16.2465,16.1525,16.391001,15.824,15.5755,15.6005,15.2555,14.993
16.327,16.2465,16.1525,16.391001,15.824,15.5755,15.6005,15.2555
16.527,16.327,16.2465,16.1525,16.391001,15.824,15.5755,15.6005
16.6315,16.527,16.327,16.2465,16.1525,16.391001,15.824,15.5755
16.782,16.6315,16.527,16.327,16.2465,16.1525,16.391001,15.824
16.752001,16.782,16.6315,16.527,16.327,16.2465,16.1525,16.391001
16.678499,16.752001,16.782,16.6315,16.527,16.327,16.2465,16.1525
16.931999,16.678499,16.752001,16.782,16.6315,16.527,16.327,16.2465
16.299999,16.931999,16.678499,16.752001,16.782,16.6315,16.527,16.327
16.3155,16.299999,16.931999,16.678499,16.752001,16.782,16.6315,16.527
15.825,16.3155,16.299999,16.931999,16.678499,16.752001,16.782,16.6315
15.8465,15.825,16.3155,16.299999,16.931999,16.678499,16.752001,16.782
15.6315,15.8465,15.825,16.3155,16.299999,16.931999,16.678499,16.752001
15.332,15.6315,15.8465,15.825,16.3155,16.299999,16.931999,16.678499
15.625,15.332,15.6315,15.8465,15.825,16.3155,16.299999,16.931999
15.292,15.625,15.332,15.6315,15.8465,15.825,16.3155,16.299999
15.368,15.292,15.625,15.332,15.6315,15.8465,15.825,16.3155
15.366,15.368,15.292,15.625,15.332,15.6315,15.8465,15.825
15.3035,15.366,15.368,15.292,15.625,15.332,15.6315,15.8465
14.753,15.3035,15.366,15.368,15.292,15.625,15.332,15.6315
14.944,14.753,15.3035,15.366,15.368,15.292,15.625,15.332
14.8865,14.944,14.753,15.3035,15.366,15.368,15.292,15.625
14.995,14.8865,14.944,14.753,15.3035,15.366,15.368,15.292
15.327,14.995,14.8865,14.944,14.753,15.3035,15.366,15.368
15.3145,15.327,14.995,14.8865,14.944,14.753,15.3035,15.366
15.1515,15.3145,15.327,14.995,14.8865,14.944,14.753,15.3035
15.4545,15.1515,15.3145,15.327,14.995,14.8865,14.944,14.753
15.602,15.4545,15.1515,15.3145,15.327,14.995,14.8865,14.944
15.515,15.602,15.4545,15.1515,15.3145,15.327,14.995,14.8865
15.5175,15.515,15.602,15.4545,15.1515,15.3145,15.327,14.995
15.426,15.5175,15.515,15.602,15.4545,15.1515,15.3145,15.327
15.1095,15.426,15.5175,15.515,15.602,15.4545,15.1515,15.3145
14.7645,15.1095,15.426,15.5175,15.515,15.602,15.4545,15.1515
14.921,14.7645,15.1095,15.426,15.5175,15.515,15.602,15.4545
15.023,14.921,14.7645,15.1095,15.426,15.5175,15.515,15.602
14.8465,15.023,14.921,14.7645,15.1095,15.426,15.5175,15.515
14.5705,14.8465,15.023,14.921,14.7645,15.1095,15.426,15.5175
14.737,14.5705,14.8465,15.023,14.921,14.7645,15.1095,15.426
14.6635,14.737,14.5705,14.8465,15.023,14.921,14.7645,15.1095
14.3475,14.6635,14.737,14.5705,14.8465,15.023,14.921,14.7645
14.537,14.3475,14.6635,14.737,14.5705,14.8465,15.023,14.921
14.472,14.537,14.3475,14.6635,14.737,14.5705,14.8465,15.023
14.8625,14.472,14.537,14.3475,14.6635,14.737,14.5705,14.8465
15.516,14.8625,14.472,14.537,14.3475,14.6635,14.737,14.5705
15.6195,15.516,14.8625,14.472,14.537,14.3475,14.6635,14.737
15.483,15.6195,15.516,14.8625,14.472,14.537,14.3475,14.6635
15.3375,15.483,15.6195,15.516,14.8625,14.472,14.537,14.3475
15.1955,15.3375,15.483,15.6195,15.516,14.8625,14.472,14.537
15.589,15.1955,15.3375,15.483,15.6195,15.516,14.8625,14.472
17.7265,15.589,15.1955,15.3375,15.483,15.6195,15.516,14.8625
18.223499,17.7265,15.589,15.1955,15.3375,15.483,15.6195,15.516
18.1775,18.223499,17.7265,15.589,15.1955,15.3375,15.483,15.6195
18.237499,18.1775,18.223499,17.7265,15.589,15.1955,15.3375,15.483
18.6945,18.237499,18.1775,18.223499,17.7265,15.589,15.1955,15.3375
18.714001,18.6945,18.237499,18.1775,18.223499,17.7265,15.589,15.1955
18.528,18.714001,18.6945,18.237499,18.1775,18.223499,17.7265,15.589
18.65,18.528,18.714001,18.6945,18.237499,18.1775,18.223499,17.7265
18.757,18.65,18.528,18.714001,18.6945,18.237499,18.1775,18.223499
18.8585,18.757,18.65,18.528,18.714001,18.6945,18.237499,18.1775
19.091499,18.8585,18.757,18.65,18.528,18.714001,18.6945,18.237499
18.7715,19.091499,18.8585,18.757,18.65,18.528,18.714001,18.6945
18.668501,18.7715,19.091499,18.8585,18.757,18.65,18.528,18.714001
18.950001,18.668501,18.7715,19.091499,18.8585,18.757,18.65,18.528
19.183001,18.950001,18.668501,18.7715,19.091499,18.8585,18.757,18.65
19.007,19.183001,18.950001,18.668501,18.7715,19.091499,18.8585,18.757
18.929501,19.007,19.183001,18.950001,18.668501,18.7715,19.091499,18.8585
19.268499,18.929501,19.007,19.183001,18.950001,18.668501,18.7715,19.091499
19.24,19.268499,18.929501,19.007,19.183001,18.950001,18.668501,18.7715
19.007999,19.24,19.268499,18.929501,19.007,19.183001,18.950001,18.668501
19.283001,19.007999,19.24,19.268499,18.929501,19.007,19.183001,18.950001
19.230499,19.283001,19.007999,19.24,19.268499,18.929501,19.007,19.183001
19.136,19.230499,19.283001,19.007999,19.24,19.268499,18.929501,19.007
19.3915,19.136,19.230499,19.283001,19.007999,19.24,19.268499,18.929501
19.004499,19.3915,19.136,19.230499,19.283001,19.007999,19.24,19.268499
18.927999,19.004499,19.3915,19.136,19.230499,19.283001,19.007999,19.24
18.4755,18.927999,19.004499,19.3915,19.136,19.230499,19.283001,19.007999
18.318501,18.4755,18.927999,19.004499,19.3915,19.136,19.230499,19.283001
18.712,18.318501,18.4755,18.927999,19.004499,19.3915,19.136,19.230499
18.528999,18.712,18.318501,18.4755,18.927999,19.004499,19.3915,19.136
18.6675,18.528999,18.712,18.318501,18.4755,18.927999,19.004499,19.3915
18.596001,18.6675,18.528999,18.712,18.318501,18.4755,18.927999,19.004499
18.757,18.596001,18.6675,18.528999,18.712,18.318501,18.4755,18.927999
18.662001,18.757,18.596001,18.6675,18.528999,18.712,18.318501,18.4755
18.9245,18.662001,18.757,18.596001,18.6675,18.528999,18.712,18.318501
18.755501,18.9245,18.662001,18.757,18.596001,18.6675,18.528999,18.712
18.7045,18.755501,18.9245,18.662001,18.757,18.596001,18.6675,18.528999
18.548,18.7045,18.755501,18.9245,18.662001,18.757,18.596001,18.6675
18.3675,18.548,18.7045,18.755501,18.9245,18.662001,18.757,18.596001
18.528,18.3675,18.548,18.7045,18.755501,18.9245,18.662001,18.757
18.7295,18.528,18.3675,18.548,18.7045,18.755501,18.9245,18.662001
18.605,18.7295,18.528,18.3675,18.548,18.7045,18.755501,18.9245
18.513,18.605,18.7295,18.528,18.3675,18.548,18.7045,18.755501
18.612499,18.513,18.605,18.7295,18.528,18.3675,18.548,18.7045
18.851999,18.612499,18.513,18.605,18.7295,18.528,18.3675,18.548
18.720501,18.851999,18.612499,18.513,18.605,18.7295,18.528,18.3675
19.059999,18.720501,18.851999,18.612499,18.513,18.605,18.7295,18.528
19.177,19.059999,18.720501,18.851999,18.612499,18.513,18.605,18.7295
19.1325,19.177,19.059999,18.720501,18.851999,18.612499,18.513,18.605
19.118,19.1325,19.177,19.059999,18.720501,18.851999,18.612499,18.513
19.255501,19.118,19.1325,19.177,19.059999,18.720501,18.851999,18.612499
19.172501,19.255501,19.118,19.1325,19.177,19.059999,18.720501,18.851999
19.302,19.172501,19.255501,19.118,19.1325,19.177,19.059999,18.720501
18.778,19.302,19.172501,19.255501,19.118,19.1325,19.177,19.059999
19.4755,18.778,19.302,19.172501,19.255501,19.118,19.1325,19.177
19.559,19.4755,18.778,19.302,19.172501,19.255501,19.118,19.1325
19.49,19.559,19.4755,18.778,19.302,19.172501,19.255501,19.118
19.4995,19.49,19.559,19.4755,18.778,19.302,19.172501,19.255501
22.254999,19.4995,19.49,19.559,19.4755,18.778,19.302,19.172501
21.927999,22.254999,19.4995,19.49,19.559,19.4755,18.778,19.302
21.4655,21.927999,22.254999,19.4995,19.49,19.559,19.4755,18.778
21.4685,21.4655,21.927999,22.254999,19.4995,19.49,19.559,19.4755
21.089001,21.4685,21.4655,21.927999,22.254999,19.4995,19.49,19.559
21.143499,21.089001,21.4685,21.4655,21.927999,22.254999,19.4995,19.49
21.152,21.143499,21.089001,21.4685,21.4655,21.927999,22.254999,19.4995
21.0595,21.152,21.143499,21.089001,21.4685,21.4655,21.927999,22.254999
20.955,21.0595,21.152,21.143499,21.089001,21.4685,21.4655,21.927999
21.344,20.955,21.0595,21.152,21.143499,21.089001,21.4685,21.4655
21.6845,21.344,20.955,21.0595,21.152,21.143499,21.089001,21.4685
21.6425,21.6845,21.344,20.955,21.0595,21.152,21.143499,21.089001
21.551001,21.6425,21.6845,21.344,20.955,21.0595,21.152,21.143499
21.3435,21.551001,21.6425,21.6845,21.344,20.955,21.0595,21.152
21.614,21.3435,21.551001,21.6425,21.6845,21.344,20.955,21.0595
21.299999,21.614,21.3435,21.551001,21.6425,21.6845,21.344,20.955
21.261999,21.299999,21.614,21.3435,21.551001,21.6425,21.6845,21.344
21.085501,21.261999,21.299999,21.614,21.3435,21.551001,21.6425,21.6845
21.193001,21.085501,21.261999,21.299999,21.614,21.3435,21.551001,21.6425
21.581499,21.193001,21.085501,21.261999,21.299999,21.614,21.3435,21.551001
21.3815,21.581499,21.193001,21.085501,21.261999,21.299999,21.614,21.3435
21.2735,21.3815,21.581499,21.193001,21.085501,21.261999,21.299999,21.614
21.570999,21.2735,21.3815,21.581499,21.193001,21.085501,21.261999,21.299999
21.328501,21.570999,21.2735,21.3815,21.581499,21.193001,21.085501,21.261999
21.4615,21.328501,21.570999,21.2735,21.3815,21.581499,21.193001,21.085501
21.546,21.4615,21.328501,21.570999,21.2735,21.3815,21.581499,21.193001
21.5495,21.546,21.4615,21.328501,21.570999,21.2735,21.3815,21.581499
21.8295,21.5495,21.546,21.4615,21.328501,21.570999,21.2735,21.3815
21.539,21.8295,21.5495,21.546,21.4615,21.328501,21.570999,21.2735
21.3475,21.539,21.8295,21.5495,21.546,21.4615,21.328501,21.570999
21.174999,21.3475,21.539,21.8295,21.5495,21.546,21.4615,21.328501
21.274,21.174999,21.3475,21.539,21.8295,21.5495,21.546,21.4615
21.5385,21.274,21.174999,21.3475,21.539,21.8295,21.5495,21.546
21.6485,21.5385,21.274,21.174999,21.3475,21.539,21.8295,21.5495
21.496,21.6485,21.5385,21.274,21.174999,21.3475,21.539,21.8295
21.1835,21.496,21.6485,21.5385,21.274,21.174999,21.3475,21.539
21.363001,21.1835,21.496,21.6485,21.5385,21.274,21.174999,21.3475
21.390499,21.363001,21.1835,21.496,21.6485,21.5385,21.274,21.174999
21.9695,21.390499,21.363001,21.1835,21.496,21.6485,21.5385,21.274
21.746,21.9695,21.390499,21.363001,21.1835,21.496,21.6485,21.5385
21.814501,21.746,21.9695,21.390499,21.363001,21.1835,21.496,21.6485
22.2995,21.814501,21.746,21.9695,21.390499,21.363001,21.1835,21.496
22.042,22.2995,21.814501,21.746,21.9695,21.390499,21.363001,21.1835
22.004999,22.042,22.2995,21.814501,21.746,21.9695,21.390499,21.363001
21.905001,22.004999,22.042,22.2995,21.814501,21.746,21.9695,21.390499
21.493,21.905001,22.004999,22.042,22.2995,21.814501,21.746,21.9695
21.7045,21.493,21.905001,22.004999,22.042,22.2995,21.814501,21.746
21.869499,21.7045,21.493,21.905001,22.004999,22.042,22.2995,21.814501
21.8855,21.869499,21.7045,21.493,21.905001,22.004999,22.042,22.2995
21.802,21.8855,21.869499,21.7045,21.493,21.905001,22.004999,22.042
21.836,21.802,21.8855,21.869499,21.7045,21.493,21.905001,22.004999
21.485001,21.836,21.802,21.8855,21.869499,21.7045,21.493,21.905001
21.7195,21.485001,21.836,21.802,21.8855,21.869499,21.7045,21.493
22.175501,21.7195,21.485001,21.836,21.802,21.8855,21.869499,21.7045
22.7785,22.175501,21.7195,21.485001,21.836,21.802,21.8855,21.869499
23.2785,22.7785,22.175501,21.7195,21.485001,21.836,21.802,21.8855
23.0595,23.2785,22.7785,22.175501,21.7195,21.485001,21.836,21.802
23.774,23.0595,23.2785,22.7785,22.175501,21.7195,21.485001,21.836
24.150499,23.774,23.0595,23.2785,22.7785,22.175501,21.7195,21.485001
24.405001,24.150499,23.774,23.0595,23.2785,22.7785,22.175501,21.7195
24.4,24.405001,24.150499,23.774,23.0595,23.2785,22.7785,22.175501
24.4135,24.4,24.405001,24.150499,23.774,23.0595,23.2785,22.7785
24.108999,24.4135,24.4,24.405001,24.150499,23.774,23.0595,23.2785
26.471001,24.108999,24.4135,24.4,24.405001,24.150499,23.774,23.0595
26.570499,26.471001,24.108999,24.4135,24.4,24.405001,24.150499,23.774
26.3015,26.570499,26.471001,24.108999,24.4135,24.4,24.405001,24.150499
26.450001,26.3015,26.570499,26.471001,24.108999,24.4135,24.4,24.405001
26.837999,26.450001,26.3015,26.570499,26.471001,24.108999,24.4135,24.4
26.807501,26.837999,26.450001,26.3015,26.570499,26.471001,24.108999,24.4135
26.751499,26.807501,26.837999,26.450001,26.3015,26.570499,26.471001,24.108999
26.594999,26.751499,26.807501,26.837999,26.450001,26.3015,26.570499,26.471001
26.8505,26.594999,26.751499,26.807501,26.837999,26.450001,26.3015,26.570499
26.473,26.8505,26.594999,26.751499,26.807501,26.837999,26.450001,26.3015
26.131001,26.473,26.8505,26.594999,26.751499,26.807501,26.837999,26.450001
26.200001,26.131001,26.473,26.8505,26.594999,26.751499,26.807501,26.837999
26.372999,26.200001,26.131001,26.473,26.8505,26.594999,26.751499,26.807501
26.2955,26.372999,26.200001,26.131001,26.473,26.8505,26.594999,26.751499
26.483,26.2955,26.372999,26.200001,26.131001,26.473,26.8505,26.594999
26.576,26.483,26.2955,26.372999,26.200001,26.131001,26.473,26.8505
26.761,26.576,26.483,26.2955,26.372999,26.200001,26.131001,26.473
26.750999,26.761,26.576,26.483,26.2955,26.372999,26.200001,26.131001
26.646,26.750999,26.761,26.576,26.483,26.2955,26.372999,26.200001
25.789,26.646,26.750999,26.761,26.576,26.483,26.2955,26.372999
24.723499,25.789,26.646,26.750999,26.761,26.576,26.483,26.2955
23.168501,24.723499,25.789,26.646,26.750999,26.761,26.576,26.483
23.318501,23.168501,24.723499,25.789,26.646,26.750999,26.761,26.576
25.0385,23.318501,23.168501,24.723499,25.789,26.646,26.750999,26.761
25.918501,25.0385,23.318501,23.168501,24.723499,25.789,26.646,26.750999
25.900499,25.918501,25.0385,23.318501,23.168501,24.723499,25.789,26.646
25.644501,25.900499,25.918501,25.0385,23.318501,23.168501,24.723499,25.789
24.827,25.644501,25.900499,25.918501,25.0385,23.318501,23.168501,24.723499
25.5275,24.827,25.644501,25.900499,25.918501,25.0385,23.318501,23.168501
25.236,25.5275,24.827,25.644501,25.900499,25.918501,25.0385,23.318501
24.950001,25.236,25.5275,24.827,25.644501,25.900499,25.918501,25.0385
25.877001,24.950001,25.236,25.5275,24.827,25.644501,25.900499,25.918501
25.8445,25.877001,24.950001,25.236,25.5275,24.827,25.644501,25.900499
26.112,25.8445,25.877001,24.950001,25.236,25.5275,24.827,25.644501
26.472,26.112,25.8445,25.877001,24.950001,25.236,25.5275,24.827
26.069,26.472,26.112,25.8445,25.877001,24.950001,25.236,25.5275
26.1185,26.069,26.472,26.112,25.8445,25.877001,24.950001,25.236
26.369499,26.1185,26.069,26.472,26.112,25.8445,25.877001,24.950001
26.943501,26.369499,26.1185,26.069,26.472,26.112,25.8445,25.877001
27.013,26.943501,26.369499,26.1185,26.069,26.472,26.112,25.8445
27.4195,27.013,26.943501,26.369499,26.1185,26.069,26.472,26.112
26.92,27.4195,27.013,26.943501,26.369499,26.1185,26.069,26.472
26.803499,26.92,27.4195,27.013,26.943501,26.369499,26.1185,26.069
26.6875,26.803499,26.92,27.4195,27.013,26.943501,26.369499,26.1185
26.2125,26.6875,26.803499,26.92,27.4195,27.013,26.943501,26.369499
25.202999,26.2125,26.6875,26.803499,26.92,27.4195,27.013,26.943501
24.803499,25.202999,26.2125,26.6875,26.803499,26.92,27.4195,27.013
25.5945,24.803499,25.202999,26.2125,26.6875,26.803499,26.92,27.4195
26.035999,25.5945,24.803499,25.202999,26.2125,26.6875,26.803499,26.92
26.627001,26.035999,25.5945,24.803499,25.202999,26.2125,26.6875,26.803499
27.184,26.627001,26.035999,25.5945,24.803499,25.202999,26.2125,26.6875
26.874001,27.184,26.627001,26.035999,25.5945,24.803499,25.202999,26.2125
27.097,26.874001,27.184,26.627001,26.035999,25.5945,24.803499,25.202999
26.658001,27.097,26.874001,27.184,26.627001,26.035999,25.5945,24.803499
26.99,26.658001,27.097,26.874001,27.184,26.627001,26.035999,25.5945
27.509501,26.99,26.658001,27.097,26.874001,27.184,26.627001,26.035999
27.445,27.509501,26.99,26.658001,27.097,26.874001,27.184,26.627001
27.241501,27.445,27.509501,26.99,26.658001,27.097,26.874001,27.184
28.122,27.241501,27.445,27.509501,26.99,26.658001,27.097,26.874001
28.538,28.122,27.241501,27.445,27.509501,26.99,26.658001,27.097
28.657499,28.538,28.122,27.241501,27.445,27.509501,26.99,26.658001
28.044001,28.657499,28.538,28.122,27.241501,27.445,27.509501,26.99
27.7885,28.044001,28.657499,28.538,28.122,27.241501,27.445,27.509501
28.195499,27.7885,28.044001,28.657499,28.538,28.122,27.241501,27.445
29.9515,28.195499,27.7885,28.044001,28.657499,28.538,28.122,27.241501
30.4305,29.9515,28.195499,27.7885,28.044001,28.657499,28.538,28.122
30.550501,30.4305,29.9515,28.195499,27.7885,28.044001,28.657499,28.538
30.855,30.550501,30.4305,29.9515,28.195499,27.7885,28.044001,28.657499
31.327499,30.855,30.550501,30.4305,29.9515,28.195499,27.7885,28.044001
31.295,31.327499,30.855,30.550501,30.4305,29.9515,28.195499,27.7885
31.4175,31.295,31.327499,30.855,30.550501,30.4305,29.9515,28.195499
31.265499,31.4175,31.295,31.327499,30.855,30.550501,30.4305,29.9515
32.047501,31.265499,31.4175,31.295,31.327499,30.855,30.550501,30.4305
32.782501,32.047501,31.265499,31.4175,31.295,31.327499,30.855,30.550501
32.968498,32.782501,32.047501,31.265499,31.4175,31.295,31.327499,30.855
32.774502,32.968498,32.782501,32.047501,31.265499,31.4175,31.295,31.327499
32.984001,32.774502,32.968498,32.782501,32.047501,31.265499,31.4175,31.295
33.662498,32.984001,32.774502,32.968498,32.782501,32.047501,31.265499,31.4175
33.279999,33.662498,32.984001,32.774502,32.968498,32.782501,32.047501,31.265499
32.1175,33.279999,33.662498,32.984001,32.774502,32.968498,32.782501,32.047501
32.390499,32.1175,33.279999,33.662498,32.984001,32.774502,32.968498,32.782501
32.165001,32.390499,32.1175,33.279999,33.662498,32.984001,32.774502,32.968498
33.176998,32.165001,32.390499,32.1175,33.279999,33.662498,32.984001,32.774502
33.063499,33.176998,32.165001,32.390499,32.1175,33.279999,33.662498,32.984001
33.422501,33.063499,33.176998,32.165001,32.390499,32.1175,33.279999,33.662498
33.949501,33.422501,33.063499,33.176998,32.165001,32.390499,32.1175,33.279999
33.557499,33.949501,33.422501,33.063499,33.176998,32.165001,32.390499,32.1175
33.766998,33.557499,33.949501,33.422501,33.063499,33.176998,32.165001,32.390499
33.662998,33.766998,33.557499,33.949501,33.422501,33.063499,33.176998,32.165001
33.240002,33.662998,33.766998,33.557499,33.949501,33.422501,33.063499,33.176998
33.952999,33.240002,33.662998,33.766998,33.557499,33.949501,33.422501,33.063499
33.800499,33.952999,33.240002,33.662998,33.766998,33.557499,33.949501,33.422501
33.3125,33.800499,33.952999,33.240002,33.662998,33.766998,33.557499,33.949501
33.632,33.3125,33.800499,33.952999,33.240002,33.662998,33.766998,33.557499
33.491501,33.632,33.3125,33.800499,33.952999,33.240002,33.662998,33.766998
33.866501,33.491501,33.632,33.3125,33.800499,33.952999,33.240002,33.662998
33.239498,33.866501,33.491501,33.632,33.3125,33.800499,33.952999,33.240002
33.116001,33.239498,33.866501,33.491501,33.632,33.3125,33.800499,33.952999
32.0075,33.116001,33.239498,33.866501,33.491501,33.632,33.3125,33.800499
32.8955,32.0075,33.116001,33.239498,33.866501,33.491501,33.632,33.3125
32.931999,32.8955,32.0075,33.116001,33.239498,33.866501,33.491501,33.632
33.788502,32.931999,32.8955,32.0075,33.116001,33.239498,33.866501,33.491501
33.532501,33.788502,32.931999,32.8955,32.0075,33.116001,33.239498,33.866501
33.207001,33.532501,33.788502,32.931999,32.8955,32.0075,33.116001,33.239498
33.225498,33.207001,33.532501,33.788502,32.931999,32.8955,32.0075,33.116001
33.157501,33.225498,33.207001,33.532501,33.788502,32.931999,32.8955,32.0075
33.185001,33.157501,33.225498,33.207001,33.532501,33.788502,32.931999,32.8955
33.1395,33.185001,33.157501,33.225498,33.207001,33.532501,33.788502,32.931999
33.759998,33.1395,33.185001,33.157501,33.225498,33.207001,33.532501,33.788502
34.698502,33.759998,33.1395,33.185001,33.157501,33.225498,33.207001,33.532501
34.453499,34.698502,33.759998,33.1395,33.185001,33.157501,33.225498,33.207001
33.794498,34.453499,34.698502,33.759998,33.1395,33.185001,33.157501,33.225498
31.849501,33.794498,34.453499,34.698502,33.759998,33.1395,33.185001,33.157501
31.689501,31.849501,33.794498,34.453499,34.698502,33.759998,33.1395,33.185001
31.6325,31.689501,31.849501,33.794498,34.453499,34.698502,33.759998,33.1395
30.396999,31.6325,31.689501,31.849501,33.794498,34.453499,34.698502,33.759998
30.352501,30.396999,31.6325,31.689501,31.849501,33.794498,34.453499,34.698502
30.886999,30.352501,30.396999,31.6325,31.689501,31.849501,33.794498,34.453499
30.894501,30.886999,30.352501,30.396999,31.6325,31.689501,31.849501,33.794498
29.0905,30.894501,30.886999,30.352501,30.396999,31.6325,31.689501,31.849501
29.65,29.0905,30.894501,30.886999,30.352501,30.396999,31.6325,31.689501
28.509001,29.65,29.0905,30.894501,30.886999,30.352501,30.396999,31.6325
28.724001,28.509001,29.65,29.0905,30.894501,30.886999,30.352501,30.396999
28.588499,28.724001,28.509001,29.65,29.0905,30.894501,30.886999,30.352501
28.750999,28.588499,28.724001,28.509001,29.65,29.0905,30.894501,30.886999
29.819,28.750999,28.588499,28.724001,28.509001,29.65,29.0905,30.894501
29.8265,29.819,28.750999,28.588499,28.724001,28.509001,29.65,29.0905
30.0625,29.8265,29.819,28.750999,28.588499,28.724001,28.509001,29.65
29.1675,30.0625,29.8265,29.819,28.750999,28.588499,28.724001,28.509001
31.7675,29.1675,30.0625,29.8265,29.819,28.750999,28.588499,28.724001
29.35,31.7675,29.1675,30.0625,29.8265,29.819,28.750999,28.588499
28.740499,29.35,31.7675,29.1675,30.0625,29.8265,29.819,28.750999
27.605,28.740499,29.35,31.7675,29.1675,30.0625,29.8265,29.819
26.553499,27.605,28.740499,29.35,31.7675,29.1675,30.0625,29.8265
26.813,26.553499,27.605,28.740499,29.35,31.7675,29.1675,30.0625
25.106501,26.813,26.553499,27.605,28.740499,29.35,31.7675,29.1675
24.405001,25.106501,26.813,26.553499,27.605,28.740499,29.35,31.7675
24.1035,24.405001,25.106501,26.813,26.553499,27.605,28.740499,29.35
24.524,24.1035,24.405001,25.106501,26.813,26.553499,27.605,28.740499
25.191,24.524,24.1035,24.405001,25.106501,26.813,26.553499,27.605
25.354,25.191,24.524,24.1035,24.405001,25.106501,26.813,26.553499
26.055,25.354,25.191,24.524,24.1035,24.405001,25.106501,26.813
26.705,26.055,25.354,25.191,24.524,24.1035,24.405001,25.106501
26.25,26.705,26.055,25.354,25.191,24.524,24.1035,24.405001
26.745001,26.25,26.705,26.055,25.354,25.191,24.524,24.1035
27.975,26.745001,26.25,26.705,26.055,25.354,25.191,24.524
27.646999,27.975,26.745001,26.25,26.705,26.055,25.354,25.191
27.702,27.646999,27.975,26.745001,26.25,26.705,26.055,25.354
27.7575,27.702,27.646999,27.975,26.745001,26.25,26.705,26.055
27.761499,27.7575,27.702,27.646999,27.975,26.745001,26.25,26.705
27.625999,27.761499,27.7575,27.702,27.646999,27.975,26.745001,26.25
28.952,27.625999,27.761499,27.7575,27.702,27.646999,27.975,26.745001
29.0105,28.952,27.625999,27.761499,27.7575,27.702,27.646999,27.975
28.8745,29.0105,28.952,27.625999,27.761499,27.7575,27.702,27.646999
28.757,28.8745,29.0105,28.952,27.625999,27.761499,27.7575,27.702
28.139999,28.757,28.8745,29.0105,28.952,27.625999,27.761499,27.7575
28.013,28.139999,28.757,28.8745,29.0105,28.952,27.625999,27.761499
27.973499,28.013,28.139999,28.757,28.8745,29.0105,28.952,27.625999
27.946501,27.973499,28.013,28.139999,28.757,28.8745,29.0105,28.952
28.480499,27.946501,27.973499,28.013,28.139999,28.757,28.8745,29.0105
28.668501,28.480499,27.946501,27.973499,28.013,28.139999,28.757,28.8745
28.851,28.668501,28.480499,27.946501,27.973499,28.013,28.139999,28.757
28.713499,28.851,28.668501,28.480499,27.946501,27.973499,28.013,28.139999
27.972,28.713499,28.851,28.668501,28.480499,27.946501,27.973499,28.013
27.604,27.972,28.713499,28.851,28.668501,28.480499,27.946501,27.973499
27.698999,27.604,27.972,28.713499,28.851,28.668501,28.480499,27.946501
28.024,27.698999,27.604,27.972,28.713499,28.851,28.668501,28.480499
28.481501,28.024,27.698999,27.604,27.972,28.713499,28.851,28.668501
29.147499,28.481501,28.024,27.698999,27.604,27.972,28.713499,28.851
28.9935,29.147499,28.481501,28.024,27.698999,27.604,27.972,28.713499
29.693001,28.9935,29.147499,28.481501,28.024,27.698999,27.604,27.972
29.9345,29.693001,28.9935,29.147499,28.481501,28.024,27.698999,27.604
29.681999,29.9345,29.693001,28.9935,29.147499,28.481501,28.024,27.698999
29.924999,29.681999,29.9345,29.693001,28.9935,29.147499,28.481501,28.024
29.6595,29.924999,29.681999,29.9345,29.693001,28.9935,29.147499,28.481501
29.306999,29.6595,29.924999,29.681999,29.9345,29.693001,28.9935,29.147499
30.104,29.306999,29.6595,29.924999,29.681999,29.9345,29.693001,28.9935
29.571501,30.104,29.306999,29.6595,29.924999,29.681999,29.9345,29.693001
29.73,29.571501,30.104,29.306999,29.6595,29.924999,29.681999,29.9345
29.796499,29.73,29.571501,30.104,29.306999,29.6595,29.924999,29.681999
30.158501,29.796499,29.73,29.571501,30.104,29.306999,29.6595,29.924999
30.740999,30.158501,29.796499,29.73,29.571501,30.104,29.306999,29.6595
31.0375,30.740999,30.158501,29.796499,29.73,29.571501,30.104,29.306999
31.2945,31.0375,30.740999,30.158501,29.796499,29.73,29.571501,30.104
31.7675,31.2945,31.0375,30.740999,30.158501,29.796499,29.73,29.571501
31.395,31.7675,31.2945,31.0375,30.740999,30.158501,29.796499,29.73
31.6495,31.395,31.7675,31.2945,31.0375,30.740999,30.158501,29.796499
31.549999,31.6495,31.395,31.7675,31.2945,31.0375,30.740999,30.158501
31.025,31.549999,31.6495,31.395,31.7675,31.2945,31.0375,30.740999
31.309999,31.025,31.549999,31.6495,31.395,31.7675,31.2945,31.0375
30.844,31.309999,31.025,31.549999,31.6495,31.395,31.7675,31.2945
30.328501,30.844,31.309999,31.025,31.549999,31.6495,31.395,31.7675
30.1,30.328501,30.844,31.309999,31.025,31.549999,31.6495,31.395
32.9795,30.1,30.328501,30.844,31.309999,31.025,31.549999,31.6495
34.192501,32.9795,30.1,30.328501,30.844,31.309999,31.025,31.549999
33.566002,34.192501,32.9795,30.1,30.328501,30.844,31.309999,31.025
33.544998,33.566002,34.192501,32.9795,30.1,30.328501,30.844,31.309999
32.954498,33.544998,33.566002,34.192501,32.9795,30.1,30.328501,30.844
33.697498,32.954498,33.544998,33.566002,34.192501,32.9795,30.1,30.328501
33.987499,33.697498,32.954498,33.544998,33.566002,34.192501,32.9795,30.1
35.1535,33.987499,33.697498,32.954498,33.544998,33.566002,34.192501,32.9795
35.661499,35.1535,33.987499,33.697498,32.954498,33.544998,33.566002,34.192501
35.8965,35.661499,35.1535,33.987499,33.697498,32.954498,33.544998,33.566002
35.495998,35.8965,35.661499,35.1535,33.987499,33.697498,32.954498,33.544998
35.533001,35.495998,35.8965,35.661499,35.1535,33.987499,33.697498,32.954498
34.7635,35.533001,35.495998,35.8965,35.661499,35.1535,33.987499,33.697498
34.872501,34.7635,35.533001,35.495998,35.8965,35.661499,35.1535,33.987499
34.925999,34.872501,34.7635,35.533001,35.495998,35.8965,35.661499,35.1535
35.139999,34.925999,34.872501,34.7635,35.533001,35.495998,35.8965,35.661499
34.837502,35.139999,34.925999,34.872501,34.7635,35.533001,35.495998,35.8965
35.209999,34.837502,35.139999,34.925999,34.872501,34.7635,35.533001,35.495998
35.4175,35.209999,34.837502,35.139999,34.925999,34.872501,34.7635,35.533001
35.745499,35.4175,35.209999,34.837502,35.139999,34.925999,34.872501,34.7635
35.612,35.745499,35.4175,35.209999,34.837502,35.139999,34.925999,34.872501
36.1395,35.612,35.745499,35.4175,35.209999,34.837502,35.139999,34.925999
35.972,36.1395,35.612,35.745499,35.4175,35.209999,34.837502,35.139999
36.411999,35.972,36.1395,35.612,35.745499,35.4175,35.209999,34.837502
36.277,36.411999,35.972,36.1395,35.612,35.745499,35.4175,35.209999
36.336498,36.277,36.411999,35.972,36.1395,35.612,35.745499,35.4175
36.187,36.336498,36.277,36.411999,35.972,36.1395,35.612,35.745499
36.332001,36.187,36.336498,36.277,36.411999,35.972,36.1395,35.612
36.3825,36.332001,36.187,36.336498,36.277,36.411999,35.972,36.1395
35.8955,36.3825,36.332001,36.187,36.336498,36.277,36.411999,35.972
35.762001,35.8955,36.3825,36.332001,36.187,36.336498,36.277,36.411999
35.965,35.762001,35.8955,36.3825,36.332001,36.187,36.336498,36.277
35.713001,35.965,35.762001,35.8955,36.3825,36.332001,36.187,36.336498
35.8755,35.713001,35.965,35.762001,35.8955,36.3825,36.332001,36.187
35.3195,35.8755,35.713001,35.965,35.762001,35.8955,36.3825,36.332001
35.7005,35.3195,35.8755,35.713001,35.965,35.762001,35.8955,36.3825
35.791,35.7005,35.3195,35.8755,35.713001,35.965,35.762001,35.8955
35.529999,35.791,35.7005,35.3195,35.8755,35.713001,35.965,35.762001
36.104,35.529999,35.791,35.7005,35.3195,35.8755,35.713001,35.965
34.948002,36.104,35.529999,35.791,35.7005,35.3195,35.8755,35.713001
34.568001,34.948002,36.104,35.529999,35.791,35.7005,35.3195,35.8755
35.397499,34.568001,34.948002,36.104,35.529999,35.791,35.7005,35.3195
35.779999,35.397499,34.568001,34.948002,36.104,35.529999,35.791,35.7005
35.780998,35.779999,35.397499,34.568001,34.948002,36.104,35.529999,35.791
36.284,35.780998,35.779999,35.397499,34.568001,34.948002,36.104,35.529999
36.404999,36.284,35.780998,35.779999,35.397499,34.568001,34.948002,36.104
36.880501,36.404999,36.284,35.780998,35.779999,35.397499,34.568001,34.948002
36.828499,36.880501,36.404999,36.284,35.780998,35.779999,35.397499,34.568001
37.290501,36.828499,36.880501,36.404999,36.284,35.780998,35.779999,35.397499
37.688999,37.290501,36.828499,36.880501,36.404999,36.284,35.780998,35.779999
37.4105,37.688999,37.290501,36.828499,36.880501,36.404999,36.284,35.780998
37.1315,37.4105,37.688999,37.290501,36.828499,36.880501,36.404999,36.284
37.060001,37.1315,37.4105,37.688999,37.290501,36.828499,36.880501,36.404999
36.771999,37.060001,37.1315,37.4105,37.688999,37.290501,36.828499,36.880501
36.803501,36.771999,37.060001,37.1315,37.4105,37.688999,37.290501,36.828499
36.997501,36.803501,36.771999,37.060001,37.1315,37.4105,37.688999,37.290501
37.285999,36.997501,36.803501,36.771999,37.060001,37.1315,37.4105,37.688999
37.2215,37.285999,36.997501,36.803501,36.771999,37.060001,37.1315,37.4105
37.243,37.2215,37.285999,36.997501,36.803501,36.771999,37.060001,37.1315
36.980499,37.243,37.2215,37.285999,36.997501,36.803501,36.771999,37.060001
36.779499,36.980499,37.243,37.2215,37.285999,36.997501,36.803501,36.771999
36.8335,36.779499,36.980499,37.243,37.2215,37.285999,36.997501,36.803501
37.630501,36.8335,36.779499,36.980499,37.243,37.2215,37.285999,36.997501
37.940498,37.630501,36.8335,36.779499,36.980499,37.243,37.2215,37.285999
38.387001,37.940498,37.630501,36.8335,36.779499,36.980499,37.243,37.2215
38.028999,38.387001,37.940498,37.630501,36.8335,36.779499,36.980499,37.243
37.731998,38.028999,38.387001,37.940498,37.630501,36.8335,36.779499,36.980499
38.038502,37.731998,38.028999,38.387001,37.940498,37.630501,36.8335,36.779499
38.299,38.038502,37.731998,38.028999,38.387001,37.940498,37.630501,36.8335
38.327999,38.299,38.038502,37.731998,38.028999,38.387001,37.940498,37.630501
38.415501,38.327999,38.299,38.038502,37.731998,38.028999,38.387001,37.940498
38.428001,38.415501,38.327999,38.299,38.038502,37.731998,38.028999,38.387001
38.562,38.428001,38.415501,38.327999,38.299,38.038502,37.731998,38.028999
38.627998,38.562,38.428001,38.415501,38.327999,38.299,38.038502,37.731998
38.4245,38.627998,38.562,38.428001,38.415501,38.327999,38.299,38.038502
38.202,38.4245,38.627998,38.562,38.428001,38.415501,38.327999,38.299
38.231499,38.202,38.4245,38.627998,38.562,38.428001,38.415501,38.327999
38.223,38.231499,38.202,38.4245,38.627998,38.562,38.428001,38.415501
37.865501,38.223,38.231499,38.202,38.4245,38.627998,38.562,38.428001
37.973999,37.865501,38.223,38.231499,38.202,38.4245,38.627998,38.562
38.122501,37.973999,37.865501,38.223,38.231499,38.202,38.4245,38.627998
37.862499,38.122501,37.973999,37.865501,38.223,38.231499,38.202,38.4245
37.960999,37.862499,38.122501,37.973999,37.865501,38.223,38.231499,38.202
38.450001,37.960999,37.862499,38.122501,37.973999,37.865501,38.223,38.231499
38.564499,38.450001,37.960999,37.862499,38.122501,37.973999,37.865501,38.223
38.379002,38.564499,38.450001,37.960999,37.862499,38.122501,37.973999,37.865501
38.458,38.379002,38.564499,38.450001,37.960999,37.862499,38.122501,37.973999
38.530998,38.458,38.379002,38.564499,38.450001,37.960999,37.862499,38.122501
38.622002,38.530998,38.458,38.379002,38.564499,38.450001,37.960999,37.862499
39.443501,38.622002,38.530998,38.458,38.379002,38.564499,38.450001,37.960999
39.223999,39.443501,38.622002,38.530998,38.458,38.379002,38.564499,38.450001
39.202999,39.223999,39.443501,38.622002,38.530998,38.458,38.379002,38.564499
38.007,39.202999,39.223999,39.443501,38.622002,38.530998,38.458,38.379002
38.574501,38.007,39.202999,39.223999,39.443501,38.622002,38.530998,38.458
38.050499,38.574501,38.007,39.202999,39.223999,39.443501,38.622002,38.530998
38.054501,38.050499,38.574501,38.007,39.202999,39.223999,39.443501,38.622002
38.484501,38.054501,38.050499,38.574501,38.007,39.202999,39.223999,39.443501
38.925999,38.484501,38.054501,38.050499,38.574501,38.007,39.202999,39.223999
38.755001,38.925999,38.484501,38.054501,38.050499,38.574501,38.007,39.202999
39.011002,38.755001,38.925999,38.484501,38.054501,38.050499,38.574501,38.007
39.487,39.011002,38.755001,38.925999,38.484501,38.054501,38.050499,38.574501
40.235001,39.487,39.011002,38.755001,38.925999,38.484501,38.054501,38.050499
40.287498,40.235001,39.487,39.011002,38.755001,38.925999,38.484501,38.054501
39.958,40.287498,40.235001,39.487,39.011002,38.755001,38.925999,38.484501
40.8055,39.958,40.287498,40.235001,39.487,39.011002,38.755001,38.925999
41.436001,40.8055,39.958,40.287498,40.235001,39.487,39.011002,38.755001
41.452499,41.436001,40.8055,39.958,40.287498,40.235001,39.487,39.011002
41.865501,41.452499,41.436001,40.8055,39.958,40.287498,40.235001,39.487
41.837002,41.865501,41.452499,41.436001,40.8055,39.958,40.287498,40.235001
41.7015,41.837002,41.865501,41.452499,41.436001,40.8055,39.958,40.287498
42.217999,41.7015,41.837002,41.865501,41.452499,41.436001,40.8055,39.958
42.083,42.217999,41.7015,41.837002,41.865501,41.452499,41.436001,40.8055
41.9715,42.083,42.217999,41.7015,41.837002,41.865501,41.452499,41.436001
42.085499,41.9715,42.083,42.217999,41.7015,41.837002,41.865501,41.452499
41.549999,42.085499,41.9715,42.083,42.217999,41.7015,41.837002,41.865501
41.704498,41.549999,42.085499,41.9715,42.083,42.217999,41.7015,41.837002
41.464001,41.704498,41.549999,42.085499,41.9715,42.083,42.217999,41.7015
41.147999,41.464001,41.704498,41.549999,42.085499,41.9715,42.083,42.217999
40.647499,41.147999,41.464001,41.704498,41.549999,42.085499,41.9715,42.083
40.8825,40.647499,41.147999,41.464001,41.704498,41.549999,42.085499,41.9715
40.884499,40.8825,40.647499,41.147999,41.464001,41.704498,41.549999,42.085499
40.515999,40.884499,40.8825,40.647499,41.147999,41.464001,41.704498,41.549999
40.949501,40.515999,40.884499,40.8825,40.647499,41.147999,41.464001,41.704498
41.904499,40.949501,40.515999,40.884499,40.8825,40.647499,41.147999,41.464001
41.758999,41.904499,40.949501,40.515999,40.884499,40.8825,40.647499,41.147999
41.129501,41.758999,41.904499,40.949501,40.515999,40.884499,40.8825,40.647499
40.917999,41.129501,41.758999,41.904499,40.949501,40.515999,40.884499,40.8825
38.816002,40.917999,41.129501,41.758999,41.904499,40.949501,40.515999,40.884499
39.491001,38.816002,40.917999,41.129501,41.758999,41.904499,40.949501,40.515999
39.2705,39.491001,38.816002,40.917999,41.129501,41.758999,41.904499,40.949501
38.278,39.2705,39.491001,38.816002,40.917999,41.129501,41.758999,41.904499
38.351501,38.278,39.2705,39.491001,38.816002,40.917999,41.129501,41.758999
37.752499,38.351501,38.278,39.2705,39.491001,38.816002,40.917999,41.129501
39.246498,37.752499,38.351501,38.278,39.2705,39.491001,38.816002,40.917999
39.387501,39.246498,37.752499,38.351501,38.278,39.2705,39.491001,38.816002
38.594002,39.387501,39.246498,37.752499,38.351501,38.278,39.2705,39.491001
37.118999,38.594002,39.387501,39.246498,37.752499,38.351501,38.278,39.2705
36.9505,37.118999,38.594002,39.387501,39.246498,37.752499,38.351501,38.278
35.953499,36.9505,37.118999,38.594002,39.387501,39.246498,37.752499,38.351501
37.161999,35.953499,36.9505,37.118999,38.594002,39.387501,39.246498,37.752499
37.324501,37.161999,35.953499,36.9505,37.118999,38.594002,39.387501,39.246498
37.82,37.324501,37.161999,35.953499,36.9505,37.118999,38.594002,39.387501
38.007999,37.82,37.324501,37.161999,35.953499,36.9505,37.118999,38.594002
39.0,38.007999,37.82,37.324501,37.161999,35.953499,36.9505,37.118999
39.266499,39.0,38.007999,37.82,37.324501,37.161999,35.953499,36.9505
39.006001,39.266499,39.0,38.007999,37.82,37.324501,37.161999,35.953499
39.018501,39.006001,39.266499,39.0,38.007999,37.82,37.324501,37.161999
38.338501,39.018501,39.006001,39.266499,39.0,38.007999,37.82,37.324501
38.125999,38.338501,39.018501,39.006001,39.266499,39.0,38.007999,37.82
37.5285,38.125999,38.338501,39.018501,39.006001,39.266499,39.0,38.007999
37.182499,37.5285,38.125999,38.338501,39.018501,39.006001,39.266499,39.0
37.016998,37.182499,37.5285,38.125999,38.338501,39.018501,39.006001,39.266499
37.967999,37.016998,37.182499,37.5285,38.125999,38.338501,39.018501,39.006001
38.236,37.967999,37.016998,37.182499,37.5285,38.125999,38.338501,39.018501
38.521,38.236,37.967999,37.016998,37.182499,37.5285,38.125999,38.338501
38.366501,38.521,38.236,37.967999,37.016998,37.182499,37.5285,38.125999
38.432999,38.366501,38.521,38.236,37.967999,37.016998,37.182499,37.5285
38.006001,38.432999,38.366501,38.521,38.236,37.967999,37.016998,37.182499
38.716999,38.006001,38.432999,38.366501,38.521,38.236,37.967999,37.016998
38.441002,38.716999,38.006001,38.432999,38.366501,38.521,38.236,37.967999
38.049999,38.441002,38.716999,38.006001,38.432999,38.366501,38.521,38.236
37.8885,38.049999,38.441002,38.716999,38.006001,38.432999,38.366501,38.521
38.299999,37.8885,38.049999,38.441002,38.716999,38.006001,38.432999,38.366501
38.561001,38.299999,37.8885,38.049999,38.441002,38.716999,38.006001,38.432999
38.529999,38.561001,38.299999,37.8885,38.049999,38.441002,38.716999,38.006001
38.317001,38.529999,38.561001,38.299999,37.8885,38.049999,38.441002,38.716999
38.029499,38.317001,38.529999,38.561001,38.299999,37.8885,38.049999,38.441002
38.57,38.029499,38.317001,38.529999,38.561001,38.299999,37.8885,38.049999
38.606499,38.57,38.029499,38.317001,38.529999,38.561001,38.299999,37.8885
38.2575,38.606499,38.57,38.029499,38.317001,38.529999,38.561001,38.299999
37.4935,38.2575,38.606499,38.57,38.029499,38.317001,38.529999,38.561001
37.683498,37.4935,38.2575,38.606499,38.57,38.029499,38.317001,38.529999
37.859001,37.683498,37.4935,38.2575,38.606499,38.57,38.029499,38.317001
39.022499,37.859001,37.683498,37.4935,38.2575,38.606499,38.57,38.029499
39.7995,39.022499,37.859001,37.683498,37.4935,38.2575,38.606499,38.57
39.846001,39.7995,39.022499,37.859001,37.683498,37.4935,38.2575,38.606499
39.794998,39.846001,39.7995,39.022499,37.859001,37.683498,37.4935,38.2575
39.951,39.794998,39.846001,39.7995,39.022499,37.859001,37.683498,37.4935
40.681999,39.951,39.794998,39.846001,39.7995,39.022499,37.859001,37.683498
40.856998,40.681999,39.951,39.794998,39.846001,39.7995,39.022499,37.859001
40.486,40.856998,40.681999,39.951,39.794998,39.846001,39.7995,39.022499
40.374001,40.486,40.856998,40.681999,39.951,39.794998,39.846001,39.7995
40.452,40.374001,40.486,40.856998,40.681999,39.951,39.794998,39.846001
40.4165,40.452,40.374001,40.486,40.856998,40.681999,39.951,39.794998
40.894001,40.4165,40.452,40.374001,40.486,40.856998,40.681999,39.951
41.122002,40.894001,40.4165,40.452,40.374001,40.486,40.856998,40.681999
41.826,41.122002,40.894001,40.4165,40.452,40.374001,40.486,40.856998
41.9575,41.826,41.122002,40.894001,40.4165,40.452,40.374001,40.486
41.788502,41.9575,41.826,41.122002,40.894001,40.4165,40.452,40.374001
41.519001,41.788502,41.9575,41.826,41.122002,40.894001,40.4165,40.452
41.174,41.519001,41.788502,41.9575,41.826,41.122002,40.894001,40.4165
41.6175,41.174,41.519001,41.788502,41.9575,41.826,41.122002,40.894001
41.997501,41.6175,41.174,41.519001,41.788502,41.9575,41.826,41.122002
40.509998,41.997501,41.6175,41.174,41.519001,41.788502,41.9575,41.826
40.382,40.509998,41.997501,41.6175,41.174,41.519001,41.788502,41.9575
40.625,40.382,40.509998,41.997501,41.6175,41.174,41.519001,41.788502
40.9855,40.625,40.382,40.509998,41.997501,41.6175,41.174,41.519001
41.068001,40.9855,40.625,40.382,40.509998,41.997501,41.6175,41.174
41.373001,41.068001,40.9855,40.625,40.382,40.509998,41.997501,41.6175
41.8265,41.373001,41.068001,40.9855,40.625,40.382,40.509998,41.997501
41.8195,41.8265,41.373001,41.068001,40.9855,40.625,40.382,40.509998
42.134998,41.8195,41.8265,41.373001,41.068001,40.9855,40.625,40.382
42.207001,42.134998,41.8195,41.8265,41.373001,41.068001,40.9855,40.625
42.253502,42.207001,42.134998,41.8195,41.8265,41.373001,41.068001,40.9855
42.821999,42.253502,42.207001,42.134998,41.8195,41.8265,41.373001,41.068001
42.780499,42.821999,42.253502,42.207001,42.134998,41.8195,41.8265,41.373001
42.609501,42.780499,42.821999,42.253502,42.207001,42.134998,41.8195,41.8265
42.262001,42.609501,42.780499,42.821999,42.253502,42.207001,42.134998,41.8195
42.431999,42.262001,42.609501,42.780499,42.821999,42.253502,42.207001,42.134998
42.251999,42.431999,42.262001,42.609501,42.780499,42.821999,42.253502,42.207001
42.653999,42.251999,42.431999,42.262001,42.609501,42.780499,42.821999,42.253502
42.445499,42.653999,42.251999,42.431999,42.262001,42.609501,42.780499,42.821999
42.493999,42.445499,42.653999,42.251999,42.431999,42.262001,42.609501,42.780499
42.330502,42.493999,42.445499,42.653999,42.251999,42.431999,42.262001,42.609501
42.300999,42.330502,42.493999,42.445499,42.653999,42.251999,42.431999,42.262001
42.525002,42.300999,42.330502,42.493999,42.445499,42.653999,42.251999,42.431999
42.650002,42.525002,42.300999,42.330502,42.493999,42.445499,42.653999,42.251999
42.623001,42.650002,42.525002,42.300999,42.330502,42.493999,42.445499,42.653999
42.7295,42.623001,42.650002,42.525002,42.300999,42.330502,42.493999,42.445499
42.626499,42.7295,42.623001,42.650002,42.525002,42.300999,42.330502,42.493999
42.648499,42.626499,42.7295,42.623001,42.650002,42.525002,42.300999,42.330502
42.671001,42.648499,42.626499,42.7295,42.623001,42.650002,42.525002,42.300999
42.615501,42.671001,42.648499,42.626499,42.7295,42.623001,42.650002,42.525002
42.848499,42.615501,42.671001,42.648499,42.626499,42.7295,42.623001,42.650002
42.16,42.848499,42.615501,42.671001,42.648499,42.626499,42.7295,42.623001
42.403,42.16,42.848499,42.615501,42.671001,42.648499,42.626499,42.7295
42.368999,42.403,42.16,42.848499,42.615501,42.671001,42.648499,42.626499
42.280499,42.368999,42.403,42.16,42.848499,42.615501,42.671001,42.648499
42.341,42.280499,42.368999,42.403,42.16,42.848499,42.615501,42.671001
42.799999,42.341,42.280499,42.368999,42.403,42.16,42.848499,42.615501
43.716,42.799999,42.341,42.280499,42.368999,42.403,42.16,42.848499
43.817001,43.716,42.799999,42.341,42.280499,42.368999,42.403,42.16
44.327,43.817001,43.716,42.799999,42.341,42.280499,42.368999,42.403
44.5755,44.327,43.817001,43.716,42.799999,42.341,42.280499,42.368999
45.341499,44.5755,44.327,43.817001,43.716,42.799999,42.341,42.280499
45.464001,45.341499,44.5755,44.327,43.817001,43.716,42.799999,42.341
44.914001,45.464001,45.341499,44.5755,44.327,43.817001,43.716,42.799999
44.743999,44.914001,45.464001,45.341499,44.5755,44.327,43.817001,43.716
45.352001,44.743999,44.914001,45.464001,45.341499,44.5755,44.327,43.817001
45.118,45.352001,44.743999,44.914001,45.464001,45.341499,44.5755,44.327
44.811501,45.118,45.352001,44.743999,44.914001,45.464001,45.341499,44.5755
44.233501,44.811501,45.118,45.352001,44.743999,44.914001,45.464001,45.341499
45.099499,44.233501,44.811501,45.118,45.352001,44.743999,44.914001,45.464001
45.188999,45.099499,44.233501,44.811501,45.118,45.352001,44.743999,44.914001
44.959999,45.188999,45.099499,44.233501,44.811501,45.118,45.352001,44.743999
45.103001,44.959999,45.188999,45.099499,44.233501,44.811501,45.118,45.352001
44.926498,45.103001,44.959999,45.188999,45.099499,44.233501,44.811501,45.118
45.370499,44.926498,45.103001,44.959999,45.188999,45.099499,44.233501,44.811501
45.381001,45.370499,44.926498,45.103001,44.959999,45.188999,45.099499,44.233501
45.4645,45.381001,45.370499,44.926498,45.103001,44.959999,45.188999,45.099499
45.918999,45.4645,45.381001,45.370499,44.926498,45.103001,44.959999,45.188999
46.2495,45.918999,45.4645,45.381001,45.370499,44.926498,45.103001,44.959999
47.411499,46.2495,45.918999,45.4645,45.381001,45.370499,44.926498,45.103001
47.347,47.411499,46.2495,45.918999,45.4645,45.381001,45.370499,44.926498
47.051498,47.347,47.411499,46.2495,45.918999,45.4645,45.381001,45.370499
46.876499,47.051498,47.347,47.411499,46.2495,45.918999,45.4645,45.381001
46.7075,46.876499,47.051498,47.347,47.411499,46.2495,45.918999,45.4645
47.452,46.7075,46.876499,47.051498,47.347,47.411499,46.2495,45.918999
47.640999,47.452,46.7075,46.876499,47.051498,47.347,47.411499,46.2495
47.447498,47.640999,47.452,46.7075,46.876499,47.051498,47.347,47.411499
47.381001,47.447498,47.640999,47.452,46.7075,46.876499,47.051498,47.347
48.067501,47.381001,47.447498,47.640999,47.452,46.7075,46.876499,47.051498
47.898499,48.067501,47.381001,47.447498,47.640999,47.452,46.7075,46.876499
48.303501,47.898499,48.067501,47.381001,47.447498,47.640999,47.452,46.7075
47.237999,48.303501,47.898499,48.067501,47.381001,47.447498,47.640999,47.452
47.9245,47.237999,48.303501,47.898499,48.067501,47.381001,47.447498,47.640999
47.992001,47.9245,47.237999,48.303501,47.898499,48.067501,47.381001,47.447498
48.533501,47.992001,47.9245,47.237999,48.303501,47.898499,48.067501,47.381001
48.577,48.533501,47.992001,47.9245,47.237999,48.303501,47.898499,48.067501
49.017502,48.577,48.533501,47.992001,47.9245,47.237999,48.303501,47.898499
49.668999,49.017502,48.577,48.533501,47.992001,47.9245,47.237999,48.303501
49.789001,49.668999,49.017502,48.577,48.533501,47.992001,47.9245,47.237999
49.834999,49.789001,49.668999,49.017502,48.577,48.533501,47.992001,47.9245
49.730999,49.834999,49.789001,49.668999,49.017502,48.577,48.533501,47.992001
49.797501,49.730999,49.834999,49.789001,49.668999,49.017502,48.577,48.533501
50.336498,49.797501,49.730999,49.834999,49.789001,49.668999,49.017502,48.577
50.567001,50.336498,49.797501,49.730999,49.834999,49.789001,49.668999,49.017502
50.150002,50.567001,50.336498,49.797501,49.730999,49.834999,49.789001,49.668999
50.503502,50.150002,50.567001,50.336498,49.797501,49.730999,49.834999,49.789001
50.5135,50.503502,50.150002,50.567001,50.336498,49.797501,49.730999,49.834999
48.915501,50.5135,50.503502,50.150002,50.567001,50.336498,49.797501,49.730999
48.245499,48.915501,50.5135,50.503502,50.150002,50.567001,50.336498,49.797501
49.039501,48.245499,48.915501,50.5135,50.503502,50.150002,50.567001,50.336498
48.823502,49.039501,48.245499,48.915501,50.5135,50.503502,50.150002,50.567001
48.2085,48.823502,49.039501,48.245499,48.915501,50.5135,50.503502,50.150002
49.385502,48.2085,48.823502,49.039501,48.245499,48.915501,50.5135,50.503502
49.758499,49.385502,48.2085,48.823502,49.039501,48.245499,48.915501,50.5135
49.629501,49.758499,49.385502,48.2085,48.823502,49.039501,48.245499,48.915501
50.1115,49.629501,49.758499,49.385502,48.2085,48.823502,49.039501,48.245499
50.064999,50.1115,49.629501,49.758499,49.385502,48.2085,48.823502,49.039501
50.187,50.064999,50.1115,49.629501,49.758499,49.385502,48.2085,48.823502
49.699001,50.187,50.064999,50.1115,49.629501,49.758499,49.385502,48.2085
48.839001,49.699001,50.187,50.064999,50.1115,49.629501,49.758499,49.385502
49.516499,48.839001,49.699001,50.187,50.064999,50.1115,49.629501,49.758499
48.796501,49.516499,48.839001,49.699001,50.187,50.064999,50.1115,49.629501
48.400002,48.796501,49.516499,48.839001,49.699001,50.187,50.064999,50.1115
47.682999,48.400002,48.796501,49.516499,48.839001,49.699001,50.187,50.064999
48.57,47.682999,48.400002,48.796501,49.516499,48.839001,49.699001,50.187
48.257,48.57,47.682999,48.400002,48.796501,49.516499,48.839001,49.699001
48.938,48.257,48.57,47.682999,48.400002,48.796501,49.516499,48.839001
49.823502,48.938,48.257,48.57,47.682999,48.400002,48.796501,49.516499
49.706501,49.823502,48.938,48.257,48.57,47.682999,48.400002,48.796501
50.3255,49.706501,49.823502,48.938,48.257,48.57,47.682999,48.400002
50.031502,50.3255,49.706501,49.823502,48.938,48.257,48.57,47.682999
50.0905,50.031502,50.3255,49.706501,49.823502,48.938,48.257,48.57
50.501999,50.0905,50.031502,50.3255,49.706501,49.823502,48.938,48.257
51.2225,50.501999,50.0905,50.031502,50.3255,49.706501,49.823502,48.938
51.343498,51.2225,50.501999,50.0905,50.031502,50.3255,49.706501,49.823502
51.435001,51.343498,51.2225,50.501999,50.0905,50.031502,50.3255,49.706501
51.283501,51.435001,51.343498,51.2225,50.501999,50.0905,50.031502,50.3255
51.947498,51.283501,51.435001,51.343498,51.2225,50.501999,50.0905,50.031502
51.9935,51.947498,51.283501,51.435001,51.343498,51.2225,50.501999,50.0905
52.639999,51.9935,51.947498,51.283501,51.435001,51.343498,51.2225,50.501999
52.299999,52.639999,51.9935,51.947498,51.283501,51.435001,51.343498,51.2225
51.001999,52.299999,52.639999,51.9935,51.947498,51.283501,51.435001,51.343498
49.389,51.001999,52.299999,52.639999,51.9935,51.947498,51.283501,51.435001
49.809502,49.389,51.001999,52.299999,52.639999,51.9935,51.947498,51.283501
49.794498,49.809502,49.389,51.001999,52.299999,52.639999,51.9935,51.947498
49.346001,49.794498,49.809502,49.389,51.001999,52.299999,52.639999,51.9935
49.379002,49.346001,49.794498,49.809502,49.389,51.001999,52.299999,52.639999
49.613499,49.379002,49.346001,49.794498,49.809502,49.389,51.001999,52.299999
49.492001,49.613499,49.379002,49.346001,49.794498,49.809502,49.389,51.001999
49.100498,49.492001,49.613499,49.379002,49.346001,49.794498,49.809502,49.389
47.846001,49.100498,49.492001,49.613499,49.379002,49.346001,49.794498,49.809502
48.399502,47.846001,49.100498,49.492001,49.613499,49.379002,49.346001,49.794498
49.165001,48.399502,47.846001,49.100498,49.492001,49.613499,49.379002,49.346001
49.137001,49.165001,48.399502,47.846001,49.100498,49.492001,49.613499,49.379002
48.909,49.137001,49.165001,48.399502,47.846001,49.100498,49.492001,49.613499
48.0285,48.909,49.137001,49.165001,48.399502,47.846001,49.100498,49.492001
47.9235,48.0285,48.909,49.137001,49.165001,48.399502,47.846001,49.100498
47.664501,47.9235,48.0285,48.909,49.137001,49.165001,48.399502,47.846001
48.345001,47.664501,47.9235,48.0285,48.909,49.137001,49.165001,48.399502
47.900002,48.345001,47.664501,47.9235,48.0285,48.909,49.137001,49.165001
47.622501,47.900002,48.345001,47.664501,47.9235,48.0285,48.909,49.137001
47.263,47.622501,47.900002,48.345001,47.664501,47.9235,48.0285,48.909
47.300999,47.263,47.622501,47.900002,48.345001,47.664501,47.9235,48.0285
47.702999,47.300999,47.263,47.622501,47.900002,48.345001,47.664501,47.9235
48.379501,47.702999,47.300999,47.263,47.622501,47.900002,48.345001,47.664501
49.029999,48.379501,47.702999,47.300999,47.263,47.622501,47.900002,48.345001
48.912498,49.029999,48.379501,47.702999,47.300999,47.263,47.622501,47.900002
48.2635,48.912498,49.029999,48.379501,47.702999,47.300999,47.263,47.622501
48.389999,48.2635,48.912498,49.029999,48.379501,47.702999,47.300999,47.263
48.973499,48.389999,48.2635,48.912498,49.029999,48.379501,47.702999,47.300999
48.294998,48.973499,48.389999,48.2635,48.912498,49.029999,48.379501,47.702999
48.897999,48.294998,48.973499,48.389999,48.2635,48.912498,49.029999,48.379501
49.129002,48.897999,48.294998,48.973499,48.389999,48.2635,48.912498,49.029999
49.98,49.129002,48.897999,48.294998,48.973499,48.389999,48.2635,48.912498
49.6105,49.98,49.129002,48.897999,48.294998,48.973499,48.389999,48.2635
49.3395,49.6105,49.98,49.129002,48.897999,48.294998,48.973499,48.389999
48.709499,49.3395,49.6105,49.98,49.129002,48.897999,48.294998,48.973499
48.493,48.709499,49.3395,49.6105,49.98,49.129002,48.897999,48.294998
48.6605,48.493,48.709499,49.3395,49.6105,49.98,49.129002,48.897999
48.232498,48.6605,48.493,48.709499,49.3395,49.6105,49.98,49.129002
47.755001,48.232498,48.6605,48.493,48.709499,49.3395,49.6105,49.98
46.989498,47.755001,48.232498,48.6605,48.493,48.709499,49.3395,49.6105
46.93,46.989498,47.755001,48.232498,48.6605,48.493,48.709499,49.3395
47.543499,46.93,46.989498,47.755001,48.232498,48.6605,48.493,48.709499
47.82,47.543499,46.93,46.989498,47.755001,48.232498,48.6605,48.493
48.067501,47.82,47.543499,46.93,46.989498,47.755001,48.232498,48.6605
47.959499,48.067501,47.82,47.543499,46.93,46.989498,47.755001,48.232498
47.855,47.959499,48.067501,47.82,47.543499,46.93,46.989498,47.755001
48.272499,47.855,47.959499,48.067501,47.82,47.543499,46.93,46.989498
49.0425,48.272499,47.855,47.959499,48.067501,47.82,47.543499,46.93
49.479,49.0425,48.272499,47.855,47.959499,48.067501,47.82,47.543499
49.5495,49.479,49.0425,48.272499,47.855,47.959499,48.067501,47.82
49.360001,49.5495,49.479,49.0425,48.272499,47.855,47.959499,48.067501
49.75,49.360001,49.5495,49.479,49.0425,48.272499,47.855,47.959499
50.046501,49.75,49.360001,49.5495,49.479,49.0425,48.272499,47.855
50.146999,50.046501,49.75,49.360001,49.5495,49.479,49.0425,48.272499
50.317001,50.146999,50.046501,49.75,49.360001,49.5495,49.479,49.0425
50.456501,50.317001,50.146999,50.046501,49.75,49.360001,49.5495,49.479
49.849998,50.456501,50.317001,50.146999,50.046501,49.75,49.360001,49.5495
49.330502,49.849998,50.456501,50.317001,50.146999,50.046501,49.75,49.360001
49.1455,49.330502,49.849998,50.456501,50.317001,50.146999,50.046501,49.75
48.314999,49.1455,49.330502,49.849998,50.456501,50.317001,50.146999,50.046501
48.794998,48.314999,49.1455,49.330502,49.849998,50.456501,50.317001,50.146999
48.6455,48.794998,48.314999,49.1455,49.330502,49.849998,50.456501,50.317001
48.621498,48.6455,48.794998,48.314999,49.1455,49.330502,49.849998,50.456501
55.047501,48.621498,48.6455,48.794998,48.314999,49.1455,49.330502,49.849998
55.5425,55.047501,48.621498,48.6455,48.794998,48.314999,49.1455,49.330502
55.264,55.5425,55.047501,48.621498,48.6455,48.794998,48.314999,49.1455
55.183998,55.264,55.5425,55.047501,48.621498,48.6455,48.794998,48.314999
54.710999,55.183998,55.264,55.5425,55.047501,48.621498,48.6455,48.794998
55.580002,54.710999,55.183998,55.264,55.5425,55.047501,48.621498,48.6455
56.033001,55.580002,54.710999,55.183998,55.264,55.5425,55.047501,48.621498
56.158501,56.033001,55.580002,54.710999,55.183998,55.264,55.5425,55.047501
56.644001,56.158501,56.033001,55.580002,54.710999,55.183998,55.264,55.5425
56.456501,56.644001,56.158501,56.033001,55.580002,54.710999,55.183998,55.264
56.267502,56.456501,56.644001,56.158501,56.033001,55.580002,54.710999,55.183998
56.4585,56.267502,56.456501,56.644001,56.158501,56.033001,55.580002,54.710999
56.841999,56.4585,56.267502,56.456501,56.644001,56.158501,56.033001,55.580002
56.334499,56.841999,56.4585,56.267502,56.456501,56.644001,56.158501,56.033001
56.864498,56.334499,56.841999,56.4585,56.267502,56.456501,56.644001,56.158501
56.493999,56.864498,56.334499,56.841999,56.4585,56.267502,56.456501,56.644001
56.315498,56.493999,56.864498,56.334499,56.841999,56.4585,56.267502,56.456501
56.974499,56.315498,56.493999,56.864498,56.334499,56.841999,56.4585,56.267502
57.807999,56.974499,56.315498,56.493999,56.864498,56.334499,56.841999,56.4585
59.299999,57.807999,56.974499,56.315498,56.493999,56.864498,56.334499,56.841999
59.7915,59.299999,57.807999,56.974499,56.315498,56.493999,56.864498,56.334499
59.68,59.7915,59.299999,57.807999,56.974499,56.315498,56.493999,56.864498
58.063499,59.68,59.7915,59.299999,57.807999,56.974499,56.315498,56.493999
58.837502,58.063499,59.68,59.7915,59.299999,57.807999,56.974499,56.315498
58.1175,58.837502,58.063499,59.68,59.7915,59.299999,57.807999,56.974499
56.697498,58.1175,58.837502,58.063499,59.68,59.7915,59.299999,57.807999
57.078499,56.697498,58.1175,58.837502,58.063499,59.68,59.7915,59.299999
57.6175,57.078499,56.697498,58.1175,58.837502,58.063499,59.68,59.7915
57.989498,57.6175,57.078499,56.697498,58.1175,58.837502,58.063499,59.68
58.099998,57.989498,57.6175,57.078499,56.697498,58.1175,58.837502,58.063499
58.445999,58.099998,57.989498,57.6175,57.078499,56.697498,58.1175,58.837502
58.254002,58.445999,58.099998,57.989498,57.6175,57.078499,56.697498,58.1175
58.206501,58.254002,58.445999,58.099998,57.989498,57.6175,57.078499,56.697498
58.713001,58.206501,58.254002,58.445999,58.099998,57.989498,57.6175,57.078499
58.957001,58.713001,58.206501,58.254002,58.445999,58.099998,57.989498,57.6175
59.528999,58.957001,58.713001,58.206501,58.254002,58.445999,58.099998,57.989498
59.368999,59.528999,58.957001,58.713001,58.206501,58.254002,58.445999,58.099998
58.881001,59.368999,59.528999,58.957001,58.713001,58.206501,58.254002,58.445999
58.737999,58.881001,59.368999,59.528999,58.957001,58.713001,58.206501,58.254002
58.417999,58.737999,58.881001,59.368999,59.528999,58.957001,58.713001,58.206501
58.838001,58.417999,58.737999,58.881001,59.368999,59.528999,58.957001,58.713001
59.112999,58.838001,58.417999,58.737999,58.881001,59.368999,59.528999,58.957001
59.305,59.112999,58.838001,58.417999,58.737999,58.881001,59.368999,59.528999
58.473499,59.305,59.112999,58.838001,58.417999,58.737999,58.881001,59.368999
59.4505,58.473499,59.305,59.112999,58.838001,58.417999,58.737999,58.881001
60.209999,59.4505,58.473499,59.305,59.112999,58.838001,58.417999,58.737999
60.4795,60.209999,59.4505,58.473499,59.305,59.112999,58.838001,58.417999
61.457001,60.4795,60.209999,59.4505,58.473499,59.305,59.112999,58.838001
62.343498,61.457001,60.4795,60.209999,59.4505,58.473499,59.305,59.112999
62.634998,62.343498,61.457001,60.4795,60.209999,59.4505,58.473499,59.305
62.716499,62.634998,62.343498,61.457001,60.4795,60.209999,59.4505,58.473499
63.834,62.716499,62.634998,62.343498,61.457001,60.4795,60.209999,59.4505
65.260002,63.834,62.716499,62.634998,62.343498,61.457001,60.4795,60.209999
65.242996,65.260002,63.834,62.716499,62.634998,62.343498,61.457001,60.4795
64.75,65.242996,65.260002,63.834,62.716499,62.634998,62.343498,61.457001
64.666,64.75,65.242996,65.260002,63.834,62.716499,62.634998,62.343498
64.728996,64.666,64.75,65.242996,65.260002,63.834,62.716499,62.634998
66.365501,64.728996,64.666,64.75,65.242996,65.260002,63.834,62.716499
68.126999,66.365501,64.728996,64.666,64.75,65.242996,65.260002,63.834
67.875504,68.126999,66.365501,64.728996,64.666,64.75,65.242996,65.260002
68.897499,67.875504,68.126999,66.365501,64.728996,64.666,64.75,65.242996
70.102501,68.897499,67.875504,68.126999,66.365501,64.728996,64.666,64.75
70.884003,70.102501,68.897499,67.875504,68.126999,66.365501,64.728996,64.666
71.890999,70.884003,70.102501,68.897499,67.875504,68.126999,66.365501,64.728996
72.544502,71.890999,70.884003,70.102501,68.897499,67.875504,68.126999,66.365501
69.5,72.544502,71.890999,70.884003,70.102501,68.897499,67.875504,68.126999
71.497498,69.5,72.544502,71.890999,70.884003,70.102501,68.897499,67.875504
69.5,71.497498,69.5,72.544502,71.890999,70.884003,70.102501,68.897499
72.141998,69.5,71.497498,69.5,72.544502,71.890999,70.884003,70.102501
70.838997,72.141998,69.5,71.497498,69.5,72.544502,71.890999,70.884003
67.525002,70.838997,72.141998,69.5,71.497498,69.5,72.544502,71.890999
66.980003,67.525002,70.838997,72.141998,69.5,71.497498,69.5,72.544502
69.311501,66.980003,67.525002,70.838997,72.141998,69.5,71.497498,69.5
70.725502,69.311501,66.980003,67.525002,70.838997,72.141998,69.5,71.497498
72.552498,70.725502,69.311501,66.980003,67.525002,70.838997,72.141998,69.5
73.087997,72.552498,70.725502,69.311501,66.980003,67.525002,70.838997,72.141998
72.434502,73.087997,72.552498,70.725502,69.311501,66.980003,67.525002,70.838997
73.417503,72.434502,73.087997,72.552498,70.725502,69.311501,66.980003,67.525002
74.146004,73.417503,72.434502,73.087997,72.552498,70.725502,69.311501,66.980003
74.266998,74.146004,73.417503,72.434502,73.087997,72.552498,70.725502,69.311501
75.0,74.266998,74.146004,73.417503,72.434502,73.087997,72.552498,70.725502
76.097504,75.0,74.266998,74.146004,73.417503,72.434502,73.087997,72.552498
75.598999,76.097504,75.0,74.266998,74.146004,73.417503,72.434502,73.087997
75.622498,75.598999,76.097504,75.0,74.266998,74.146004,73.417503,72.434502
74.672501,75.622498,75.598999,76.097504,75.0,74.266998,74.146004,73.417503
75.012497,74.672501,75.622498,75.598999,76.097504,75.0,74.266998,74.146004
76.180496,75.012497,74.672501,75.622498,75.598999,76.097504,75.0,74.266998
76.882004,76.180496,75.012497,74.672501,75.622498,75.598999,76.097504,75.0
77.25,76.882004,76.180496,75.012497,74.672501,75.622498,75.598999,76.097504
77.593002,77.25,76.882004,76.180496,75.012497,74.672501,75.622498,75.598999
78.944504,77.593002,77.25,76.882004,76.180496,75.012497,74.672501,75.622498
79.919502,78.944504,77.593002,77.25,76.882004,76.180496,75.012497,74.672501
79.408997,79.919502,78.944504,77.593002,77.25,76.882004,76.180496,75.012497
79.550003,79.408997,79.919502,78.944504,77.593002,77.25,76.882004,76.180496
79.115997,79.550003,79.408997,79.919502,78.944504,77.593002,77.25,76.882004
78.584,79.115997,79.550003,79.408997,79.919502,78.944504,77.593002,77.25
77.246498,78.584,79.115997,79.550003,79.408997,79.919502,78.944504,77.593002
79.3255,77.246498,78.584,79.115997,79.550003,79.408997,79.919502,78.944504
79.093002,79.3255,77.246498,78.584,79.115997,79.550003,79.408997,79.919502
77.246002,79.093002,79.3255,77.246498,78.584,79.115997,79.550003,79.408997
74.778,77.246002,79.093002,79.3255,77.246498,78.584,79.115997,79.550003
77.792999,74.778,77.246002,79.093002,79.3255,77.246498,78.584,79.115997
74.852501,77.792999,74.778,77.246002,79.093002,79.3255,77.246498,78.584
71.570999,74.852501,77.792999,74.778,77.246002,79.093002,79.3255,77.246498
72.366997,71.570999,74.852501,77.792999,74.778,77.246002,79.093002,79.3255
68.599503,72.366997,71.570999,74.852501,77.792999,74.778,77.246002,79.093002
69.602501,68.599503,72.366997,71.570999,74.852501,77.792999,74.778,77.246002
70.528503,69.602501,68.599503,72.366997,71.570999,74.852501,77.792999,74.778
72.587502,70.528503,69.602501,68.599503,72.366997,71.570999,74.852501,77.792999
70.261497,72.587502,70.528503,69.602501,68.599503,72.366997,71.570999,74.852501
70.304001,70.261497,72.587502,70.528503,69.602501,68.599503,72.366997,71.570999
71.810997,70.304001,70.261497,72.587502,70.528503,69.602501,68.599503,72.366997
71.352501,71.810997,70.304001,70.261497,72.587502,70.528503,69.602501,68.599503
72.425003,71.352501,71.810997,70.304001,70.261497,72.587502,70.528503,69.602501
71.539497,72.425003,71.352501,71.810997,70.304001,70.261497,72.587502,70.528503
72.074997,71.539497,72.425003,71.352501,71.810997,70.304001,70.261497,72.587502
75.191498,72.074997,71.539497,72.425003,71.352501,71.810997,70.304001,70.261497
76.391998,75.191498,72.074997,71.539497,72.425003,71.352501,71.810997,70.304001
77.845497,76.391998,75.191498,72.074997,71.539497,72.425003,71.352501,71.810997
76.374496,77.845497,76.391998,75.191498,72.074997,71.539497,72.425003,71.352501
75.892998,76.374496,77.845497,76.391998,75.191498,72.074997,71.539497,72.425003
73.004501,75.892998,76.374496,77.845497,76.391998,75.191498,72.074997,71.539497
73.008499,73.004501,75.892998,76.374496,77.845497,76.391998,75.191498,72.074997
75.898003,73.008499,73.004501,75.892998,76.374496,77.845497,76.391998,75.191498
78.630997,75.898003,73.008499,73.004501,75.892998,76.374496,77.845497,76.391998
78.306503,78.630997,75.898003,73.008499,73.004501,75.892998,76.374496,77.845497
79.112999,78.306503,78.630997,75.898003,73.008499,73.004501,75.892998,76.374496
78.484001,79.112999,78.306503,78.630997,75.898003,73.008499,73.004501,75.892998
78.603996,78.484001,79.112999,78.306503,78.630997,75.898003,73.008499,73.004501
79.047501,78.603996,78.484001,79.112999,78.306503,78.630997,75.898003,73.008499
80.007004,79.047501,78.603996,78.484001,79.112999,78.306503,78.630997,75.898003
79.619499,80.007004,79.047501,78.603996,78.484001,79.112999,78.306503,78.630997
80.400002,79.619499,80.007004,79.047501,78.603996,78.484001,79.112999,78.306503
80.454002,80.400002,79.619499,80.007004,79.047501,78.603996,78.484001,79.112999
80.1455,80.454002,80.400002,79.619499,80.007004,79.047501,78.603996,78.484001
80.077003,80.1455,80.454002,80.400002,79.619499,80.007004,79.047501,78.603996
78.806,80.077003,80.1455,80.454002,80.400002,79.619499,80.007004,79.047501
79.363998,78.806,80.077003,80.1455,80.454002,80.400002,79.619499,80.007004
79.087997,79.363998,78.806,80.077003,80.1455,80.454002,80.400002,79.619499
78.718498,79.087997,79.363998,78.806,80.077003,80.1455,80.454002,80.400002
79.273003,78.718498,79.087997,79.363998,78.806,80.077003,80.1455,80.454002
79.07,79.273003,78.718498,79.087997,79.363998,78.806,80.077003,80.1455
80.093002,79.07,79.273003,78.718498,79.087997,79.363998,78.806,80.077003
80.153503,80.093002,79.07,79.273003,78.718498,79.087997,79.363998,78.806
80.5075,80.153503,80.093002,79.07,79.273003,78.718498,79.087997,79.363998
80.643501,80.5075,80.153503,80.093002,79.07,79.273003,78.718498,79.087997
81.244499,80.643501,80.5075,80.153503,80.093002,79.07,79.273003,78.718498
81.481003,81.244499,80.643501,80.5075,80.153503,80.093002,79.07,79.273003
82.077003,81.481003,81.244499,80.643501,80.5075,80.153503,80.093002,79.07
83.263496,82.077003,81.481003,81.244499,80.643501,80.5075,80.153503,80.093002
84.817497,83.263496,82.077003,81.481003,81.244499,80.643501,80.5075,80.153503
84.787498,84.817497,83.263496,82.077003,81.481003,81.244499,80.643501,80.5075
84.464996,84.787498,84.817497,83.263496,82.077003,81.481003,81.244499,80.643501
84.199501,84.464996,84.787498,84.817497,83.263496,82.077003,81.481003,81.244499
84.456001,84.199501,84.464996,84.787498,84.817497,83.263496,82.077003,81.481003
84.9375,84.456001,84.199501,84.464996,84.787498,84.817497,83.263496,82.077003
85.242996,84.9375,84.456001,84.199501,84.464996,84.787498,84.817497,83.263496
86.193001,85.242996,84.9375,84.456001,84.199501,84.464996,84.787498,84.817497
85.7985,86.193001,85.242996,84.9375,84.456001,84.199501,84.464996,84.787498
86.189499,85.7985,86.193001,85.242996,84.9375,84.456001,84.199501,84.464996
86.738998,86.189499,85.7985,86.193001,85.242996,84.9375,84.456001,84.199501
87.503998,86.738998,86.189499,85.7985,86.193001,85.242996,84.9375,84.456001
86.511002,87.503998,86.738998,86.189499,85.7985,86.193001,85.242996,84.9375
85.783501,86.511002,87.503998,86.738998,86.189499,85.7985,86.193001,85.242996
83.157501,85.783501,86.511002,87.503998,86.738998,86.189499,85.7985,86.193001
84.554497,83.157501,85.783501,86.511002,87.503998,86.738998,86.189499,85.7985
83.025497,84.554497,83.157501,85.783501,86.511002,87.503998,86.738998,86.189499
85.072502,83.025497,84.554497,83.157501,85.783501,86.511002,87.503998,86.738998
84.989998,85.072502,83.025497,84.554497,83.157501,85.783501,86.511002,87.503998
85.689003,84.989998,85.072502,83.025497,84.554497,83.157501,85.783501,86.511002
84.697998,85.689003,84.989998,85.072502,83.025497,84.554497,83.157501,85.783501
84.986504,84.697998,85.689003,84.989998,85.072502,83.025497,84.554497,83.157501
85.531502,84.986504,84.697998,85.689003,84.989998,85.072502,83.025497,84.554497
86.950996,85.531502,84.986504,84.697998,85.689003,84.989998,85.072502,83.025497
87.153503,86.950996,85.531502,84.986504,84.697998,85.689003,84.989998,85.072502
87.75,87.153503,86.950996,85.531502,84.986504,84.697998,85.689003,84.989998
89.831001,87.75,87.153503,86.950996,85.531502,84.986504,84.697998,85.689003
90.651497,89.831001,87.75,87.153503,86.950996,85.531502,84.986504,84.697998
91.124496,90.651497,89.831001,87.75,87.153503,86.950996,85.531502,84.986504
92.196503,91.124496,90.651497,89.831001,87.75,87.153503,86.950996,85.531502
92.146004,92.196503,91.124496,90.651497,89.831001,87.75,87.153503,86.950996
90.648499,92.146004,92.196503,91.124496,90.651497,89.831001,87.75,87.153503
90.684998,90.648499,92.146004,92.196503,91.124496,90.651497,89.831001,87.75
90.099998,90.684998,90.648499,92.146004,92.196503,91.124496,90.651497,89.831001
91.461998,90.099998,90.684998,90.648499,92.146004,92.196503,91.124496,90.651497
93.180496,91.461998,90.099998,90.684998,90.648499,92.146004,92.196503,91.124496
90.400002,93.180496,91.461998,90.099998,90.684998,90.648499,92.146004,92.196503
90.863503,90.400002,93.180496,91.461998,90.099998,90.684998,90.648499,92.146004
88.960999,90.863503,90.400002,93.180496,91.461998,90.099998,90.684998,90.648499
88.872002,88.960999,90.863503,90.400002,93.180496,91.461998,90.099998,90.684998
89.858498,88.872002,88.960999,90.863503,90.400002,93.180496,91.461998,90.099998
91.716499,89.858498,88.872002,88.960999,90.863503,90.400002,93.180496,91.461998
91.164497,91.716499,89.858498,88.872002,88.960999,90.863503,90.400002,93.180496
92.387497,91.164497,91.716499,89.858498,88.872002,88.960999,90.863503,90.400002
93.124001,92.387497,91.164497,91.716499,89.858498,88.872002,88.960999,90.863503
94.325996,93.124001,92.387497,91.164497,91.716499,89.858498,88.872002,88.960999
94.926003,94.325996,93.124001,92.387497,91.164497,91.716499,89.858498,88.872002
94.315002,94.926003,94.325996,93.124001,92.387497,91.164497,91.716499,89.858498
94.809998,94.315002,94.926003,94.325996,93.124001,92.387497,91.164497,91.716499
95.982498,94.809998,94.315002,94.926003,94.325996,93.124001,92.387497,91.164497
94.130997,95.982498,94.809998,94.315002,94.926003,94.325996,93.124001,92.387497
94.325996,94.130997,95.982498,94.809998,94.315002,94.926003,94.325996,93.124001
94.111,94.325996,94.130997,95.982498,94.809998,94.315002,94.926003,94.325996
93.835503,94.111,94.325996,94.130997,95.982498,94.809998,94.315002,94.926003
94.170998,93.835503,94.111,94.325996,94.130997,95.982498,94.809998,94.315002
95.245003,94.170998,93.835503,94.111,94.325996,94.130997,95.982498,94.809998
95.144997,95.245003,94.170998,93.835503,94.111,94.325996,94.130997,95.982498
95.269501,95.144997,95.245003,94.170998,93.835503,94.111,94.325996,94.130997
96.384003,95.269501,95.144997,95.245003,94.170998,93.835503,94.111,94.325996
96.640999,96.384003,95.269501,95.144997,95.245003,94.170998,93.835503,94.111
99.904999,96.640999,96.384003,95.269501,95.144997,95.245003,94.170998,93.835503
100.119003,99.904999,96.640999,96.384003,95.269501,95.144997,95.245003,94.170998
100.635498,100.119003,99.904999,96.640999,96.384003,95.269501,95.144997,95.245003
101.975502,100.635498,100.119003,99.904999,96.640999,96.384003,95.269501,95.144997
99.740997,101.975502,100.635498,100.119003,99.904999,96.640999,96.384003,95.269501
97.915497,99.740997,101.975502,100.635498,100.119003,99.904999,96.640999,96.384003
97.6035,97.915497,99.740997,101.975502,100.635498,100.119003,99.904999,96.640999
96.9505,97.6035,97.915497,99.740997,101.975502,100.635498,100.119003,99.904999
99.357498,96.9505,97.6035,97.915497,99.740997,101.975502,100.635498,100.119003
99.5,99.357498,96.9505,97.6035,97.915497,99.740997,101.975502,100.635498
99.4935,99.5,99.357498,96.9505,97.6035,97.915497,99.740997,101.975502
98.509499,99.4935,99.5,99.357498,96.9505,97.6035,97.915497,99.740997
95.401497,98.509499,99.4935,99.5,99.357498,96.9505,97.6035,97.915497
97.052498,95.401497,98.509499,99.4935,99.5,99.357498,96.9505,97.6035
96.320999,97.052498,95.401497,98.509499,99.4935,99.5,99.357498,96.9505
97.214996,96.320999,97.052498,95.401497,98.509499,99.4935,99.5,99.357498
95.750504,97.214996,96.320999,97.052498,95.401497,98.509499,99.4935,99.5
96.718002,95.750504,97.214996,96.320999,97.052498,95.401497,98.509499,99.4935
98.727501,96.718002,95.750504,97.214996,96.320999,97.052498,95.401497,98.509499
98.7425,98.727501,96.718002,95.750504,97.214996,96.320999,97.052498,95.401497
100.649002,98.7425,98.727501,96.718002,95.750504,97.214996,96.320999,97.052498
100.150002,100.649002,98.7425,98.727501,96.718002,95.750504,97.214996,96.320999
100.218002,100.150002,100.649002,98.7425,98.727501,96.718002,95.750504,97.214996
98.565498,100.218002,100.150002,100.649002,98.7425,98.727501,96.718002,95.750504
97.638,98.565498,100.218002,100.150002,100.649002,98.7425,98.727501,96.718002
95.471001,97.638,98.565498,100.218002,100.150002,100.649002,98.7425,98.727501
94.482498,95.471001,97.638,98.565498,100.218002,100.150002,100.649002,98.7425
93.221001,94.482498,95.471001,97.638,98.565498,100.218002,100.150002,100.649002
93.515999,93.221001,94.482498,95.471001,97.638,98.565498,100.218002,100.150002
87.762497,93.515999,93.221001,94.482498,95.471001,97.638,98.565498,100.218002
85.968002,87.762497,93.515999,93.221001,94.482498,95.471001,97.638,98.565498
89.430496,85.968002,87.762497,93.515999,93.221001,94.482498,95.471001,97.638
88.047501,89.430496,85.968002,87.762497,93.515999,93.221001,94.482498,95.471001
90.998001,88.047501,89.430496,85.968002,87.762497,93.515999,93.221001,94.482498
91.586502,90.998001,88.047501,89.430496,85.968002,87.762497,93.515999,93.221001
88.536003,91.586502,90.998001,88.047501,89.430496,85.968002,87.762497,93.515999
88.2015,88.536003,91.586502,90.998001,88.047501,89.430496,85.968002,87.762497
89.464996,88.2015,88.536003,91.586502,90.998001,88.047501,89.430496,85.968002
88.434998,89.464996,88.2015,88.536003,91.586502,90.998001,88.047501,89.430496
83.209999,88.434998,89.464996,88.2015,88.536003,91.586502,90.998001,88.047501
89.108498,83.209999,88.434998,89.464996,88.2015,88.536003,91.586502,90.998001
82.140503,89.108498,83.209999,88.434998,89.464996,88.2015,88.536003,91.586502
76.944,82.140503,89.108498,83.209999,88.434998,89.464996,88.2015,88.536003
76.521004,76.944,82.140503,89.108498,83.209999,88.434998,89.464996,88.2015
79.900497,76.521004,76.944,82.140503,89.108498,83.209999,88.434998,89.464996
83.276497,79.900497,76.521004,76.944,82.140503,89.108498,83.209999,88.434998
83.276497,83.276497,79.900497,76.521004,76.944,82.140503,89.108498,83.209999
81.389999,83.276497,83.276497,79.900497,76.521004,76.944,82.140503,89.108498
82.140503,81.389999,83.276497,83.276497,79.900497,76.521004,76.944,82.140503
87.774498,82.140503,81.389999,83.276497,83.276497,79.900497,76.521004,76.944
87.745499,87.774498,82.140503,81.389999,83.276497,83.276497,79.900497,76.521004
85.621498,87.745499,87.774498,82.140503,81.389999,83.276497,83.276497,79.900497
81.842499,85.621498,87.745499,87.774498,82.140503,81.389999,83.276497,83.276497
81.558502,81.842499,85.621498,87.745499,87.774498,82.140503,81.389999,83.276497
79.9505,81.558502,81.842499,85.621498,87.745499,87.774498,82.140503,81.389999
80.972,79.9505,81.558502,81.842499,85.621498,87.745499,87.774498,82.140503
79.670502,80.972,79.9505,81.558502,81.842499,85.621498,87.745499,87.774498
75.614502,79.670502,80.972,79.9505,81.558502,81.842499,85.621498,87.745499
74.773003,75.614502,79.670502,80.972,79.9505,81.558502,81.842499,85.621498
75.836502,74.773003,75.614502,79.670502,80.972,79.9505,81.558502,81.842499
75.102997,75.836502,74.773003,75.614502,79.670502,80.972,79.9505,81.558502
79.066498,75.102997,75.836502,74.773003,75.614502,79.670502,80.972,79.9505
79.070999,79.066498,75.102997,75.836502,74.773003,75.614502,79.670502,80.972
83.887497,79.070999,79.066498,75.102997,75.836502,74.773003,75.614502,79.670502
83.678497,83.887497,79.070999,79.066498,75.102997,75.836502,74.773003,75.614502
84.508499,83.678497,83.887497,79.070999,79.066498,75.102997,75.836502,74.773003
88.617996,84.508499,83.678497,83.887497,79.070999,79.066498,75.102997,75.836502
83.419998,88.617996,84.508499,83.678497,83.887497,79.070999,79.066498,75.102997
84.959503,83.419998,88.617996,84.508499,83.678497,83.887497,79.070999,79.066498
81.456497,84.959503,83.419998,88.617996,84.508499,83.678497,83.887497,79.070999
82.051498,81.456497,84.959503,83.419998,88.617996,84.508499,83.678497,83.887497
82.162003,82.051498,81.456497,84.959503,83.419998,88.617996,84.508499,83.678497
83.177002,82.162003,82.051498,81.456497,84.959503,83.419998,88.617996,84.508499
82.918999,83.177002,82.162003,82.051498,81.456497,84.959503,83.419998,88.617996
79.595497,82.918999,83.177002,82.162003,82.051498,81.456497,84.959503,83.419998
76.045502,79.595497,82.918999,83.177002,82.162003,82.051498,81.456497,84.959503
77.573997,76.045502,79.595497,82.918999,83.177002,82.162003,82.051498,81.456497
74.753998,77.573997,76.045502,79.595497,82.918999,83.177002,82.162003,82.051498
73.041496,74.753998,77.573997,76.045502,79.595497,82.918999,83.177002,82.162003
68.872498,73.041496,74.753998,77.573997,76.045502,79.595497,82.918999,83.177002
67.197998,68.872498,73.041496,74.753998,77.573997,76.045502,79.595497,82.918999
73.544998,67.197998,68.872498,73.041496,74.753998,77.573997,76.045502,79.595497
73.082001,73.544998,67.197998,68.872498,73.041496,74.753998,77.573997,76.045502
73.901001,73.082001,73.544998,67.197998,68.872498,73.041496,74.753998,77.573997
75.098503,73.901001,73.082001,73.544998,67.197998,68.872498,73.041496,74.753998
76.956497,75.098503,73.901001,73.082001,73.544998,67.197998,68.872498,73.041496
75.014,76.956497,75.098503,73.901001,73.082001,73.544998,67.197998,68.872498
78.769501,75.014,76.956497,75.098503,73.901001,73.082001,73.544998,67.197998
81.475502,78.769501,75.014,76.956497,75.098503,73.901001,73.082001,73.544998
82.829002,81.475502,78.769501,75.014,76.956497,75.098503,73.901001,73.082001
82.971001,82.829002,81.475502,78.769501,75.014,76.956497,75.098503,73.901001
82.810997,82.971001,82.829002,81.475502,78.769501,75.014,76.956497,75.098503
82.028,82.810997,82.971001,82.829002,81.475502,78.769501,75.014,76.956497
80.860497,82.028,82.810997,82.971001,82.829002,81.475502,78.769501,75.014
83.727997,80.860497,82.028,82.810997,82.971001,82.829002,81.475502,78.769501
84.189003,83.727997,80.860497,82.028,82.810997,82.971001,82.829002,81.475502
84.661003,84.189003,83.727997,80.860497,82.028,82.810997,82.971001,82.829002
84.809998,84.661003,84.189003,83.727997,80.860497,82.028,82.810997,82.971001
81.608498,84.809998,84.661003,84.189003,83.727997,80.860497,82.028,82.810997
82.000999,81.608498,84.809998,84.661003,84.189003,83.727997,80.860497,82.028
82.746498,82.000999,81.608498,84.809998,84.661003,84.189003,83.727997,80.860497
83.528503,82.746498,82.000999,81.608498,84.809998,84.661003,84.189003,83.727997
81.894501,83.528503,82.746498,82.000999,81.608498,84.809998,84.661003,84.189003
79.694,81.894501,83.528503,82.746498,82.000999,81.608498,84.809998,84.661003
83.5215,79.694,81.894501,83.528503,82.746498,82.000999,81.608498,84.809998
85.936501,83.5215,79.694,81.894501,83.528503,82.746498,82.000999,81.608498
81.311501,85.936501,83.5215,79.694,81.894501,83.528503,82.746498,82.000999
81.665497,81.311501,85.936501,83.5215,79.694,81.894501,83.528503,82.746498
82.940498,81.665497,81.311501,85.936501,83.5215,79.694,81.894501,83.528503
82.013,82.940498,81.665497,81.311501,85.936501,83.5215,79.694,81.894501
80.718498,82.013,82.940498,81.665497,81.311501,85.936501,83.5215,79.694
79.411003,80.718498,82.013,82.940498,81.665497,81.311501,85.936501,83.5215
79.550003,79.411003,80.718498,82.013,82.940498,81.665497,81.311501,85.936501
81.900497,79.550003,79.411003,80.718498,82.013,82.940498,81.665497,81.311501
82.0,81.900497,79.550003,79.411003,80.718498,82.013,82.940498,81.665497
81.1325,82.0,81.900497,79.550003,79.411003,80.718498,82.013,82.940498
80.397499,81.1325,82.0,81.900497,79.550003,79.411003,80.718498,82.013
81.378998,80.397499,81.1325,82.0,81.900497,79.550003,79.411003,80.718498
81.105003,81.378998,80.397499,81.1325,82.0,81.900497,79.550003,79.411003
80.972,81.105003,81.378998,80.397499,81.1325,82.0,81.900497,79.550003
81.578003,80.972,81.105003,81.378998,80.397499,81.1325,82.0,81.900497
81.650002,81.578003,80.972,81.105003,81.378998,80.397499,81.1325,82.0
81.82,81.650002,81.578003,80.972,81.105003,81.378998,80.397499,81.1325
82.054497,81.82,81.650002,81.578003,80.972,81.105003,81.378998,80.397499
81.991501,82.054497,81.82,81.650002,81.578003,80.972,81.105003,81.378998
83.586502,81.991501,82.054497,81.82,81.650002,81.578003,80.972,81.105003
84.808502,83.586502,81.991501,82.054497,81.82,81.650002,81.578003,80.972
84.621498,84.808502,83.586502,81.991501,82.054497,81.82,81.650002,81.578003
83.447502,84.621498,84.808502,83.586502,81.991501,82.054497,81.82,81.650002
81.297501,83.447502,84.621498,84.808502,83.586502,81.991501,82.054497,81.82
81.040001,81.297501,83.447502,84.621498,84.808502,83.586502,81.991501,82.054497
83.530998,81.040001,81.297501,83.447502,84.621498,84.808502,83.586502,81.991501
83.654999,83.530998,81.040001,81.297501,83.447502,84.621498,84.808502,83.586502
84.540497,83.654999,83.530998,81.040001,81.297501,83.447502,84.621498,84.808502
84.310997,84.540497,83.654999,83.530998,81.040001,81.297501,83.447502,84.621498
85.617996,84.310997,84.540497,83.654999,83.530998,81.040001,81.297501,83.447502
87.107498,85.617996,84.310997,84.540497,83.654999,83.530998,81.040001,81.297501
88.092499,87.107498,85.617996,84.310997,84.540497,83.654999,83.530998,81.040001
89.863503,88.092499,87.107498,85.617996,84.310997,84.540497,83.654999,83.530998
90.962997,89.863503,88.092499,87.107498,85.617996,84.310997,84.540497,83.654999
88.238503,90.962997,89.863503,88.092499,87.107498,85.617996,84.310997,84.540497
88.712997,88.238503,90.962997,89.863503,88.092499,87.107498,85.617996,84.310997
89.188004,88.712997,88.238503,90.962997,89.863503,88.092499,87.107498,85.617996
88.285004,89.188004,88.712997,88.238503,90.962997,89.863503,88.092499,87.107498
88.670998,88.285004,89.188004,88.712997,88.238503,90.962997,89.863503,88.092499
89.037498,88.670998,88.285004,89.188004,88.712997,88.238503,90.962997,89.863503
90.709503,89.037498,88.670998,88.285004,89.188004,88.712997,88.238503,90.962997
90.698997,90.709503,89.037498,88.670998,88.285004,89.188004,88.712997,88.238503
91.035004,90.698997,90.709503,89.037498,88.670998,88.285004,89.188004,88.712997
90.943001,91.035004,90.698997,90.709503,89.037498,88.670998,88.285004,89.188004
91.863998,90.943001,91.035004,90.698997,90.709503,89.037498,88.670998,88.285004
92.492996,91.863998,90.943001,91.035004,90.698997,90.709503,89.037498,88.670998
91.792,92.492996,91.863998,90.943001,91.035004,90.698997,90.709503,89.037498
92.366501,91.792,92.492996,91.863998,90.943001,91.035004,90.698997,90.709503
92.203499,92.366501,91.792,92.492996,91.863998,90.943001,91.035004,90.698997
92.153,92.203499,92.366501,91.792,92.492996,91.863998,90.943001,91.035004
92.2435,92.153,92.203499,92.366501,91.792,92.492996,91.863998,90.943001
93.152,92.2435,92.153,92.203499,92.366501,91.792,92.492996,91.863998
93.240997,93.152,92.2435,92.153,92.203499,92.366501,91.792,92.492996
93.084503,93.240997,93.152,92.2435,92.153,92.203499,92.366501,91.792
94.365501,93.084503,93.240997,93.152,92.2435,92.153,92.203499,92.366501
96.188499,94.365501,93.084503,93.240997,93.152,92.2435,92.153,92.203499
95.087502,96.188499,94.365501,93.084503,93.240997,93.152,92.2435,92.153
95.112503,95.087502,96.188499,94.365501,93.084503,93.240997,93.152,92.2435
97.531502,95.112503,95.087502,96.188499,94.365501,93.084503,93.240997,93.152
96.921501,97.531502,95.112503,95.087502,96.188499,94.365501,93.084503,93.240997
96.325996,96.921501,97.531502,95.112503,95.087502,96.188499,94.365501,93.084503
95.575996,96.325996,96.921501,97.531502,95.112503,95.087502,96.188499,94.365501
95.041,95.575996,96.325996,96.921501,97.531502,95.112503,95.087502,96.188499
98.123001,95.041,95.575996,96.325996,96.921501,97.531502,95.112503,95.087502
97.527496,98.123001,95.041,95.575996,96.325996,96.921501,97.531502,95.112503
96.050003,97.527496,98.123001,95.041,95.575996,96.325996,96.921501,97.531502
95.888496,96.050003,97.527496,98.123001,95.041,95.575996,96.325996,96.921501
94.9935,95.888496,96.050003,97.527496,98.123001,95.041,95.575996,96.325996
94.499001,94.9935,95.888496,96.050003,97.527496,98.123001,95.041,95.575996
91.134003,94.499001,94.9935,95.888496,96.050003,97.527496,98.123001,95.041
92.005997,91.134003,94.499001,94.9935,95.888496,96.050003,97.527496,98.123001
93.557503,92.005997,91.134003,94.499001,94.9935,95.888496,96.050003,97.527496
95.378502,93.557503,92.005997,91.134003,94.499001,94.9935,95.888496,96.050003
93.449997,95.378502,93.557503,92.005997,91.134003,94.499001,94.9935,95.888496
92.948502,93.449997,95.378502,93.557503,92.005997,91.134003,94.499001,94.9935
92.875999,92.948502,93.449997,95.378502,93.557503,92.005997,91.134003,94.499001
92.984001,92.875999,92.948502,93.449997,95.378502,93.557503,92.005997,91.134003
90.774002,92.984001,92.875999,92.948502,93.449997,95.378502,93.557503,92.005997
91.164001,90.774002,92.984001,92.875999,92.948502,93.449997,95.378502,93.557503
91.821503,91.164001,90.774002,92.984001,92.875999,92.948502,93.449997,95.378502
90.959503,91.821503,91.164001,90.774002,92.984001,92.875999,92.948502,93.449997
90.816002,90.959503,91.821503,91.164001,90.774002,92.984001,92.875999,92.948502
88.753502,90.816002,90.959503,91.821503,91.164001,90.774002,92.984001,92.875999
84.634499,88.753502,90.816002,90.959503,91.821503,91.164001,90.774002,92.984001
86.477997,84.634499,88.753502,90.816002,90.959503,91.821503,91.164001,90.774002
86.925003,86.477997,84.634499,88.753502,90.816002,90.959503,91.821503,91.164001
87.718002,86.925003,86.477997,84.634499,88.753502,90.816002,90.959503,91.821503
90.2015,87.718002,86.925003,86.477997,84.634499,88.753502,90.816002,90.959503
93.031502,90.2015,87.718002,86.925003,86.477997,84.634499,88.753502,90.816002
93.184998,93.031502,90.2015,87.718002,86.925003,86.477997,84.634499,88.753502
92.765999,93.184998,93.031502,90.2015,87.718002,86.925003,86.477997,84.634499
93.514999,92.765999,93.184998,93.031502,90.2015,87.718002,86.925003,86.477997
93.483498,93.514999,92.765999,93.184998,93.031502,90.2015,87.718002,86.925003
94.301498,93.483498,93.514999,92.765999,93.184998,93.031502,90.2015,87.718002
95.068497,94.301498,93.483498,93.514999,92.765999,93.184998,93.031502,90.2015
95.439499,95.068497,94.301498,93.483498,93.514999,92.765999,93.184998,93.031502
95.9095,95.439499,95.068497,94.301498,93.483498,93.514999,92.765999,93.184998
95.565002,95.9095,95.439499,95.068497,94.301498,93.483498,93.514999,92.765999
95.695,95.565002,95.9095,95.439499,95.068497,94.301498,93.483498,93.514999
93.913498,95.695,95.565002,95.9095,95.439499,95.068497,94.301498,93.483498
94.891502,93.913498,95.695,95.565002,95.9095,95.439499,95.068497,94.301498
95.213997,94.891502,93.913498,95.695,95.565002,95.9095,95.439499,95.068497
94.681503,95.213997,94.891502,93.913498,95.695,95.565002,95.9095,95.439499
96.109497,94.681503,95.213997,94.891502,93.913498,95.695,95.565002,95.9095
96.7155,96.109497,94.681503,95.213997,94.891502,93.913498,95.695,95.565002
96.949997,96.7155,96.109497,94.681503,95.213997,94.891502,93.913498,95.695
97.1455,96.949997,96.7155,96.109497,94.681503,95.213997,94.891502,93.913498
97.615997,97.1455,96.949997,96.7155,96.109497,94.681503,95.213997,94.891502
99.415001,97.615997,97.1455,96.949997,96.7155,96.109497,94.681503,95.213997
100.870499,99.415001,97.615997,97.1455,96.949997,96.7155,96.109497,94.681503
100.053497,100.870499,99.415001,97.615997,97.1455,96.949997,96.7155,96.109497
100.550003,100.053497,100.870499,99.415001,97.615997,97.1455,96.949997,96.7155
101.0495,100.550003,100.053497,100.870499,99.415001,97.615997,97.1455,96.949997
100.495003,101.0495,100.550003,100.053497,100.870499,99.415001,97.615997,97.1455
99.601501,100.495003,101.0495,100.550003,100.053497,100.870499,99.415001,97.615997
98.894997,99.601501,100.495003,101.0495,100.550003,100.053497,100.870499,99.415001
98.225998,98.894997,99.601501,100.495003,101.0495,100.550003,100.053497,100.870499
99.281502,98.225998,98.894997,99.601501,100.495003,101.0495,100.550003,100.053497
99.724503,99.281502,98.225998,98.894997,99.601501,100.495003,101.0495,100.550003
100.040497,99.724503,99.281502,98.225998,98.894997,99.601501,100.495003,101.0495
98.691002,100.040497,99.724503,99.281502,98.225998,98.894997,99.601501,100.495003
97.152496,98.691002,100.040497,99.724503,99.281502,98.225998,98.894997,99.601501
95.622498,97.152496,98.691002,100.040497,99.724503,99.281502,98.225998,98.894997
94.926498,95.622498,97.152496,98.691002,100.040497,99.724503,99.281502,98.225998
93.338997,94.926498,95.622498,97.152496,98.691002,100.040497,99.724503,99.281502
92.765999,93.338997,94.926498,95.622498,97.152496,98.691002,100.040497,99.724503
91.162003,92.765999,93.338997,94.926498,95.622498,97.152496,98.691002,100.040497
88.2565,91.162003,92.765999,93.338997,94.926498,95.622498,97.152496,98.691002
89.391502,88.2565,91.162003,92.765999,93.338997,94.926498,95.622498,97.152496
89.669998,89.391502,88.2565,91.162003,92.765999,93.338997,94.926498,95.622498
91.644501,89.669998,89.391502,88.2565,91.162003,92.765999,93.338997,94.926498
90.378998,91.644501,89.669998,89.391502,88.2565,91.162003,92.765999,93.338997
89.246002,90.378998,91.644501,89.669998,89.391502,88.2565,91.162003,92.765999
91.217003,89.246002,90.378998,91.644501,89.669998,89.391502,88.2565,91.162003
88.148003,91.217003,89.246002,90.378998,91.644501,89.669998,89.391502,88.2565
88.806,88.148003,91.217003,89.246002,90.378998,91.644501,89.669998,89.391502
89.628502,88.806,88.148003,91.217003,89.246002,90.378998,91.644501,89.669998
90.806,89.628502,88.806,88.148003,91.217003,89.246002,90.378998,91.644501
90.069,90.806,89.628502,88.806,88.148003,91.217003,89.246002,90.378998
91.177002,90.069,90.806,89.628502,88.806,88.148003,91.217003,89.246002
90.233002,91.177002,90.069,90.806,89.628502,88.806,88.148003,91.217003
87.481003,90.233002,91.177002,90.069,90.806,89.628502,88.806,88.148003
88.443497,87.481003,90.233002,91.177002,90.069,90.806,89.628502,88.806
88.091499,88.443497,87.481003,90.233002,91.177002,90.069,90.806,89.628502
88.212502,88.091499,88.443497,87.481003,90.233002,91.177002,90.069,90.806
89.32,88.212502,88.091499,88.443497,87.481003,90.233002,91.177002,90.069
88.814499,89.32,88.212502,88.091499,88.443497,87.481003,90.233002,91.177002
89.491997,88.814499,89.32,88.212502,88.091499,88.443497,87.481003,90.233002
90.030998,89.491997,88.814499,89.32,88.212502,88.091499,88.443497,87.481003
92.036003,90.030998,89.491997,88.814499,89.32,88.212502,88.091499,88.443497
91.675499,92.036003,90.030998,89.491997,88.814499,89.32,88.212502,88.091499
91.567497,91.675499,92.036003,90.030998,89.491997,88.814499,89.32,88.212502
91.027496,91.567497,91.675499,92.036003,90.030998,89.491997,88.814499,89.32
91.149498,91.027496,91.567497,91.675499,92.036003,90.030998,89.491997,88.814499
92.177498,91.149498,91.027496,91.567497,91.675499,92.036003,90.030998,89.491997
91.967003,92.177498,91.149498,91.027496,91.567497,91.675499,92.036003,90.030998
90.391998,91.967003,92.177498,91.149498,91.027496,91.567497,91.675499,92.036003
91.127502,90.391998,91.967003,92.177498,91.149498,91.027496,91.567497,91.675499
90.873001,91.127502,90.391998,91.967003,92.177498,91.149498,91.027496,91.567497
91.074997,90.873001,91.127502,90.391998,91.967003,92.177498,91.149498,91.027496
89.708,91.074997,90.873001,91.127502,90.391998,91.967003,92.177498,91.149498
89.264999,89.708,91.074997,90.873001,91.127502,90.391998,91.967003,92.177498
87.080498,89.264999,89.708,91.074997,90.873001,91.127502,90.391998,91.967003
88.416496,87.080498,89.264999,89.708,91.074997,90.873001,91.127502,90.391998
86.991997,88.416496,87.080498,89.264999,89.708,91.074997,90.873001,91.127502
86.272499,86.991997,88.416496,87.080498,89.264999,89.708,91.074997,90.873001
86.795502,86.272499,86.991997,88.416496,87.080498,89.264999,89.708,91.074997
86.782501,86.795502,86.272499,86.991997,88.416496,87.080498,89.264999,89.708
85.661499,86.782501,86.795502,86.272499,86.991997,88.416496,87.080498,89.264999
86.221001,85.661499,86.782501,86.795502,86.272499,86.991997,88.416496,87.080498
86.982498,86.221001,85.661499,86.782501,86.795502,86.272499,86.991997,88.416496
86.633003,86.982498,86.221001,85.661499,86.782501,86.795502,86.272499,86.991997
85.275497,86.633003,86.982498,86.221001,85.661499,86.782501,86.795502,86.272499
86.099503,85.275497,86.633003,86.982498,86.221001,85.661499,86.782501,86.795502
86.013,86.099503,85.275497,86.633003,86.982498,86.221001,85.661499,86.782501
86.596001,86.013,86.099503,85.275497,86.633003,86.982498,86.221001,85.661499
86.821503,86.596001,86.013,86.099503,85.275497,86.633003,86.982498,86.221001
88.369003,86.821503,86.596001,86.013,86.099503,85.275497,86.633003,86.982498
88.871498,88.369003,86.821503,86.596001,86.013,86.099503,85.275497,86.633003
89.374001,88.871498,88.369003,86.821503,86.596001,86.013,86.099503,85.275497
87.875504,89.374001,88.871498,88.369003,86.821503,86.596001,86.013,86.099503
89.282997,87.875504,89.374001,88.871498,88.369003,86.821503,86.596001,86.013
88.286499,89.282997,87.875504,89.374001,88.871498,88.369003,86.821503,86.596001
88.108498,88.286499,89.282997,87.875504,89.374001,88.871498,88.369003,86.821503
89.039001,88.108498,88.286499,89.282997,87.875504,89.374001,88.871498,88.369003
88.066498,89.039001,88.108498,88.286499,89.282997,87.875504,89.374001,88.871498
88.853996,88.066498,89.039001,88.108498,88.286499,89.282997,87.875504,89.374001
88.135498,88.853996,88.066498,89.039001,88.108498,88.286499,89.282997,87.875504
88.999496,88.135498,88.853996,88.066498,89.039001,88.108498,88.286499,89.282997
88.833,88.999496,88.135498,88.853996,88.066498,89.039001,88.108498,88.286499
89.571999,88.833,88.999496,88.135498,88.853996,88.066498,89.039001,88.108498
90.233002,89.571999,88.833,88.999496,88.135498,88.853996,88.066498,89.039001
90.085503,90.233002,89.571999,88.833,88.999496,88.135498,88.853996,88.066498
89.788498,90.085503,90.233002,89.571999,88.833,88.999496,88.135498,88.853996
89.410004,89.788498,90.085503,90.233002,89.571999,88.833,88.999496,88.135498
89.293999,89.410004,89.788498,90.085503,90.233002,89.571999,88.833,88.999496
88.582497,89.293999,89.410004,89.788498,90.085503,90.233002,89.571999,88.833
88.900002,88.582497,89.293999,89.410004,89.788498,90.085503,90.233002,89.571999
87.655502,88.900002,88.582497,89.293999,89.410004,89.788498,90.085503,90.233002
87.730003,87.655502,88.900002,88.582497,89.293999,89.410004,89.788498,90.085503
86.974503,87.730003,87.655502,88.900002,88.582497,89.293999,89.410004,89.788498
87.626503,86.974503,87.730003,87.655502,88.900002,88.582497,89.293999,89.410004
87.639503,87.626503,86.974503,87.730003,87.655502,88.900002,88.582497,89.293999
87.276497,87.639503,87.626503,86.974503,87.730003,87.655502,88.900002,88.582497
86.735497,87.276497,87.639503,87.626503,86.974503,87.730003,87.655502,88.900002
87.286003,86.735497,87.276497,87.639503,87.626503,86.974503,87.730003,87.655502
88.692001,87.286003,86.735497,87.276497,87.639503,87.626503,86.974503,87.730003
89.847,88.692001,87.286003,86.735497,87.276497,87.639503,87.626503,86.974503
90.925499,89.847,88.692001,87.286003,86.735497,87.276497,87.639503,87.626503
90.040001,90.925499,89.847,88.692001,87.286003,86.735497,87.276497,87.639503
89.080002,90.040001,90.925499,89.847,88.692001,87.286003,86.735497,87.276497
88.498001,89.080002,90.040001,90.925499,89.847,88.692001,87.286003,86.735497
88.0345,88.498001,89.080002,90.040001,90.925499,89.847,88.692001,87.286003
87.024002,88.0345,88.498001,89.080002,90.040001,90.925499,89.847,88.692001
87.580002,87.024002,88.0345,88.498001,89.080002,90.040001,90.925499,89.847
87.475502,87.580002,87.024002,88.0345,88.498001,89.080002,90.040001,90.925499
86.960503,87.475502,87.580002,87.024002,88.0345,88.498001,89.080002,90.040001
87.435997,86.960503,87.475502,87.580002,87.024002,88.0345,88.498001,89.080002
88.016502,87.435997,86.960503,87.475502,87.580002,87.024002,88.0345,88.498001
88.046997,88.016502,87.435997,86.960503,87.475502,87.580002,87.024002,88.0345
88.460503,88.046997,88.016502,87.435997,86.960503,87.475502,87.580002,87.024002
89.532997,88.460503,88.046997,88.016502,87.435997,86.960503,87.475502,87.580002
89.2015,89.532997,88.460503,88.046997,88.016502,87.435997,86.960503,87.475502
89.613998,89.2015,89.532997,88.460503,88.046997,88.016502,87.435997,86.960503
89.324997,89.613998,89.2015,89.532997,88.460503,88.046997,88.016502,87.435997
89.650002,89.324997,89.613998,89.2015,89.532997,88.460503,88.046997,88.016502
89.460503,89.650002,89.324997,89.613998,89.2015,89.532997,88.460503,88.046997
93.438499,89.460503,89.650002,89.324997,89.613998,89.2015,89.532997,88.460503
93.489998,93.438499,89.460503,89.650002,89.324997,89.613998,89.2015,89.532997
92.344498,93.489998,93.438499,89.460503,89.650002,89.324997,89.613998,89.2015
92.391998,92.344498,93.489998,93.438499,89.460503,89.650002,89.324997,89.613998
94.900497,92.391998,92.344498,93.489998,93.438499,89.460503,89.650002,89.324997
93.748497,94.900497,92.391998,92.344498,93.489998,93.438499,89.460503,89.650002
95.143997,93.748497,94.900497,92.391998,92.344498,93.489998,93.438499,89.460503
95.343002,95.143997,93.748497,94.900497,92.391998,92.344498,93.489998,93.438499
94.598503,95.343002,95.143997,93.748497,94.900497,92.391998,92.344498,93.489998
95.052498,94.598503,95.343002,95.143997,93.748497,94.900497,92.391998,92.344498
94.157997,95.052498,94.598503,95.343002,95.143997,93.748497,94.900497,92.391998
94.565002,94.157997,95.052498,94.598503,95.343002,95.143997,93.748497,94.900497
93.472,94.565002,94.157997,95.052498,94.598503,95.343002,95.143997,93.748497
93.100998,93.472,94.565002,94.157997,95.052498,94.598503,95.343002,95.143997
93.897003,93.100998,93.472,94.565002,94.157997,95.052498,94.598503,95.343002
93.236,93.897003,93.100998,93.472,94.565002,94.157997,95.052498,94.598503
94.599998,93.236,93.897003,93.100998,93.472,94.565002,94.157997,95.052498
94.373001,94.599998,93.236,93.897003,93.100998,93.472,94.565002,94.157997
94.228996,94.373001,94.599998,93.236,93.897003,93.100998,93.472,94.565002
93.082001,94.228996,94.373001,94.599998,93.236,93.897003,93.100998,93.472
91.417,93.082001,94.228996,94.373001,94.599998,93.236,93.897003,93.100998
92.662498,91.417,93.082001,94.228996,94.373001,94.599998,93.236,93.897003
92.900002,92.662498,91.417,93.082001,94.228996,94.373001,94.599998,93.236
93.533997,92.900002,92.662498,91.417,93.082001,94.228996,94.373001,94.599998
100.435997,93.533997,92.900002,92.662498,91.417,93.082001,94.228996,94.373001
100.209999,100.435997,93.533997,92.900002,92.662498,91.417,93.082001,94.228996
102.483498,100.209999,100.435997,93.533997,92.900002,92.662498,91.417,93.082001
101.9935,102.483498,100.209999,100.435997,93.533997,92.900002,92.662498,91.417
102.511497,101.9935,102.483498,100.209999,100.435997,93.533997,92.900002,92.662498
103.963997,102.511497,101.9935,102.483498,100.209999,100.435997,93.533997,92.900002
106.695503,103.963997,102.511497,101.9935,102.483498,100.209999,100.435997,93.533997
107.540001,106.695503,103.963997,102.511497,101.9935,102.483498,100.209999,100.435997
108.0,107.540001,106.695503,103.963997,102.511497,101.9935,102.483498,100.209999
107.4935,108.0,107.540001,106.695503,103.963997,102.511497,101.9935,102.483498
106.7435,107.4935,108.0,107.540001,106.695503,103.963997,102.511497,101.9935
107.783501,106.7435,107.4935,108.0,107.540001,106.695503,103.963997,102.511497
108.511002,107.783501,106.7435,107.4935,108.0,107.540001,106.695503,103.963997
107.654999,108.511002,107.783501,106.7435,107.4935,108.0,107.540001,106.695503
104.7985,107.654999,108.511002,107.783501,106.7435,107.4935,108.0,107.540001
100.4645,104.7985,107.654999,108.511002,107.783501,106.7435,107.4935,108.0
98.637001,100.4645,104.7985,107.654999,108.511002,107.783501,106.7435,107.4935
98.9795,98.637001,100.4645,104.7985,107.654999,108.511002,107.783501,106.7435
94.214996,98.9795,98.637001,100.4645,104.7985,107.654999,108.511002,107.783501
94.1875,94.214996,98.9795,98.637001,100.4645,104.7985,107.654999,108.511002
97.697502,94.1875,94.214996,98.9795,98.637001,100.4645,104.7985,107.654999
95.449501,97.697502,94.1875,94.214996,98.9795,98.637001,100.4645,104.7985
98.791496,95.449501,97.697502,94.1875,94.214996,98.9795,98.637001,100.4645
96.2015,98.791496,95.449501,97.697502,94.1875,94.214996,98.9795,98.637001
95.054497,96.2015,98.791496,95.449501,97.697502,94.1875,94.214996,98.9795
90.030502,95.054497,96.2015,98.791496,95.449501,97.697502,94.1875,94.214996
94.591003,90.030502,95.054497,96.2015,98.791496,95.449501,97.697502,94.1875
91.042999,94.591003,90.030502,95.054497,96.2015,98.791496,95.449501,97.697502
83.830498,91.042999,94.591003,90.030502,95.054497,96.2015,98.791496,95.449501
89.25,83.830498,91.042999,94.591003,90.030502,95.054497,96.2015,98.791496
84.457497,89.25,83.830498,91.042999,94.591003,90.030502,95.054497,96.2015
90.391998,84.457497,89.25,83.830498,91.042999,94.591003,90.030502,95.054497
91.5,90.391998,84.457497,89.25,83.830498,91.042999,94.591003,90.030502
94.046501,91.5,90.391998,84.457497,89.25,83.830498,91.042999,94.591003
92.304497,94.046501,91.5,90.391998,84.457497,89.25,83.830498,91.042999
95.141502,92.304497,94.046501,91.5,90.391998,84.457497,89.25,83.830498
97.004997,95.141502,92.304497,94.046501,91.5,90.391998,84.457497,89.25
94.292,97.004997,95.141502,92.304497,94.046501,91.5,90.391998,84.457497
97.774498,94.292,97.004997,95.141502,92.304497,94.046501,91.5,90.391998
95.004997,97.774498,94.292,97.004997,95.141502,92.304497,94.046501,91.5
98.197502,95.004997,97.774498,94.292,97.004997,95.141502,92.304497,94.046501
97.486,98.197502,95.004997,97.774498,94.292,97.004997,95.141502,92.304497
95.385002,97.486,98.197502,95.004997,97.774498,94.292,97.004997,95.141502
95.941498,95.385002,97.486,98.197502,95.004997,97.774498,94.292,97.004997
95.329498,95.941498,95.385002,97.486,98.197502,95.004997,97.774498,94.292
99.879501,95.329498,95.941498,95.385002,97.486,98.197502,95.004997,97.774498
100.580002,99.879501,95.329498,95.941498,95.385002,97.486,98.197502,95.004997
102.150002,100.580002,99.879501,95.329498,95.941498,95.385002,97.486,98.197502
102.138,102.150002,100.580002,99.879501,95.329498,95.941498,95.385002,97.486
108.443497,102.138,102.150002,100.580002,99.879501,95.329498,95.941498,95.385002
114.166,108.443497,102.138,102.150002,100.580002,99.879501,95.329498,95.941498
115.384003,114.166,108.443497,102.138,102.150002,100.580002,99.879501,95.329498
120.4095,115.384003,114.166,108.443497,102.138,102.150002,100.580002,99.879501
118.75,120.4095,115.384003,114.166,108.443497,102.138,102.150002,100.580002
119.680496,118.75,120.4095,115.384003,114.166,108.443497,102.138,102.150002
116.405998,119.680496,118.75,120.4095,115.384003,114.166,108.443497,102.138
118.1745,116.405998,119.680496,118.75,120.4095,115.384003,114.166,108.443497
119.972504,118.1745,116.405998,119.680496,118.75,120.4095,115.384003,114.166
120.511002,119.972504,118.1745,116.405998,119.680496,118.75,120.4095,115.384003
118.800003,120.511002,119.972504,118.1745,116.405998,119.680496,118.75,120.4095
115.704002,118.800003,120.511002,119.972504,118.1745,116.405998,119.680496,118.75
118.635498,115.704002,118.800003,120.511002,119.972504,118.1745,116.405998,119.680496
123.699997,118.635498,115.704002,118.800003,120.511002,119.972504,118.1745,116.405998
114.302002,123.699997,118.635498,115.704002,118.800003,120.511002,119.972504,118.1745
115.7995,114.302002,123.699997,118.635498,115.704002,118.800003,120.511002,119.972504
115.889999,115.7995,114.302002,123.699997,118.635498,115.704002,118.800003,120.511002
117.563004,115.889999,115.7995,114.302002,123.699997,118.635498,115.704002,118.800003
118.380501,117.563004,115.889999,115.7995,114.302002,123.699997,118.635498,115.704002
118.980499,118.380501,117.563004,115.889999,115.7995,114.302002,123.699997,118.635498
120.449997,118.980499,118.380501,117.563004,115.889999,115.7995,114.302002,123.699997
117.847504,120.449997,118.980499,118.380501,117.563004,115.889999,115.7995,114.302002
118.396004,117.847504,120.449997,118.980499,118.380501,117.563004,115.889999,115.7995
119.442497,118.396004,117.847504,120.449997,118.980499,118.380501,117.563004,115.889999
120.488998,119.442497,118.396004,117.847504,120.449997,118.980499,118.380501,117.563004
121.313004,120.488998,119.442497,118.396004,117.847504,120.449997,118.980499,118.380501
122.466499,121.313004,120.488998,119.442497,118.396004,117.847504,120.449997,118.980499
124.897003,122.466499,121.313004,120.488998,119.442497,118.396004,117.847504,120.449997
122.336998,124.897003,122.466499,121.313004,120.488998,119.442497,118.396004,117.847504
121.844002,122.336998,124.897003,122.466499,121.313004,120.488998,119.442497,118.396004
121.093002,121.844002,122.336998,124.897003,122.466499,121.313004,120.488998,119.442497
120.519501,121.093002,121.844002,122.336998,124.897003,122.466499,121.313004,120.488998
120.055,120.519501,121.093002,121.844002,122.336998,124.897003,122.466499,121.313004
122.1185,120.055,120.519501,121.093002,121.844002,122.336998,124.897003,122.466499
123.552002,122.1185,120.055,120.519501,121.093002,121.844002,122.336998,124.897003
123.620499,123.552002,122.1185,120.055,120.519501,121.093002,121.844002,122.336998
123.919998,123.620499,123.552002,122.1185,120.055,120.519501,121.093002,121.844002
123.029999,123.919998,123.620499,123.552002,122.1185,120.055,120.519501,121.093002
124.150002,123.029999,123.919998,123.620499,123.552002,122.1185,120.055,120.519501
126.203003,124.150002,123.029999,123.919998,123.620499,123.552002,122.1185,120.055
130.042999,126.203003,124.150002,123.029999,123.919998,123.620499,123.552002,122.1185
132.372498,130.042999,126.203003,124.150002,123.029999,123.919998,123.620499,123.552002
127.898003,132.372498,130.042999,126.203003,124.150002,123.029999,123.919998,123.620499
127.250999,127.898003,132.372498,130.042999,126.203003,124.150002,123.029999,123.919998
128.634003,127.250999,127.898003,132.372498,130.042999,126.203003,124.150002,123.029999
130.763504,128.634003,127.250999,127.898003,132.372498,130.042999,126.203003,124.150002
132.048996,130.763504,128.634003,127.250999,127.898003,132.372498,130.042999,126.203003
132.699005,132.048996,130.763504,128.634003,127.250999,127.898003,132.372498,130.042999
133.750504,132.699005,132.048996,130.763504,128.634003,127.250999,127.898003,132.372498
135.690994,133.750504,132.699005,132.048996,130.763504,128.634003,127.250999,127.898003
138.220505,135.690994,133.750504,132.699005,132.048996,130.763504,128.634003,127.250999
136.720001,138.220505,135.690994,133.750504,132.699005,132.048996,130.763504,128.634003
137.729004,136.720001,138.220505,135.690994,133.750504,132.699005,132.048996,130.763504
134.643494,137.729004,136.720001,138.220505,135.690994,133.750504,132.699005,132.048996
134.018997,134.643494,137.729004,136.720001,138.220505,135.690994,133.750504,132.699005
137.940994,134.018997,134.643494,137.729004,136.720001,138.220505,135.690994,133.750504
143.934998,137.940994,134.018997,134.643494,137.729004,136.720001,138.220505,135.690994
144.514999,143.934998,137.940994,134.018997,134.643494,137.729004,136.720001,138.220505
152.852005,144.514999,143.934998,137.940994,134.018997,134.643494,137.729004,136.720001
150.005997,152.852005,144.514999,143.934998,137.940994,134.018997,134.643494,137.729004
154.055496,150.005997,152.852005,144.514999,143.934998,137.940994,134.018997,134.643494
159.1315,154.055496,150.005997,152.852005,144.514999,143.934998,137.940994,134.018997
160.0,159.1315,154.055496,150.005997,152.852005,144.514999,143.934998,137.940994
155.199997,160.0,159.1315,154.055496,150.005997,152.852005,144.514999,143.934998
154.199997,155.199997,160.0,159.1315,154.055496,150.005997,152.852005,144.514999
150.443497,154.199997,155.199997,160.0,159.1315,154.055496,150.005997,152.852005
149.994995,150.443497,154.199997,155.199997,160.0,159.1315,154.055496,150.005997
148.098495,149.994995,150.443497,154.199997,155.199997,160.0,159.1315,154.055496
159.841995,148.098495,149.994995,150.443497,154.199997,155.199997,160.0,159.1315
156.914505,159.841995,148.098495,149.994995,150.443497,154.199997,155.199997,160.0
154.995499,156.914505,159.841995,148.098495,149.994995,150.443497,154.199997,155.199997
149.327499,154.995499,156.914505,159.841995,148.098495,149.994995,150.443497,154.199997
150.445496,149.327499,154.995499,156.914505,159.841995,148.098495,149.994995,150.443497
152.760498,150.445496,149.327499,154.995499,156.914505,159.841995,148.098495,149.994995
150.016495,152.760498,150.445496,149.327499,154.995499,156.914505,159.841995,148.098495
151.676498,150.016495,152.760498,150.445496,149.327499,154.995499,156.914505,159.841995
152.593994,151.676498,150.016495,152.760498,150.445496,149.327499,154.995499,156.914505
158.233994,152.593994,151.676498,150.016495,152.760498,150.445496,149.327499,154.995499
155.594498,158.233994,152.593994,151.676498,150.016495,152.760498,150.445496,149.327499
156.941498,155.594498,158.233994,152.593994,151.676498,150.016495,152.760498,150.445496
160.251495,156.941498,155.594498,158.233994,152.593994,151.676498,150.016495,152.760498
161.25,160.251495,156.941498,155.594498,158.233994,152.593994,151.676498,150.016495
158.373001,161.25,160.251495,156.941498,155.594498,158.233994,152.593994,151.676498
157.408005,158.373001,161.25,160.251495,156.941498,155.594498,158.233994,152.593994
154.033493,157.408005,158.373001,161.25,160.251495,156.941498,155.594498,158.233994
158.112,154.033493,157.408005,158.373001,161.25,160.251495,156.941498,155.594498
158.050995,158.112,154.033493,157.408005,158.373001,161.25,160.251495,156.941498
157.401001,158.050995,158.112,154.033493,157.408005,158.373001,161.25,160.251495
159.120499,157.401001,158.050995,158.112,154.033493,157.408005,158.373001,161.25
165.624496,159.120499,157.401001,158.050995,158.112,154.033493,157.408005,158.373001
163.024002,165.624496,159.120499,157.401001,158.050995,158.112,154.033493,157.408005
164.8685,163.024002,165.624496,159.120499,157.401001,158.050995,158.112,154.033493
164.235992,164.8685,163.024002,165.624496,159.120499,157.401001,158.050995,158.112
165.373001,164.235992,164.8685,163.024002,165.624496,159.120499,157.401001,158.050995
167.324493,165.373001,164.235992,164.8685,163.024002,165.624496,159.120499,157.401001
172.092499,167.324493,165.373001,164.235992,164.8685,163.024002,165.624496,159.120499
170.0,172.092499,167.324493,165.373001,164.235992,164.8685,163.024002,165.624496
170.089996,170.0,172.092499,167.324493,165.373001,164.235992,164.8685,163.024002
172.548004,170.089996,170.0,172.092499,167.324493,165.373001,164.235992,164.8685
174.955994,172.548004,170.089996,170.0,172.092499,167.324493,165.373001,164.235992
176.572495,174.955994,172.548004,170.089996,170.0,172.092499,167.324493,165.373001
168.399994,176.572495,174.955994,172.548004,170.089996,170.0,172.092499,167.324493
164.731003,168.399994,176.572495,174.955994,172.548004,170.089996,170.0,172.092499
157.492004,164.731003,168.399994,176.572495,174.955994,172.548004,170.089996,170.0
163.430496,157.492004,164.731003,168.399994,176.572495,174.955994,172.548004,170.089996
158.755493,163.430496,157.492004,164.731003,168.399994,176.572495,174.955994,172.548004
155.811005,158.755493,163.430496,157.492004,164.731003,168.399994,176.572495,174.955994
155.148499,155.811005,158.755493,163.430496,157.492004,164.731003,168.399994,176.572495
157.806503,155.148499,155.811005,158.755493,163.430496,157.492004,164.731003,168.399994
153.904999,157.806503,155.148499,155.811005,158.755493,163.430496,157.492004,164.731003
150.436493,153.904999,157.806503,155.148499,155.811005,158.755493,163.430496,157.492004
147.745499,150.436493,153.904999,157.806503,155.148499,155.811005,158.755493,163.430496
148.023499,147.745499,150.436493,153.904999,157.806503,155.148499,155.811005,158.755493
156.449493,148.023499,147.745499,150.436493,153.904999,157.806503,155.148499,155.811005
149.992996,156.449493,148.023499,147.745499,150.436493,153.904999,157.806503,155.148499
150.989502,149.992996,156.449493,148.023499,147.745499,150.436493,153.904999,157.806503
154.7565,150.989502,149.992996,156.449493,148.023499,147.745499,150.436493,153.904999
158.702499,154.7565,150.989502,149.992996,156.449493,148.023499,147.745499,150.436493
157.244003,158.702499,154.7565,150.989502,149.992996,156.449493,148.023499,147.745499
157.436493,157.244003,158.702499,154.7565,150.989502,149.992996,156.449493,148.023499
161.063004,157.436493,157.244003,158.702499,154.7565,150.989502,149.992996,156.449493
156.25,161.063004,157.436493,157.244003,158.702499,154.7565,150.989502,149.992996
159.960007,156.25,161.063004,157.436493,157.244003,158.702499,154.7565,150.989502
154.998001,159.960007,156.25,161.063004,157.436493,157.244003,158.702499,154.7565
159.7845,154.998001,159.960007,156.25,161.063004,157.436493,157.244003,158.702499
159.527496,159.7845,154.998001,159.960007,156.25,161.063004,157.436493,157.244003
164.332504,159.527496,159.7845,154.998001,159.960007,156.25,161.063004,157.436493
172.1465,164.332504,159.527496,159.7845,154.998001,159.960007,156.25,161.063004
172.181503,172.1465,164.332504,159.527496,159.7845,154.998001,159.960007,156.25
168.185501,172.181503,172.1465,164.332504,159.527496,159.7845,154.998001,159.960007
166.932495,168.185501,172.181503,172.1465,164.332504,159.527496,159.7845,154.998001
163.635498,166.932495,168.185501,172.181503,172.1465,164.332504,159.527496,159.7845
160.360504,163.635498,166.932495,168.185501,172.181503,172.1465,164.332504,159.527496
160.850494,160.360504,163.635498,166.932495,168.185501,172.181503,172.1465,164.332504
159.246994,160.850494,160.360504,163.635498,166.932495,168.185501,172.181503,172.1465
158.820007,159.246994,160.850494,160.360504,163.635498,166.932495,168.185501,172.181503
160.220001,158.820007,159.246994,160.850494,160.360504,163.635498,166.932495,168.185501
160.352005,160.220001,158.820007,159.246994,160.850494,160.360504,163.635498,166.932495
164.316498,160.352005,160.220001,158.820007,159.246994,160.850494,160.360504,163.635498
158.139008,164.316498,160.352005,160.220001,158.820007,159.246994,160.850494,160.360504
160.550507,158.139008,164.316498,160.352005,160.220001,158.820007,159.246994,160.850494
151.807495,160.550507,158.139008,164.316498,160.352005,160.220001,158.820007,159.246994
150.223999,151.807495,160.550507,158.139008,164.316498,160.352005,160.220001,158.820007
152.420502,150.223999,151.807495,160.550507,158.139008,164.316498,160.352005,160.220001
162.057999,152.420502,150.223999,151.807495,160.550507,158.139008,164.316498,160.352005
166.100006,162.057999,152.420502,150.223999,151.807495,160.550507,158.139008,164.316498
165.568497,166.100006,162.057999,152.420502,150.223999,151.807495,160.550507,158.139008
157.186996,165.568497,166.100006,162.057999,152.420502,150.223999,151.807495,160.550507
151.751007,157.186996,165.568497,166.100006,162.057999,152.420502,150.223999,151.807495
156.869507,151.751007,157.186996,165.568497,166.100006,162.057999,152.420502,150.223999
155.514008,156.869507,151.751007,157.186996,165.568497,166.100006,162.057999,152.420502
156.440506,155.514008,156.869507,151.751007,157.186996,165.568497,166.100006,162.057999
156.552994,156.440506,155.514008,156.869507,151.751007,157.186996,165.568497,166.100006
156.783005,156.552994,156.440506,155.514008,156.869507,151.751007,157.186996,165.568497
155.272995,156.783005,156.552994,156.440506,155.514008,156.869507,151.751007,157.186996
155.850998,155.272995,156.783005,156.552994,156.440506,155.514008,156.869507,151.751007
154.970001,155.850998,155.272995,156.783005,156.552994,156.440506,155.514008,156.869507
154.919495,154.970001,155.850998,155.272995,156.783005,156.552994,156.440506,155.514008
155.903,154.919495,154.970001,155.850998,155.272995,156.783005,156.552994,156.440506
159.253494,155.903,154.919495,154.970001,155.850998,155.272995,156.783005,156.552994
159.766998,159.253494,155.903,154.919495,154.970001,155.850998,155.272995,156.783005
158.401993,159.766998,159.253494,155.903,154.919495,154.970001,155.850998,155.272995
161.003998,158.401993,159.766998,159.253494,155.903,154.919495,154.970001,155.850998
160.176498,161.003998,158.401993,159.766998,159.253494,155.903,154.919495,154.970001
159.336502,160.176498,161.003998,158.401993,159.766998,159.253494,155.903,154.919495
158.128998,159.336502,160.176498,161.003998,158.401993,159.766998,159.253494,155.903
157.899994,158.128998,159.336502,160.176498,161.003998,158.401993,159.766998,159.253494
158.864502,157.899994,158.128998,159.336502,160.176498,161.003998,158.401993,159.766998
155.210007,158.864502,157.899994,158.128998,159.336502,160.176498,161.003998,158.401993
155.074493,155.210007,158.864502,157.899994,158.128998,159.336502,160.176498,161.003998
155.820999,155.074493,155.210007,158.864502,157.899994,158.128998,159.336502,160.176498
157.848495,155.820999,155.074493,155.210007,158.864502,157.899994,158.128998,159.336502
158.255997,157.848495,155.820999,155.074493,155.210007,158.864502,157.899994,158.128998
162.048004,158.255997,157.848495,155.820999,155.074493,155.210007,158.864502,157.899994
161.804001,162.048004,158.255997,157.848495,155.820999,155.074493,155.210007,158.864502
160.082504,161.804001,162.048004,158.255997,157.848495,155.820999,155.074493,155.210007
160.309006,160.082504,161.804001,162.048004,158.255997,157.848495,155.820999,155.074493
160.326004,160.309006,160.082504,161.804001,162.048004,158.255997,157.848495,155.820999
159.263504,160.326004,160.309006,160.082504,161.804001,162.048004,158.255997,157.848495
158.634506,159.263504,160.326004,160.309006,160.082504,161.804001,162.048004,158.255997
164.197998,158.634506,159.263504,160.326004,160.309006,160.082504,161.804001,162.048004
166.100006,164.197998,158.634506,159.263504,160.326004,160.309006,160.082504,161.804001
164.292496,166.100006,164.197998,158.634506,159.263504,160.326004,160.309006,160.082504
162.846497,164.292496,166.100006,164.197998,158.634506,159.263504,160.326004,160.309006
159.331497,162.846497,164.292496,166.100006,164.197998,158.634506,159.263504,160.326004
160.925507,159.331497,162.846497,164.292496,166.100006,164.197998,158.634506,159.263504
156.919006,160.925507,159.331497,162.846497,164.292496,166.100006,164.197998,158.634506
158.108002,156.919006,160.925507,159.331497,162.846497,164.292496,166.100006,164.197998
159.134995,158.108002,156.919006,160.925507,159.331497,162.846497,164.292496,166.100006
155.710495,159.134995,158.108002,156.919006,160.925507,159.331497,162.846497,164.292496
156.041504,155.710495,159.134995,158.108002,156.919006,160.925507,159.331497,162.846497
158.294495,156.041504,155.710495,159.134995,158.108002,156.919006,160.925507,159.331497
156.373505,158.294495,156.041504,155.710495,159.134995,158.108002,156.919006,160.925507
155.212494,156.373505,158.294495,156.041504,155.710495,159.134995,158.108002,156.919006
156.037994,155.212494,156.373505,158.294495,156.041504,155.710495,159.134995,158.108002
163.169006,156.037994,155.212494,156.373505,158.294495,156.041504,155.710495,159.134995
165.349503,163.169006,156.037994,155.212494,156.373505,158.294495,156.041504,155.710495
164.611496,165.349503,163.169006,156.037994,155.212494,156.373505,158.294495,156.041504
164.699997,164.611496,165.349503,163.169006,156.037994,155.212494,156.373505,158.294495
166.306503,164.699997,164.611496,165.349503,163.169006,156.037994,155.212494,156.373505
161.628998,166.306503,164.699997,164.611496,165.349503,163.169006,156.037994,155.212494
161.880997,161.628998,166.306503,164.699997,164.611496,165.349503,163.169006,156.037994
160.309998,161.880997,161.628998,166.306503,164.699997,164.611496,165.349503,163.169006
167.143997,160.309998,161.880997,161.628998,166.306503,164.699997,164.611496,165.349503
169.0,167.143997,160.309998,161.880997,161.628998,166.306503,164.699997,164.611496
165.626495,169.0,167.143997,160.309998,161.880997,161.628998,166.306503,164.699997
166.550003,165.626495,169.0,167.143997,160.309998,161.880997,161.628998,166.306503
167.607498,166.550003,165.626495,169.0,167.143997,160.309998,161.880997,161.628998
166.147003,167.607498,166.550003,165.626495,169.0,167.143997,160.309998,161.880997
165.25,166.147003,167.607498,166.550003,165.626495,169.0,167.143997,160.309998
164.328995,165.25,166.147003,167.607498,166.550003,165.626495,169.0,167.143997
163.106506,164.328995,165.25,166.147003,167.607498,166.550003,165.626495,169.0
163.885498,163.106506,164.328995,165.25,166.147003,167.607498,166.550003,165.626495
163.447495,163.885498,163.106506,164.328995,165.25,166.147003,167.607498,166.550003
165.432007,163.447495,163.885498,163.106506,164.328995,165.25,166.147003,167.607498
166.411499,165.432007,163.447495,163.885498,163.106506,164.328995,165.25,166.147003
162.494995,166.411499,165.432007,163.447495,163.885498,163.106506,164.328995,165.25
159.037003,162.494995,166.411499,165.432007,163.447495,163.885498,163.106506,164.328995
159.725006,159.037003,162.494995,166.411499,165.432007,163.447495,163.885498,163.106506
157.976501,159.725006,159.037003,162.494995,166.411499,165.432007,163.447495,163.885498
152.858002,157.976501,159.725006,159.037003,162.494995,166.411499,165.432007,163.447495
154.6465,152.858002,157.976501,159.725006,159.037003,162.494995,166.411499,165.432007
157.307007,154.6465,152.858002,157.976501,159.725006,159.037003,162.494995,166.411499
154.726501,157.307007,154.6465,152.858002,157.976501,159.725006,159.037003,162.494995
150.25,154.726501,157.307007,154.6465,152.858002,157.976501,159.725006,159.037003
148.878494,150.25,154.726501,157.307007,154.6465,152.858002,157.976501,159.725006
150.022995,148.878494,150.25,154.726501,157.307007,154.6465,152.858002,157.976501
147.597504,150.022995,148.878494,150.25,154.726501,157.307007,154.6465,152.858002
153.142502,147.597504,150.022995,148.878494,150.25,154.726501,157.307007,154.6465
152.882004,153.142502,147.597504,150.022995,148.878494,150.25,154.726501,157.307007
155.679504,152.882004,153.142502,147.597504,150.022995,148.878494,150.25,154.726501
154.474503,155.679504,152.882004,153.142502,147.597504,150.022995,148.878494,150.25
154.084,154.474503,155.679504,152.882004,153.142502,147.597504,150.022995,148.878494
154.593002,154.084,154.474503,155.679504,152.882004,153.142502,147.597504,150.022995
156.786499,154.593002,154.084,154.474503,155.679504,152.882004,153.142502,147.597504
151.399506,156.786499,154.593002,154.084,154.474503,155.679504,152.882004,153.142502
153.748001,151.399506,156.786499,154.593002,154.084,154.474503,155.679504,152.882004
155.543503,153.748001,151.399506,156.786499,154.593002,154.084,154.474503,155.679504
156.875,155.543503,153.748001,151.399506,156.786499,154.593002,154.084,154.474503
154.3535,156.875,155.543503,153.748001,151.399506,156.786499,154.593002,154.084
152.313004,154.3535,156.875,155.543503,153.748001,151.399506,156.786499,154.593002
152.601501,152.313004,154.3535,156.875,155.543503,153.748001,151.399506,156.786499
153.786499,152.601501,152.313004,154.3535,156.875,155.543503,153.748001,151.399506
152.764496,153.786499,152.601501,152.313004,154.3535,156.875,155.543503,153.748001
154.703995,152.764496,153.786499,152.601501,152.313004,154.3535,156.875,155.543503
158.050003,154.703995,152.764496,153.786499,152.601501,152.313004,154.3535,156.875
161.336502,158.050003,154.703995,152.764496,153.786499,152.601501,152.313004,154.3535
161.190994,161.336502,158.050003,154.703995,152.764496,153.786499,152.601501,152.313004
163.969498,161.190994,161.336502,158.050003,154.703995,152.764496,153.786499,152.601501
164.964996,163.969498,161.190994,161.336502,158.050003,154.703995,152.764496,153.786499
168.610001,164.964996,163.969498,161.190994,161.336502,158.050003,154.703995,152.764496
168.969498,168.610001,164.964996,163.969498,161.190994,161.336502,158.050003,154.703995
170.0,168.969498,168.610001,164.964996,163.969498,161.190994,161.336502,158.050003
166.649994,170.0,168.969498,168.610001,164.964996,163.969498,161.190994,161.336502
168.954498,166.649994,170.0,168.969498,168.610001,164.964996,163.969498,161.190994
169.972,168.954498,166.649994,170.0,168.969498,168.610001,164.964996,163.969498
168.600494,169.972,168.954498,166.649994,170.0,168.969498,168.610001,164.964996
166.734497,168.600494,169.972,168.954498,166.649994,170.0,168.969498,168.610001
168.100998,166.734497,168.600494,169.972,168.954498,166.649994,170.0,168.969498
165.451996,168.100998,166.734497,168.600494,169.972,168.954498,166.649994,170.0
167.044006,165.451996,168.100998,166.734497,168.600494,169.972,168.954498,166.649994
170.449997,167.044006,165.451996,168.100998,166.734497,168.600494,169.972,168.954498
170.871506,170.449997,167.044006,165.451996,168.100998,166.734497,168.600494,169.972
172.925003,170.871506,170.449997,167.044006,165.451996,168.100998,166.734497,168.600494
173.565506,172.925003,170.871506,170.449997,167.044006,165.451996,168.100998,166.734497
173.371002,173.565506,172.925003,170.871506,170.449997,167.044006,165.451996,168.100998
169.324493,173.371002,173.565506,172.925003,170.871506,170.449997,167.044006,165.451996
165.593506,169.324493,173.371002,173.565506,172.925003,170.871506,170.449997,167.044006
163.526993,165.593506,169.324493,173.371002,173.565506,172.925003,170.871506,170.449997
165.318497,163.526993,165.593506,169.324493,173.371002,173.565506,172.925003,170.871506
164.580505,165.318497,163.526993,165.593506,169.324493,173.371002,173.565506,172.925003
159.524506,164.580505,165.318497,163.526993,165.593506,169.324493,173.371002,173.565506
161.195496,159.524506,164.580505,165.318497,163.526993,165.593506,169.324493,173.371002
157.597,161.195496,159.524506,164.580505,165.318497,163.526993,165.593506,169.324493
158.073502,157.597,161.195496,159.524506,164.580505,165.318497,163.526993,165.593506
161.145004,158.073502,157.597,161.195496,159.524506,164.580505,165.318497,163.526993
163.519501,161.145004,158.073502,157.597,161.195496,159.524506,164.580505,165.318497
161.613998,163.519501,161.145004,158.073502,157.597,161.195496,159.524506,164.580505
161.589996,161.613998,163.519501,161.145004,158.073502,157.597,161.195496,159.524506
162.384003,161.589996,161.613998,163.519501,161.145004,158.073502,157.597,161.195496
160.154007,162.384003,161.589996,161.613998,163.519501,161.145004,158.073502,157.597
162.249496,160.154007,162.384003,161.589996,161.613998,163.519501,161.145004,158.073502
162.952499,162.249496,160.154007,162.384003,161.589996,161.613998,163.519501,161.145004
163.257996,162.952499,162.249496,160.154007,162.384003,161.589996,161.613998,163.519501
161.505493,163.257996,162.952499,162.249496,160.154007,162.384003,161.589996,161.613998
161.153503,161.505493,163.257996,162.952499,162.249496,160.154007,162.384003,161.589996
160.932495,161.153503,161.505493,163.257996,162.952499,162.249496,160.154007,162.384003
161.699493,160.932495,161.153503,161.505493,163.257996,162.952499,162.249496,160.154007
159.350494,161.699493,160.932495,161.153503,161.505493,163.257996,162.952499,162.249496
160.311005,159.350494,161.699493,160.932495,161.153503,161.505493,163.257996,162.952499
159.900497,160.311005,159.350494,161.699493,160.932495,161.153503,161.505493,163.257996
163.205505,159.900497,160.311005,159.350494,161.699493,160.932495,161.153503,161.505493
164.057495,163.205505,159.900497,160.311005,159.350494,161.699493,160.932495,161.153503
167.482498,164.057495,163.205505,159.900497,160.311005,159.350494,161.699493,160.932495
167.341507,167.482498,164.057495,163.205505,159.900497,160.311005,159.350494,161.699493
169.193497,167.341507,167.482498,164.057495,163.205505,159.900497,160.311005,159.350494
169.156494,169.193497,167.341507,167.482498,164.057495,163.205505,159.900497,160.311005
170.762497,169.156494,169.193497,167.341507,167.482498,164.057495,163.205505,159.900497
174.462006,170.762497,169.156494,169.193497,167.341507,167.482498,164.057495,163.205505
174.345001,174.462006,170.762497,169.156494,169.193497,167.341507,167.482498,164.057495
172.697998,174.345001,174.462006,170.762497,169.156494,169.193497,167.341507,167.482498
175.272003,172.697998,174.345001,174.462006,170.762497,169.156494,169.193497,167.341507
175.190994,175.272003,172.697998,174.345001,174.462006,170.762497,169.156494,169.193497
172.453995,175.190994,175.272003,172.697998,174.345001,174.462006,170.762497,169.156494
170.072998,172.453995,175.190994,175.272003,172.697998,174.345001,174.462006,170.762497
172.194504,170.072998,172.453995,175.190994,175.272003,172.697998,174.345001,174.462006
172.406998,172.194504,170.072998,172.453995,175.190994,175.272003,172.697998,174.345001
172.007996,172.406998,172.194504,170.072998,172.453995,175.190994,175.272003,172.697998
171.648499,172.007996,172.406998,172.194504,170.072998,172.453995,175.190994,175.272003
175.548996,171.648499,172.007996,172.406998,172.194504,170.072998,172.453995,175.190994
183.787003,175.548996,171.648499,172.007996,172.406998,172.194504,170.072998,172.453995
184.828995,183.787003,175.548996,171.648499,172.007996,172.406998,172.194504,170.072998
186.570496,184.828995,183.787003,175.548996,171.648499,172.007996,172.406998,172.194504
185.966995,186.570496,184.828995,183.787003,175.548996,171.648499,172.007996,172.406998
185.927505,185.966995,186.570496,184.828995,183.787003,175.548996,171.648499,172.007996
183.867996,185.927505,185.966995,186.570496,184.828995,183.787003,175.548996,171.648499
184.084,183.867996,185.927505,185.966995,186.570496,184.828995,183.787003,175.548996
181.559998,184.084,183.867996,185.927505,185.966995,186.570496,184.828995,183.787003
178.681503,181.559998,184.084,183.867996,185.927505,185.966995,186.570496,184.828995
177.479507,178.681503,181.559998,184.084,183.867996,185.927505,185.966995,186.570496
178.6595,177.479507,178.681503,181.559998,184.084,183.867996,185.927505,185.966995
179.259995,178.6595,177.479507,178.681503,181.559998,184.084,183.867996,185.927505
181.901505,179.259995,178.6595,177.479507,178.681503,181.559998,184.084,183.867996
182.832001,181.901505,179.259995,178.6595,177.479507,178.681503,181.559998,184.084
184.990997,182.832001,181.901505,179.259995,178.6595,177.479507,178.681503,181.559998
181.319504,184.990997,182.832001,181.901505,179.259995,178.6595,177.479507,178.681503
181.516006,181.319504,184.990997,182.832001,181.901505,179.259995,178.6595,177.479507
179.996002,181.516006,181.319504,184.990997,182.832001,181.901505,179.259995,178.6595
166.379501,179.996002,181.516006,181.319504,184.990997,182.832001,181.901505,179.259995
166.574005,166.379501,179.996002,181.516006,181.319504,184.990997,182.832001,181.901505
168.311996,166.574005,166.379501,179.996002,181.516006,181.319504,184.990997,182.832001
167.735992,168.311996,166.574005,166.379501,179.996002,181.516006,181.319504,184.990997
168.7995,167.735992,168.311996,166.574005,166.379501,179.996002,181.516006,181.319504
167.246994,168.7995,167.735992,168.311996,166.574005,166.379501,179.996002,181.516006
167.093506,167.246994,168.7995,167.735992,168.311996,166.574005,166.379501,179.996002
166.033997,167.093506,167.246994,168.7995,167.735992,168.311996,166.574005,166.379501
164.605499,166.033997,167.093506,167.246994,168.7995,167.735992,168.311996,166.574005
165.175003,164.605499,166.033997,167.093506,167.246994,168.7995,167.735992,168.311996
164.698502,165.175003,164.605499,166.033997,167.093506,167.246994,168.7995,167.735992
164.949493,164.698502,165.175003,164.605499,166.033997,167.093506,167.246994,168.7995
162.098007,164.949493,164.698502,165.175003,164.605499,166.033997,167.093506,167.246994
160.061005,162.098007,164.949493,164.698502,165.175003,164.605499,166.033997,167.093506
159.387497,160.061005,162.098007,164.949493,164.698502,165.175003,164.605499,166.033997
159.997498,159.387497,160.061005,162.098007,164.949493,164.698502,165.175003,164.605499
163.293503,159.997498,159.387497,160.061005,162.098007,164.949493,164.698502,165.175003
165.289001,163.293503,159.997498,159.387497,160.061005,162.098007,164.949493,164.698502
164.959,165.289001,163.293503,159.997498,159.387497,160.061005,162.098007,164.949493
165.800003,164.959,165.289001,163.293503,159.997498,159.387497,160.061005,162.098007
167.481506,165.800003,164.959,165.289001,163.293503,159.997498,159.387497,160.061005
171.078506,167.481506,165.800003,164.959,165.289001,163.293503,159.997498,159.387497
173.539505,171.078506,167.481506,165.800003,164.959,165.289001,163.293503,159.997498
173.949997,173.539505,171.078506,167.481506,165.800003,164.959,165.289001,163.293503
173.156006,173.949997,173.539505,171.078506,167.481506,165.800003,164.959,165.289001
173.902496,173.156006,173.949997,173.539505,171.078506,167.481506,165.800003,164.959
175.464493,173.902496,173.156006,173.949997,173.539505,171.078506,167.481506,165.800003
176.274994,175.464493,173.902496,173.156006,173.949997,173.539505,171.078506,167.481506
174.207993,176.274994,175.464493,173.902496,173.156006,173.949997,173.539505,171.078506
173.457504,174.207993,176.274994,175.464493,173.902496,173.156006,173.949997,173.539505
172.858505,173.457504,174.207993,176.274994,175.464493,173.902496,173.156006,173.949997
172.5,172.858505,173.457504,174.207993,176.274994,175.464493,173.902496,173.156006
173.789505,172.5,172.858505,173.457504,174.207993,176.274994,175.464493,173.902496
174.412003,173.789505,172.5,172.858505,173.457504,174.207993,176.274994,175.464493
173.126007,174.412003,173.789505,172.5,172.858505,173.457504,174.207993,176.274994
167.786499,173.126007,174.412003,173.789505,172.5,172.858505,173.457504,174.207993
167.181503,167.786499,173.126007,174.412003,173.789505,172.5,172.858505,173.457504
169.002502,167.181503,167.786499,173.126007,174.412003,173.789505,172.5,172.858505
170.800003,169.002502,167.181503,167.786499,173.126007,174.412003,173.789505,172.5
171.276001,170.800003,169.002502,167.181503,167.786499,173.126007,174.412003,173.789505
170.289993,171.276001,170.800003,169.002502,167.181503,167.786499,173.126007,174.412003
165.798004,170.289993,171.276001,170.800003,169.002502,167.181503,167.786499,173.126007
165.056,165.798004,170.289993,171.276001,170.800003,169.002502,167.181503,167.786499
164.251999,165.056,165.798004,170.289993,171.276001,170.800003,169.002502,167.181503
164.162994,164.251999,165.056,165.798004,170.289993,171.276001,170.800003,169.002502
159.488998,164.162994,164.251999,165.056,165.798004,170.289993,171.276001,170.800003
161.050003,159.488998,164.162994,164.251999,165.056,165.798004,170.289993,171.276001
163.100494,161.050003,159.488998,164.162994,164.251999,165.056,165.798004,170.289993
165.121506,163.100494,161.050003,159.488998,164.162994,164.251999,165.056,165.798004
164.431,165.121506,163.100494,161.050003,159.488998,164.162994,164.251999,165.056
162.315002,164.431,165.121506,163.100494,161.050003,159.488998,164.162994,164.251999
162.366501,162.315002,164.431,165.121506,163.100494,161.050003,159.488998,164.162994
164.214005,162.366501,162.315002,164.431,165.121506,163.100494,161.050003,159.488998
164.992996,164.214005,162.366501,162.315002,164.431,165.121506,163.100494,161.050003
170.451004,164.992996,164.214005,162.366501,162.315002,164.431,165.121506,163.100494
172.337006,170.451004,164.992996,164.214005,162.366501,162.315002,164.431,165.121506
172.207504,172.337006,170.451004,164.992996,164.214005,162.366501,162.315002,164.431
170.753006,172.207504,172.337006,170.451004,164.992996,164.214005,162.366501,162.315002
171.750504,170.753006,172.207504,172.337006,170.451004,164.992996,164.214005,162.366501
166.777496,171.750504,170.753006,172.207504,172.337006,170.451004,164.992996,164.214005
166.018494,166.777496,171.750504,170.753006,172.207504,172.337006,170.451004,164.992996
168.803497,166.018494,166.777496,171.750504,170.753006,172.207504,172.337006,170.451004
169.624496,168.803497,166.018494,166.777496,171.750504,170.753006,172.207504,172.337006
172.328506,169.624496,168.803497,166.018494,166.777496,171.750504,170.753006,172.207504
168.621506,172.328506,169.624496,168.803497,166.018494,166.777496,171.750504,170.753006
165.905502,168.621506,172.328506,169.624496,168.803497,166.018494,166.777496,171.750504
165.637497,165.905502,168.621506,172.328506,169.624496,168.803497,166.018494,166.777496
169.199997,165.637497,165.905502,168.621506,172.328506,169.624496,168.803497,166.018494
173.850006,169.199997,165.637497,165.905502,168.621506,172.328506,169.624496,168.803497
175.949493,173.850006,169.199997,165.637497,165.905502,168.621506,172.328506,169.624496
174.449005,175.949493,173.850006,169.199997,165.637497,165.905502,168.621506,172.328506
178.811493,174.449005,175.949493,173.850006,169.199997,165.637497,165.905502,168.621506
174.102493,178.811493,174.449005,175.949493,173.850006,169.199997,165.637497,165.905502
173.625,174.102493,178.811493,174.449005,175.949493,173.850006,169.199997,165.637497
176.257507,173.625,174.102493,178.811493,174.449005,175.949493,173.850006,169.199997
177.283997,176.257507,173.625,174.102493,178.811493,174.449005,175.949493,173.850006
177.035004,177.283997,176.257507,173.625,174.102493,178.811493,174.449005,175.949493
177.449997,177.035004,177.283997,176.257507,173.625,174.102493,178.811493,174.449005
184.802994,177.449997,177.035004,177.283997,176.257507,173.625,174.102493,178.811493
183.828506,184.802994,177.449997,177.035004,177.283997,176.257507,173.625,174.102493
178.628494,183.828506,184.802994,177.449997,177.035004,177.283997,176.257507,173.625
179.001999,178.628494,183.828506,184.802994,177.449997,177.035004,177.283997,176.257507
179.020493,179.001999,178.628494,183.828506,184.802994,177.449997,177.035004,177.283997
175.227997,179.020493,179.001999,178.628494,183.828506,184.802994,177.449997,177.035004
178.078506,175.227997,179.020493,179.001999,178.628494,183.828506,184.802994,177.449997
175.3535,178.078506,175.227997,179.020493,179.001999,178.628494,183.828506,184.802994
172.186005,175.3535,178.078506,175.227997,179.020493,179.001999,178.628494,183.828506
171.867996,172.186005,175.3535,178.078506,175.227997,179.020493,179.001999,178.628494
169.489502,171.867996,172.186005,175.3535,178.078506,175.227997,179.020493,179.001999
171.3685,169.489502,171.867996,172.186005,175.3535,178.078506,175.227997,179.020493
176.164505,171.3685,169.489502,171.867996,172.186005,175.3535,178.078506,175.227997
176.158005,176.164505,171.3685,169.489502,171.867996,172.186005,175.3535,178.078506
174.171005,176.158005,176.164505,171.3685,169.489502,171.867996,172.186005,175.3535
172.212006,174.171005,176.158005,176.164505,171.3685,169.489502,171.867996,172.186005
169.567505,172.212006,174.171005,176.158005,176.164505,171.3685,169.489502,171.867996
169.091507,169.567505,172.212006,174.171005,176.158005,176.164505,171.3685,169.489502
173.315002,169.091507,169.567505,172.212006,174.171005,176.158005,176.164505,171.3685
168.871002,173.315002,169.091507,169.567505,172.212006,174.171005,176.158005,176.164505
170.017502,168.871002,173.315002,169.091507,169.567505,172.212006,174.171005,176.158005
167.078995,170.017502,168.871002,173.315002,169.091507,169.567505,172.212006,174.171005
170.417007,167.078995,170.017502,168.871002,173.315002,169.091507,169.567505,172.212006
171.037003,170.417007,167.078995,170.017502,168.871002,173.315002,169.091507,169.567505
171.068497,171.037003,170.417007,167.078995,170.017502,168.871002,173.315002,169.091507
169.669495,171.068497,171.037003,170.417007,167.078995,170.017502,168.871002,173.315002
170.660995,169.669495,171.068497,171.037003,170.417007,167.078995,170.017502,168.871002
169.201004,170.660995,169.669495,171.068497,171.037003,170.417007,167.078995,170.017502
168.644501,169.201004,170.660995,169.669495,171.068497,171.037003,170.417007,167.078995
166.716995,168.644501,169.201004,170.660995,169.669495,171.068497,171.037003,170.417007
170.404495,166.716995,168.644501,169.201004,170.660995,169.669495,171.068497,171.037003
167.522003,170.404495,166.716995,168.644501,169.201004,170.660995,169.669495,171.068497
164.356995,167.522003,170.404495,166.716995,168.644501,169.201004,170.660995,169.669495
163.253998,164.356995,167.522003,170.404495,166.716995,168.644501,169.201004,170.660995
162.554001,163.253998,164.356995,167.522003,170.404495,166.716995,168.644501,169.201004
161.485992,162.554001,163.253998,164.356995,167.522003,170.404495,166.716995,168.644501
165.362,161.485992,162.554001,163.253998,164.356995,167.522003,170.404495,166.716995
165.207001,165.362,161.485992,162.554001,163.253998,164.356995,167.522003,170.404495
161.214005,165.207001,165.362,161.485992,162.554001,163.253998,164.356995,167.522003
162.138,161.214005,165.207001,165.362,161.485992,162.554001,163.253998,164.356995
158.917496,162.138,161.214005,165.207001,165.362,161.485992,162.554001,163.253998
156.298996,158.917496,162.138,161.214005,165.207001,165.362,161.485992,162.554001
151.667496,156.298996,158.917496,162.138,161.214005,165.207001,165.362,161.485992
142.643005,151.667496,156.298996,158.917496,162.138,161.214005,165.207001,165.362
144.544006,142.643005,151.667496,156.298996,158.917496,162.138,161.214005,165.207001
139.985992,144.544006,142.643005,151.667496,156.298996,158.917496,162.138,161.214005
138.872498,139.985992,144.544006,142.643005,151.667496,156.298996,158.917496,162.138
139.637497,138.872498,139.985992,144.544006,142.643005,151.667496,156.298996,158.917496
143.977997,139.637497,138.872498,139.985992,144.544006,142.643005,151.667496,156.298996
149.573502,143.977997,139.637497,138.872498,139.985992,144.544006,142.643005,151.667496
151.193497,149.573502,143.977997,139.637497,138.872498,139.985992,144.544006,142.643005
150.612503,151.193497,149.573502,143.977997,139.637497,138.872498,139.985992,144.544006
138.845505,150.612503,151.193497,149.573502,143.977997,139.637497,138.872498,139.985992
157.639496,138.845505,150.612503,151.193497,149.573502,143.977997,139.637497,138.872498
157.935501,157.639496,138.845505,150.612503,151.193497,149.573502,143.977997,139.637497
161.413498,157.935501,157.639496,138.845505,150.612503,151.193497,149.573502,143.977997
161.189499,161.413498,157.935501,157.639496,138.845505,150.612503,151.193497,149.573502
159.003494,161.189499,161.413498,157.935501,157.639496,138.845505,150.612503,151.193497
153.293503,159.003494,161.189499,161.413498,157.935501,157.639496,138.845505,150.612503
155.167007,153.293503,159.003494,161.189499,161.413498,157.935501,157.639496,138.845505
156.510498,155.167007,153.293503,159.003494,161.189499,161.413498,157.935501,157.639496
158.100494,156.510498,155.167007,153.293503,159.003494,161.189499,161.413498,157.935501
154.652496,158.100494,156.510498,155.167007,153.293503,159.003494,161.189499,161.413498
152.601501,154.652496,158.100494,156.510498,155.167007,153.293503,159.003494,161.189499
150.197495,152.601501,154.652496,158.100494,156.510498,155.167007,153.293503,159.003494
144.826996,150.197495,152.601501,154.652496,158.100494,156.510498,155.167007,153.293503
151.358002,144.826996,150.197495,152.601501,154.652496,158.100494,156.510498,155.167007
153.788498,151.358002,144.826996,150.197495,152.601501,154.652496,158.100494,156.510498
153.563004,153.788498,151.358002,144.826996,150.197495,152.601501,154.652496,158.100494
151.141998,153.563004,153.788498,151.358002,144.826996,150.197495,152.601501,154.652496
152.052505,151.141998,153.563004,153.788498,151.358002,144.826996,150.197495,152.601501
147.898499,152.052505,151.141998,153.563004,153.788498,151.358002,144.826996,150.197495
145.641006,147.898499,152.052505,151.141998,153.563004,153.788498,151.358002,144.826996
137.453003,145.641006,147.898499,152.052505,151.141998,153.563004,153.788498,151.358002
136.014496,137.453003,145.641006,147.898499,152.052505,151.141998,153.563004,153.788498
139.279007,136.014496,137.453003,145.641006,147.898499,152.052505,151.141998,153.563004
146.817505,139.279007,136.014496,137.453003,145.641006,147.898499,152.052505,151.141998
145.524506,146.817505,139.279007,136.014496,137.453003,145.641006,147.898499,152.052505
141.852997,145.524506,146.817505,139.279007,136.014496,137.453003,145.641006,147.898499
147.366501,141.852997,145.524506,146.817505,139.279007,136.014496,137.453003,145.641006
153.104004,147.366501,141.852997,145.524506,146.817505,139.279007,136.014496,137.453003
157.238998,153.104004,147.366501,141.852997,145.524506,146.817505,139.279007,136.014496
161.250504,157.238998,153.104004,147.366501,141.852997,145.524506,146.817505,139.279007
161.491501,161.250504,157.238998,153.104004,147.366501,141.852997,145.524506,146.817505
164.889008,161.491501,161.250504,157.238998,153.104004,147.366501,141.852997,145.524506
163.408005,164.889008,161.491501,161.250504,157.238998,153.104004,147.366501,141.852997
163.649506,163.408005,164.889008,161.491501,161.250504,157.238998,153.104004,147.366501
164.773499,163.649506,163.408005,164.889008,161.491501,161.250504,157.238998,153.104004
168.990494,164.773499,163.649506,163.408005,164.889008,161.491501,161.250504,157.238998
169.315002,168.990494,164.773499,163.649506,163.408005,164.889008,161.491501,161.250504
166.300995,169.315002,168.990494,164.773499,163.649506,163.408005,164.889008,161.491501
162.997498,166.300995,169.315002,168.990494,164.773499,163.649506,163.408005,164.889008
163.559998,162.997498,166.300995,169.315002,168.990494,164.773499,163.649506,163.408005
168.346497,163.559998,162.997498,166.300995,169.315002,168.990494,164.773499,163.649506
164.054993,168.346497,163.559998,162.997498,166.300995,169.315002,168.990494,164.773499
158.755997,164.054993,168.346497,163.559998,162.997498,166.300995,169.315002,168.990494
157.7845,158.755997,164.054993,168.346497,163.559998,162.997498,166.300995,169.315002
154.460495,157.7845,158.755997,164.054993,168.346497,163.559998,162.997498,166.300995
151.121994,154.460495,157.7845,158.755997,164.054993,168.346497,163.559998,162.997498
150.787506,151.121994,154.460495,157.7845,158.755997,164.054993,168.346497,163.559998
155.541,150.787506,151.121994,154.460495,157.7845,158.755997,164.054993,168.346497
151.706497,155.541,150.787506,151.121994,154.460495,157.7845,158.755997,164.054993
152.785004,151.706497,155.541,150.787506,151.121994,154.460495,157.7845,158.755997
158.115494,152.785004,151.706497,155.541,150.787506,151.121994,154.460495,157.7845
153.998001,158.115494,152.785004,151.706497,155.541,150.787506,151.121994,154.460495
148.296005,153.998001,158.115494,152.785004,151.706497,155.541,150.787506,151.121994
144.350006,148.296005,153.998001,158.115494,152.785004,151.706497,155.541,150.787506
146.074005,144.350006,148.296005,153.998001,158.115494,152.785004,151.706497,155.541
139.391006,146.074005,144.350006,148.296005,153.998001,158.115494,152.785004,151.706497
138.167007,139.391006,146.074005,144.350006,148.296005,153.998001,158.115494,152.785004
144.596497,138.167007,139.391006,146.074005,144.350006,148.296005,153.998001,158.115494
124.281502,144.596497,138.167007,139.391006,146.074005,144.350006,148.296005,153.998001
124.5,124.281502,144.596497,138.167007,139.391006,146.074005,144.350006,148.296005
124.253502,124.5,124.281502,144.596497,138.167007,139.391006,146.074005,144.350006
125.928497,124.253502,124.5,124.281502,144.596497,138.167007,139.391006,146.074005
116.406998,125.928497,124.253502,124.5,124.281502,144.596497,138.167007,139.391006
114.772499,116.406998,125.928497,124.253502,124.5,124.281502,144.596497,138.167007
108.789001,114.772499,116.406998,125.928497,124.253502,124.5,124.281502,144.596497
108.859001,108.789001,114.772499,116.406998,125.928497,124.253502,124.5,124.281502
105.372002,108.859001,108.789001,114.772499,116.406998,125.928497,124.253502,124.5
106.930496,105.372002,108.859001,108.789001,114.772499,116.406998,125.928497,124.253502
113.055,106.930496,105.372002,108.859001,108.789001,114.772499,116.406998,125.928497
110.810501,113.055,106.930496,105.372002,108.859001,108.789001,114.772499,116.406998
115.3685,110.810501,113.055,106.930496,105.372002,108.859001,108.789001,114.772499
107.112503,115.3685,110.810501,113.055,106.930496,105.372002,108.859001,108.789001
107.319,107.112503,115.3685,110.810501,113.055,106.930496,105.372002,108.859001
107.591003,107.319,107.112503,115.3685,110.810501,113.055,106.930496,105.372002
107.556999,107.591003,107.319,107.112503,115.3685,110.810501,113.055,106.930496
104.099998,107.556999,107.591003,107.319,107.112503,115.3685,110.810501,113.055
106.775002,104.099998,107.556999,107.591003,107.319,107.112503,115.3685,110.810501
111.077499,106.775002,104.099998,107.556999,107.591003,107.319,107.112503,115.3685
115.1465,111.077499,106.775002,104.099998,107.556999,107.591003,107.319,107.112503
120.209503,115.1465,111.077499,106.775002,104.099998,107.556999,107.591003,107.319
121.683998,120.209503,115.1465,111.077499,106.775002,104.099998,107.556999,107.591003
125.511002,121.683998,120.209503,115.1465,111.077499,106.775002,104.099998,107.556999
122.349998,125.511002,121.683998,120.209503,115.1465,111.077499,106.775002,104.099998
124.790001,122.349998,125.511002,121.683998,120.209503,115.1465,111.077499,106.775002
123.0,124.790001,122.349998,125.511002,121.683998,120.209503,115.1465,111.077499
121.18,123.0,124.790001,122.349998,125.511002,121.683998,120.209503,115.1465
116.150002,121.18,123.0,124.790001,122.349998,125.511002,121.683998,120.209503
109.650002,116.150002,121.18,123.0,124.790001,122.349998,125.511002,121.683998
103.669998,109.650002,116.150002,121.18,123.0,124.790001,122.349998,125.511002
102.309998,103.669998,109.650002,116.150002,121.18,123.0,124.790001,122.349998
107.669998,102.309998,103.669998,109.650002,116.150002,121.18,123.0,124.790001
103.660004,107.669998,102.309998,103.669998,109.650002,116.150002,121.18,123.0
106.220001,103.660004,107.669998,102.309998,103.669998,109.650002,116.150002,121.18
108.68,106.220001,103.660004,107.669998,102.309998,103.669998,109.650002,116.150002
108.949997,108.68,106.220001,103.660004,107.669998,102.309998,103.669998,109.650002
112.440002,108.949997,108.68,106.220001,103.660004,107.669998,102.309998,103.669998
116.459999,112.440002,108.949997,108.68,106.220001,103.660004,107.669998,102.309998
113.220001,116.459999,112.440002,108.949997,108.68,106.220001,103.660004,107.669998
107.400002,113.220001,116.459999,112.440002,108.949997,108.68,106.220001,103.660004
108.919998,107.400002,113.220001,116.459999,112.440002,108.949997,108.68,106.220001
106.209999,108.919998,107.400002,113.220001,116.459999,112.440002,108.949997,108.68
109.559998,106.209999,108.919998,107.400002,113.220001,116.459999,112.440002,108.949997
113.5,109.559998,106.209999,108.919998,107.400002,113.220001,116.459999,112.440002
114.330002,113.5,109.559998,106.209999,108.919998,107.400002,113.220001,116.459999
116.330002,114.330002,113.5,109.559998,106.209999,108.919998,107.400002,113.220001
115.540001,116.330002,114.330002,113.5,109.559998,106.209999,108.919998,107.400002
111.75,115.540001,116.330002,114.330002,113.5,109.559998,106.209999,108.919998
109.220001,111.75,115.540001,116.330002,114.330002,113.5,109.559998,106.209999
110.400002,109.220001,111.75,115.540001,116.330002,114.330002,113.5,109.559998
110.629997,110.400002,109.220001,111.75,115.540001,116.330002,114.330002,113.5
113.550003,110.629997,110.400002,109.220001,111.75,115.540001,116.330002,114.330002
113.760002,113.550003,110.629997,110.400002,109.220001,111.75,115.540001,116.330002
118.209999,113.760002,113.550003,110.629997,110.400002,109.220001,111.75,115.540001
122.769997,118.209999,113.760002,113.550003,110.629997,110.400002,109.220001,111.75
124.629997,122.769997,118.209999,113.760002,113.550003,110.629997,110.400002,109.220001
122.419998,124.629997,122.769997,118.209999,113.760002,113.550003,110.629997,110.400002
121.139999,122.419998,124.629997,122.769997,118.209999,113.760002,113.550003,110.629997
114.809998,121.139999,122.419998,124.629997,122.769997,118.209999,113.760002,113.550003
120.970001,114.809998,121.139999,122.419998,124.629997,122.769997,118.209999,113.760002
122.279999,120.970001,114.809998,121.139999,122.419998,124.629997,122.769997,118.209999
134.949997,122.279999,120.970001,114.809998,121.139999,122.419998,124.629997,122.769997
135.389999,134.949997,122.279999,120.970001,114.809998,121.139999,122.419998,124.629997
134.160004,135.389999,134.949997,122.279999,120.970001,114.809998,121.139999,122.419998
139.520004,134.160004,135.389999,134.949997,122.279999,120.970001,114.809998,121.139999
142.570007,139.520004,134.160004,135.389999,134.949997,122.279999,120.970001,114.809998
140.800003,142.570007,139.520004,134.160004,135.389999,134.949997,122.279999,120.970001
139.410004,140.800003,142.570007,139.520004,134.160004,135.389999,134.949997,122.279999
137.830002,139.410004,140.800003,142.570007,139.520004,134.160004,135.389999,134.949997
142.690002,137.830002,139.410004,140.800003,142.570007,139.520004,134.160004,135.389999
140.639999,142.690002,137.830002,139.410004,140.800003,142.570007,139.520004,134.160004
143.550003,140.639999,142.690002,137.830002,139.410004,140.800003,142.570007,139.520004
143.179993,143.550003,140.639999,142.690002,137.830002,139.410004,140.800003,142.570007
144.779999,143.179993,143.550003,140.639999,142.690002,137.830002,139.410004,140.800003
142.100006,144.779999,143.179993,143.550003,140.639999,142.690002,137.830002,139.410004
142.300003,142.100006,144.779999,143.179993,143.550003,140.639999,142.690002,137.830002
138.229996,142.300003,142.100006,144.779999,143.179993,143.550003,140.639999,142.690002
133.220001,138.229996,142.300003,142.100006,144.779999,143.179993,143.550003,140.639999
133.619995,133.220001,138.229996,142.300003,142.100006,144.779999,143.179993,143.550003
133.800003,133.619995,133.220001,138.229996,142.300003,142.100006,144.779999,143.179993
137.279999,133.800003,133.619995,133.220001,138.229996,142.300003,142.100006,144.779999
130.75,137.279999,133.800003,133.619995,133.220001,138.229996,142.300003,142.100006
129.789993,130.75,137.279999,133.800003,133.619995,133.220001,138.229996,142.300003
128.729996,129.789993,130.75,137.279999,133.800003,133.619995,133.220001,138.229996
126.769997,128.729996,129.789993,130.75,137.279999,133.800003,133.619995,133.220001
127.82,126.769997,128.729996,129.789993,130.75,137.279999,133.800003,133.619995
127.510002,127.82,126.769997,128.729996,129.789993,130.75,137.279999,133.800003
126.110001,127.510002,127.82,126.769997,128.729996,129.789993,130.75,137.279999
129.479996,126.110001,127.510002,127.82,126.769997,128.729996,129.789993,130.75
129.820007,129.479996,126.110001,127.510002,127.82,126.769997,128.729996,129.789993
133.270004,129.820007,129.479996,126.110001,127.510002,127.82,126.769997,128.729996
136.449997,133.270004,129.820007,129.479996,126.110001,127.510002,127.82,126.769997
126.82,136.449997,133.270004,129.820007,129.479996,126.110001,127.510002,127.82
128.550003,126.82,136.449997,133.270004,129.820007,129.479996,126.110001,127.510002
126.279999,128.550003,126.82,136.449997,133.270004,129.820007,129.479996,126.110001
123.529999,126.279999,128.550003,126.82,136.449997,133.270004,129.820007,129.479996
124.660004,123.529999,126.279999,128.550003,126.82,136.449997,133.270004,129.820007
122.190002,124.660004,123.529999,126.279999,128.550003,126.82,136.449997,133.270004
118.540001,122.190002,124.660004,123.529999,126.279999,128.550003,126.82,136.449997
117.309998,118.540001,122.190002,124.660004,123.529999,126.279999,128.550003,126.82
113.779999,117.309998,118.540001,122.190002,124.660004,123.529999,126.279999,128.550003
115.150002,113.779999,117.309998,118.540001,122.190002,124.660004,123.529999,126.279999
114.410004,115.150002,113.779999,117.309998,118.540001,122.190002,124.660004,123.529999
118.010002,114.410004,115.150002,113.779999,117.309998,118.540001,122.190002,124.660004
114.800003,118.010002,114.410004,115.150002,113.779999,117.309998,118.540001,122.190002
113.0,114.800003,118.010002,114.410004,115.150002,113.779999,117.309998,118.540001
115.879997,113.0,114.800003,118.010002,114.410004,115.150002,113.779999,117.309998
121.089996,115.879997,113.0,114.800003,118.010002,114.410004,115.150002,113.779999
120.949997,121.089996,115.879997,113.0,114.800003,118.010002,114.410004,115.150002
120.300003,120.949997,121.089996,115.879997,113.0,114.800003,118.010002,114.410004
114.559998,120.300003,120.949997,121.089996,115.879997,113.0,114.800003,118.010002
113.669998,114.559998,120.300003,120.949997,121.089996,115.879997,113.0,114.800003
112.209999,113.669998,114.559998,120.300003,120.949997,121.089996,115.879997,113.0
112.900002,112.209999,113.669998,114.559998,120.300003,120.949997,121.089996,115.879997
112.529999,112.900002,112.209999,113.669998,114.559998,120.300003,120.949997,121.089996
106.900002,112.529999,112.900002,112.209999,113.669998,114.559998,120.300003,120.949997
113.790001,106.900002,112.529999,112.900002,112.209999,113.669998,114.559998,120.300003
116.360001,113.790001,106.900002,112.529999,112.900002,112.209999,113.669998,114.559998
115.07,116.360001,113.790001,106.900002,112.529999,112.900002,112.209999,113.669998
115.25,115.07,116.360001,113.790001,106.900002,112.529999,112.900002,112.209999
119.32,115.25,115.07,116.360001,113.790001,106.900002,112.529999,112.900002
119.82,119.32,115.25,115.07,116.360001,113.790001,106.900002,112.529999
120.599998,119.82,119.32,115.25,115.07,116.360001,113.790001,106.900002
115.660004,120.599998,119.82,119.32,115.25,115.07,116.360001,113.790001
110.959999,115.660004,120.599998,119.82,119.32,115.25,115.07,116.360001
103.410004,110.959999,115.660004,120.599998,119.82,119.32,115.25,115.07
102.440002,103.410004,110.959999,115.660004,120.599998,119.82,119.32,115.25
96.790001,102.440002,103.410004,110.959999,115.660004,120.599998,119.82,119.32
92.120003,96.790001,102.440002,103.410004,110.959999,115.660004,120.599998,119.82
89.300003,92.120003,96.790001,102.440002,103.410004,110.959999,115.660004,120.599998
90.980003,89.300003,92.120003,96.790001,102.440002,103.410004,110.959999,115.660004
90.529999,90.980003,89.300003,92.120003,96.790001,102.440002,103.410004,110.959999
89.980003,90.529999,90.980003,89.300003,92.120003,96.790001,102.440002,103.410004
86.139999,89.980003,90.529999,90.980003,89.300003,92.120003,96.790001,102.440002
96.629997,86.139999,89.980003,90.529999,90.980003,89.300003,92.120003,96.790001
100.790001,96.629997,86.139999,89.980003,90.529999,90.980003,89.300003,92.120003
98.489998,100.790001,96.629997,86.139999,89.980003,90.529999,90.980003,89.300003
98.940002,98.489998,100.790001,96.629997,86.139999,89.980003,90.529999,90.980003
97.120003,98.940002,98.489998,100.790001,96.629997,86.139999,89.980003,90.529999
94.849998,97.120003,98.940002,98.489998,100.790001,96.629997,86.139999,89.980003
94.139999,94.849998,97.120003,98.940002,98.489998,100.790001,96.629997,86.139999
92.459999,94.139999,94.849998,97.120003,98.940002,98.489998,100.790001,96.629997
93.199997,92.459999,94.139999,94.849998,97.120003,98.940002,98.489998,100.790001
94.129997,93.199997,92.459999,94.139999,94.849998,97.120003,98.940002,98.489998
93.410004,94.129997,93.199997,92.459999,94.139999,94.849998,97.120003,98.940002
93.949997,93.410004,94.129997,93.199997,92.459999,94.139999,94.849998,97.120003
92.419998,93.949997,93.410004,94.129997,93.199997,92.459999,94.139999,94.849998
96.540001,92.419998,93.949997,93.410004,94.129997,93.199997,92.459999,94.139999
95.5,96.540001,92.419998,93.949997,93.410004,94.129997,93.199997,92.459999
94.129997,95.5,96.540001,92.419998,93.949997,93.410004,94.129997,93.199997
91.010002,94.129997,95.5,96.540001,92.419998,93.949997,93.410004,94.129997
88.25,91.010002,94.129997,95.5,96.540001,92.419998,93.949997,93.410004
88.459999,88.25,91.010002,94.129997,95.5,96.540001,92.419998,93.949997
90.349998,88.459999,88.25,91.010002,94.129997,95.5,96.540001,92.419998
89.089996,90.349998,88.459999,88.25,91.010002,94.129997,95.5,96.540001
90.550003,89.089996,90.349998,88.459999,88.25,91.010002,94.129997,95.5
92.489998,90.550003,89.089996,90.349998,88.459999,88.25,91.010002,94.129997
91.580002,92.489998,90.550003,89.089996,90.349998,88.459999,88.25,91.010002
88.449997,91.580002,92.489998,90.550003,89.089996,90.349998,88.459999,88.25
87.860001,88.449997,91.580002,92.489998,90.550003,89.089996,90.349998,88.459999
84.919998,87.860001,88.449997,91.580002,92.489998,90.550003,89.089996,90.349998
85.190002,84.919998,87.860001,88.449997,91.580002,92.489998,90.550003,89.089996
86.769997,85.190002,84.919998,87.860001,88.449997,91.580002,92.489998,90.550003
83.790001,86.769997,85.190002,84.919998,87.860001,88.449997,91.580002,92.489998
85.25,83.790001,86.769997,85.190002,84.919998,87.860001,88.449997,91.580002
83.040001,85.25,83.790001,86.769997,85.190002,84.919998,87.860001,88.449997
81.82,83.040001,85.25,83.790001,86.769997,85.190002,84.919998,87.860001
84.18,81.82,83.040001,85.25,83.790001,86.769997,85.190002,84.919998
84.0,84.18,81.82,83.040001,85.25,83.790001,86.769997,85.190002
85.82,84.0,84.18,81.82,83.040001,85.25,83.790001,86.769997
85.139999,85.82,84.0,84.18,81.82,83.040001,85.25,83.790001
83.120003,85.139999,85.82,84.0,84.18,81.82,83.040001,85.25
86.080002,83.120003,85.139999,85.82,84.0,84.18,81.82,83.040001
87.360001,86.080002,83.120003,85.139999,85.82,84.0,84.18,81.82
89.870003,87.360001,86.080002,83.120003,85.139999,85.82,84.0,84.18
95.089996,89.870003,87.360001,86.080002,83.120003,85.139999,85.82,84.0
95.269997,95.089996,89.870003,87.360001,86.080002,83.120003,85.139999,85.82
98.120003,95.269997,95.089996,89.870003,87.360001,86.080002,83.120003,85.139999
96.050003,98.120003,95.269997,95.089996,89.870003,87.360001,86.080002,83.120003
95.459999,96.050003,98.120003,95.269997,95.089996,89.870003,87.360001,86.080002
93.68,95.459999,96.050003,98.120003,95.269997,95.089996,89.870003,87.360001
97.25,93.68,95.459999,96.050003,98.120003,95.269997,95.089996,89.870003
97.519997,97.25,93.68,95.459999,96.050003,98.120003,95.269997,95.089996
96.32,97.519997,97.25,93.68,95.459999,96.050003,98.120003,95.269997
97.18,96.32,97.519997,97.25,93.68,95.459999,96.050003,98.120003
99.220001,97.18,96.32,97.519997,97.25,93.68,95.459999,96.050003
102.239998,99.220001,97.18,96.32,97.519997,97.25,93.68,95.459999
100.550003,102.239998,99.220001,97.18,96.32,97.519997,97.25,93.68
103.129997,100.550003,102.239998,99.220001,97.18,96.32,97.519997,97.25
105.150002,103.129997,100.550003,102.239998,99.220001,97.18,96.32,97.519997
112.910004,105.150002,103.129997,100.550003,102.239998,99.220001,97.18,96.32
103.389999,112.910004,105.150002,103.129997,100.550003,102.239998,99.220001,97.18
102.18,103.389999,112.910004,105.150002,103.129997,100.550003,102.239998,99.220001
102.110001,102.18,103.389999,112.910004,105.150002,103.129997,100.550003,102.239998
100.050003,102.110001,102.18,103.389999,112.910004,105.150002,103.129997,100.550003
98.239998,100.050003,102.110001,102.18,103.389999,112.910004,105.150002,103.129997
97.610001,98.239998,100.050003,102.110001,102.18,103.389999,112.910004,105.150002
99.540001,97.610001,98.239998,100.050003,102.110001,102.18,103.389999,112.910004
99.699997,99.540001,97.610001,98.239998,100.050003,102.110001,102.18,103.389999
101.160004,99.699997,99.540001,97.610001,98.239998,100.050003,102.110001,102.18
98.150002,101.160004,99.699997,99.540001,97.610001,98.239998,100.050003,102.110001
97.199997,98.150002,101.160004,99.699997,99.540001,97.610001,98.239998,100.050003
94.580002,97.199997,98.150002,101.160004,99.699997,99.540001,97.610001,98.239998
95.790001,94.580002,97.199997,98.150002,101.160004,99.699997,99.540001,97.610001
95.82,95.790001,94.580002,97.199997,98.150002,101.160004,99.699997,99.540001
93.5,95.82,95.790001,94.580002,97.199997,98.150002,101.160004,99.699997
93.760002,93.5,95.82,95.790001,94.580002,97.199997,98.150002,101.160004
94.230003,93.760002,93.5,95.82,95.790001,94.580002,97.199997,98.150002
92.169998,94.230003,93.760002,93.5,95.82,95.790001,94.580002,97.199997
92.129997,92.169998,94.230003,93.760002,93.5,95.82,95.790001,94.580002
94.900002,92.129997,92.169998,94.230003,93.760002,93.5,95.82,95.790001
93.75,94.900002,92.129997,92.169998,94.230003,93.760002,93.5,95.82
93.550003,93.75,94.900002,92.129997,92.169998,94.230003,93.760002,93.5
93.919998,93.550003,93.75,94.900002,92.129997,92.169998,94.230003,93.760002
92.25,93.919998,93.550003,93.75,94.900002,92.129997,92.169998,94.230003
90.730003,92.25,93.919998,93.550003,93.75,94.900002,92.129997,92.169998
92.43,90.730003,92.25,93.919998,93.550003,93.75,94.900002,92.129997
94.879997,92.43,90.730003,92.25,93.919998,93.550003,93.75,94.900002
96.199997,94.879997,92.43,90.730003,92.25,93.919998,93.550003,93.75
100.040001,96.199997,94.879997,92.43,90.730003,92.25,93.919998,93.550003
98.949997,100.040001,96.199997,94.879997,92.43,90.730003,92.25,93.919998
97.709999,98.949997,100.040001,96.199997,94.879997,92.43,90.730003,92.25
100.610001,97.709999,98.949997,100.040001,96.199997,94.879997,92.43,90.730003
98.699997,100.610001,97.709999,98.949997,100.040001,96.199997,94.879997,92.43
98.709999,98.699997,100.610001,97.709999,98.949997,100.040001,96.199997,94.879997
98.129997,98.709999,98.699997,100.610001,97.709999,98.949997,100.040001,96.199997
98.040001,98.129997,98.709999,98.699997,100.610001,97.709999,98.949997,100.040001
97.239998,98.040001,98.129997,98.709999,98.699997,100.610001,97.709999,98.949997
100.25,97.239998,98.040001,98.129997,98.709999,98.699997,100.610001,97.709999
102.0,100.25,97.239998,98.040001,98.129997,98.709999,98.699997,100.610001
103.290001,102.0,100.25,97.239998,98.040001,98.129997,98.709999,98.699997
102.410004,103.290001,102.0,100.25,97.239998,98.040001,98.129997,98.709999
103.949997,102.410004,103.290001,102.0,100.25,97.239998,98.040001,98.129997
101.099998,103.949997,102.410004,103.290001,102.0,100.25,97.239998,98.040001
