id,title,description,price,size,age,floors,bedroom,city,location,district,house_type,pattern,tags,environment,url,image,CP_value
1,三井Outlet旁雙峰匯美2房含車位管理費,,38000,25.5,0.0,15,2,新北市,新北市林口區忠孝路/長耀PARK/長耀雙峰滙,,電梯大廈,2房1廳1衛,,,https://www.rakuya.com.tw/rent/rent_item?ehid=073a40293783216,12562c6423d47a76ef07120b7720bf12.jpeg,0.6407938327703476
2,近勤美BRT站50公尺合法樓中樓2房含車位裝潢,,22500,36.0,0.0,13,2,台中市,台中市西區梅川西路二段/中港奇摩市,,電梯大廈,2房2廳2衛 - 1室2陽台1廚房,,有對外窗,https://www.rakuya.com.tw/rent/rent_item?ehid=0837b8293637411,86edbdb85ad9567d1387ecf07e233dd4.jpeg,1.0602614341525005
3,林口A7A8A9龜山近市區體大大兩房車雙衛浴,,26800,37.32,0.7,1,2,桃園市,桃園市龜山區樂學一路/頤昌澄岳,,電梯大廈,2房2廳1.5衛 - 1陽台1廚房,,有對外窗;有中庭;陽台,https://www.rakuya.com.tw/rent/rent_item?ehid=063658293559215,9d4f693af757c550409fb6b58855d03e.jpeg,0.16109196072984225
4,四季水漾三房+車位,,25000,53.39,11.4,2,3,新北市,新北市淡水區中山北路三段/四季水漾,,電梯大廈,3房2廳2衛 - 2陽台1廚房,,有對外窗;有中庭;陽台,https://www.rakuya.com.tw/rent/rent_item?ehid=023271293470025,312927a1b2f9fbd5cfd5121b897fb44d.jpeg,0.16857712100031225
5,離捷運站永安接運站5分鐘門口有公車站,,100000,45.0,42.1,1,0,新北市,新北市永和區永貞路,,公寓,,,,https://www.rakuya.com.tw/rent/rent_item?ehid=0c33c6293351209,687082438fa249b285b43aaba2ddbbf8.jpeg,0.6246878364431379
6,府中板橋稀有共生共寓，第一手釋出，租補後$1萬,,12500,25.0,0.0,3,3,新北市,新北市板橋區大勇街,,公寓,3房1廳1衛 - 1陽台1廚房,,,https://www.rakuya.com.tw/rent/rent_item?ehid=0953c3293165311,9346a4c96fc37e1ac31168f180e813c8.jpeg,0.5414838003237062
7,成功二路｜超醒目約27米大面寬燙金店霸｜亞灣AI城,,120000,105.47,22.6,1,0,高雄市,高雄市前鎮區成功二路/獅甲國宅,,電梯大廈,,,有對外窗;為邊間,https://www.rakuya.com.tw/rent/rent_item?ehid=0319bb293240248,a68c47ae4a1f30d78e32a4e190464bc3.jpeg,0.4072557251602754
8,中和保健路1樓。大陽台。住家辦公近捷運,,28000,30.0,0.0,1,3,新北市,新北市中和區保健路,,公寓,3房2廳1衛 - 2陽台1廚房,,,https://www.rakuya.com.tw/rent/rent_item?ehid=0518c2292878842,b4fa0b86605ddef73c89739b207ba492.jpeg,0.0
9,崇德漢口商圈百萬全新裝潢二房傢俱全,,23000,15.97,42.4,3,2,台中市,台中市北區漢口路五段,,公寓,2房2廳2衛 - 1陽台,,有對外窗,https://www.rakuya.com.tw/rent/rent_item?ehid=080fe9292952269,8abeb3e2f97a03b91ff541872fb180c7.jpeg,2.013215687061784
10,自租安平黃金店面全新市政大道$永華路三角窗旁無西曬,,48000,44.13,0.6,1,0,台南市,台南市安平區健康二街/龍騰市政大道/第五大道,,電梯大廈,,,有對外窗,https://www.rakuya.com.tw/rent/rent_item?ehid=0dd25d29298018f,5c14687359f655b9ef660f68808eeafb.jpeg,0.2035032608808106
11,台中北區 櫻花道套房 近國軍醫院大潤發科博館,,6500,5.0,0.0,2,1,台中市,台中市北區太原路一段,,公寓,1房1衛,,,https://www.rakuya.com.tw/rent/rent_item?ehid=092681292837978,38df90df099adb9b1277091cefe2ef25.jpeg,1.9244975843912409
12,美麗堡電梯華廈,,32000,58.0,25.1,13,4,新北市,新北市五股區西雲路/美麗堡,,電梯大廈,4房2廳2衛 - 2陽台2廚房,,,https://www.rakuya.com.tw/rent/rent_item?ehid=03f9f3291370103,43185c768492fdbb9ba2acfbf976e985.jpeg,0.1345022556661685
13,笛布斯專任~僑泰電梯視野二房台水電大陽台可開伙可寵,,13000,27.24,30.1,10,2,台中市,台中市南區南和一街/德昌中華,,電梯大廈,2房1廳1衛 - 1陽台1廚房,,有對外窗;陽台,https://www.rakuya.com.tw/rent/rent_item?ehid=009e89291929012,e9615e69eb8da16bfcba3bec7001e2e5.jpeg,0.6084791251290523
14,白金大智電梯套房（近三井Lalaport),,9999,6.0,0.1,6,1,台中市,台中市東區大智路/瀚程大智路192巷20號透天,,透天厝,1房1衛 - 1陽台,,,https://www.rakuya.com.tw/rent/rent_item?ehid=055355234353615,f96303f72a66d637d76aaf8a9898bee3.jpeg,0.0
15,近成大暨醫院、二中、台南醫院、台南公園、轉運站,,5500,5.0,30.0,5,1,台南市,台南市北區公園北路,,透天厝,1房1衛,,有對外窗,https://www.rakuya.com.tw/rent/rent_item?ehid=0ca6fd292506107,9a972901f28acea2ce7c45bbdba817a3.jpeg,0.012828093686984792
16,"知名電梯華廈,頂級全新裝潢,近捷運亞東醫院站/科學",,23000,18.0,0.1,6,1,新北市,新北市板橋區貴興路/誠都,,電梯大廈,1房1廳1衛 - 1陽台,,,https://www.rakuya.com.tw/rent/rent_item?ehid=0ec92e292038432,,0.8776715579550249
17,❤️高詢問度❤️梧棲全新透天套房❤️含電梯,,8000,5.0,1.0,4,1,台中市,台中市梧棲區港埠路一段,,華廈,1房1衛 - 1陽台,,有對外窗,https://www.rakuya.com.tw/rent/rent_item?ehid=06cc60270953417,50f09673cdc1b89c7a2e42f0d644ffb5.jpeg,0.18478737720098395
18,安平3房電梯含車位,,23800,36.13,0.0,4,3,台南市,台南市安平區府平路/大隆新香港,,電梯大廈,3房1廳2衛 - 1陽台1廚房,,有對外窗,https://www.rakuya.com.tw/rent/rent_item?ehid=0ba21729177054c,c40c724528e1de4f2b3f653b152b41b2.jpeg,0.26412959257229535
19,板橋電梯高樓可租補✨近商圈和室雅居✨全新裝潢車+管,,33000,12.0,0.5,24,1,新北市,新北市板橋區板城路/高妍植3水璟苑,,電梯大廈,1房1廳1衛 - 1室1陽台1廚房,,有對外窗;陽台,https://www.rakuya.com.tw/rent/rent_item?ehid=0d686c29149217d,1deb6aa1e9d3080b4351780b919b8284.jpeg,0.21938250908031226
20,★高雄湖內★稀有透天整棟出租(附貨梯),,20000,29.57,0.1,0,0,高雄市,高雄市湖內區民生街,,透天厝,開放式格局,,,https://www.rakuya.com.tw/rent/rent_item?ehid=0140fb289696805,fa1a77fc8f9fc781c94ba036d860e2a1.jpeg,0.057881333117493855
21,板橋三民路透天店面 近板橋家樂福商圈,,60000,54.0,35.5,2,0,新北市,新北市板橋區三民路二段,,透天厝,,,,https://www.rakuya.com.tw/rent/rent_item?ehid=0e5306273540945,df0f5df18fa28ecaafc71c6bef8d962a.jpeg,0.0
22,近六合夜市商圈.美麗島捷運站.高雄火車站,,15000,15.0,50.1,1,0,高雄市,高雄市新興區民主橫路,,透天厝,,,,https://www.rakuya.com.tw/rent/rent_item?ehid=0b775229165354b,fe28f17e1b54755b1c795abacafdd56d.jpeg,0.8121039836716933
23,獨立套房,,10000,9.0,2.0,2,0,雲林縣,雲林縣斗六市榴屯二十街/雲龍太棧2,,公寓,開放式格局,,,https://www.rakuya.com.tw/rent/rent_item?ehid=02372129196193c,114073f4c75e752cd4a17469c7d0c63c.jpeg,0.007953264640970858
24,百達君品簡約渡假兩房,,24000,24.0,3.0,15,2,高雄市,高雄市前鎮區籬仔內路/百達君品,,電梯大廈,2房2廳1衛,,,https://www.rakuya.com.tw/rent/rent_item?ehid=04789e218056217,1bc8a82198fa36c6261b159c8fbac833.jpeg,0.21795725244496986
25,蔡Sir力推關連大路超挑高美三照低租金廠,,58000,80.0,0.1,0,0,台中市,台中市梧棲區港埠路一段,,廠房,,,,https://www.rakuya.com.tw/rent/rent_item?ehid=0137db291329583,c7b9743e661c1c79c6c248937e68a49a.jpeg,0.1487113090807507
26,373坪廠辦合一可三照,,240000,373.29,0.1,3,0,台中市,台中市大里區美村街,,廠房,,,,https://www.rakuya.com.tw/rent/rent_item?ehid=0036f729115569b,8d25a7acedfdfa096f17385a97d8ee52.jpeg,0.2513803923917587
27,蔡Sir力推關連唯有三千坪三照廠,,1000000,3000.0,0.0,0,0,台中市,台中市龍井區台西南路,,廠房,,,,https://www.rakuya.com.tw/rent/rent_item?ehid=05088d28381373f,c293d4495cd1846610d7dfcfc39657a1.jpeg,0.00953943896844874
28,御盟國際驛館 酒店式公寓,,61500,56.0,2.3,15,2,高雄市,高雄市三民區九如一路,,公寓,2房2廳2衛 - 2陽台1廚房,,有對外窗;陽台,https://www.rakuya.com.tw/rent/rent_item?ehid=053a4a225742420,b7af398494ebd07527610c66913ab8ea.jpeg,0.0
29,台中市精密機械園區-廠房出租(B1~5F),,1680000,1972.0,0.1,5,0,台中市,台中市南屯區精科中一路,,廠房,,,,https://www.rakuya.com.tw/rent/rent_item?ehid=056658292329239,,0.015864272189671888
30,民生萬吉2房2衛明亮樓寓,,32000,31.28,8.1,7,2,台南市,台南市中西區民生路二段/民生萬吉,,電梯大廈,2房2廳2衛 - 1陽台1廚房,,有對外窗;陽台,https://www.rakuya.com.tw/rent/rent_item?ehid=0b191a289778414,88bbe8ebb0a79252379527b709781aa4.jpeg,0.5004531980306139
31,巨蛋捷運瑞豐商圈店面1+2樓,,38000,40.0,43.0,2,0,高雄市,高雄市鼓山區華榮路,,透天厝,,,,https://www.rakuya.com.tw/rent/rent_item?ehid=0f9918292030127,c2e0c1f17ee4481ff7dfbaaaf5f794dc.jpeg,0.5447176490082607
32,276坪廠房出租（二層）近廣豐新天地,,207000,276.0,0.1,2,0,桃園市,桃園市桃園區國際路一段,,廠房,,,,https://www.rakuya.com.tw/rent/rent_item?ehid=01bda0291265700,2d1c56f6530085c8c6edeb93aaf6c21b.jpeg,0.3864974209869233
33,★大樹區九曲路★建地廠房出租,,38000,80.0,0.1,0,0,高雄市,高雄市大樹區九曲路,,廠房,,,,https://www.rakuya.com.tw/rent/rent_item?ehid=04113c289236925,9e57f1c378156e685147def4fa0cfc96.jpeg,0.0
34,❗️廠房出租❗️ 屏東市全新合法廠房-可廠登,,43000,116.97,0.1,0,0,屏東縣,屏東縣屏東市大成路,,廠房,,,,https://www.rakuya.com.tw/rent/rent_item?ehid=0518a4251565298,894219c4827487d708f3999bdfed7c69.jpeg,0.006775498274486508
35,長安東路一段(2樓店面),,92000,36.54,44.1,2,0,台北市,台北市中山區長安東路一段/明道大廈,,電梯大廈,,,有對外窗;為邊間,https://www.rakuya.com.tw/rent/rent_item?ehid=0f6cb1291143079,916e42d89584029426b3eca3e79e085f.jpeg,4.7116177998125187e-07
36,小巨蛋站/邊間店面/輕食 飲料 服飾皆可,,120000,15.37,0.1,1,0,台北市,台北市松山區南京東路四段,,電梯大廈,,,有對外窗;為邊間,https://www.rakuya.com.tw/rent/rent_item?ehid=0a582c292296736,50b02d4da62e47b19077a17ef2a3fbfe.jpeg,1.3557328745467063
37,＊中科雲世紀＊二房二衛無限視野景觀好房＋平車,,28500,22.0,9.0,14,2,台中市,台中市西屯區國安一路/太子雲世紀B區,,電梯大廈,2房2廳2衛,,有對外窗;為邊間;有中庭;陽台,https://www.rakuya.com.tw/rent/rent_item?ehid=0b6b0f292812011,03373e22113d0bb21544a3ffd2625a2f.jpeg,0.22811878011344594
38,安(專)草衙商圈1+2大面寬樓店,,50000,68.82,0.1,2,0,高雄市,高雄市前鎮區天后街,,電梯大廈,,,有對外窗,https://www.rakuya.com.tw/rent/rent_item?ehid=0be41b292373572,68998fe2a46c528b010d0ce4a110bab0.jpeg,0.061715634765706316
39,可寵⭐短租⭐可租補⭐2月免租金,,6799,10.0,0.0,5,1,台中市,台中市南區合作街,,透天厝,1房1衛,,有對外窗,https://www.rakuya.com.tw/rent/rent_item?ehid=0aedda293928832,50a8f08e404bc85eb79f62129f1711b0.jpeg,1.3807570567872485
40,✨秒殺物件✨獨洗獨曬流理台✨超神祕優惠✨騎樓機車位,,7799,14.0,0.0,3,1,台中市,台中市北區進化北路,,電梯大廈,1房1衛,,,https://www.rakuya.com.tw/rent/rent_item?ehid=091e8429392877b,af90049532e2adaf07fd1c23fef6c36f.jpeg,0.0
41,整棟新蓋✨陽台獨洗流理台✨租屋補助✨寵物天堂✨機車,,11999,16.0,0.0,2,1,台中市,台中市北區國強街,,電梯大廈,1房1衛 - 1陽台,,,https://www.rakuya.com.tw/rent/rent_item?ehid=0e8f1829392880b,8b4bd8ed208f7467dfc90c144de43219.jpeg,0.6559685457376375
42,全新裝潢✨陽台獨洗✨租屋補助✨貓奴首選✨秒殺可短租,,9999,14.0,0.0,4,1,台中市,台中市西屯區中清路二段,,透天厝,1房1衛 - 1陽台,,,https://www.rakuya.com.tw/rent/rent_item?ehid=088a0c293928769,2d11bb538a355a4a04057d546617a47f.jpeg,0.17199137259657782
43,✨秒殺物件✨陽台獨洗流理台✨超省雙租屋補助✨機車位,,10799,15.0,0.0,4,1,台中市,台中市北區健行路,,透天厝,1房1衛 - 1陽台,,,https://www.rakuya.com.tw/rent/rent_item?ehid=0ca519293928799,e189fa3a79e9a5954ffe16606831e086.jpeg,0.8246434527423052
44,全新秒殺大空間✨陽台獨洗流理台✨雙租屋補助✨可貓✨,,14999,19.0,0.0,2,1,台中市,台中市北屯區天津路四段,,透天厝,1房1衛 - 1陽台,,,https://www.rakuya.com.tw/rent/rent_item?ehid=0e41ff293928781,25e61dcbc6ef72e3d0146eef5e66651f.jpeg,2.079609060894215
45,小資首選✨住戶單純✨絕美採光✨租屋補助✨寵物天堂,,6799,12.0,0.0,5,1,台中市,台中市南區合作街,,透天厝,1房1衛,,,https://www.rakuya.com.tw/rent/rent_item?ehid=07763929392881f,1766205e9a73bcf2bdf8823fb4361fa7.jpeg,1.3807570567872485
46,✨秒殺物件✨陽台獨洗✨台水台電✨租屋補助✨電梯套房,,7999,14.0,0.0,2,1,台中市,台中市北區梅亭街,,電梯大廈,1房1衛 - 1陽台,,,https://www.rakuya.com.tw/rent/rent_item?ehid=092f5a29392874e,67fcc9480296aa7b12b86af1646734b5.jpeg,1.4140020462641762
47,✨秒殺物件✨陽台獨洗✨住戶單純✨租屋補助✨電梯套房,,5599,11.0,0.0,1,1,台中市,台中市東區三賢街,,電梯大廈,1房1衛 - 1陽台,,,https://www.rakuya.com.tw/rent/rent_item?ehid=0a54b7293928733,13c050813184b8ca05d9072657d5abce.jpeg,0.0
48,雙租補❤️電梯大空間❤️洗脫烘洗衣機❤️子母車❤️,,11499,10.0,0.0,7,1,台中市,台中市北區學士路,,電梯大廈,1房1衛,,有對外窗,https://www.rakuya.com.tw/rent/rent_item?ehid=0fb7ac293911503,18c04dfe1a093d2a9601e46b7e50da5f.jpeg,0.13203777933057625
49,全新未住❤️雙租補一房一廳❤️陽台獨洗獨曬❤️可寵,,15999,15.0,0.0,1,1,台中市,台中市太平區宜欣十街,,透天厝,1房1廳1衛 - 1陽台,,有對外窗;陽台,https://www.rakuya.com.tw/rent/rent_item?ehid=069009293909992,4ff1fabac54f77f2b6e1be00b912b369.jpeg,0.4417262904110365
50,租補類一房一廳❤️陽台獨洗獨曬❤️可貓咪❤️飲水機,,10999,10.0,0.0,1,1,台中市,台中市西屯區西屯路三段,,透天厝,1房1衛 - 1陽台,,有對外窗;陽台,https://www.rakuya.com.tw/rent/rent_item?ehid=085f41293910926,605845149cb50d17021a9924c475bfda.jpeg,0.5456367707775481
51,雙租補❤️超大空間兩房❤️陽台獨洗獨曬❤️子母車,,21499,22.0,0.0,4,2,台中市,台中市北區中清路一段,,透天厝,2房1廳1衛 - 1陽台,,有對外窗;陽台,https://www.rakuya.com.tw/rent/rent_item?ehid=0dadf6293905722,741ced7ebd09310510f8514641a79590.jpeg,0.8221693529319594
52,工業風樓中樓兩房❤️陽台獨洗獨曬❤️可寵❤️子母車,,15499,16.0,0.0,1,2,台中市,台中市西屯區漢成街,,樓中樓,2房1廳1衛 - 1陽台,,有對外窗;陽台,https://www.rakuya.com.tw/rent/rent_item?ehid=08049c29390792b,b8dab66a03d23b82befc35cfd40e7c2f.jpeg,0.9215893608361152
53,小資首選❤️租補套房❤️飲水機❤️近一中中科中國醫,,4999,6.0,0.0,3,1,台中市,台中市北區學士路,,公寓,1房1衛,,有對外窗;陽台,https://www.rakuya.com.tw/rent/rent_item?ehid=0b2c8129391088f,6399296ffe630c9d09fc7502102bc7d1.jpeg,0.14606249608021155
54,小資雙租補套房❤️可寵❤️飲水機❤️子母車❤️,,7499,8.0,0.0,2,1,台中市,台中市北區五常街,,透天厝,1房1衛,,有對外窗;陽台,https://www.rakuya.com.tw/rent/rent_item?ehid=0af8ca293911420,74bd3fcbfb23cf6b28916dc02b1f4253.jpeg,0.0
55,高採光一房一廳❤️陽台獨洗獨曬❤️可貓咪❤️飲水機,,16499,15.0,0.0,3,1,台中市,台中市西屯區西屯路三段,,電梯大廈,1房1廳1衛 - 1陽台,,有對外窗;陽台,https://www.rakuya.com.tw/rent/rent_item?ehid=04f2f1293910943,2cd1f8b4756edf3f526141e977c6f844.jpeg,0.5209226306236612
56,租補超大空間一房一廳❤️可寵❤️台電❤️可工作室,,19585,19.0,0.0,2,1,台中市,台中市北屯區太原路三段,,電梯大廈,1房1廳1衛,,有對外窗;陽台,https://www.rakuya.com.tw/rent/rent_item?ehid=00726d29391115a,556022b2003eb49c659f1342d681fe08.jpeg,0.24679483808540326
57,小資首選❤️租補電梯❤️陽台獨洗獨曬❤️台水電,,8499,9.0,0.0,4,1,台中市,台中市北區山西路二段,,電梯大廈,1房1衛 - 1陽台,,有對外窗;陽台,https://www.rakuya.com.tw/rent/rent_item?ehid=080d09293911376,0bc2919bc858f92b5064700dcdccbd4a.jpeg,1.2588111496116217
58,雙租補電梯大空間❤️陽台獨洗獨曬❤️台水電❤️可貓,,9499,10.0,0.0,12,1,台中市,台中市西屯區至善路,,電梯大廈,1房1衛 - 1陽台,,有對外窗;陽台,https://www.rakuya.com.tw/rent/rent_item?ehid=0e4bd5293905627,3d97d074294d55cf861520e17c3e1878.jpeg,1.1902465582315254
59,小資首選❤️租補電梯❤️陽台獨洗獨曬❤️飲水機,,8099,8.0,0.0,12,1,台中市,台中市南區五權南路,,電梯大廈,1房1衛 - 1陽台,,有對外窗;陽台,https://www.rakuya.com.tw/rent/rent_item?ehid=023fe1293911184,d26cba65addc63a4a2b412746011511e.jpeg,0.0
60,台水電❤️高級一房一廳❤️陽台獨洗獨曬❤️乾溼分離,,22999,20.0,0.0,4,1,台中市,台中市西屯區文華路,,電梯大廈,1房1廳1衛 - 1陽台1廚房,,有對外窗;陽台,https://www.rakuya.com.tw/rent/rent_item?ehid=0820ce293911213,6774210c66715dc532f18929997fd0c3.jpeg,1.7245875176711438
61,雙租補小資套房❤️可寵❤️飲水機❤️子母車,,7499,8.0,0.0,4,1,台中市,台中市北屯區軍和街,,透天厝,1房1衛,,有對外窗;陽台,https://www.rakuya.com.tw/rent/rent_item?ehid=06c514293911390,aeb462f12d197e38d8d40219f80ba420.jpeg,0.6214761190981656
62,電梯大空間三房❤️台水台電❤️陽台獨洗獨曬❤️,,21999,22.0,0.0,7,3,台中市,台中市南區復興路二段,,電梯大廈,3房1廳2衛 - 1陽台1廚房,,有對外窗;陽台,https://www.rakuya.com.tw/rent/rent_item?ehid=0da876293911496,938f63cab7760f709d3a34194c9a206c.jpeg,0.5046116369643826
63,租補小資套房❤️可貓咪❤️陽台獨洗獨曬❤️飲水機,,7999,9.0,0.0,4,1,台中市,台中市南區國光路,,公寓,1房1衛 - 1陽台,,有對外窗;陽台,https://www.rakuya.com.tw/rent/rent_item?ehid=0a92b6293911535,62752ffd6fc77c297e4c9b8e385cfbce.jpeg,0.7197627744521619
64,小資首選❤️租補電梯套房❤️台水台電❤️子母車❤️,,7499,8.0,0.0,9,1,台中市,台中市西屯區河南路二段,,電梯大廈,1房1衛,,有對外窗;陽台,https://www.rakuya.com.tw/rent/rent_item?ehid=025c96293911042,e4022d54e909b44443035b675c8282c7.jpeg,1.3139486822654924
65,雙租補電梯❤️陽台獨洗獨曬❤️代收包裹❤️子母車,,9499,9.0,0.0,3,1,台中市,台中市西屯區逢甲路,,電梯大廈,1房1衛 - 1陽台,,有對外窗;陽台,https://www.rakuya.com.tw/rent/rent_item?ehid=0006ec29391132e,f346df1a1dbb1113ee85fd93119f4c3c.jpeg,1.5993312996741251
66,電梯大空間兩房一廳❤️雙陽台獨洗獨曬❤️平面車位,,28999,30.0,0.0,4,2,台中市,台中市北屯區四平路,,電梯大廈,2房1廳1衛 - 2陽台1廚房,,有對外窗;陽台,https://www.rakuya.com.tw/rent/rent_item?ehid=0f973529391136a,d6c3b3363dba5f347b62f452516b23fd.jpeg,0.0
67,租補大空間一房一廳❤️可寵❤️包水台電❤️子母車,,11999,13.0,0.0,3,1,台中市,台中市龍井區新興路,,透天厝,1房1衛,,有對外窗,https://www.rakuya.com.tw/rent/rent_item?ehid=0a7e2f293911461,f12f713c03dac3966601ef5ac5860879.jpeg,0.340636485175331
68,全新超大套房流理台陽台獨洗有電梯,,9999,12.0,0.0,2,0,台中市,台中市中區三民路二段,,電梯大廈,開放式格局,,有對外窗;陽台,https://www.rakuya.com.tw/rent/rent_item?ehid=0077fe29392875e,bce3143676f1de5aedbe85df97364234.jpeg,0.0
69,可嬰兒可貓狗獨洗曬全新完工,,8999,11.0,0.0,3,0,台中市,台中市北區衛道路,,透天厝,開放式格局,,有對外窗;陽台,https://www.rakuya.com.tw/rent/rent_item?ehid=0cfd9b29392872e,8d0189afb54807b6ac8f4fd1a9196024.jpeg,0.0
70,可租補流理台獨洗曬️近文心公園,,11999,14.0,0.0,4,0,台中市,台中市南屯區惠心街,,電梯大廈,開放式格局,,有對外窗;陽台,https://www.rakuya.com.tw/rent/rent_item?ehid=07aa6829392864d,4a2a958a2d208424c1f00ff01366ea03.jpeg,1.1007424706665698
71,洗脫烘戶數少類一房一廳變頻冷氣,,12499,15.0,0.0,4,0,台中市,台中市北區崇德路一段,,電梯大廈,開放式格局,,有對外窗,https://www.rakuya.com.tw/rent/rent_item?ehid=06a755293928562,521a372c338b4106bf9833cf3e56648d.jpeg,1.3241774117704932
72,超大空間變頻冷氣獨洗曬第四台,,8999,11.0,0.0,2,0,台中市,台中市東區十甲東路,,透天厝,開放式格局,,有對外窗;陽台,https://www.rakuya.com.tw/rent/rent_item?ehid=095e0929392853f,2ae7cd217a230aef9330690e1194fa20.jpeg,0.0
73,✨電梯新屋✨租屋補助✨陽台獨洗✨加賴約看✨速洽✨,,7999,13.0,0.0,2,1,台中市,台中市北區梅亭街,,電梯大廈,1房1衛 - 1陽台,,有對外窗;陽台,https://www.rakuya.com.tw/rent/rent_item?ehid=0907a229392066c,b68a9dd2634b9355a8ed9973ec12ef46.jpeg,1.4140020462641762
74,可租補⛽陽台獨洗代收包裹近逢甲大學,,7349,10.0,0.0,4,0,台中市,台中市西屯區西屯路二段上石北二巷,,電梯大廈,開放式格局,,有對外窗;陽台,https://www.rakuya.com.tw/rent/rent_item?ehid=07a168293928492,6b77fdce8fc75e540d6ad5fb8b2370be.jpeg,0.0
75,✨電梯美屋✨租屋補助✨陽台獨洗✨小資首選✨加賴約看,,7499,13.0,0.0,2,1,台中市,台中市北區進化北路,,透天厝,1房1衛 - 1陽台,,有對外窗;陽台,https://www.rakuya.com.tw/rent/rent_item?ehid=0f40e9293920419,62568c91ef77dcf53de6b7e3c92f59f1.jpeg,0.0
76,北區中國醫@全新完工@兩房一廳@可租補@獨洗陽台,,20000,20.0,0.0,4,2,台中市,台中市北區中清路一段,,透天厝,2房1廳1衛 - 1陽台,,有對外窗;陽台,https://www.rakuya.com.tw/rent/rent_item?ehid=00a6ab293922498,ec35f3385091873fcabac33060eb2e86.jpeg,0.8287136900314199
77,北區近科博館@類一房一廳@獨洗陽台@可租補,,10800,12.0,0.0,4,1,台中市,台中市北區健行路,,透天厝,1房1衛 - 1陽台,,有對外窗;陽台,https://www.rakuya.com.tw/rent/rent_item?ehid=0137b7293922702,e9df60ffef7304417213547458c26298.jpeg,0.8246345330385274
78,近逢甲全新整理@台水台電@家具自選@陽台獨洗,,9000,10.0,0.0,3,1,台中市,台中市西屯區華夏巷西五弄,,公寓,1房1衛 - 1陽台,,有對外窗;陽台,https://www.rakuya.com.tw/rent/rent_item?ehid=08e37b293922615,a110bbfe1006c429a24c8e0e2ad9b85f.jpeg,1.8944812640165338
79,全新未住@類一房一廳@可寵物@可租補@室內機車位,,15000,15.0,0.0,3,1,台中市,台中市北屯區天津路四段,,透天厝,1房1廳1衛 - 1陽台,,有對外窗;陽台,https://www.rakuya.com.tw/rent/rent_item?ehid=0492b3293923385,8bcc647f6f9a5fb4d561121feee52927.jpeg,2.0795933787480747
80,近新光遠百秒殺@電梯管理員@陽台獨洗@可租補汽車位,,14000,14.0,0.0,6,1,台中市,台中市西屯區青海路二段/喜來登,,電梯大廈,1房1衛 - 1陽台,,有對外窗;陽台,https://www.rakuya.com.tw/rent/rent_item?ehid=0e3812293923264,d779f8f32a10891032d441ea520a2ed1.jpeg,1.1235080549179324
81,全新未住@德鑫G7@可寵物@高樓層@可租補,,20500,18.0,0.0,9,1,台中市,台中市北區北平四街/德鑫G7首綻/德鑫雙捷奏,,電梯大廈,1房1廳1衛 - 1陽台1廚房,,有對外窗;有中庭;陽台,https://www.rakuya.com.tw/rent/rent_item?ehid=0a7e22293923500,d00bf355ea75807940115deb0033f256.jpeg,0.8548710877533972
82,西屯近文華@獨洗陽台@可租補@電梯套房@機車位,,8200,10.0,0.0,5,1,台中市,台中市西屯區漢成六街,,透天厝,1房1衛 - 1陽台,,有對外窗;陽台,https://www.rakuya.com.tw/rent/rent_item?ehid=089eba293924907,aabbe33684c07380107dfdc4a5067568.jpeg,1.0026287329687433
83,✨電梯新屋✨雙租屋補助✨陽台獨洗✨加賴約看✨超新✨,,12699,15.0,0.0,3,1,台中市,台中市南屯區五權西路二段,,電梯大廈,1房1衛 - 1陽台,,有對外窗;陽台,https://www.rakuya.com.tw/rent/rent_item?ehid=0cb5df29388963d,d1178270da707c2d2e25ae00264139f2.jpeg,0.0
84,樓中樓專屬機車人臉辨識可租補,,14499,16.0,0.0,2,0,台中市,台中市西屯區工業區三十八路,,樓中樓,開放式格局,,有對外窗;陽台,https://www.rakuya.com.tw/rent/rent_item?ehid=0656a4293923251,2f35e7fc3f885be7a2a7a85496b0fc27.jpeg,0.3219037576465502
85,可租補✨精美樓中樓✨近逢甲商圈✨子母車✨大空間,,9000,12.0,5.0,1,1,台中市,台中市西屯區至善路,,透天厝,1房1廳1衛,,有對外窗;樓中樓,https://www.rakuya.com.tw/rent/rent_item?ehid=071369293891340,2ac49e45f9f5d60d4470b5f09afed7ba.jpeg,1.1978919788414852
86,高CP值超大空間陽台,,9499,12.0,0.0,4,0,台中市,台中市西屯區福中八街,,透天厝,開放式格局,,有對外窗;陽台,https://www.rakuya.com.tw/rent/rent_item?ehid=0475dd29392267a,ef0eec8afdb647bbe4f6f7257eafddfb.jpeg,0.6191282517187514
87,可貓可狗整棟新蓋可租補樓下機能很好,,6999,9.0,0.0,4,0,台中市,台中市龍井區遊園北路,,電梯大廈,開放式格局,,有對外窗,https://www.rakuya.com.tw/rent/rent_item?ehid=08fd43293922571,16df78ed737eb27dbfe9ffffa1a58044.jpeg,0.199220976603735
88,超大間套房流理台️可租補⛽大陽台,,12999,15.0,0.0,5,0,台中市,台中市西屯區西屯路二段,,電梯大廈,開放式格局,,有對外窗;陽台,https://www.rakuya.com.tw/rent/rent_item?ehid=0ae542293922441,be00ca71d0ad0fd8d5513e6e3ac89272.jpeg,0.9623891040436987
89,可租補大坪數獨洗曬大面採光,,12999,15.0,0.0,2,0,台中市,台中市北區育德路,,電梯大廈,開放式格局,,有對外窗;陽台,https://www.rakuya.com.tw/rent/rent_item?ehid=05ebe329392241d,7f804843e755b8b3646f94c175669260.jpeg,0.8071339479805368
90,可租補陽台獨洗衛浴開窗⭐全新完工,,14499,16.0,0.0,6,0,台中市,台中市西區三民路一段,,電梯大廈,開放式格局,,有對外窗;陽台,https://www.rakuya.com.tw/rent/rent_item?ehid=05ced329390563f,a85486c8dc3670f97b784b331296b706.jpeg,0.0
91,可租補⛽可貓狗代收包裹飲水機,,12499,14.0,0.0,10,0,台中市,台中市南區公理街,,電梯大廈,開放式格局,,有對外窗,https://www.rakuya.com.tw/rent/rent_item?ehid=0616bc293909143,ca6582ab11a5f06c953a79394ba34a07.jpeg,0.06490116063542285
92,✨全新完工✨可雙租補✨乾溼衛浴✨流理台✨,,12999,15.0,0.0,8,1,台中市,台中市北區山西路二段,,電梯大廈,1房1廳1衛 - 1陽台,,有對外窗;陽台,https://www.rakuya.com.tw/rent/rent_item?ehid=02c72d293894261,fddc0bc9463eaf8acc2fb3b067813d65.jpeg,1.1976826324872483
93,✨全新完工✨可雙租補✨流理台✨乾溼衛浴,,13999,15.0,0.0,8,1,台中市,台中市北區山西路一段,,電梯大廈,1房1廳1衛 - 1陽台,,有對外窗;陽台,https://www.rakuya.com.tw/rent/rent_item?ehid=0ee999293894332,7ac392288cc0aa1e5de9421820e694f5.jpeg,1.8903774390664294
94,✨逢甲秒殺✨台水電✨可租補✨共洗曬✨,,7999,10.0,0.0,8,1,台中市,台中市西屯區河南路二段,,電梯大廈,1房1衛,,有對外窗,https://www.rakuya.com.tw/rent/rent_item?ehid=0ac442293894395,58f26ad9a6718c0549797ff6dd17f01b.jpeg,1.3037405148587387
95,可租補⛽陽台獨洗衛浴開窗可租車位,,8799,10.0,0.0,6,0,台中市,台中市龍井區遊園北路,,電梯大廈,開放式格局,,有對外窗;陽台,https://www.rakuya.com.tw/rent/rent_item?ehid=05304f293904802,87bde890a5cb790fe5e616b6e5d8ba6f.jpeg,0.19379402229764128
96,可貓可狗可租補⛽第四台,,8999,11.0,0.0,5,0,台中市,台中市西屯區文心路三段,,電梯大廈,開放式格局,,有對外窗,https://www.rakuya.com.tw/rent/rent_item?ehid=0568be293904713,bdee0ac7c9369061f9b947b92b0449a0.jpeg,1.0952300033557754
97,獨立筒床墊捷運站旁獨洗曬乾濕分離,,13999,16.0,0.0,3,0,台中市,台中市南屯區向心路,,透天厝,開放式格局,,有對外窗;陽台,https://www.rakuya.com.tw/rent/rent_item?ehid=05723a29390516e,672f7e4038c9faadfd921e2f95f561a6.jpeg,1.123517193173017
98,可租補報稅⛽整棟新蓋衛浴開窗台電包水,,15999,18.0,0.0,2,0,台中市,台中市西屯區順平路,,電梯大廈,開放式格局,,有對外窗;陽台,https://www.rakuya.com.tw/rent/rent_item?ehid=001f54293905396,0ba7f17c2747fd78ed9c9d3ed892fdbc.jpeg,0.6640022062681892
99,可租補大坪數獨洗曬️流理台,,14999,16.0,0.0,1,0,台中市,台中市北區中清路一段,,透天厝,開放式格局,,有對外窗;陽台,https://www.rakuya.com.tw/rent/rent_item?ehid=05d1c6293905472,9665f737fa4055256d10539a1b55d10e.jpeg,0.8557515387438787
100,樓中樓可貓包水費第四台陽台獨洗,,13999,16.0,0.0,2,0,台中市,台中市北區自強街,,電梯大廈,開放式格局,,有對外窗;樓中樓;陽台,https://www.rakuya.com.tw/rent/rent_item?ehid=0cfb6b293906187,29de367cf6bf34258eafd6f75370b48a.jpeg,0.6157830403433386
101,可租補大坪數獨洗️近五權車站,,13499,15.5,0.0,6,0,台中市,台中市南區和昌街,,電梯大廈,開放式格局,,有對外窗;陽台,https://www.rakuya.com.tw/rent/rent_item?ehid=0eae5e29390787e,0c14844f1f82dc5da3929981cdc62922.jpeg,0.5847374538237462
102,B7C42）捷運六張犁4分【電梯辦公】採光優★方正,,38000,33.0,20.0,2,0,台北市,台北市大安區和平東路三段,,電梯大廈,開放式格局,,,https://www.rakuya.com.tw/rent/rent_item?ehid=0b90c429391980f,f3605dac1b7ab896b4437bbd8009d9bf.jpeg,1.42655976425313
103,【麗陽花園】一樓三房捷運區便利性高,,26000,42.35,24.5,1,3,新北市,新北市淡水區鄧公路/麗陽花園,,電梯大廈,3房1廳3衛 - 1陽台1廚房,,有對外窗,https://www.rakuya.com.tw/rent/rent_item?ehid=085a48293919712,0370da2d1d7ea34b9e38037290c14e8b.jpeg,0.568783338361603
104,P0B43）泉源公園【大空間】可補助★獨洗★有警衛,,17000,12.0,20.0,6,1,台北市,台北市北投區泉源路,,電梯大廈,1房1衛,,,https://www.rakuya.com.tw/rent/rent_item?ehid=097ef429391776c,e4b796d5c6e15c680e15c3d5f0b6065b.jpeg,0.23199460840952257
105,光華商圈近竹科台大醫院巨城百貨(含大樓管理費),,13500,16.0,0.0,8,1,新竹市,新竹市北區光華南街/格瑞絲,,電梯大廈,1房1廳1衛,,,https://www.rakuya.com.tw/rent/rent_item?ehid=003548293917677,d2113be2879510a12dcf9a2c9642654f.jpeg,0.848774275352762
106,【丰悅夏宮】精巧雅致一房一廳。氛圍非常棒,,20000,10.0,10.8,17,1,新北市,新北市淡水區新春街/丰悅夏宮,,電梯大廈,1房1廳1衛,,有對外窗;陽台,https://www.rakuya.com.tw/rent/rent_item?ehid=00d7c3293917644,5aea387c637ea102579849b7cae6eb90.jpeg,0.5016382203516134
107,D3C68）近民生社區【秒殺3房2衛】可補助★入籍,,36000,33.0,20.0,2,3,台北市,台北市松山區新東街,,公寓,3房2廳2衛 - 2陽台,,,https://www.rakuya.com.tw/rent/rent_item?ehid=012fd729391735d,c4887c4fccd1846933651443ef96d9b9.jpeg,0.6694285673122492
108,【元寶地】電梯三房兩位前後陽台大空間,,22500,32.79,30.8,5,3,新北市,新北市淡水區新春街/新春街85巷華廈,,華廈,3房2廳2衛 - 2陽台1廚房,,有對外窗;為邊間;陽台,https://www.rakuya.com.tw/rent/rent_item?ehid=07163429391722e,098f9b30a34a2f621d0765028a9dfc0a.jpeg,0.4952119273287128
109,全新整修，高科大楠梓校區都會公園，四面採光,,16000,30.0,0.0,5,3,高雄市,高雄市楠梓區加仁路,,公寓,3房2廳2衛 - 1陽台1廚房,,,https://www.rakuya.com.tw/rent/rent_item?ehid=05a9d4293917124,753c327083d35b1b6508797bf3ea1f35.jpeg,0.3823872363881404
110,B9B23）捷運六張犁4分【黃金店面】餐飲★有人潮,,130000,33.0,20.0,1,0,台北市,台北市大安區和平東路三段,,電梯大廈,,,,https://www.rakuya.com.tw/rent/rent_item?ehid=045fe9293915587,0f782f48a2956ffa87fd99c01f691ed7.jpeg,1.2634979152340453
111,【耘萃】可租補.含車含管.全配家具大三房平車,,28000,41.33,4.3,14,3,新北市,新北市淡水區濱海路二段/頤昌耘萃,,電梯大廈,3房2廳1衛 - 1陽台1廚房,,有對外窗;為邊間;有中庭;陽台,https://www.rakuya.com.tw/rent/rent_item?ehid=0f5c7e293914771,96c9d8e0c57450816ca7139e516fe9c8.jpeg,0.18159960866159053
112,【清淞】精緻裝潢景觀兩房,,27000,35.47,16.3,9,2,新北市,新北市淡水區淡金路/清淞,,電梯大廈,2房2廳1衛 - 1陽台1廚房,,有對外窗;為邊間;有中庭;陽台,https://www.rakuya.com.tw/rent/rent_item?ehid=0bac9129391461f,4a2e56f966ae66069412b5bb651c078e.jpeg,0.1751925613869639
113,超級俗✅租屋補助✅可寵物✅流理台✅獨洗✅汽車位可租,,6799,11.0,0.0,5,1,台中市,台中市南區學府路,,電梯大廈,1房1衛,,,https://www.rakuya.com.tw/rent/rent_item?ehid=0baf1e293882532,755b0bf76a577f330d125f832b8cf8fa.jpeg,0.0
114,全新完工✨雙租屋補助✨子母車✨陽台獨洗曬✨,,22999,33.0,0.0,2,2,台中市,台中市北區中清路一段,,透天厝,2房1廳1衛 - 1陽台,,,https://www.rakuya.com.tw/rent/rent_item?ehid=05d5f2293911178,43a15775a3e02cd0ab60ae0e29822d9e.jpeg,0.8161479228433219
115,逢甲科大首選❗❗台水台電❗❗租補可談✨超大空間✨,,9999,15.0,0.0,2,1,台中市,台中市西屯區文華路,,電梯大廈,1房1衛,,,https://www.rakuya.com.tw/rent/rent_item?ehid=026d5329391134e,c49a27413f1c7191821753f87e0997b5.jpeg,1.8948876079137418
116,雙租屋補助✅可寵✅小家庭✅子母車✅汽車位可租✅,,13000,21.0,0.0,4,1,台中市,台中市北區榮華街,,電梯大廈,1房1衛 - 1陽台,,,https://www.rakuya.com.tw/rent/rent_item?ehid=0d04f429391124b,c275050e0cad47bf950087d1e629fda3.jpeg,2.3172350834946323
117,租屋補助✅樓中樓✅乾溼分離✅陽台獨洗曬✅公設健身房,,15999,22.0,0.0,4,1,台中市,台中市東區長福東街,,電梯大廈,1房1廳1衛 - 1陽台,,,https://www.rakuya.com.tw/rent/rent_item?ehid=0f06aa293911287,7d27b10ec83e30c9d0fac06b8641fd6d.jpeg,0.28255413032688903
118,雙租屋補助嶺東科大首選全新電梯獨洗曬,,12499,18.0,0.0,6,1,台中市,台中市南屯區文山一街,,電梯大廈,1房1衛 - 1陽台,,,https://www.rakuya.com.tw/rent/rent_item?ehid=0b6e8c29391133b,7c3a7b2cc7c29b17d777659e0a180aab.jpeg,0.2218263550076393
119,營登我談✨臨路18米✨角間店面✨車水馬龍✨八方來財,,26999,40.0,0.0,1,0,台中市,台中市西區忠明南路,,透天厝,,,,https://www.rakuya.com.tw/rent/rent_item?ehid=0b44b629388245e,ab35484313af79b88b62621d91e3a2e1.jpeg,0.6563077312259018
120,美術館旁✨流理台✨精裝文青小豪宅✨格局方正採光戶✨,,6199,10.0,0.0,5,1,台中市,台中市西區樂群街,,透天厝,1房1衛 - 1室,,,https://www.rakuya.com.tw/rent/rent_item?ehid=028a7b29388251f,8544841c5bcc7bb79fcdb62a726d159d.jpeg,1.0700553435147904
121,向上市場旁✅一房一廳✅陽台獨洗曬✅子母車✅,,10499,16.0,0.0,3,1,台中市,台中市西區向上北路,,透天厝,1房1廳1衛 - 1陽台,,,https://www.rakuya.com.tw/rent/rent_item?ehid=0f4a7b293884506,e66485621b460deb75ed3cc06ee30020.jpeg,1.6201342624954913
122,大慶夜市旁❄️小家庭&學生合租首選❄️台水電計,,21999,38.0,0.0,7,3,台中市,台中市南區復興路二段,,電梯大廈,3房2廳2衛 - 1陽台,,,https://www.rakuya.com.tw/rent/rent_item?ehid=0518c2293884606,0d10a9331595887e71785104f56569fe.jpeg,0.5046116369643826
123,嶺東科大學生首選✨陽台獨洗曬✨衛浴開窗✨子母車✨,,8999,16.0,0.0,6,1,台中市,台中市南屯區文山二街,,電梯大廈,1房1衛 - 1陽台,,,https://www.rakuya.com.tw/rent/rent_item?ehid=03db4d29391101f,318cba78fb4eb92fb3598818d959d0dc.jpeg,0.22649517532633223
124,租屋補助✨可貓✨聯網電視✨變頻空調✨陽台獨洗,,11999,20.0,0.0,5,1,台中市,台中市北屯區軍榮一街,,電梯大廈,1房1衛 - 1陽台,,,https://www.rakuya.com.tw/rent/rent_item?ehid=0cd7de293911226,88a70a67e51eeb67a18767c252bc8526.jpeg,0.5508578588835353
125,可租補✨科博館旁✨全新整理✨管理員✨獨洗曬電梯大套,,6999,12.0,0.0,7,1,台中市,台中市北區篤行路,,電梯大廈,1房1衛 - 1陽台,,,https://www.rakuya.com.tw/rent/rent_item?ehid=067355293911480,574e2519ecd2dc5f5f5bd68c415b04f1.jpeg,1.151746270990343
126,可小議✅中國醫走路就到✅專屬機車位✅下樓即公園✅,,5499,10.0,0.0,7,1,台中市,台中市北區學士路,,電梯大廈,1房1衛,,,https://www.rakuya.com.tw/rent/rent_item?ehid=0b301b293882523,cf5567dc80a011e83a8a9b6ae642a6a9.jpeg,0.14431934192088994
127,全新未住✨租屋補助✨報稅✨流理台✨陽台獨洗曬✨,,9999,16.0,0.0,5,1,台中市,台中市北區原子街,,電梯大廈,1房1衛 - 1陽台,,,https://www.rakuya.com.tw/rent/rent_item?ehid=0a74f5293882574,c23ed1678fd11bb3a5fc9ac87b0f60f3.jpeg,0.8271492601176459
128,全新完工✨台積電工程師首選✨子母車✨陽台獨洗曬✨,,9499,15.0,0.0,4,1,台中市,台中市大雅區中科路,,電梯大廈,1房1衛 - 1陽台,,,https://www.rakuya.com.tw/rent/rent_item?ehid=08066529388474e,982e41cfd8c4b1d5c4ef29307878d4a9.jpeg,0.0890184400694166
129,東海商圈✨租屋補助✨陽台獨洗曬✨乾溼分離✨子母車,,13999,21.0,0.0,7,1,台中市,台中市西屯區福中三街,,電梯大廈,1房1廳1衛 - 1陽台,,,https://www.rakuya.com.tw/rent/rent_item?ehid=0587ca29391112a,fc721b207dddeeea16dc3a7b8a092b54.jpeg,0.71618244909497
130,租屋補助✨系統櫃✨乾溼分離✨陽台獨洗曬✨大落地窗,,11499,16.0,0.0,3,1,台中市,台中市烏日區信義街,,電梯大廈,1房1衛 - 1陽台,,,https://www.rakuya.com.tw/rent/rent_item?ehid=067642293911135,ffe11868c83510957a45c1ace1f64f93.jpeg,0.19072123681083236
131,兩房含平車稀有釋出✨前後陽台✨子母車✨管理員代收✨,,22499,40.0,0.0,4,2,台中市,台中市北屯區遼寧路一段,,電梯大廈,2房2廳1衛 - 2陽台,,,https://www.rakuya.com.tw/rent/rent_item?ehid=0f01aa293911305,e8ac5756b0cfe235b19f251d2bcad160.jpeg,1.4303168284012884
132,西屯家樂福旁✨獨洗曬大陽台✨乾溼分離✨子母車✨,,10499,16.0,0.0,7,1,台中市,台中市西屯區福安七街,,電梯大廈,1房1衛 - 1陽台,,,https://www.rakuya.com.tw/rent/rent_item?ehid=0b6aa7293882505,d4a7396a810c736a18d1915a38141086.jpeg,0.6089095214748155
133,超俗✨租屋補助✨可寵✨台水電計✨陽台獨洗曬✨子母車,,5999,12.0,0.0,1,1,台中市,台中市龍井區遠東街,,透天厝,1房 - 1陽台,,,https://www.rakuya.com.tw/rent/rent_item?ehid=0354b2293884929,f54930709342cb8c9a7b02eee18ecd16.jpeg,0.20832605609279722
134,雙租屋補助✨可貓✨台水電計費✨流理臺陽台獨洗曬✨,,9499,15.0,0.0,12,1,台中市,台中市西屯區至善路,,電梯大廈,1房1衛 - 1陽台,,,https://www.rakuya.com.tw/rent/rent_item?ehid=07a16e293911202,b1b715a849a5fac99d73e93ac2b8471e.jpeg,1.1902465582315254
135,【宏盛水悅】兩房面中庭高樓層頂級公設,,23000,27.05,5.9,11,2,新北市,新北市淡水區新市三路一段/宏盛水悅,,電梯大廈,2房2廳2衛 - 1陽台1廚房,,有對外窗;有中庭;陽台,https://www.rakuya.com.tw/rent/rent_item?ehid=064b46293913121,5ebc74755c0c02efaf70a91e60c0d55a.jpeg,0.0986249482650492
136,【合康嘉年華】可租補。含車含管。大四房平車八樓,,36000,51.64,9.4,8,4,新北市,新北市淡水區新市一路一段/合康嘉年華/慕夏,,電梯大廈,4房2廳2衛 - 2陽台1廚房,,有對外窗;有中庭;陽台,https://www.rakuya.com.tw/rent/rent_item?ehid=0d9005293913005,8a73c33e28d8c3611ea4f6ade06f4336.jpeg,0.20617709740673656
137,鄰火車站電梯獨立套房，可開伙,,8500,6.5,30.2,9,1,屏東縣,屏東縣屏東市自由路/彩虹新天地,,電梯大廈,1房1廳1衛,,有對外窗,https://www.rakuya.com.tw/rent/rent_item?ehid=01dfa429389753d,92eaf8e5241f87448b5394f2b70fcef4.jpeg,0.4500034465226592
138,台糖家樂福旁輕屋齡四樓金店住,,30000,70.0,20.4,4,4,屏東縣,屏東縣屏東市廣東南路,,透天厝,4房2廳4衛 - 2陽台,,陽台,https://www.rakuya.com.tw/rent/rent_item?ehid=09d77429389489a,b38b807247452a6204d7feaa8d4c7cd8.jpeg,0.4493596350838725
139,東區平價小資套房 附機車位 可租補 陽台獨洗,,6800,8.0,0.0,1,1,台中市,台中市東區自強街,,透天厝,1房1廳1衛 - 1陽台,,陽台,https://www.rakuya.com.tw/rent/rent_item?ehid=0d6111293910979,9aa3784deec314b6334adf6846247633.jpeg,0.619559313127937
140,整棟新蓋 精緻裝潢 陽台獨洗 可租補 室內機車位,,11999,15.0,0.0,3,1,台中市,台中市北區自強街,,電梯大廈,1房1廳1衛 - 1陽台,,有對外窗;陽台,https://www.rakuya.com.tw/rent/rent_item?ehid=0c7a0329391090b,424e31d2ac0126e799c0ff789d3ecc7e.jpeg,0.6267711327226091
141,台水電 木質地板 獨洗 可雙租補,,9999,13.0,0.0,9,1,台中市,台中市南區復興路三段,,電梯大廈,1房1廳1衛,,有對外窗,https://www.rakuya.com.tw/rent/rent_item?ehid=039f79293909585,805a13b6c1ea9bb5ffb5977b16a238a5.jpeg,0.5557409091415434
142,近沙鹿車站0年新屋 家具全配雙租補 寵可談,,18999,22.0,0.0,3,2,台中市,台中市梧棲區青年路,,電梯大廈,2房2廳1衛 - 1陽台,,有對外窗;陽台,https://www.rakuya.com.tw/rent/rent_item?ehid=00216329390703d,f2914883d60251505d078b2c58661034.jpeg,0.18017432711329567
143,石牌雅房分租,,4800,34.0,0.0,4,0,台北市,台北市北投區承德路七段,,公寓,開放式格局,,,https://www.rakuya.com.tw/rent/rent_item?ehid=05aace293906174,aed63c278908e6ce22b838ba50ef1fde.jpeg,0.38825011551521926
144,近太原車站極新裝潢 乾濕分離陽台獨洗,,11499,14.5,0.0,1,1,台中市,台中市北屯區南京東路三段,,電梯大廈,1房1廳1衛 - 1陽台,,有對外窗;陽台,https://www.rakuya.com.tw/rent/rent_item?ehid=0cccf7293905416,3bee0c5ac63cc5c69fc24dd7415cb71d.jpeg,0.8959007841985767
145,夢幻誠✨含平面車位/機車位✨✨,,30000,30.0,0.0,5,2,台中市,台中市烏日區高鐵路二段/夢幻誠,,電梯大廈,2房2廳2衛 - 1陽台1廚房,,有對外窗;有中庭;陽台,https://www.rakuya.com.tw/rent/rent_item?ehid=0c5721293885657,7948e3f67c788172a904ec6cc59cd1e1.jpeg,0.16092527048991911
146,勇建薪傳✨黃金地段近新光遠百✨現況出租✨乖狗可談,,32000,33.0,0.0,12,3,台中市,台中市西屯區惠來路三段/勇建薪傳,,電梯大廈,3房2廳2衛 - 1陽台1廚房,,有對外窗;陽台,https://www.rakuya.com.tw/rent/rent_item?ehid=0fc256293885884,cae1b1e06e634617f343576b2915a138.jpeg,1.4035397717891738
147,總太心之所向✨可寵✨台水電✨含平車可雙租補,,24000,25.0,0.0,10,2,台中市,台中市北屯區環太東路/總太心之所向,,電梯大廈,2房2廳1衛 - 1陽台,,陽台,https://www.rakuya.com.tw/rent/rent_item?ehid=05946229388597b,8e13add73c3ef208555af08b93870d5c.jpeg,0.3494521237547451
148,豐邑菁科城✨含平車機車✨可貓✨,,29000,30.0,0.0,14,3,台中市,台中市南屯區春安路/豐邑菁科城,,電梯大廈,3房2廳2衛 - 1陽台1廚房,,陽台,https://www.rakuya.com.tw/rent/rent_item?ehid=099e7d29388735f,13787dbbf089d1219471f4bcbffc75e1.jpeg,0.13414692939804224
149,全東區最秒殺物件！稀有可寵✨子母車✨,,21000,22.0,0.0,2,2,台中市,台中市東區振興路,,透天厝,2房1廳1衛 - 1陽台,,陽台,https://www.rakuya.com.tw/rent/rent_item?ehid=0949fe293887431,ad9f265a86a9cda936ec29f64ddc4dde.jpeg,1.5526172107413558
150,梧棲 寵物可談 可租補 電梯2房住家,,20000,15.0,0.0,3,2,台中市,台中市梧棲區青年路,,電梯大廈,2房1廳1衛 - 1陽台,,有對外窗;陽台,https://www.rakuya.com.tw/rent/rent_item?ehid=01735429390470c,bc3d14f2a65257318873774ad1076886.jpeg,0.17915650726843335
151,幸福就是你❤️可租補❤️有電梯❤️陽台獨洗,,13999,17.0,0.0,6,0,台中市,台中市西屯區青海路二段,,公寓,開放式格局,,有對外窗;陽台,https://www.rakuya.com.tw/rent/rent_item?ehid=02225e293903096,b6e013986aff8cc2f0c6850118f20a31.jpeg,1.123517193173017
152,一樓40坪開放空間水碓商圈黃金店面整棟出租,,97000,40.0,49.0,3,0,新北市,新北市淡水區中山北路一段,,透天厝,,,有對外窗,https://www.rakuya.com.tw/rent/rent_item?ehid=0b035929390153d,cc1e00728986f23cec49a0226666caf3.jpeg,0.5046500751598355
153,幸福就是你❤️可租補❤️有電梯❤️陽台獨洗,,13499,16.5,0.0,6,0,台中市,台中市南區和昌街,,透天厝,開放式格局,,有對外窗;陽台,https://www.rakuya.com.tw/rent/rent_item?ehid=0aa2aa293894920,38f6e23bc74c69941a2185a17af60e34.jpeg,0.5847374538237462
154,幸福就是你❤️可租補❤️有電梯❤️共洗共曬,,7499,10.5,0.0,9,0,台中市,台中市西屯區河南路二段,,華廈,開放式格局,,有對外窗,https://www.rakuya.com.tw/rent/rent_item?ehid=0fe8bd293897394,c5d81a436bc06dab33bbf428d27b16be.jpeg,1.3139486822654924
155,幸福就是你❤️可租補❤️衛浴開窗❤️陽台獨洗,,8999,12.0,0.0,3,0,台中市,台中市西屯區福上巷,,公寓,開放式格局,,有對外窗;陽台,https://www.rakuya.com.tw/rent/rent_item?ehid=0eea2c293897848,cdb3e66e36288ce2ba335118cf91d632.jpeg,1.6851241044279117
156,幸福就是你❤️可租補❤️有電梯❤️陽台獨洗,,11499,14.5,0.0,2,0,台中市,台中市南區和昌街,,透天厝,開放式格局,,有對外窗;陽台,https://www.rakuya.com.tw/rent/rent_item?ehid=0bff2529389494e,75ca3d622a90d6786843ce014e226864.jpeg,0.5956370934245996
157,幸福就是你❤️可租補❤️有電梯❤️陽台獨洗,,13499,16.5,0.0,1,0,台中市,台中市南區和昌街,,透天厝,開放式格局,,有對外窗;陽台,https://www.rakuya.com.tw/rent/rent_item?ehid=097bf9293894968,e6625cc427ef392bafd677d651336643.jpeg,0.5847374538237462
158,幸福就是你❤️可租補❤️有電梯❤️陽台獨洗,,14499,17.5,0.0,6,0,台中市,台中市西區三民路一段,,華廈,開放式格局,,有對外窗;陽台,https://www.rakuya.com.tw/rent/rent_item?ehid=037bcd293897620,5f8fd6fc42d4add760cba342c5f1d0a2.jpeg,0.0
159,幸福就是你❤️全新完工❤️一房一廳❤️陽台獨洗,,11999,15.0,0.0,4,0,台中市,台中市北區育強街,,公寓,開放式格局,,有對外窗;陽台,https://www.rakuya.com.tw/rent/rent_item?ehid=0125c2293897521,4353edd8add174d15be240e2c496c864.jpeg,1.0131502316214847
160,幸福就是你❤️超大坪數❤️乾溼分離❤️陽台獨洗,,13999,17.0,0.0,3,0,台中市,台中市南屯區向心路,,透天厝,開放式格局,,有對外窗;陽台,https://www.rakuya.com.tw/rent/rent_item?ehid=0162ec293897770,d0f77827cb19694d2350a1fcf0f94774.jpeg,1.123517193173017
161,幸福就是你❤️可租補❤️有電梯❤️共喜共曬,,6499,9.0,0.0,6,0,台中市,台中市西屯區河南路二段,,華廈,開放式格局,,有對外窗,https://www.rakuya.com.tw/rent/rent_item?ehid=04bf69293895084,6a655d0af2e1a941589b967e7acb88e1.jpeg,1.337121845634817
162,幸福就是你❤️可租補❤️有電梯❤️共喜共曬,,7999,11.0,0.0,8,0,台中市,台中市西屯區河南路二段,,華廈,開放式格局,,有對外窗,https://www.rakuya.com.tw/rent/rent_item?ehid=0316a3293896069,004b40688122c430167d0663255a8bf3.jpeg,1.3037405148587387
163,幸福就是你❤️近東海❤️有電梯❤️陽台獨洗,,12999,16.0,0.0,6,0,台中市,台中市西屯區福雅路,,透天厝,開放式格局,,有對外窗;陽台,https://www.rakuya.com.tw/rent/rent_item?ehid=09bf1b293890998,6a31cdd09aec9b0e1471e0221bf310f3.jpeg,0.6509144741778523
164,幸福就是你❤️可租補可寵❤️有電梯❤️獨洗脫烘,,12499,15.5,0.0,10,0,台中市,台中市南區公理街,,華廈,開放式格局,,有對外窗,https://www.rakuya.com.tw/rent/rent_item?ehid=0107f0293892353,1f8d4695053d761541b82fc3bf49ba22.jpeg,0.06490116063542285
165,幸福就是你❤️可雙租補❤️全新兩房❤️陽台獨洗,,21499,25.0,0.0,4,2,台中市,台中市北區中清路一段,,透天厝,2房1廳1衛 - 1陽台,,有對外窗;陽台,https://www.rakuya.com.tw/rent/rent_item?ehid=078726293891487,b5bd686e83b99addeaad03393b557e3a.jpeg,0.8221693529319594
166,整層大三房❤️可租補❤️有電梯❤️獨洗脫烘,,20999,25.0,0.0,5,3,台中市,台中市西屯區中清西二街,,公寓,3房2廳2衛 - 1廚房,,有對外窗,https://www.rakuya.com.tw/rent/rent_item?ehid=06e5aa29388524e,8852bd926739b94b6ac83b40fa75ee81.jpeg,0.7566649547988248
167,漂亮整層兩房❤️可貓咪❤️有電梯❤️獨洗脫烘,,16799,19.5,0.0,10,2,台中市,台中市中區自由路二段,,公寓,2房1廳1衛,,有對外窗,https://www.rakuya.com.tw/rent/rent_item?ehid=0d8af429388533b,7ecc8646fcdc13e5a4af97da3f4017dc.jpeg,1.3975671321785217
168,幸福就是你❤️可雙租補❤️全新兩房❤️陽台獨洗,,21999,25.0,0.0,2,2,台中市,台中市北區中清路一段,,透天厝,2房1廳1衛 - 1陽台,,有對外窗;陽台,https://www.rakuya.com.tw/rent/rent_item?ehid=026ce5293891461,1ae6f1857bdfdb25f6cadfa8d5ac464d.jpeg,0.8201075613367083
169,夢幻兩房❤️可租補❤️有電梯❤️可寵物陽台獨洗,,27999,30.0,0.0,5,2,台中市,台中市烏日區高鐵路二段,,電梯大廈,2房2廳2衛 - 1陽台,,有對外窗;陽台,https://www.rakuya.com.tw/rent/rent_item?ehid=0aa26529388528b,d20b7fc6308fa54da7c657ede8929ef8.jpeg,0.16211148807912504
170,幸福就是你❤️可雙租補❤️全新完工❤️陽台獨洗,,14999,18.0,0.0,1,0,台中市,台中市北區中清路一段,,透天厝,開放式格局,,有對外窗;陽台,https://www.rakuya.com.tw/rent/rent_item?ehid=0440ba29389109b,a8256d875642e0c2cb8f4ff36de8271a.jpeg,0.8557515387438787
171,幸福就是你❤️可雙租補❤️全新完工❤️陽台獨洗,,13999,17.0,0.0,1,1,台中市,台中市北區中清路一段,,透天厝,1房1廳1衛 - 1陽台,,有對外窗;陽台,https://www.rakuya.com.tw/rent/rent_item?ehid=0612bb29389114c,59a9caa11ae28c284d032d72ecb532d6.jpeg,0.8624787304187757
172,幸福就是你❤️可租補報稅❤️有電梯❤️陽台獨洗,,15999,18.5,0.0,2,0,台中市,台中市西屯區順平路,,透天厝,開放式格局,,有對外窗;陽台,https://www.rakuya.com.tw/rent/rent_item?ehid=0f98eb293890887,374df293a80414038e5ff7a43e670a8f.jpeg,0.6640022062681892
173,【海洋都心3】可租補超寬廣客餐廳四房平車高級家電,,33000,69.48,5.0,24,4,新北市,新北市淡水區新市五路三段/達欣海都/海洋都心3中央花園,,電梯大廈,4房2廳2衛 - 1陽台1廚房,,有對外窗;為邊間;有中庭;陽台,https://www.rakuya.com.tw/rent/rent_item?ehid=0790a3293897823,942d85f3a88bb030a8a77f89da3591dc.jpeg,0.11752634415016729
174,⛅可貓⛅可租補⛅共洗窗曬⛅電梯上樓⛅衛浴開窗⛅,,5999,11.0,0.0,7,1,台中市,台中市北區進化北路,,電梯大廈,1房1衛,,有對外窗,https://www.rakuya.com.tw/rent/rent_item?ehid=0cfaab293889315,346fbc62e7c9a964c9c436dbf9833ce0.jpeg,0.0
175,小資首選⛅可租補⛅樓梯四樓⛅共洗共曬⛅可短租,,4199,10.0,0.0,4,1,台中市,台中市大里區東榮路,,透天厝,1房1衛,,,https://www.rakuya.com.tw/rent/rent_item?ehid=0c2721293884972,d3e73287e7a7179253ff60e6822b12eb.jpeg,1.4426582779275718
176,⛅小資最愛⛅樓梯四樓⛅獨洗窗曬⛅限女生⛅強採光,,4599,10.0,0.0,4,1,台中市,台中市北區梅豐街,,透天厝,1房1衛,,有對外窗,https://www.rakuya.com.tw/rent/rent_item?ehid=0349cf293888691,88191569067f572ca469282c29e94774.jpeg,0.8244849404889197
177,⛅太想愛你的衝動⛅可雙租補⛅陽台獨洗⛅衛浴開窗,,10299,15.0,0.0,2,1,台中市,台中市霧峰區民生路,,電梯大廈,1房1衛 - 1陽台,,有對外窗;陽台,https://www.rakuya.com.tw/rent/rent_item?ehid=03c0ed293888526,545bad945ef630c81ae80b4636055450.jpeg,0.25461536058600426
178,可租汽車位⛅超大坪數⛅樓梯三樓⛅洗衣自理⛅益民商圈,,6999,12.0,0.0,3,1,台中市,台中市北區一中街,,透天厝,1房1衛,,有對外窗,https://www.rakuya.com.tw/rent/rent_item?ehid=04d57e29388877b,2313d374da999e183c9eecf592d2ac5d.jpeg,0.0
179,⛅忘記了擁抱⛅樓梯四樓⛅陽台獨洗⛅衛浴開窗⛅大坪數,,6499,11.0,0.0,4,1,台中市,台中市北區榮華街,,透天厝,1房1衛 - 1陽台,,有對外窗;陽台,https://www.rakuya.com.tw/rent/rent_item?ehid=07b6b3293888833,70e0eb8a0bc8ba95a56a35aa0ac45254.jpeg,2.5161345301961355
180,整棟全新⛅可租補⛅衛浴開窗⛅陽台獨洗⛅近台體中科大,,9999,13.5,0.0,5,1,台中市,台中市北區雙十路二段,,電梯大廈,1房1衛 - 1陽台,,有對外窗;陽台,https://www.rakuya.com.tw/rent/rent_item?ehid=0f6515293889203,8138ed86f52569fa822506d14c4ac166.jpeg,0.9017119939022895
181,整棟全新⛅可租補⛅大坪數強採光⛅衛浴開窗⛅陽台獨洗,,11499,15.5,0.0,5,1,台中市,台中市北區雙十路二段,,電梯大廈,1房1衛 - 1陽台,,有對外窗;陽台,https://www.rakuya.com.tw/rent/rent_item?ehid=089f7f293889232,4e480746d1c5bba23cb22d3930af99ff.jpeg,0.8870982655765383
182,光興路一樓店舖,,16000,15.0,0.0,1,0,台中市,台中市太平區光興路,,透天厝,,,,https://www.rakuya.com.tw/rent/rent_item?ehid=0d12d9293888269,be25576981599241a69e0832f780d044.jpeg,0.07628907918088515
183,小型辦公室,,53000,13.5,43.0,10,1,高雄市,高雄市鹽埕區府北路/金鹽埕大廈,,電梯大廈,1房1廳1衛 - 1廚房,,有對外窗;為邊間,https://www.rakuya.com.tw/rent/rent_item?ehid=05eb74293878510,d908e7bfaf9e6c58e939a378d7ed3173.jpeg,0.7453536070320205
184,L3J92）近比漾廣場【景觀3房2衛】警衛★可寵物,,38000,28.0,20.0,12,3,新北市,新北市中和區中山路二段,,電梯大廈,3房2廳2衛 - 1廚房,,,https://www.rakuya.com.tw/rent/rent_item?ehid=0e02ec29361485a,d8b500c97c90fa160b2c2fb89ba1eb96.jpeg,1.2498482119764345
185,K0C39）捷運芝山【秒殺租案】女性首選★天母商圈,,9500,5.0,20.0,7,1,台北市,台北市士林區中山北路六段,,電梯大廈,1房1衛,,,https://www.rakuya.com.tw/rent/rent_item?ehid=0512fc29345121a,6c08874a25bf4721f6a46cd1d4361776.jpeg,1.3262582158165404
186,C0D55）捷運松江南京【超值大空間】採光★低樓層,,15000,10.0,20.0,2,1,台北市,台北市中山區新生北路三段,,公寓,1房1衛,,,https://www.rakuya.com.tw/rent/rent_item?ehid=01d0b6293443616,de7c3069bd96386e0d2868c16253d297.jpeg,0.8804117953823964
187,C0D55）捷運松江南京【超值大空間】低樓層★採光,,10000,7.0,20.0,2,1,台北市,台北市中山區新生北路三段,,公寓,1房1衛,,,https://www.rakuya.com.tw/rent/rent_item?ehid=019dcc293307381,111e5238113a560af6d074147811d593.jpeg,0.9225786983526195
188,J1B70）捷運西湖4分【超值租案】採光★獨立陽台,,14500,6.0,20.0,6,1,台北市,台北市內湖區內湖路一段,,公寓,1房1廳1衛,,,https://www.rakuya.com.tw/rent/rent_item?ehid=066e2f293307202,e76aaf6063b7c3c5b6c33116b747abb4.jpeg,1.019036464335628
189,幸福是你❤️可租補可貓❤️小資首選❤️獨洗窗曬,,6999,10.0,0.0,2,0,台中市,台中市北區錦新街,,透天厝,開放式格局,,有對外窗,https://www.rakuya.com.tw/rent/rent_item?ehid=01338a293877419,05ec49e4a037568ca81a7942fb43d507.jpeg,1.0811888417765203
190,慈濟好市多可貓電梯✅全新未住✅汽車位✅大陽台,,12000,14.0,0.0,3,1,台中市,台中市北屯區軍功路,,電梯大廈,1房1衛 - 1陽台,,有對外窗;陽台,https://www.rakuya.com.tw/rent/rent_item?ehid=0eca3f293821704,9056959727dbe668ed657e40c5628e94.jpeg,0.33187406414165915
191,可貓補助/全新陽台獨洗/走路興大/採光讚,,6499,10.0,1.0,4,1,台中市,台中市南區忠明南路,,公寓,1房1衛 - 1陽台,,,https://www.rakuya.com.tw/rent/rent_item?ehid=058966293877927,4d6cd72b1db12e4f62a301b092c3d539.jpeg,0.5308698322136666
192,幸福就是你❤️可租補❤️可貓咪❤️陽台獨洗,,12999,16.0,0.0,3,0,台中市,台中市北區錦新街,,透天厝,開放式格局,,有對外窗;陽台,https://www.rakuya.com.tw/rent/rent_item?ehid=07404f29387739a,5489a33cfd2fb788fd211d65636a9cd0.jpeg,1.0048190845826994
193,整棟全新⏳可租補⏳陽台獨洗⏳衛浴開窗⏳流理台子母車,,9499,16.0,0.0,3,1,台中市,台中市北區原子街,,電梯大廈,1房1廳1衛 - 1陽台1廚房,,有對外窗;陽台,https://www.rakuya.com.tw/rent/rent_item?ehid=02d43c293871174,aeacce1de1d59d2d2d4d6027842debcc.jpeg,0.8321723835702765
194,北區秒殺物件✨可租補✨陽台獨洗✨台水電✨優質可小議,,8499,14.0,0.0,4,1,台中市,台中市北區山西路二段,,華廈,1房1衛 - 1陽台,,有對外窗;陽台,https://www.rakuya.com.tw/rent/rent_item?ehid=07bdcf29383119a,8f35dc52b37ca7ce47a7a7d70fe660fd.jpeg,1.2588111496116217
195,中興大✨可貓✔專屬洗衣機❤租補,,6499,10.0,0.0,4,1,台中市,台中市南區忠明南路,,公寓,1房1衛,,有對外窗;陽台,https://www.rakuya.com.tw/rent/rent_item?ehid=095ebc29387797a,feff8d9fabe98d2768f8b20091e1b078.jpeg,0.5308698322136666
196,中興大✔喵喵✨租補✔專屬洗衣機,,7999,10.0,0.0,4,1,台中市,台中市南區國光路,,公寓,1房1衛,,有對外窗,https://www.rakuya.com.tw/rent/rent_item?ehid=02dcf9293877985,5942430eb916897c95d1c3e17eadb971.jpeg,0.7197627744521619
197,可寵物✨可租補✨電梯管理員✨獨洗獨曬✨採光佳,,10000,10.0,3.0,9,1,台中市,台中市南區復興路三段/老爺大廈,,電梯大廈,1房1衛 - 1陽台,,有對外窗;有中庭,https://www.rakuya.com.tw/rent/rent_item?ehid=080bd0293836402,0f04e126d007e18665297fc9db8c27f4.jpeg,0.5557343667878387
198,幸福就是你❤️全新完工❤️有電梯❤️陽台獨洗,,13999,17.0,0.0,4,0,台中市,台中市西屯區大墩十八街,,華廈,開放式格局,,有對外窗;陽台,https://www.rakuya.com.tw/rent/rent_item?ehid=0726f1293877492,6233a3a9c5fc8d90eb02dba55bac11ca.jpeg,1.2535583321275108
199,超正一房一廳一衛*系統櫃*家的儀式感*陽台獨洗曬,,14999,12.0,0.0,3,1,台中市,台中市西屯區甘州街,,透天厝,1房1廳1衛 - 1陽台,,有對外窗;陽台,https://www.rakuya.com.tw/rent/rent_item?ehid=0c9dc0293826890,78ba8f17a02b9f3a1b81081a8a4a8fc7.jpeg,1.0084965473223315
200,全新七期⏳可貓可租補⏳陽台獨洗⏳流理台⏳衛浴開窗⏳,,11999,16.0,0.0,4,1,台中市,台中市西屯區環中路三段/市政A+A,,電梯大廈,1房1衛 - 1陽台1廚房,,有對外窗;陽台,https://www.rakuya.com.tw/rent/rent_item?ehid=046947293859785,1756983c3d92b3f0b17bf39ebfada47c.jpeg,0.3163053076628074
201,✨小資首選✨乾溼分離✨租屋補助✨加賴約看✨秒殺物件,,5999,13.0,0.0,4,1,台中市,台中市西屯區逢甲路,,透天厝,1房1衛,,,https://www.rakuya.com.tw/rent/rent_item?ehid=0ce2ed293860114,9a50f9c1946cf09cae5247a0f862d362.jpeg,1.6909307801643796
202,文心中清捷運旁✨貓奴首選✨獨洗曬採光大套✨子母車✨,,6999,13.0,0.0,5,1,台中市,台中市北區武昌路,,電梯大廈,1房1衛,,,https://www.rakuya.com.tw/rent/rent_item?ehid=0cade729387810d,8a00295cbc5e4b237716012f686560e1.jpeg,0.0
203,逢甲商圈✨陽台獨洗✨可養狗✨可租補✨水湳中國醫,,12999,15.0,0.0,2,1,台中市,台中市西屯區福上巷,,透天厝,1房1衛 - 1陽台,,有對外窗;陽台,https://www.rakuya.com.tw/rent/rent_item?ehid=0cd429293850006,76c5c26c28e44f2b648651e486459b28.jpeg,1.6142678959610737
204,西屯超秒殺✨可雙租補✨變頻冷氣✨雙層冰箱✨省電電器,,9499,13.0,0.0,3,1,台中市,台中市西屯區逢甲路,,電梯大廈,1房1衛 - 1陽台,,有對外窗;陽台,https://www.rakuya.com.tw/rent/rent_item?ehid=0e4e1d29383498d,7d2d6b79f13590c0d30eae555ea2f9e9.jpeg,1.5993312996741251
205,整棟全新⏳可租補入籍⏳可短租⏳汽車位⏳秘書管理,,10499,16.0,0.0,3,1,台中市,台中市西屯區西安街,,電梯大廈,1房1衛 - 1陽台,,有對外窗;陽台,https://www.rakuya.com.tw/rent/rent_item?ehid=0f08b329385637c,035edeaa637e4b6cc016a2a9cde535ed.jpeg,1.6784551419873972
206,北區⛅可租補⛅陽台獨洗⛅可貓⛅子母車⛅飲水機⛅,,7799,8.0,0.0,3,1,台中市,台中市北區瑞祥街,,別墅,1房1衛 - 1陽台,,有對外窗;陽台,https://www.rakuya.com.tw/rent/rent_item?ehid=049951293854593,b411cc40232fc817e4a5b787621618a7.jpeg,0.8540678821072618
207,近草悟道✨陽台獨洗✨可養貓咪✨高級木質調✨小資最愛,,6999,12.0,0.0,3,1,台中市,台中市西區向上路一段,,公寓,1房1衛 - 1陽台,,有對外窗;陽台,https://www.rakuya.com.tw/rent/rent_item?ehid=0b2a6e29384811d,e4f7d47e43ce826babf8532b5091e841.jpeg,1.6114071701333357
208,北屯葳格✨可雙租補✨可養貓狗✨獨洗獨曬✨採光超好,,7699,13.0,0.0,4,1,台中市,台中市北屯區軍和街,,透天厝,1房1衛,,有對外窗,https://www.rakuya.com.tw/rent/rent_item?ehid=07c47229383103c,2f6aa9f480281710724a86aefda9d003.jpeg,0.6194987909824402
209,✨電梯雙租屋補助✨獨立洗脫烘✨流理台✨加賴約看✨,,11499,16.0,0.0,7,1,台中市,台中市北區學士路,,電梯大廈,1房1衛,,有對外窗;陽台,https://www.rakuya.com.tw/rent/rent_item?ehid=0380a5293848130,b3325c4efc0a3b16b0ae023331ec011f.jpeg,0.13203777933057625
210,✨租屋補助✨小資首選✨加賴約看✨運動爬梯✨,,3999,8.0,0.0,5,1,台中市,台中市太平區大源路,,透天厝,1房1衛,,,https://www.rakuya.com.tw/rent/rent_item?ehid=099fe6293848202,751b572884bc0c1a7b55f9f154537bd7.jpeg,0.5054574803931728
211,M0K23）福和橋【超值租案】可寵★入籍★附傢俱,,14500,6.0,20.0,3,1,新北市,新北市永和區永利路,,公寓,1房1衛,,,https://www.rakuya.com.tw/rent/rent_item?ehid=05adc5293844301,824fdb005ccd0601e2bbc9040a6a7ac3.jpeg,0.736182417692935
212,✨可貓咪✨流理台✨租屋補助✨陽台獨洗✨加賴約看✨,,11999,15.0,0.0,3,1,台中市,台中市北區北屯路,,透天厝,1房1衛 - 1陽台,,有對外窗;陽台,https://www.rakuya.com.tw/rent/rent_item?ehid=07c815293848311,80b2ce7bde162910167eff936d3df436.jpeg,0.12360238176362012
213,超大空間✨可租補✨全新電梯✨流理台電磁爐✨超大陽台,,12999,16.0,0.0,7,1,台中市,台中市西屯區福安六街,,華廈,1房1衛 - 1陽台,,有對外窗;陽台,https://www.rakuya.com.tw/rent/rent_item?ehid=0f7955293835628,35b8d264468e4a35ec3736bd0ee3362c.jpeg,0.6046272226807606
214,全新裝潢✨租屋補助✨短租✨子母車✨年繳優惠✨,,11299,16.0,0.0,2,1,台中市,台中市西屯區四川三街,,電梯大廈,1房1衛,,,https://www.rakuya.com.tw/rent/rent_item?ehid=067318293877828,ef4f3aeee14362ca50c02b26d21d716f.jpeg,0.0
215,稀有大套房,,15000,18.0,0.0,19,1,台中市,台中市南區學府路/京華大鎮京都特區,,電梯大廈,1房1廳1衛 - 1陽台1廚房,,有對外窗;陽台,https://www.rakuya.com.tw/rent/rent_item?ehid=0bb233293780671,50789d51cd3a0597889e648e9c2a6bf4.jpeg,0.0
216,整棟全新⏳可雙租補⏳陽台獨洗⏳衛浴開窗⏳機車位⏳,,12499,16.0,0.0,6,1,台中市,台中市南屯區文山一街,,電梯大廈,1房1衛 - 1陽台,,有對外窗;陽台,https://www.rakuya.com.tw/rent/rent_item?ehid=01d91d293854520,255e30ca999216968c62da77ceacbc84.jpeg,0.2218263550076393
217,三房兩廳適合好友合租✨小家庭✨最省台水電✨採光明亮,,22000,30.0,0.0,7,3,台中市,台中市南區復興路二段,,電梯大廈,3房2廳2衛,,有對外窗;陽台,https://www.rakuya.com.tw/rent/rent_item?ehid=0a2056293835595,12c89b8a8be1aaf2a7a5b95b09dc661a.jpeg,0.504609134548178
218,T0B22）近中原公園【秒殺租案】可補助★獨立衛浴,,5500,3.0,20.0,5,1,新北市,新北市蘆洲區長安街,,公寓,1房1衛,,,https://www.rakuya.com.tw/rent/rent_item?ehid=0b36db293837571,21dc88c063add1565b7118580ee9d47e.jpeg,0.5419869582751075
219,✨蛇來運轉五常街✨寵物天堂✨可補助✨生活機能便捷✨,,7499,10.0,0.0,2,0,台中市,台中市北區五常街,,透天厝,開放式格局,,有對外窗,https://www.rakuya.com.tw/rent/rent_item?ehid=0f563829383744b,09381062ced2fac0d47262712cdd4fe4.jpeg,0.0
220,**在西屯秒殺價格***可寵最後三間!!,,5999,8.0,0.0,5,1,台中市,台中市西屯區西安街,,透天厝,1房1衛,,有對外窗,https://www.rakuya.com.tw/rent/rent_item?ehid=0e184c293783350,ff5af6674008b5e265806baa0cd4dc7f.jpeg,1.7956225545460391
221,前三個月⛅租金半價⛅可雙租補⛅可貓⛅獨洗⛅子母車⛅,,6999,8.0,0.0,5,1,台中市,台中市龍井區台灣大道五段,,透天厝,1房1衛,,有對外窗,https://www.rakuya.com.tw/rent/rent_item?ehid=0e171f29384981f,c6acc606329361bcb720fdf470f7b05b.jpeg,0.409855654992059
222,東山秒殺✨陽台獨洗✨一樓可停機車✨精緻套房✨秒殺,,6499,12.0,0.0,2,1,台中市,台中市北屯區東山路一段,,透天厝,1房1衛 - 1陽台,,有對外窗;陽台,https://www.rakuya.com.tw/rent/rent_item?ehid=07c608293831363,5442af092ba634a97b8bcec535b033b6.jpeg,0.6617548993274897
223,全新完工台積電首選✨機車位✨多間可選✨快來電預約,,9499,10.0,0.0,2,0,台中市,台中市大雅區中科路,,透天厝,開放式格局,,有對外窗;陽台,https://www.rakuya.com.tw/rent/rent_item?ehid=05812f293839092,c796e36ca2800c72a4a08355dec6654d.jpeg,0.0890184400694166
224,東區好大間✨可租補✨台水台電✨貓奴首選✨陽台獨洗,,7999,14.0,0.0,4,1,台中市,台中市東區復興路五段,,透天厝,1房1衛 - 1陽台,,有對外窗;陽台,https://www.rakuya.com.tw/rent/rent_item?ehid=044f2a293835548,1da4028f3bd52c7d9d2b5ed6cd1931c7.jpeg,1.5998131454844506
225,Q1B20）捷運徐匯中學4分【優質1房1廳】附傢俱,,19500,17.0,0.0,3,1,新北市,新北市三重區三和路四段,,公寓,1房1廳1衛,,,https://www.rakuya.com.tw/rent/rent_item?ehid=042363293834899,f963917ac4632e92e6a985e15277d764.jpeg,0.0
226,大空間⭐可租補⭐飲水機⭐獨曬共洗⭐小資首選⭐近中科,,6499,10.0,0.0,4,1,台中市,台中市東區練武路,,透天厝,1房1衛 - 1陽台,,有對外窗,https://www.rakuya.com.tw/rent/rent_item?ehid=0aca5029386762f,20126b3de25ceaafe7de05d0fd5aa812.jpeg,1.5433967114062022
227,O0S90）板橋運動中心【超值租案】限女★格局方正,,9500,5.0,20.0,1,1,新北市,新北市板橋區中正路,,公寓,1房1衛,,,https://www.rakuya.com.tw/rent/rent_item?ehid=0acbae293835614,513db919b2b8d25c7d6049733d1f85cb.jpeg,1.0672077799971709
228,電梯⛅小資首選⛅可貓⛅獨洗窗曬⛅飲水機⛅子母車⛅,,7999,10.0,0.0,5,1,台中市,台中市北區武昌路,,電梯大廈,1房1衛,,有對外窗,https://www.rakuya.com.tw/rent/rent_item?ehid=024402293850249,8b423ed329cc1f7ca26fda8746077d50.jpeg,0.0
229,昌平路二段金蛇送福✨可租屋補✨陽台獨洗✨生活機能佳,,6499,10.0,0.0,2,0,台中市,台中市北屯區昌平路二段,,透天厝,開放式格局,,有對外窗;陽台,https://www.rakuya.com.tw/rent/rent_item?ehid=01a9cd293836738,afdf9d27c8f9d1eec0330c4a6603055f.jpeg,0.22512231543577577
230,近中國醫✨可雙租補✨可養寵物✨獨洗窗曬✨有子母車,,7499,12.0,0.0,2,1,台中市,台中市北區五常街,,透天厝,1房1衛,,有對外窗;陽台,https://www.rakuya.com.tw/rent/rent_item?ehid=0cb3e8293827369,c8715879fb7fb14ae0a199edb461a3f3.jpeg,0.0
231,超俗✨租屋補助✨可貓咪✨陽台獨洗✨子母車✨包裹代收,,5999,12.0,0.0,4,1,台中市,台中市西屯區大弘街,,透天厝,1房1衛,,,https://www.rakuya.com.tw/rent/rent_item?ehid=05e034293878171,be509f0349e237b8d520270e37fde92b.jpeg,1.2161165711000854
232,北區高質感✨有電梯✨陽台獨洗✨貓奴限定✨絕美風景,,10499,14.0,0.0,4,1,台中市,台中市北區武昌路,,電梯大廈,1房1衛,,有對外窗,https://www.rakuya.com.tw/rent/rent_item?ehid=0b349a293830145,e6fdb8fea0b0b1d7283f3ac27bc09d7e.jpeg,0.0
233,一房一廳⏳可寵可租補⏳可營登報稅⏳精美廚房⏳儲藏室,,19585,30.0,0.0,2,1,台中市,台中市北屯區太原路三段/總太明日,,電梯大廈,1房1廳1衛 - 1室1廚房,,有對外窗,https://www.rakuya.com.tw/rent/rent_item?ehid=0023c7293860467,66a2d6d63fd1b99c0e3ab14a9b9a105f.jpeg,0.24679483808540326
234,幸福就是你❤️可租補可寵❤️有電梯❤️陽台獨洗,,9999,13.0,0.0,9,0,台中市,台中市南區復興路三段,,公寓,開放式格局,,有對外窗,https://www.rakuya.com.tw/rent/rent_item?ehid=0e9cd4293877908,115bb1e80bbed9a23739749ad2f45aa7.jpeg,0.5557409091415434
235,T0B28）近捷運三民高中【超值】獨立衛浴★大空間,,12000,13.0,20.0,7,1,新北市,新北市蘆洲區民族路,,公寓,1房1衛,,,https://www.rakuya.com.tw/rent/rent_item?ehid=068fe3293853568,55c60b9ed2ac35099590b388edb0f351.jpeg,0.6102200534217604
236,南區三房、通風佳、採光好,,22000,30.0,30.0,3,3,台中市,台中市南區合作街/仕學吉第,,電梯大廈,3房2廳2衛 - 2陽台1廚房,,有對外窗;陽台,https://www.rakuya.com.tw/rent/rent_item?ehid=05c3b6293815497,c8b141c10a458ade985f14a3f5d6e84b.jpeg,1.20560668902862
237,可補助．永安路大套房有獨立陽台洗衣機機車位,,11000,10.0,0.0,3,1,桃園市,桃園市桃園區永安路,,公寓,1房1衛 - 1陽台,,有對外窗;陽台,https://www.rakuya.com.tw/rent/rent_item?ehid=0c320d293812304,9640c35967026ac52ea00741866ad964.jpeg,0.09732877062538091
238,年前簽約屋主大優惠✨雙租屋補助✨可貓✨陽台獨洗曬✨,,15999,21.0,0.0,3,1,台中市,台中市北區漢口路三段,,電梯大廈,1房1廳1衛 - 1陽台,,,https://www.rakuya.com.tw/rent/rent_item?ehid=05d31e293878145,b9705db3f8571f856968d127e24437d1.jpeg,0.8118722011392612
239,電梯管理員⛅可雙租補⛅獨洗烘⛅可寵⛅子母車⛅飲水機,,13999,13.0,0.0,6,1,台中市,台中市北屯區旅順路一段,,華廈,1房1衛,,有對外窗,https://www.rakuya.com.tw/rent/rent_item?ehid=032cb2293860750,c7c0282ff1c5b45d937668f96de98126.jpeg,2.257552419643824
240,幸福就是你❤️可租補❤️有電梯❤️陽台獨洗,,11499,14.5,0.0,2,0,台中市,台中市南區和昌街,,透天厝,開放式格局,,有對外窗;陽台,https://www.rakuya.com.tw/rent/rent_item?ehid=06f92629387801d,54c077be6516869e153acb5a5db733d5.jpeg,0.5956370934245996
241,烏日三鐵旁✨年後釋出先卡位✨短租✅貓咪✅獨洗曬✅,,9999,15.0,0.0,2,1,台中市,台中市烏日區新興路,,電梯大廈,1房1衛,,,https://www.rakuya.com.tw/rent/rent_item?ehid=0540af29387769c,e33f7081d4d74bdb45d63e23b88fbb2d.jpeg,0.22667071070531644
242,全新未住✨雙租屋補助✨可貓狗✨流理台✨子母車✨,,15999,21.0,0.0,5,1,台中市,台中市北區美德街,,電梯大廈,1房1廳1衛 - 1陽台,,,https://www.rakuya.com.tw/rent/rent_item?ehid=09a80329387808a,84df8588c4e9640de95e2f5395f81cee.jpeg,1.0040090097615457
243,R0C10）捷運幸福5分【超值租案】獨立洗衣★補助,,11500,6.0,20.0,1,1,新北市,新北市新莊區福壽街,,公寓,1房1衛,,,https://www.rakuya.com.tw/rent/rent_item?ehid=08a7d2293832161,996ee79117723085f7373727237d764d.jpeg,0.8606820212617888
244,G0G18）台北車站5分【大空間】垃圾代收★有電梯,,15000,7.0,20.0,6,1,台北市,台北市大同區華陰街,,電梯大廈,1房1衛,,,https://www.rakuya.com.tw/rent/rent_item?ehid=0ab2b629385003e,b86a7fe4aeecfcdd23abd808a2d8bc16.jpeg,1.9552948408865736e-05
245,豐原超秒殺✨可租補報稅✨可入戶籍✨陽台獨洗✨採光佳,,8499,14.0,0.0,5,1,台中市,台中市豐原區豐社路,,透天厝,1房1衛 - 1陽台,,有對外窗;陽台,https://www.rakuya.com.tw/rent/rent_item?ehid=064ad229383145d,018df6747a0b232de8021d39d49dde5c.jpeg,0.12263780121014994
246,烏日高鐵特區優質大樓美三房,,25000,20.0,11.0,6,3,台中市,台中市烏日區健行南路/世界都心世紀區,,電梯大廈,3房2廳2衛 - 2陽台1廚房,,有對外窗,https://www.rakuya.com.tw/rent/rent_item?ehid=0f2c6a29387722d,45bc9312a7278ad7704fb95fe065d89a.jpeg,0.11029247810126812
247,Q2D83）捷運徐匯中學【優質2房2廳】廚房★陽台,,25000,19.0,20.0,3,2,新北市,新北市三重區永安北路一段,,公寓,2房2廳1衛 - 1陽台1廚房,,,https://www.rakuya.com.tw/rent/rent_item?ehid=032290293836853,576a005d468964a75f37ef0a114c6444.jpeg,0.5514623905063406
248,O0S89）捷運江子翠4分【超值】附傢俱★女性專屬,,9500,6.0,20.0,4,1,新北市,新北市板橋區江寧路三段,,公寓,1房1衛,,,https://www.rakuya.com.tw/rent/rent_item?ehid=069cff29383370e,5f13af201ac513bd4c99f7e52214d59d.jpeg,0.6621289131753768
249,中國醫旁✨雙租屋補助✨可寵✨子母車✨獨洗曬✨,,7499,12.0,0.0,2,1,台中市,台中市北區五常街,,透天厝,1房1衛,,,https://www.rakuya.com.tw/rent/rent_item?ehid=0502f9293878093,8e3da2fd4240bd52ea5dadc7370796c7.jpeg,0.0
250,外商首選七期夏朵頂級裝潢豪宅,,95000,57.1,13.0,7,2,台中市,台中市西屯區市政北一路/順天夏朵,,電梯大廈,2房2廳2衛 - 2陽台,,有對外窗;陽台,https://www.rakuya.com.tw/rent/rent_item?ehid=0897e5293837308,af03d4671d7d3ffa80d50891c23c0483.jpeg,0.7898031494586627
251,全新裝潢 全聯就在你家樓下,,12000,10.0,35.0,5,1,台北市,台北市大同區南京西路,,電梯大廈,1房1廳1衛,,,https://www.rakuya.com.tw/rent/rent_item?ehid=02397029387714f,1971b5e70077280ea088e60b2546b06e.jpeg,2.773843229087908e-05
252,幸福就是你❤️可雙租補❤️有電梯❤️陽台獨洗,,12999,16.0,0.0,2,0,台中市,台中市北區大誠街,,透天厝,開放式格局,,有對外窗;陽台,https://www.rakuya.com.tw/rent/rent_item?ehid=089e84293877353,a5be9d24db14b4aa96a4cfadf784d93b.jpeg,1.0048190845826994
253,O9C45）重慶國小【優質店面】營登★車位★可餐飲,,48999,49.0,20.0,1,0,新北市,新北市板橋區和平路安樂巷,,公寓,,,,https://www.rakuya.com.tw/rent/rent_item?ehid=0e6ca9293835879,3db036fc530f27b30a6236b48e34a522.jpeg,0.5381967643937673
254,幸福就是你❤️全新完工❤️有電梯❤️陽台獨洗,,13999,17.0,0.0,4,0,台中市,台中市西屯區大墩十八街,,華廈,開放式格局,,有對外窗;陽台,https://www.rakuya.com.tw/rent/rent_item?ehid=072b7329387751a,8cbec12c7e0f025c138cbdd7f3c8246e.jpeg,1.2535583321275108
255,明德中學❤一房一廳✔飲水機子母車,,11499,12.0,0.0,4,1,台中市,台中市南區南門路,,透天厝,1房1廳1衛 - 1陽台,,有對外窗;陽台,https://www.rakuya.com.tw/rent/rent_item?ehid=031bcc293878025,5f7ca98c763f9565ff2a96ccff19edd7.jpeg,0.0
256,可租補⭐陽台獨洗⭐子母車飲水機⭐小資秒殺⭐近一中,,5599,6.0,0.0,1,1,台中市,台中市東區三賢街,,電梯大廈,1房1衛 - 1陽台,,有對外窗;陽台,https://www.rakuya.com.tw/rent/rent_item?ehid=023b3b293867691,b4fcb134ab795007d77086145850f4d4.jpeg,0.0
257,大里超秒殺✨可租補✨陽台獨洗曬✨高級木質調✨別等了,,7999,14.0,0.0,2,1,台中市,台中市大里區中興路二段,,透天厝,1房1衛 - 1陽台,,有對外窗;陽台,https://www.rakuya.com.tw/rent/rent_item?ehid=06409029387729e,28a92c45cdae0d9ead2fc9b2bb823f38.jpeg,0.6544226076933841
258,可雙租補⭐可工作室⭐可寵⭐可營登⭐台水電⭐可入戶籍,,13999,15.0,0.0,11,1,台中市,台中市北區漢口路四段,,電梯大廈,1房1衛,,有對外窗;陽台,https://www.rakuya.com.tw/rent/rent_item?ehid=074205293868087,660dc9c6b44cdec48f0a07c391314b22.jpeg,1.5251148281795421
259,幸福就是你❤️可貓咪❤️小資首選❤️共洗共曬,,5499,8.0,0.0,6,0,台中市,台中市西屯區天水西二街,,公寓,開放式格局,,有對外窗,https://www.rakuya.com.tw/rent/rent_item?ehid=04cb8529387787b,497b45778ce304fe09d500cb7b473d45.jpeg,1.025201843719507
260,P0B42）捷運石牌5分【超值租案】採光★獨立衛浴,,10000,5.0,20.0,4,1,台北市,台北市北投區石牌路二段,,公寓,1房1衛,,,https://www.rakuya.com.tw/rent/rent_item?ehid=0ba985293853471,6ab10cd637bdc8501ffe7ca51aa8603c.jpeg,0.8251512065007265
261,D0K92）捷運中山國中【超值租案】限女★獨洗衣機,,15500,6.0,20.0,4,1,台北市,台北市松山區民權東路三段,,公寓,1房1衛,,,https://www.rakuya.com.tw/rent/rent_item?ehid=011adf29383266b,76999c191a090409ce3a080c241c25f3.jpeg,1.1295295123995317
262,G2D44）近大龍商圈【超值2房1廳】可寵★免爬梯,,30000,20.0,20.0,1,2,台北市,台北市大同區迪化街二段,,公寓,2房1廳1衛,,,https://www.rakuya.com.tw/rent/rent_item?ehid=0a1c6d29330322a,764a5730e45f2cc159e41ac1b172ce59.jpeg,0.8635443476562873
263,Q0G10）捷運三重國小【超值租案】獨立洗衣★陽台,,22999,9.0,20.0,4,1,新北市,新北市三重區雙園街,,公寓,1房1衛 - 1陽台1廚房,,,https://www.rakuya.com.tw/rent/rent_item?ehid=0b470629383407b,0e8dbdd3e178154ca80d7e0d13d78fdb.jpeg,1.417853431369718
264,崇德昌平✨一房一廳✨超大空間✨可短租✨陽台獨洗曬,,13999,16.0,0.0,3,1,台中市,台中市北區柳陽西街,,透天厝,1房1衛 - 1陽台,,有對外窗;陽台,https://www.rakuya.com.tw/rent/rent_item?ehid=0241e3293834429,606c700d1949e5e6c89ffc15568dc850.jpeg,2.1619339351184608
265,P1A14）捷運關渡站1分【採光1房1廳】獨立陽台,,18000,14.0,20.0,4,1,台北市,台北市北投區中央北路四段,,公寓,1房1廳1.5衛 - 1陽台,,,https://www.rakuya.com.tw/rent/rent_item?ehid=0c6055293853332,3640625663723ca694d924684f790d12.jpeg,0.37366754018255244
266,A0R62）捷運六張犁【超值租案】獨立洗衣★附傢俱,,13000,7.0,20.0,2,1,台北市,台北市信義區嘉興街,,公寓,1房1衛,,,https://www.rakuya.com.tw/rent/rent_item?ehid=0c449729384823d,efffcf52baa2793ca552cc6f053c77e5.jpeg,1.974905306282566
267,A2E44）捷運六張犁【優質2房2廳】可補助★可寵,,25000,22.0,20.0,2,2,台北市,台北市信義區富陽街,,公寓,2房2廳1衛 - 2陽台1廚房,,,https://www.rakuya.com.tw/rent/rent_item?ehid=0db4cf293848950,bc1c01cfe438af0a2e38373efb0c0a1d.jpeg,1.2571549129916901
268,市中心全新透天店面&5套房,,50000,72.27,0.0,0,4,高雄市,高雄市路竹區中和街,,透天厝,4房2廳4衛 - 4陽台,,,https://www.rakuya.com.tw/rent/rent_item?ehid=0bcd85293783470,b4c543c27ee3b1b8f5e3e9aafcc8e3a4.jpeg,0.1934868549411333
269,V314）近捷運景美站【景觀3房2廳】採光優★電梯,,38000,38.0,20.0,14,3,台北市,台北市文山區辛亥路六段,,電梯大廈,3房2廳2衛 - 2陽台1廚房,,,https://www.rakuya.com.tw/rent/rent_item?ehid=05da1429383674f,,0.9436053762347824
270,D7A84）台北大巨蛋【優質辦公】黃金地段★可停車,,45000,22.0,20.0,1,0,台北市,台北市松山區八德路四段,,公寓,開放式格局,,,https://www.rakuya.com.tw/rent/rent_item?ehid=08e003293848459,6b9265c68a81203fb4a5d9bc56e96add.jpeg,0.0
271,美麗國賓1+1房,,28000,11.8,25.0,11,1,台北市,台北市中山區中山北路二段/美麗國賓花園廣場,,電梯大廈,1房1衛 - 1室1陽台1廚房,,有對外窗;陽台,https://www.rakuya.com.tw/rent/rent_item?ehid=014fe0293821637,bfbaea1a1cfcb3f77a061243a30986de.jpeg,1.7725893508870374
272,近86快速道路開放空間大型店面,,100000,400.0,0.0,1,0,台南市,台南市仁德區民安路二段,,廠房,,,,https://www.rakuya.com.tw/rent/rent_item?ehid=023a86293812705,28b4f3ff649784babcaf5076ae2f7c75.jpeg,0.04439801331329035
273,市中心全新透天店面&5套房,,50000,72.27,0.0,0,0,高雄市,高雄市路竹區中和街,,透天厝,,,,https://www.rakuya.com.tw/rent/rent_item?ehid=0ae99729378503f,765f7cd680c64896b04d519a8bc7cfec.jpeg,0.1934868549411333
274,摩天金融大樓✦黃金地段 近藝文圖書館 高樓層採光佳,,36000,46.0,33.0,13,0,桃園市,桃園市桃園區中正路/摩天金融大樓,,電梯大廈,開放式格局,,有對外窗;有中庭,https://www.rakuya.com.tw/rent/rent_item?ehid=036315293826995,a1d0969ebf0621b3b14f8e1b35b5e5a6.jpeg,0.6262952833359445
275,幸福府邸2房1廳1衛.可寵.可租補,,15000,19.0,0.0,4,2,高雄市,高雄市楠梓區興楠路/幸福府邸,,電梯大廈,2房1廳1衛 - 1陽台1廚房,,有對外窗;為邊間;有中庭;陽台,https://www.rakuya.com.tw/rent/rent_item?ehid=09c452293884258,0b6491d925f555e8d8079ca8575bcc55.jpeg,0.22105166845269222
276,（租）♦️鄭仔寮♦️文元及第♦️三房平車♦️,,30000,23.0,2.3,6,3,台南市,台南市北區文成二路/文元及第太學樓,,電梯大廈,3房2廳2衛 - 1陽台1廚房,,,https://www.rakuya.com.tw/rent/rent_item?ehid=08bc0f293878035,e985a8cc34097cbfa3e90af51e062933.jpeg,0.2901931107195263
277,彰化大城鄉甲建優質出租廠房,,36000,110.0,0.3,0,0,彰化縣,彰化縣大城鄉吳厝巷,,廠房,,,,https://www.rakuya.com.tw/rent/rent_item?ehid=054829293877067,473719c648942fba3ed564cd26b3f64a.jpeg,0.009489322474787037
278,B7C40）近捷運東門【優質辦公】採光優★住辦皆宜,,65000,31.0,20.0,2,0,台北市,台北市大安區金華街,,公寓,開放式格局,,,https://www.rakuya.com.tw/rent/rent_item?ehid=08015929383732b,9736ae54aa09266c437755a328fa0092.jpeg,1.8740404105881328
279,K0C76）士林站3分【超值大空間】獨洗★一層2戶,,20000,9.0,20.0,2,1,台北市,台北市士林區福壽街,,公寓,1房1衛,,,https://www.rakuya.com.tw/rent/rent_item?ehid=0952de29383590a,eed503e7bab0b8bbd05ef43492a70783.jpeg,1.7107149565837072
280,美術館景觀頂級辦公室，嚴謹管理刷卡進出,,56732,87.28,0.0,7,0,高雄市,高雄市鼓山區明誠四路/美邦ONE MORE,,辦公,,,有對外窗;為邊間;有中庭;陽台,https://www.rakuya.com.tw/rent/rent_item?ehid=065875293783179,c5f4a5ede32d20a02efe2b5c7d3abc82.jpeg,0.47841433770761094
281,幸福就是你❤️可貓咪❤️有電梯❤️陽台獨洗,,10999,14.0,0.0,7,0,台中市,台中市北區崇德路一段,,華廈,開放式格局,,有對外窗;陽台,https://www.rakuya.com.tw/rent/rent_item?ehid=0e24c6293746533,96fc49efcb27a1c060f4aab220591151.jpeg,1.3439377759511861
282,可雙租補陽台獨洗✨流理台衛浴開窗,,12499,14.0,0.0,3,0,台中市,台中市西區向上路一段,,電梯大廈,開放式格局,,有對外窗;陽台,https://www.rakuya.com.tw/rent/rent_item?ehid=0a7915293745424,f063fb51c3f09e229be96d2f061d4785.jpeg,1.5043507830867417
283,小資首選✨陽台獨洗✨台水台電✨電梯管理員✨可貓,,6999,14.0,0.0,12,1,台中市,台中市西區忠明南路,,電梯大廈,1房1衛 - 1陽台,,,https://www.rakuya.com.tw/rent/rent_item?ehid=082bb629374036f,0abe5e25c07c307e58ed4a92864841ea.jpeg,0.7657556288206064
284,整棟新蓋✨冷暖空調可租補室內機車位,,11999,14.0,0.0,3,0,台中市,台中市北區自強街,,電梯大廈,開放式格局,,有對外窗;陽台,https://www.rakuya.com.tw/rent/rent_item?ehid=0fabd429374529b,cc653a9018f524b94dac09e1ff03c788.jpeg,0.6267711327226091
285,國美館⭐小資套房⭐流理台⭐搶租,,6199,10.0,0.0,5,1,台中市,台中市西區樂群街,,透天厝,1房1衛,,有對外窗,https://www.rakuya.com.tw/rent/rent_item?ehid=07b14029377712b,e1cdb7709774d12fac865d89ffdfcb6e.jpeg,1.0700553435147904
286,全新完工未住✨租屋補助✨可貓✨陽台獨洗曬✨子母車✨,,16999,22.0,0.0,4,1,台中市,台中市北區三民路三段,,電梯大廈,1房1衛 - 1陽台,,,https://www.rakuya.com.tw/rent/rent_item?ehid=016194293778490,a01a9e05415459fe63005e10a9d2ea99.jpeg,0.0
287,中科大旁✨電梯小豪宅✨租屋補助✨子母車✨陽台獨洗曬,,10999,15.0,0.0,5,1,台中市,台中市北區進化路,,電梯大廈,1房1衛 - 1陽台,,,https://www.rakuya.com.tw/rent/rent_item?ehid=0dc2d8293778771,8464151b65d1875d1dbaf75ec6b7c1e1.jpeg,0.0
288,✨超秒殺✨台水台電✅可租補✨陽台獨洗曬✨子母車✨,,8499,13.0,0.0,4,1,台中市,台中市北區山西路二段,,電梯大廈,1房1衛 - 1陽台,,有對外窗;陽台,https://www.rakuya.com.tw/rent/rent_item?ehid=08047a29377218f,5078247452ae88f802cea732109dcaa9.jpeg,1.2588111496116217
289,✨電梯新屋✨租屋補助✨陽台獨洗✨百萬裝潢✨加賴約看,,11499,13.0,0.0,6,1,台中市,台中市北屯區后庄北路,,電梯大廈,1房1衛 - 1陽台,,有對外窗;陽台,https://www.rakuya.com.tw/rent/rent_item?ehid=0f46a429374799a,375de84b9e459682ef19237d8e68000e.jpeg,0.2083262740549092
290,健身陽光套房✨好運蛇進健行路✨獨洗獨曬✨生活機能佳,,6499,10.0,0.0,5,0,台中市,台中市北區健行路,,透天厝,開放式格局,,有對外窗,https://www.rakuya.com.tw/rent/rent_item?ehid=0ebda2293732647,92892b6dd319efa91dc12317231fee55.jpeg,0.8764064093941596
291,可貓陽台獨洗✨可租補全新整理,,7499,9.0,0.0,12,0,台中市,台中市北區漢口路四段,,電梯大廈,開放式格局,,有對外窗;陽台,https://www.rakuya.com.tw/rent/rent_item?ehid=0adc19293743348,6fd33f9c6e002d72f0590e7b86890e01.jpeg,1.6411496853668446
292,家具全換新的❤️可租補❤️可貓可狗❤️獨洗曬,,8999,12.0,0.0,5,0,台中市,台中市西屯區文心路三段,,透天厝,開放式格局,,有對外窗,https://www.rakuya.com.tw/rent/rent_item?ehid=05a2a5293746054,68295f7f23b74d25994842439390d920.jpeg,1.0952300033557754
293,✨年前優惠✨可租補✅可貓✨陽台獨洗✨台電分算✨,,7999,12.0,0.0,4,1,台中市,台中市東區復興路五段,,公寓,1房1衛 - 1陽台,,有對外窗;陽台,https://www.rakuya.com.tw/rent/rent_item?ehid=018bc329373659c,147fe384c3ce7daed40ddb931ce6c286.jpeg,1.5998131454844506
294,新光遠百✨金蛇送財河南路二段✨可租補助✨最省台水電,,6499,10.0,0.0,6,0,台中市,台中市西屯區河南路二段,,電梯大廈,開放式格局,,有對外窗,https://www.rakuya.com.tw/rent/rent_item?ehid=030a3c293723876,4218a07c46cc6b63c920ef887befc56f.jpeg,1.337121845634817
295,健身陽光套房✨金蛇喜迎春樂群街✨陽台獨洗✨生活機能,,6199,12.0,0.0,5,0,台中市,台中市西區樂群街,,公寓,開放式格局,,有對外窗;陽台,https://www.rakuya.com.tw/rent/rent_item?ehid=0d4576293749332,b34c01a7ce9e6d4eae784ae25f963bf3.jpeg,1.0700553435147904
296,✨五權車站✨小資最愛✨流理臺✨採光佳✨共洗窗曬,,6499,10.0,0.0,5,1,台中市,台中市西區樂群街,,公寓,1房1衛,,有對外窗,https://www.rakuya.com.tw/rent/rent_item?ehid=02baef293774450,0e561007b1e3134d5c512cec73b04e8a.jpeg,1.0638338255011544
297,代收包裹免投共洗❤採光好大空間,,5999,8.0,0.0,2,0,台中市,台中市南區五權南路,,電梯大廈,開放式格局,,有對外窗,https://www.rakuya.com.tw/rent/rent_item?ehid=0e1f14293745683,bc8ec57b7d41396f164fec5a87e2a1ed.jpeg,0.0
298,青海商圈旁✨子母車✨室內機車位✨室內精裝潢✨流理台,,11499,15.0,0.0,2,1,台中市,台中市西屯區河南路二段,,別墅,1房1衛 - 1陽台,,,https://www.rakuya.com.tw/rent/rent_item?ehid=058d3229377879d,359fbfe302f2c887bd95d935304ec385.jpeg,1.2489795867047844
299,✨水湳中國醫✅陽台獨洗✅子母車✨室內機車位✨飲水機,,7999,13.0,0.0,5,1,台中市,台中市西屯區長安路二段,,電梯大廈,1房1衛 - 1陽台,,有對外窗;陽台,https://www.rakuya.com.tw/rent/rent_item?ehid=09572229377607e,359013e59e5a955780077eb5f52fbf56.jpeg,0.8545268683921412
300,租屋補助✅柳川河畔旁✅陽台獨洗曬✅乾濕分離✅,,10999,16.0,0.0,3,1,台中市,台中市西區柳川東路二段,,電梯大廈,1房1衛 - 1陽台,,,https://www.rakuya.com.tw/rent/rent_item?ehid=047055293739998,4e9102047f5ecb3b27af6e86f17aa1c6.jpeg,1.1404300073909115
301,✨爬上去很值得✨明亮通風✨共洗獨曬✨勤美草悟道✨,,6199,10.0,0.0,5,1,台中市,台中市西區樂群街,,公寓,1房1廳1衛 - 1陽台,,有對外窗,https://www.rakuya.com.tw/rent/rent_item?ehid=087d8a293745227,d4cbd99ca6991370638213da45fee10f.jpeg,1.0700553435147904
302,✨把妳給擁有✨逢甲商圈✨子母車✨電梯上樓✨,,5999,9.0,0.0,10,1,台中市,台中市西屯區福星路,,電梯大廈,1房1衛,,有對外窗,https://www.rakuya.com.tw/rent/rent_item?ehid=0262b1293746195,b38b5bd667271bc4ef6571b4a7118cff.jpeg,1.9288666310317877
303,小資電梯✨可租補✨對外窗✨台水電✨子母車,,7499,10.0,0.0,9,0,台中市,台中市西屯區河南路二段,,透天厝,開放式格局,,有對外窗,https://www.rakuya.com.tw/rent/rent_item?ehid=066e69293737556,e46e6fb16981ff79fdc29494839900d8.jpeg,1.3139486822654924
304,【 全新】豐原神岡交流道幸福日記2 二房一廳一車位,,19000,24.0,0.2,4,2,台中市,台中市神岡區大漢街/幸福日記2,,電梯大廈,2房1廳2衛 - 1陽台1廚房,,有對外窗,https://www.rakuya.com.tw/rent/rent_item?ehid=07505a293759976,aef85a9287cd702bec4c3d9645beca26.jpeg,0.09332051850944624
305,可租補⭐可貓狗⭐陽台獨洗⭐飲水機⭐等垃圾車⭐小資,,5699,6.0,0.0,4,1,台中市,台中市西屯區天水西二街,,公寓,1房1衛 - 1陽台,,有對外窗,https://www.rakuya.com.tw/rent/rent_item?ehid=0858d9293771870,e0fee11373f6afa044c5abb1623cc060.jpeg,1.020632007170474
306,雙租屋補助✅可貓✅陽台獨洗曬✅子母車✅精裝小豪宅✨,,11999,16.0,0.0,5,1,台中市,台中市東區二聖街,,電梯大廈,1房1衛 - 1陽台,,,https://www.rakuya.com.tw/rent/rent_item?ehid=08e195293778209,2bedac86218ae52b9b344ac1004d06a5.jpeg,0.0
307,✨中國醫藥✨陽台獨洗曬✨飲水機✨停車格✨,,7499,10.0,0.0,1,1,台中市,台中市北區進化北路,,電梯大廈,1房1衛 - 1陽台,,有對外窗;陽台,https://www.rakuya.com.tw/rent/rent_item?ehid=00cea4293774654,e24f29d9541e63bb97cd21984a0a118e.jpeg,0.0
308,✨逢甲超美套房✅可雙租補✨陽台獨洗✨汽機車位,,11999,12.0,0.0,2,1,台中市,台中市西屯區西安街,,電梯大廈,1房1衛 - 1陽台,,有對外窗;陽台,https://www.rakuya.com.tw/rent/rent_item?ehid=0cb975293765469,80104f0e8474141b4dd2117a6756605b.jpeg,1.652573576650606
309,✨廣三SOGO✨台水台電✨可貓✨子母車✨電梯,,6999,13.0,0.0,8,1,台中市,台中市西區忠明南路,,電梯大廈,1房1衛 - 1陽台,,有對外窗;陽台,https://www.rakuya.com.tw/rent/rent_item?ehid=0f3395293740066,32e1701c7e13584bf001441cfdd1b5a3.jpeg,0.7657556288206064
310,⭐免仲介費⭐近中國醫⭐可寵⭐陽台獨洗⭐乾溼分離,,10999,14.0,0.0,4,1,台中市,台中市北屯區中清路二段,,透天厝,1房1衛 - 1陽台,,有對外窗;陽台,https://www.rakuya.com.tw/rent/rent_item?ehid=019d3e293778260,684add423a4c130411c8314f7151ced7.jpeg,0.8425418244258717
311,超大空間✨可租補✨陽台獨洗✨管理員✨子母車,,9999,12.0,0.0,8,0,台中市,台中市中區自由路二段,,電梯大廈,開放式格局,,有對外窗;陽台,https://www.rakuya.com.tw/rent/rent_item?ehid=0e96a4293737360,e9773778cf4be590e85fa1868be9d93f.jpeg,1.4833013174225094
312,全新完工✨租屋補助✨流理台✨陽台獨洗曬✨室內機車✨,,11099,16.0,0.0,5,1,台中市,台中市北區山西路一段,,電梯大廈,1房1衛 - 1陽台,,,https://www.rakuya.com.tw/rent/rent_item?ehid=09e63329377880b,5b1e94be8fa5c2e1580b359cd8394921.jpeg,1.941597528033474
313,⭐電梯⭐可寵⭐管理員⭐台水電⭐陽台獨洗⭐全新整理,,7999,11.0,0.0,13,1,台中市,台中市北屯區天津路四段,,電梯大廈,1房1衛 - 1陽台,,有對外窗;陽台,https://www.rakuya.com.tw/rent/rent_item?ehid=0701f029377797f,a319e3e9c1dc7b9c6cdd06645eae5d33.jpeg,2.23790071148814
314,✨精武車站✅可租補✨整棟三戶✨子母車✨飲水機✨,,7499,13.0,0.0,2,1,台中市,台中市北區東光路,,電梯大廈,1房1衛,,有對外窗,https://www.rakuya.com.tw/rent/rent_item?ehid=014b46293772627,54823b725d7fd43775b5b518802c0b8c.jpeg,0.9990948868283424
315,電梯/木質調/超美/可租補,,13800,9.0,0.0,8,1,台中市,台中市西區柳川東路二段,,透天厝,1房1衛 - 1陽台,,有對外窗;陽台,https://www.rakuya.com.tw/rent/rent_item?ehid=0bc9a9293775735,19bbeb613555006a51c39d37c30fb1ca.jpeg,1.1109854127381897
316,逢甲商圈✨可租補✨可寵✨台水電✨中國醫✨僑光✨電梯,,4999,10.0,0.0,4,1,台中市,台中市西屯區慶和街,,公寓,1房1衛,,有對外窗,https://www.rakuya.com.tw/rent/rent_item?ehid=07df71293774882,e825a9536f4064f83fc67d7a5cd6ddea.jpeg,1.937762447997473
317,全新質感⭐陽台獨洗✨衛浴開窗✨子母車,,13999,15.0,0.0,2,0,台中市,台中市北屯區中清路二段,,透天厝,開放式格局,,有對外窗;陽台,https://www.rakuya.com.tw/rent/rent_item?ehid=030777293737052,44dea528f874c4d7c564641c0d070ab9.jpeg,0.8194504123823622
318,L0O66）捷運永安市場站【超值租案】可補助★獨洗,,13800,6.0,20.0,2,1,新北市,新北市中和區新興街,,公寓,1房1衛,,,https://www.rakuya.com.tw/rent/rent_item?ehid=02bebb293739539,a389ce75c9e4bfcf9af0535f69603bf6.jpeg,0.8514362344174575
319,超級小資✨近中國醫✨對外窗✨乾淨明亮,,3999,6.0,0.0,2,0,台中市,台中市北區尚德街,,透天厝,開放式格局,,有對外窗,https://www.rakuya.com.tw/rent/rent_item?ehid=094f9e293737804,d7153745d0cbd804f15d657f9be0f3c5.jpeg,6536.634158539635
320,M0K22）近福和橋【超值租案】獨立洗衣★附傢俱,,9000,8.0,20.0,4,1,新北市,新北市永和區成功路一段,,公寓,1房1衛,,,https://www.rakuya.com.tw/rent/rent_item?ehid=0da240293614230,8230d0f8efc6fa06470afcfd53969355.jpeg,0.6140454681456353
321,✨葳格國際✅可雙租補✨可寵✨陽台獨洗✨子母車✨飲水,,7699,13.0,0.0,4,1,台中市,台中市北屯區軍和街,,透天厝,1房1衛 - 1陽台,,有對外窗;陽台,https://www.rakuya.com.tw/rent/rent_item?ehid=09f86829377621e,b724019ca09ff46b8c970880d334bb41.jpeg,0.6194987909824402
322,小資可租補✨台水台電✨陽台獨洗✨子母車✨文心中清,,8499,12.0,0.0,4,1,台中市,台中市北區山西路二段,,電梯大廈,1房1衛 - 1陽台,,有對外窗;陽台,https://www.rakuya.com.tw/rent/rent_item?ehid=0eed5f293769303,c66ed5a88fbd7b32f834ad8f9fc9a4aa.jpeg,1.2588111496116217
323,✨曉明女中✅可租補✨陽台獨洗✨台水電✨子母車✨社宅,,8499,12.0,0.0,12,1,台中市,台中市北區漢口路四段,,電梯大廈,1房1衛 - 1陽台,,有對外窗;陽台,https://www.rakuya.com.tw/rent/rent_item?ehid=0773f029374026d,141f185a75c1c2610c6dad2dfe0662b6.jpeg,1.6165891977701583
324,全新裝潢✨獨洗獨曬✨絕美採光✨住戶單純✨可租屋補助,,8999,16.0,0.0,2,1,台中市,台中市西屯區中工二路,,透天厝,1房1衛,,,https://www.rakuya.com.tw/rent/rent_item?ehid=0d9812293740712,d93d2181a5e11b8afb3163b55c5a66dd.jpeg,0.5617080348093039
325,勤美草悟道✨SOGO✨美術館✨陽台獨洗✨可租補,,6999,10.0,0.0,5,1,台中市,台中市西區美村路一段,,公寓,1房1衛 - 1陽台,,有對外窗;陽台,https://www.rakuya.com.tw/rent/rent_item?ehid=0333f6293776738,af13d0a34771e23e2f12b35acca538fa.jpeg,0.9961048830186751
326,Q1B18）近捷運三重國小【超值1房1廳】一層1戶,,12880,12.0,20.0,6,1,新北市,新北市三重區文化北路,,公寓,1房1廳1衛,,,https://www.rakuya.com.tw/rent/rent_item?ehid=065d91293754863,2d6be51dbf55335f0e7a329d5f25cbd6.jpeg,1.3910490165159273
327,雙租屋補助✨可寵物✨台水台電✨管理員代收✨子母車✨,,9999,15.0,0.0,9,1,台中市,台中市南區復興路三段,,電梯大廈,1房1衛 - 1陽台,,,https://www.rakuya.com.tw/rent/rent_item?ehid=049afe293778727,90f14f653eed4234c2cd3b477c663c46.jpeg,0.5557409091415434
328,✨一中商圈✅可租補✅可貓✅陽台獨洗✨子母車✨可短租,,7799,12.0,0.0,3,1,台中市,台中市北區瑞祥街,,透天厝,1房1衛 - 1陽台,,有對外窗;陽台,https://www.rakuya.com.tw/rent/rent_item?ehid=03cb36293775659,bcc33f048cdfcca7fd79cfb327f4a6d6.jpeg,0.8540678821072618
329,好運蛇進來✨三大房適合好友合租✨最省台水電✨快來電,,18499,30.0,0.0,13,3,台中市,台中市北屯區松竹路二段,,電梯大廈,3房1廳2衛 - 2陽台1廚房,,有對外窗,https://www.rakuya.com.tw/rent/rent_item?ehid=030b6c29374252e,4a1193dadf8adc32cda9c2866616b8d9.jpeg,0.5903102586616877
330,可貓⭐可短租⭐流理台⭐陽台獨洗⭐雙人沙發⭐全新整理,,13999,17.0,0.0,3,1,台中市,台中市北屯區柳陽西街,,公寓,1房1衛 - 1陽台,,有對外窗;陽台,https://www.rakuya.com.tw/rent/rent_item?ehid=0d1932293777909,c5ac67cdc41032b80f9c81888d0bce17.jpeg,2.1619339351184608
331,水湳低公設漂亮華廈三房,,25000,35.0,30.0,2,3,台中市,台中市北屯區雷中街,,華廈,3房2廳2衛 - 1陽台1廚房,,有對外窗;為邊間;有中庭;陽台,https://www.rakuya.com.tw/rent/rent_item?ehid=0f730929358281e,,0.3452244233251075
332,近中國醫⭐電梯⭐子母車⭐飲水機⭐陽台獨洗⭐衛浴開窗,,9499,12.0,0.0,3,1,台中市,台中市北屯區雷中街,,透天厝,1房1衛 - 1陽台,,有對外窗;陽台,https://www.rakuya.com.tw/rent/rent_item?ehid=06f35529377788f,e397440036faf4d458c235d9591d680e.jpeg,0.38507976883961115
333,陽台獨洗♥️子母車✨浴室開窗✨網路第四台,,9499,13.0,0.0,3,1,台中市,台中市北屯區雷中街,,透天厝,1房1衛 - 1陽台,,,https://www.rakuya.com.tw/rent/rent_item?ehid=084b8129373992d,45adce6b4869578a2e0002b69d1e95bf.jpeg,0.38507976883961115
334,貓奴首選✨可短租✨全新裝潢✨一房一廳小豪宅✨,,13999,20.0,0.0,3,1,台中市,台中市北屯區柳陽西街,,電梯大廈,1房1廳1衛 - 1陽台,,,https://www.rakuya.com.tw/rent/rent_item?ehid=0b6eb2293778789,a91549d561ca90f080193c25f077c37a.jpeg,2.1619339351184608
335,✨逢甲大學✅可雙租補✨子母車✨陽台獨洗曬✨機車位✨,,9499,12.0,0.0,3,1,台中市,台中市西屯區逢甲路,,電梯大廈,1房1衛 - 1陽台,,有對外窗;陽台,https://www.rakuya.com.tw/rent/rent_item?ehid=075f1929373978c,64e781dbb6424ed55f79a4ae198c79f3.jpeg,1.5993312996741251
336,陽台獨洗✨專屬機車位可雙租補有子母車飲水機,,5799,7.0,0.0,1,0,台中市,台中市東區自強街,,透天厝,開放式格局,,有對外窗;陽台,https://www.rakuya.com.tw/rent/rent_item?ehid=06bf53293745169,8beea9cd4e7331c3579022e08a76d655.jpeg,0.6318667912974616
337,O0S88）致理科大【超值租案】附傢俱★對外窗,,8500,5.0,20.0,2,1,新北市,新北市板橋區幸福路,,公寓,1房1衛,,,https://www.rakuya.com.tw/rent/rent_item?ehid=06ca8b293754905,4640eec3169fdb0bb28e46cae9a1615b.jpeg,0.9719669036379058
338,康寧中興2房出租,,16500,12.0,0.0,1,2,新北市,新北市汐止區康寧街,,公寓,2房1廳1衛 - 1陽台,,有對外窗;為邊間;陽台,https://www.rakuya.com.tw/rent/rent_item?ehid=0559d0293737343,5cc24fef1c4bc014ce21302c83a865e6.jpeg,0.5781732624319444
339,✨超大套房✅可租補✨陽台獨洗曬✨流理臺✨可外籍✨,,9999,17.0,0.0,2,1,台中市,台中市大肚區育樂街,,透天厝,1房1衛 - 1陽台,,有對外窗;陽台,https://www.rakuya.com.tw/rent/rent_item?ehid=02e726293732887,debe7b6fd0798a40d781f2c839bd5f0e.jpeg,0.14713712800169662
340,逢甲☄️CP值高⭐️機車位✨洗衣機,,3999,10.0,0.0,10,1,台中市,台中市西屯區福星路,,電梯大廈,1房1衛,,有對外窗,https://www.rakuya.com.tw/rent/rent_item?ehid=05372629373702a,03c5c5c6f0b4700ba100845b5f153874.jpeg,2.030736661315302
341,✨蛇麼都順✨可寵✨雙租補✨獨洗曬✨可短租✨近中國醫,,11000,14.0,0.0,1,1,台中市,台中市北區太原七街,,透天厝,1房1廳1衛,,有對外窗,https://www.rakuya.com.tw/rent/rent_item?ehid=0d534f29374942b,5d779dacdfbc28fcd6b17b5ee1cd1429.jpeg,0.7363560525091949
342,✨全新釋出✨可租補✨陽台獨洗✨流理臺✨飲水機,,12999,15.0,0.0,6,1,台中市,台中市西屯區福安六街,,電梯大廈,1房1衛 - 1陽台,,有對外窗;陽台,https://www.rakuya.com.tw/rent/rent_item?ehid=03e107293736879,5266c62d565e14f22c8d0b11dc2def4b.jpeg,0.6046272226807606
343,✨松竹車站✨可租補✨可貓✨陽台獨洗✨流理臺✨子母車,,8999,13.0,0.0,2,1,台中市,台中市北屯區松竹路二段,,電梯大廈,1房1衛 - 1陽台,,有對外窗;陽台,https://www.rakuya.com.tw/rent/rent_item?ehid=0293c1293772960,76616a72707f360f0e0c8db20cde3399.jpeg,0.6412330074794383
344,✨新光三越✨小資最愛✅可雙租補✨可寵✨投幣共洗✨,,5499,8.0,0.0,4,1,台中市,台中市西區大隆路,,透天厝,1房1衛,,有對外窗,https://www.rakuya.com.tw/rent/rent_item?ehid=0153c029377479c,43470df7aa3554bca5e7946322d5cf10.jpeg,1.5917888897792971
345,✨一房一廳✨可貓✨陽台獨洗✨流理臺✨可短租,,13999,17.0,0.0,2,1,台中市,台中市北屯區柳陽西街,,公寓,1房1廳1衛 - 1陽台,,有對外窗;陽台,https://www.rakuya.com.tw/rent/rent_item?ehid=06d803293734300,ea8e28cb1d4a264a8c13241691b8489d.jpeg,2.1619339351184608
346,M1B55）捷運頂溪【超值1房1廳】採光優★附傢俱,,17000,12.0,20.0,6,1,新北市,新北市永和區中正路,,公寓,1房1廳1衛,,,https://www.rakuya.com.tw/rent/rent_item?ehid=010f4c293756185,3a6ce82886e8ea086d44f124f44744d7.jpeg,0.8746570921891275
347,✨中國醫✅可短租✨子母車✨投幣洗衣✨全新變頻冷氣,,6499,12.0,0.0,4,1,台中市,台中市北區華中街,,電梯大廈,1房1衛,,有對外窗,https://www.rakuya.com.tw/rent/rent_item?ehid=0950f1293776505,f3b435b30213bf662c8a88b38ef144ec.jpeg,1.924534026841655
348,✨東海精挑細選✨可租補✨陽台獨洗✨電梯上樓✨,,11000,14.0,0.0,3,1,台中市,台中市龍井區新興路,,電梯大廈,1房1廳1衛 - 1陽台,,有對外窗;陽台,https://www.rakuya.com.tw/rent/rent_item?ehid=098454293745628,2a6342e762718149650305a457b3b68e.jpeg,0.3440916133220537
349,✨電梯新屋✨租屋補助✨陽台獨洗✨加賴約看✨百萬裝潢,,12999,15.0,0.0,7,1,台中市,台中市西屯區福安六街,,電梯大廈,1房1衛 - 1陽台,,有對外窗;陽台,https://www.rakuya.com.tw/rent/rent_item?ehid=055213293756525,18c9be974c42af08e9ecb9cdb777979f.jpeg,0.6046272226807606
350,✨小資超大間⭐陽台獨洗✨管理員✨子母車,,8499,10.0,0.0,12,0,台中市,台中市北區漢口路四段,,透天厝,開放式格局,,有對外窗;陽台,https://www.rakuya.com.tw/rent/rent_item?ehid=0c242d293734342,54a2b306dd633b4f086390f3797c92b5.jpeg,1.6165891977701583
351,興大學生首選✨租屋補助✨可寵✨子母車✨陽台獨洗曬,,9999,15.0,0.0,2,1,台中市,台中市南區南門路,,電梯大廈,1房1衛 - 1陽台,,,https://www.rakuya.com.tw/rent/rent_item?ehid=01c73a293778660,e38b7e3539fad86e85f7175d61b0c5fd.jpeg,0.0
352,福蛇迎春逢甲路✨可雙租補助✨陽台獨洗✨生活機能便捷,,9499,12.0,0.0,3,0,台中市,台中市西屯區逢甲路,,電梯大廈,開放式格局,,有對外窗;陽台,https://www.rakuya.com.tw/rent/rent_item?ehid=04ca6829374658b,a44bad6e0ebacf686b26a7dc2c2a09c0.jpeg,1.5993312996741251
353,⭐電梯⭐可租補⭐機車位⭐木質地⭐陽台獨洗⭐衛浴開窗,,11499,14.0,0.0,6,1,台中市,台中市北屯區后庄北路,,透天厝,1房1衛 - 1陽台,,有對外窗;陽台,https://www.rakuya.com.tw/rent/rent_item?ehid=0573d6293777919,c575e29ead6228d61a9b2ca6ad392422.jpeg,0.2083262740549092
354,可租補⭐逢甲小資⭐代收包裹⭐子母車飲水機⭐共洗曬,,7999,8.0,0.0,10,1,台中市,台中市西屯區福星路,,電梯大廈,1房1衛,,有對外窗,https://www.rakuya.com.tw/rent/rent_item?ehid=058ea129377170b,81f6a785c087912c35340eff59035b9b.jpeg,1.8621947526251679
355,可寵⭐可雙租補、可工作室⭐流理台⭐子母車⭐投幣共洗,,13499,16.0,0.0,3,1,台中市,台中市北屯區興安路一段,,透天厝,1房1衛,,有對外窗,https://www.rakuya.com.tw/rent/rent_item?ehid=07228929377816d,f062ad78432b6b279d606dfbdae96fa3.jpeg,1.948164686056455
356,L3J93）捷運中和5分【超值3房1廳】可寵★補助,,26000,27.0,20.0,3,3,新北市,新北市中和區福美路,,公寓,3房1廳1衛 - 2陽台1廚房,,,https://www.rakuya.com.tw/rent/rent_item?ehid=0c2531293740159,915b2fbb22fd356a8593071d8cd67def.jpeg,0.9205896732351847
357,✨近一中商圈✨可貓✨可租補✨可短租✨陽台獨洗✨,,7799,12.5,0.0,3,1,台中市,台中市北區瑞祥街,,透天厝,1房1衛 - 1陽台,,有對外窗;陽台,https://www.rakuya.com.tw/rent/rent_item?ehid=033d2829376287c,a581a6c9c1e5b8d2260a7d991090d01a.jpeg,0.8540678821072618
358,好運金蛇來太原路一段✨超合適好友合租✨可租補✨車位,,28000,28.0,0.0,9,2,台中市,台中市北區太原路一段,,電梯大廈,2房2廳1衛 - 1廚房,,有對外窗,https://www.rakuya.com.tw/rent/rent_item?ehid=059aa229374298a,38dbbf203ba7b726e268c0175420c6cc.jpeg,1.6281955157073336
359,C0D66）捷運行天宮4分【超值】飲水機★獨立衛浴,,10000,5.0,20.0,3,1,台北市,台北市中山區民生東路二段,,公寓,1房1衛,,,https://www.rakuya.com.tw/rent/rent_item?ehid=098b40293748967,ba979a20055f40cddff7c9c0456b6d5b.jpeg,2.6394720791894366e-05
360,電梯套房✨可租補✨全新家具✨流理臺✨中興大中山醫,,7499,11.2,0.0,12,1,台中市,台中市南區五權南路,,電梯大廈,1房1衛 - 1陽台,,有對外窗;陽台,https://www.rakuya.com.tw/rent/rent_item?ehid=0ab3fe293770936,2a72cb739fd36784e935d2a9d0592a16.jpeg,0.0
361,✨洲際W✨精裝兩房✨家具全配✨含平車位✨美景,,29999,25.0,0.0,4,2,台中市,台中市北屯區四平路/總太洲際W,,電梯大廈,2房2廳1衛 - 2陽台,,有對外窗;陽台,https://www.rakuya.com.tw/rent/rent_item?ehid=0adac029376416b,4d0277810e10673026a4d3e9dd387286.jpeg,0.0
362,逢甲商圈旁✨雙租屋補助✅報稅✅入籍✅短租✅,,11499,15.0,0.0,2,1,台中市,台中市西屯區西安街,,電梯大廈,1房1衛 - 1陽台,,,https://www.rakuya.com.tw/rent/rent_item?ehid=06213f29377876c,ae9302b8601550df0b4111bdbd99a194.jpeg,1.660741846691248
363,⭐電梯⭐三房⭐可貓⭐可雙租補⭐子母車⭐現況出租,,23999,40.0,0.0,4,3,台中市,台中市北屯區遼陽北二街,,華廈,3房1廳1衛 - 1陽台,,有對外窗;陽台,https://www.rakuya.com.tw/rent/rent_item?ehid=01162f29377834c,8fa8aebb86c374436e9fff591a2f2a7a.jpeg,1.8715587316311375
364,⭐可寵⭐可雙租補⭐獨洗曬⭐子母車⭐飲水機⭐木質地板,,7699,10.0,0.0,4,1,台中市,台中市北屯區軍和街,,透天厝,1房1衛,,有對外窗,https://www.rakuya.com.tw/rent/rent_item?ehid=0d733b293777854,90bb841bd3ec5055edfb2e18f765ce0e.jpeg,0.6194987909824402
365,秒殺小資族♥️可雙租補♥️獨洗曬✨子母車✨,,6500,8.0,0.0,3,1,台中市,台中市沙鹿區鎮南路二段,,透天厝,1房1衛 - 1陽台,,,https://www.rakuya.com.tw/rent/rent_item?ehid=0f3359293739062,2e017595fc2419dcf947ec3eb0858e77.jpeg,0.13402377083899827
366,國軍醫✨中國醫✨科博館✨SOGO✨捷運站✨平面車位,,28499,30.0,0.0,9,2,台中市,台中市北區太原路一段,,電梯大廈,2房2廳1衛 - 1陽台,,有對外窗;陽台,https://www.rakuya.com.tw/rent/rent_item?ehid=06b153293777206,222c589043e65f71278bad79ec25a2fc.jpeg,1.6251313390058164
367,✨水湳商圈✅可租補✨台電分算✨子母車✨固定機車位,,14999,13.0,0.0,2,1,台中市,台中市西屯區順平路,,電梯大廈,1房1衛 - 1陽台,,有對外窗;陽台,https://www.rakuya.com.tw/rent/rent_item?ehid=05c9d1293775882,6588906bb3343b1d23ad5f4e450f2fb3.jpeg,0.6688523667565792
368,✨東海大學✨可租補✨大空間✨子母車✨獨洗窗曬,,9999,13.0,0.0,2,1,台中市,台中市西屯區中工二路,,透天厝,1房1衛,,有對外窗;陽台,https://www.rakuya.com.tw/rent/rent_item?ehid=02b2a8293739964,8a752145b64e0322646fe3d19bf0c7c5.jpeg,0.5547467393577481
369,獨洗曬♥️可雙租補✨子母車✨機車位,,9499,13.0,0.0,3,1,台中市,台中市西屯區逢甲路,,電梯大廈,1房1衛 - 1陽台,,,https://www.rakuya.com.tw/rent/rent_item?ehid=0e0f4629373972c,ab4902d7b68b51b88d741f81a7c25ac4.jpeg,1.5993312996741251
370,L2I72）自強公園【全新2房1廳】貓★補助★獨洗,,24499,16.0,20.0,1,2,新北市,新北市中和區國光街,,公寓,2房1廳1衛 - 1陽台1廚房,,,https://www.rakuya.com.tw/rent/rent_item?ehid=0b4698293742928,016749840207ba76e2e58255fb87fe28.jpeg,0.6047901167782405
371,✨租金降價✅可雙租補✨可貓✨地下機車位✨垃圾處理,,15999,15.0,0.0,4,1,台中市,台中市北區漢口路三段,,電梯大廈,1房1衛 - 1陽台,,有對外窗;陽台,https://www.rakuya.com.tw/rent/rent_item?ehid=0ec38e293775163,d4ecda03504870690ffdac442de87522.jpeg,0.8118722011392612
372,✨南區精選✨可租補✨陽台獨洗✨中興大✨,,8100,12.0,0.0,12,1,台中市,台中市南區五權南路,,電梯大廈,1房1衛 - 1陽台,,有對外窗;陽台,https://www.rakuya.com.tw/rent/rent_item?ehid=0dd98929374327b,128a75dae904affd0cb45e2b34da0a6d.jpeg,0.0
373,G0H66）捷運中山1分【超值租案】採光★獨立衛浴,,8500,6.0,20.0,2,1,台北市,台北市大同區南京西路,,公寓,1房1衛,,,https://www.rakuya.com.tw/rent/rent_item?ehid=04298b29375441f,e2bbb8c0245a826c8a34af2602337425.jpeg,4698.823529411765
374,超小資超大間⭐獨洗窗曬✨管理員✨子母車,,6299,8.0,0.0,8,0,台中市,台中市東區大勇街,,電梯大廈,開放式格局,,有對外窗,https://www.rakuya.com.tw/rent/rent_item?ehid=0fdb8e293736112,9501f7413919c004085ac0d4b8b0473d.jpeg,0.1250836523100512
375,P0B39）近捷運石牌【超值大空間】獨洗衣機★陽台,,13500,8.0,20.0,1,1,台北市,台北市北投區石牌路一段,,電梯大廈,1房1衛,,,https://www.rakuya.com.tw/rent/rent_item?ehid=093bc0293754194,baa8a89d800b27048033c258fbc8431e.jpeg,0.7854042502698635
376,N3G43）捷運陽光運動公園【超值3房2廳】景觀戶,,29000,30.0,20.0,11,3,新北市,新北市新店區安民街,,電梯大廈,3房2廳1衛 - 1陽台1廚房,,,https://www.rakuya.com.tw/rent/rent_item?ehid=07a99a293756361,1906dbc459e11b2bf34f832063d6284d.jpeg,0.22593167056512375
377,✨電梯新屋✨租屋補助✨陽台獨洗✨流理台✨加賴約看✨,,14000,13.0,0.0,4,1,台中市,台中市南屯區黎明路二段,,電梯大廈,1房1衛 - 1陽台,,有對外窗;陽台,https://www.rakuya.com.tw/rent/rent_item?ehid=01f0db29376156d,b358a1f34f2f4b124412e75bfe2018d1.jpeg,0.5651006471970196
378,東海大學首選✨租屋補助✨子母車✨獨洗精裝潢✨,,8999,15.0,0.0,2,1,台中市,台中市西屯區中工二路,,透天厝,1房1衛 - 1陽台,,,https://www.rakuya.com.tw/rent/rent_item?ehid=083253293778752,cc78ae629dfa02cebf03de1447b818dc.jpeg,0.5617080348093039
379,S0A93）近清水高中【超值租案】低樓層★變頻冷氣,,9500,6.0,20.0,2,1,新北市,新北市土城區延安街,,公寓,1房1衛,,,https://www.rakuya.com.tw/rent/rent_item?ehid=0478e929375651f,c3f45e6c667f29910ba585af3df5f6bd.jpeg,0.3490679617797681
380,租屋補助✅短租✅流理臺✅子母車✅獨洗曬✅超大露臺✅,,15999,23.0,0.0,8,1,台中市,台中市南屯區保安一街,,電梯大廈,1房1廳1衛 - 1陽台1廚房,,,https://www.rakuya.com.tw/rent/rent_item?ehid=0d410e293778392,79387fa9306d6a25e144108c391abf47.jpeg,0.2128574448462564
381,C2H74）捷運中山國小站4分【超值2房】房皆有窗,,23000,10.0,20.0,3,2,台北市,台北市中山區新生北路二段,,電梯大廈,2房1廳1衛 - 1廚房,,,https://www.rakuya.com.tw/rent/rent_item?ehid=02b3d829374887e,617df24031d7d9f312248cfd9a7505bc.jpeg,6.494709332468807e-06
382,✨中興大學✅可租補✨陽台獨洗✨流理臺✨全新家具✨,,6999,12.0,0.0,12,1,台中市,台中市南區五權南路,,電梯大廈,1房1衛 - 1陽台,,有對外窗;陽台,https://www.rakuya.com.tw/rent/rent_item?ehid=0b0ab6293764644,3214990dde535a0e3a5c1b9f9d6f0786.jpeg,0.0
383,⭐電梯⭐三房⭐台水電⭐雙衛浴⭐木質地板⭐現況出租,,20499,40.0,0.0,13,3,台中市,台中市北屯區松竹路二段,,電梯大廈,3房1廳2衛 - 2陽台1廚房,,有對外窗;陽台,https://www.rakuya.com.tw/rent/rent_item?ehid=03ef55293778502,560b3e1ca2b37b5a7419820aa069599f.jpeg,0.5836610932958476
384,雙租屋補助✨短租✨貓奴✨流理台✨子母車✨乾溼分離✨,,10499,16.0,0.0,3,1,台中市,台中市北屯區瀋陽北路,,透天厝,1房1衛 - 1陽台,,,https://www.rakuya.com.tw/rent/rent_item?ehid=05f5b629377864b,a68e7c9560cd64f31ec43a14cea4ef91.jpeg,1.1031542629316462
385,金蛇送福✨全新電梯獨洗曬✨台積電首選✨機車位✨採光,,8999,14.0,0.0,5,0,台中市,台中市大雅區中科路,,電梯大廈,開放式格局,,有對外窗;陽台,https://www.rakuya.com.tw/rent/rent_item?ehid=037dbb29374539a,04a70c807be3547df678e78dc9c4b802.jpeg,0.0895914249068603
386,✨精選中精選✨可寵✨可租補✨陽台獨洗✨忠孝夜市✨,,9999,13.0,0.0,2,1,台中市,台中市南區南門路,,電梯大廈,1房1衛 - 1陽台,,有對外窗;陽台,https://www.rakuya.com.tw/rent/rent_item?ehid=067d3f293761457,c340f9d4bb5550a424ea088bb5ebbafc.jpeg,0.0
387,馬上看✨雙租屋補助✨高檔傢俱✨管理員代收✨子母車,,9499,15.0,0.0,3,1,台中市,台中市西屯區逢甲路,,電梯大廈,1房1衛 - 1陽台,,,https://www.rakuya.com.tw/rent/rent_item?ehid=06b86a29377874e,b6bc10c5155a10bbc9adc4c61f765062.jpeg,1.5993312996741251
388,四維捷運✨台水電✨全新傢俱✨陽台獨洗✨可寵+可租補,,9999,12.0,0.0,13,0,台中市,台中市北屯區天津路四段,,透天厝,開放式格局,,有對外窗,https://www.rakuya.com.tw/rent/rent_item?ehid=0c0b3c293726316,66105205cd829887d369f5340a35ad5a.jpeg,2.1792201660791823
389,✨東海大學✨可租補✨可貓✨獨洗窗曬✨子母車✨飲水機,,6799,11.0,0.0,2,1,台中市,台中市西屯區台灣大道四段,,透天厝,1房1衛,,有對外窗,https://www.rakuya.com.tw/rent/rent_item?ehid=0eb0a1293774343,dc7841c619e32ccfcbac2712fdd2f8e0.jpeg,0.6456028470649277
390,水湳秒殺✨可雙租補✨可貓✨陽台獨洗✨流理台✨乾溼衛,,10499,13.0,0.0,3,1,台中市,台中市北屯區山西路二段,,透天厝,1房1衛 - 1陽台,,有對外窗;陽台,https://www.rakuya.com.tw/rent/rent_item?ehid=01ae1b293737614,32afc47d567c89494740a9b72dc62ea1.jpeg,1.1426938422481927
391,M9B41）捷運頂溪2分【超值店面】可營登★可輕食,,33000,29.0,20.0,1,0,新北市,新北市永和區復興街,,公寓,,,,https://www.rakuya.com.tw/rent/rent_item?ehid=0333d8293739826,a11179ac505c0cb156dd0bc4463ef27a.jpeg,0.7478157749999533
392,✨中興大學✨可租補✨可寵✨陽台獨洗✨子母車✨飲水機,,8999,12.0,0.0,3,1,台中市,台中市南區南門路,,電梯大廈,1房1衛 - 1陽台,,有對外窗;陽台,https://www.rakuya.com.tw/rent/rent_item?ehid=00462e293762939,241feaf6d43494bdede3ccf8d3dfa3d8.jpeg,0.0
393,G2D47）捷運大橋頭【超值2房】可補助★獨立陽台,,27000,23.0,20.0,1,2,台北市,台北市大同區昌吉街,,公寓,2房1廳1衛 - 1陽台1廚房,,,https://www.rakuya.com.tw/rent/rent_item?ehid=0c4419293749323,00c2176e96a5defc70632b26dcb6e77a.jpeg,1.517149795564266
394,✨全新完工✨可貓✨陽台獨洗✨衛浴開窗✨超大電視✨,,11499,14.0,0.0,1,1,台中市,台中市大雅區月祥路,,透天厝,1房1廳1衛 - 1陽台,,有對外窗;陽台,https://www.rakuya.com.tw/rent/rent_item?ehid=07514d293747851,28d843973e6d31bfb21f5979575546b6.jpeg,0.07042014897630734
395,H0L37）近捷運龍山寺【超值租案】可補助★採光優,,8500,5.0,20.0,1,1,台北市,台北市萬華區貴陽街二段,,公寓,1房1衛,,,https://www.rakuya.com.tw/rent/rent_item?ehid=0cd99629374904b,e925cbd70df497a8328e67a04ea66900.jpeg,2.474005434598674
396,C0D69）捷運中山國中【超值租案】獨洗★女性首選,,12000,6.0,20.0,4,1,台北市,台北市中山區錦州街,,公寓,1房1衛,,,https://www.rakuya.com.tw/rent/rent_item?ehid=084e50293754583,71f78ab43b1af8e6531e168fe290d9b4.jpeg,2.253045332809211
397,水湳中國醫✨租屋補助✨台電計✨子母車✨固定機車位✨,,14999,20.0,0.0,2,1,台中市,台中市西屯區順平路,,電梯大廈,1房1衛 - 1陽台,,,https://www.rakuya.com.tw/rent/rent_item?ehid=0e3b26293778692,72d1462b97f537da9ba791a6883fc2ce.jpeg,0.6688523667565792
398,✨超秒殺✨台水電✨可租補✨陽台獨洗曬✨可入戶籍✨,,9999,15.0,0.0,5,1,台中市,台中市中區臺灣大道一段,,電梯大廈,1房1衛 - 1陽台,,有對外窗;陽台,https://www.rakuya.com.tw/rent/rent_item?ehid=09705929377423c,70a93451e995ad540e6a5bed23ce02cf.jpeg,1.261601455636169
399,超秒殺⭐雙租補⭐陽台獨洗⭐子母車⭐機車位⭐變頻冷暖,,9499,10.0,0.0,3,1,台中市,台中市西屯區逢甲路,,電梯大廈,1房1衛 - 1陽台,,有對外窗,https://www.rakuya.com.tw/rent/rent_item?ehid=07b3e0293771653,5e195a1980c6454780445de37569afde.jpeg,1.5993312996741251
400,H3C60）近捷運龍山寺站【稀有3房4衛】整棟出租,,35000,24.0,20.0,2,3,台北市,台北市萬華區大埔街,,透天厝,3房1廳4衛 - 1廚房,,,https://www.rakuya.com.tw/rent/rent_item?ehid=087b8329374858c,6b9593d96eb291c761db6078304b1881.jpeg,1.6309186592847902
401,✨全新完工✨實拍無釣魚✨可貓✨中科園區✨陽台獨洗✨,,11999,17.0,0.0,3,1,台中市,台中市大雅區月祥路,,透天厝,1房1廳1衛 - 1陽台,,有對外窗;陽台,https://www.rakuya.com.tw/rent/rent_item?ehid=01a250293748295,4be18ec631abbd07f3f965a2fb12869e.jpeg,0.0700737912360681
402,高大森河畔｜質感３房+平車｜一卡皮箱入住,,28000,43.49,3.1,8,3,高雄市,高雄市楠梓區援中路/都市森河畔,,電梯大廈,3房2廳2衛 - 2陽台,,有對外窗;有中庭;陽台,https://www.rakuya.com.tw/rent/rent_item?ehid=02e95129373696c,133df6cac5a87456a335259ce2e90c74.jpeg,0.3127056675977632
403,P0B40）捷運明德3分【超值租案】採光★獨立衛浴,,10500,7.0,20.0,4,1,台北市,台北市北投區自強街,,公寓,1房1衛,,,https://www.rakuya.com.tw/rent/rent_item?ehid=05c66529375431f,800dbfc90bc501630840e4e64ab2c5ea.jpeg,0.7492666684753168
404,智能家電✨電梯管理員✨可雙租補✨變頻冷暖✨機車位,,9499,12.0,0.0,3,1,台中市,台中市西屯區逢甲路,,電梯大廈,1房1衛 - 1陽台,,有對外窗;陽台,https://www.rakuya.com.tw/rent/rent_item?ehid=082e9e29373913f,d33ea7a0b8b4aae4b8be6a7235b918bf.jpeg,1.5993312996741251
405,A0R63）捷運後山埤【超值大空間】採光★乾溼分離,,10500,9.0,20.0,6,1,台北市,台北市信義區永吉路,,公寓,1房1衛,,,https://www.rakuya.com.tw/rent/rent_item?ehid=0072f7293752835,1c06eba1d90061086bb6c1b4a711f1a1.jpeg,1.3917776638697177
406,K0F26）海光公園【超值大空間】可補助★獨洗衣機,,17000,15.0,20.0,4,1,台北市,台北市士林區延平北路五段,,公寓,1房1衛,,,https://www.rakuya.com.tw/rent/rent_item?ehid=05de2a29251845e,826d86497b144ef2ff1cc8fe8b9c3b04.jpeg,0.43779627715990554
407,⭐電梯⭐兩房⭐乾溼分離⭐傢俱齊全⭐附平面車位,,29999,40.0,0.0,4,2,台中市,台中市北屯區四平路,,電梯大廈,2房2廳1衛 - 2陽台1廚房,,有對外窗;陽台,https://www.rakuya.com.tw/rent/rent_item?ehid=0e62b029377786b,7e0dd1c3a205ed71f4cfdc4b38bcbd43.jpeg,0.0
408,F2C34）木柵公園【超值2房1廳】採光優★附傢俱,,16000,20.0,20.0,4,2,台北市,台北市文山區木柵路一段,,公寓,2房1廳1衛,,,https://www.rakuya.com.tw/rent/rent_item?ehid=04d55029374869c,9b07eb29ac4b829fac642c07c9eb889e.jpeg,1.5493275957105688
409,✨中科園區✨台積電✨全新可貓✨獨洗曬✨衛浴開窗✨,,7999,12.0,0.0,3,1,台中市,台中市大雅區月祥路,,透天厝,1房1衛,,有對外窗,https://www.rakuya.com.tw/rent/rent_item?ehid=02e075293748925,6155879e817695840ae6de9c5c2fa39f.jpeg,0.07350768760362504
410,中路特區溫馨舒適漂亮美居含車位管理費,,28000,29.0,0.0,14,2,桃園市,桃園市桃園區慈文路/合展悦禾,,電梯大廈,2房2廳1衛 - 1陽台1廚房,,有對外窗;陽台,https://www.rakuya.com.tw/rent/rent_item?ehid=0b748f29374841c,8d89b977131321db9bc7dbd92eec2d2a.jpeg,0.31979248159431306
411,E0L14）近台北車站【超值租案】短租洽★獨立衛浴,,11000,6.0,20.0,2,1,台北市,台北市中正區中華路一段,,公寓,1房1衛,,,https://www.rakuya.com.tw/rent/rent_item?ehid=0a2647293750086,819d2e65df22210e078b65709c022b37.jpeg,3290.0
412,R3B40）新莊體育館【超值3房2衛】採光★附傢俱,,28000,30.0,20.0,4,3,新北市,新北市新莊區中平路,,公寓,3房2廳2衛 - 1陽台1廚房,,,https://www.rakuya.com.tw/rent/rent_item?ehid=017192293755391,87c6d5a84eb5cb3aa458e23130b99101.jpeg,0.6298405939433701
413,R0C08）捷運輔大【優質1房1廳】大空間★附傢俱,,20000,19.0,20.0,4,1,新北市,新北市新莊區建國一路,,公寓,1房1廳1衛 - 1廚房,,,https://www.rakuya.com.tw/rent/rent_item?ehid=0557a7293741908,043509efc8a3113a9502748c4103223f.jpeg,0.4860194479230833
414,✨東海.世貿中心✨可租補✨子母車✨大空間滿足妳✨,,89999,13.0,0.0,2,1,台中市,台中市西屯區中工二路,,透天厝,1房1廳1衛,,有對外窗,https://www.rakuya.com.tw/rent/rent_item?ehid=024a31293745842,82e90eb7474b42e423c0c7ba00fce1cc.jpeg,0.4390627234236543
415,C0D68）近捷運行天宮【大空間】可補助★精緻裝潢,,22000,10.0,20.0,5,1,台北市,台北市中山區松江路,,公寓,1房1衛,,,https://www.rakuya.com.tw/rent/rent_item?ehid=0e8343293753994,29a19e5bc68042d0977d80e0f3ccadfc.jpeg,0.9873973335483267
416,F0E86）近捷運萬芳醫院【超值租案】採光★大空間,,11500,18.0,20.0,7,1,台北市,台北市文山區興隆路三段,,公寓,1房1衛,,,https://www.rakuya.com.tw/rent/rent_item?ehid=06281929374862d,7adeecb6713b9e12594c863d4956d5f6.jpeg,0.9379477936250631
417,H3C62）近青年公園【超值3房】採光優★獨立陽台,,22000,24.0,20.0,6,3,台北市,台北市萬華區長泰街,,公寓,3房1廳1衛 - 1陽台,,,https://www.rakuya.com.tw/rent/rent_item?ehid=0d52e4293754075,b97b14a011adc5ca1ab8e824560e9211.jpeg,1.0128550916876942
418,S0A23）清水高中【超值租案】大空間★附傢俱,,7000,10.0,20.0,3,1,新北市,新北市土城區延吉街,,公寓,1房1衛,,,https://www.rakuya.com.tw/rent/rent_item?ehid=081e6f293754256,89e6a408ddea0230a73ec0c571d7e62e.jpeg,0.2936382956734473
419,奢華系統裝潢✨類一房一廳✨陽台獨洗✨台水電✨管理員,,22999,32.0,0.0,4,1,台中市,台中市西屯區文華路,,電梯大廈,1房1廳1衛 - 1陽台,,,https://www.rakuya.com.tw/rent/rent_item?ehid=065277293741871,1d428372446fb179124bf748974631c6.jpeg,1.7245875176711438
420,整棟超新✨可租補✨乾溼分離✨採光佳✨共洗烘衣,,7499,10.0,0.0,3,1,台中市,台中市清水區漁港路,,透天厝,1房1衛,,有對外窗,https://www.rakuya.com.tw/rent/rent_item?ehid=0a078829376943b,3b8aa8e90de1956f60d42a7f771028f5.jpeg,0.04938883065680786
421,R3B43）新莊高中【電梯3房2衛】有車位★有廚房,,35000,38.0,20.0,15,3,新北市,新北市新莊區幸福路,,公寓,3房2廳2衛 - 1陽台1廚房,,,https://www.rakuya.com.tw/rent/rent_item?ehid=038956293745287,eeca05c73f45a05350b7fcea48813d33.jpeg,0.4135698244764614
422,台中TOP1環球經貿中心✨全新裝修✨歡迎來電預約✨,,330000,45.58,0.0,3,0,台中市,台中市西屯區臺灣大道三段,,辦公,,,有對外窗,https://www.rakuya.com.tw/rent/rent_item?ehid=04260a293754178,3ae1df16837e8df2295da8cc32203d40.jpeg,0.7715676778430404
423,F3D67）捷運萬隆站【優質3房2衛】可補助★獨戶,,32000,29.0,20.0,5,3,台北市,台北市文山區羅斯福路五段,,公寓,3房2廳2衛,,,https://www.rakuya.com.tw/rent/rent_item?ehid=02c38d293756370,e62eb42223fd6a2b4a34fb4bd4cff5b9.jpeg,1.7974392348115242
424,D0K91）松江南京站4分【採光2房1廳】可補助,,30900,9.0,20.0,9,2,台北市,台北市中山區新生北路一段,,電梯大廈,2房1廳1衛 - 1陽台,,,https://www.rakuya.com.tw/rent/rent_item?ehid=0922e429375446a,5b5785631e83a7cb7946aebb29b23757.jpeg,3.7324382144991218e-06
425,舒榆推好地~國道一號旁近青海路廠房出租,,85000,97.0,0.0,1,0,台中市,台中市西屯區青海路二段,,廠房,,,,https://www.rakuya.com.tw/rent/rent_item?ehid=0bf6fd29377101f,0392cf0c0c1fc306ecc5345d6f98d2ca.jpeg,0.9296814098066403
426,M2E34）近永福橋【超值2房】房皆有窗★獨立陽台,,28000,23.0,20.0,2,2,新北市,新北市永和區國中路,,公寓,2房1廳1衛 - 1陽台1廚房,,,https://www.rakuya.com.tw/rent/rent_item?ehid=021fd7293756242,93c69a92c076aa9788f50e422d09cfb0.jpeg,0.643128370186901
427,R3B42）自強公園【優質3房2廳】寵物★獨立洗衣,,30000,27.0,20.0,5,3,新北市,新北市新莊區福樂街,,公寓,3房2廳1衛 - 2陽台1廚房,,,https://www.rakuya.com.tw/rent/rent_item?ehid=023d9429374328e,4f02218220b3bfad6c2182c99c0c944d.jpeg,0.605008667197073
428,N3G44）近中安大橋【超值3房2衛】陽台★採光優,,36000,43.0,20.0,5,3,新北市,新北市新店區溪園路,,電梯大廈,3房2廳2衛 - 1陽台1廚房,,,https://www.rakuya.com.tw/rent/rent_item?ehid=08f76129375688f,c790a1aec7cee9ee6890afe8de085cac.jpeg,0.8643910108851466
429,"永吉路套房出租，近捷運,公車,火車站交通極便利",,10000,6.0,0.0,3,1,台北市,台北市信義區永吉路,,透天厝,1房1衛,,有對外窗,https://www.rakuya.com.tw/rent/rent_item?ehid=0d74b2293722564,7b16664b91b53ca29079b57099876118.jpeg,1.399774576810871
430,170坪臨路大廠房可住辦規劃,,160000,170.0,0.0,1,0,台中市,台中市烏日區學田路,,廠房,,,,https://www.rakuya.com.tw/rent/rent_item?ehid=0ae03329376940e,1636e0f6e2078f7f8f60158c9cbd4697.jpeg,0.17512687537503602
431,L8A33）捷運中原【電梯辦公】貨梯★可營登★車位,,65000,69.0,20.0,2,0,新北市,新北市中和區中山路二段,,電梯大廈,開放式格局,,,https://www.rakuya.com.tw/rent/rent_item?ehid=08df31293748890,50b4cf272c61ae0ee1e9109b6f550f94.jpeg,1.1835617157463847
432,勝旺雲詠✦近華泰名品城 生活便利 機能美宅,,28000,40.0,0.0,8,2,桃園市,桃園市大園區領航北路三段/勝旺雲詠,,華廈,2房2廳1衛 - 1陽台1廚房,,有對外窗;有中庭;陽台,https://www.rakuya.com.tw/rent/rent_item?ehid=003e08293770992,f03450a06d1bc957ec38555bf67a838b.jpeg,0.31979248159431306
433,L8A33）捷運中原【優質】可營登★貨梯★可拆租,,130000,149.0,20.0,10,0,新北市,新北市中和區中山路二段,,公寓,開放式格局,,,https://www.rakuya.com.tw/rent/rent_item?ehid=0b176029374945a,7bc712b789fc0a2ad65b825a8595f530.jpeg,1.106985245036683
434,L8A33）捷運中原【電梯辦公】貨梯★營登★有車位,,65000,69.0,20.0,2,0,新北市,新北市中和區中山路二段,,辦公,,,,https://www.rakuya.com.tw/rent/rent_item?ehid=0a533b293749023,d110bd3ede99344a1124bf66b33da4b7.jpeg,1.1835617157463847
435,F0D78）捷運萬芳醫院站5分【超值租案】獨立衛浴,,11000,5.0,20.0,1,1,台北市,台北市文山區興隆路三段,,公寓,1房1衛,,,https://www.rakuya.com.tw/rent/rent_item?ehid=0e97cc293745717,465f41dce0b784d4eebcfa18d2318b61.jpeg,0.9428110205024272
436,H0J63）捷運西門4分【電梯租案】補助★垃圾代收,,17000,6.0,20.0,8,1,台北市,台北市萬華區西寧南路,,公寓,1房1衛,,,https://www.rakuya.com.tw/rent/rent_item?ehid=0b81a529374769f,6c79ce8eaae6a59a8579b1b69752cad6.jpeg,1.128932924400131e-05
437,高大藍田公園｜永久棟距｜景觀三房平車｜一卡皮箱入住,,30000,41.59,0.11,5,3,高雄市,高雄市楠梓區大學十一街/藍田玉,,電梯大廈,3房2廳2衛 - 2陽台,,有對外窗;有中庭;陽台,https://www.rakuya.com.tw/rent/rent_item?ehid=0018bc29373787e,bbb13ec9e58083e6b0a0f3c6f66b2342.jpeg,0.1749952394945022
438,新崛江商圈｜捷運｜好停車｜百坪店面✨黃金地段✨,,420000,171.77,22.2,4,0,高雄市,高雄市前金區五福三路,,透天厝,,,有對外窗;為邊間;陽台,https://www.rakuya.com.tw/rent/rent_item?ehid=096e6429373371d,4988a04ce17ca9b3ecd49cc7b298ef8a.jpeg,0.0
439,同德十一街透天住辦✦近同安國小 生活商業機能佳,,15000,6.0,37.0,2,0,桃園市,桃園市桃園區同德十一街,,透天厝,1衛,,有對外窗,https://www.rakuya.com.tw/rent/rent_item?ehid=0d85ee293768942,025fb78ec89620ceca46da509892f9ec.jpeg,0.7058473876772662
440,松山站，貓可談，新整理，有陽台天然瓦斯，垃圾代收,,24500,9.0,0.0,3,0,台北市,台北市信義區虎林街,,公寓,1廳1衛 - 1室1陽台1廚房,,為邊間;陽台,https://www.rakuya.com.tw/rent/rent_item?ehid=02454929347251d,84ac2ed217fd7ad915f2d769a9c31788.jpeg,1.1942979512631433
441,可入籍租補．大業機能便利美三房含車位管理費,,26000,40.0,0.0,3,3,桃園市,桃園市桃園區大業路一段/臻愛歐洲,,電梯大廈,3房2廳2衛 - 1陽台1廚房,,有對外窗;有中庭;陽台,https://www.rakuya.com.tw/rent/rent_item?ehid=00acbd293739082,de64d75b76c9bbe0fc442c2929e6dd3e.jpeg,0.6911119370359194
442,仁武全新獨棟辦公透天★仁雄路店面,,42000,49.12,1.1,3,0,高雄市,高雄市仁武區仁雄路,,透天厝,,,有對外窗;陽台,https://www.rakuya.com.tw/rent/rent_item?ehid=02102b293739907,8c90f1602d4dc17e60e364eff7a27fd0.jpeg,0.13329139903132722
443,A3E28）捷運永春站5分【精緻3房】採光優★電梯,,58000,36.0,20.0,7,3,台北市,台北市信義區虎林街,,電梯大廈,3房1廳1衛 - 1陽台1廚房,,,https://www.rakuya.com.tw/rent/rent_item?ehid=081fad29375450b,7062310efbd4ce2b696bfccf3eec5b8b.jpeg,1.0919189489962302
444,K0F40）近捷運芝山站【優質租案】獨洗★天母商圈,,11999,8.0,20.0,5,1,台北市,台北市士林區克強路,,公寓,1房1衛,,,https://www.rakuya.com.tw/rent/rent_item?ehid=06a97b293749227,7e68f548d20766e4b4b21ac0b8a56596.jpeg,1.382010882711343
445,A3E23）信義國中【優質3房2衛】有警衛★可補助,,55000,40.0,20.0,5,3,台北市,台北市信義區莊敬路,,電梯大廈,3房2廳2衛 - 3陽台,,,https://www.rakuya.com.tw/rent/rent_item?ehid=001150292144473,7d98ffb9ed3099954042ea04be02b2ff.jpeg,1.2200055626583632
446,大業大興精華地段１＋２樓金店面．Ｇ３店鋪,,85000,60.0,0.0,2,0,桃園市,桃園市桃園區大業路一段/昇捷麗舍,,電梯大廈,,,有對外窗;陽台,https://www.rakuya.com.tw/rent/rent_item?ehid=08f03429374876a,6801cf4b7ad1ad20997885d24752dcea.jpeg,0.6124029031407144
447,D9A62）捷運忠孝敦化【黃金店面】三角窗★有人潮,,58800,14.0,20.0,1,0,台北市,台北市松山區八德路三段,,公寓,,,,https://www.rakuya.com.tw/rent/rent_item?ehid=0a527029374593c,d0cd04868d698743eef31ca1ea8b9fb7.jpeg,0.0
448,大業寶山．精華地段．金店面商辦工作室,,48000,24.0,0.0,1,0,桃園市,桃園市桃園區大業路一段,,透天厝,,,,https://www.rakuya.com.tw/rent/rent_item?ehid=023c33293731271,f5f985b3daae9efa64cb9d522b40addb.jpeg,0.6481955716944338
449,B1C23）捷運六張犁站4分【電梯1房1廳】採光優,,38000,27.0,20.0,2,1,台北市,台北市大安區和平東路三段,,電梯大廈,1房1衛,,,https://www.rakuya.com.tw/rent/rent_item?ehid=0deaf529374823d,4cca515d95e867d32909835dcf6007c1.jpeg,1.42655976425313
450,小檜溪全新第一手入住雙陽台美三房含車位管理費,,35600,46.0,0.0,3,3,桃園市,桃園市桃園區青溪一路/德友秀川,,電梯大廈,3房2廳2衛 - 2陽台1廚房,,有對外窗;為邊間;有中庭;陽台,https://www.rakuya.com.tw/rent/rent_item?ehid=03e22c29373134f,2f2a924459c29f54beb0698f7fd94d83.jpeg,0.7177120244680413
451,可入籍補助．南崁精華地段超值三房輕鬆入住,,22000,37.0,0.0,3,3,桃園市,桃園市蘆竹區聯福街,,公寓,3房2廳2衛 - 1陽台1廚房,,有對外窗,https://www.rakuya.com.tw/rent/rent_item?ehid=073baf293749205,78abf1f175568d1adac0cd78901732a9.jpeg,0.355499408303311
452,竹北租辦 台元科技園區廠辦,,72000,72.96,0.0,7,0,新竹縣,新竹縣竹北市台元街,,廠房,,,,https://www.rakuya.com.tw/rent/rent_item?ehid=0e7b36293729182,a4342afa1f895bf5fa08a683ab573096.jpeg,0.7945091240500792
453,170坪臨路廠房全新規劃,,70000,190.0,0.0,1,0,彰化縣,彰化縣伸港鄉中興二街,,廠房,,,,https://www.rakuya.com.tw/rent/rent_item?ehid=0de947293765184,a772c8ed7de62fefc0255728b1d4d816.jpeg,0.053221998284566405
454,北區 可貓 獨洗套房,,7800,8.0,0.0,6,1,台中市,台中市北區榮華街,,透天厝,1房1衛,,有對外窗,https://www.rakuya.com.tw/rent/rent_item?ehid=0bb98d29366372c,c63e1d1a926f227c8b73e19397c7b544.jpeg,2.460783391681485
455,北區近一中✨可狗貓✨可租補雙租補✨陽台獨洗衛浴開窗,,13000,12.0,3.0,6,1,台中市,台中市北區榮華街,,電梯大廈,1房1衛 - 1陽台,,有對外窗;陽台,https://www.rakuya.com.tw/rent/rent_item?ehid=0283c1293670088,3425107f5ee3fb0345b2fcb628cc9e6a.jpeg,2.3172350834946323
456,寵物的窩雙租屋補助✨可貓狗✨聯網電視✨暖心小窩,,13999,20.0,0.0,7,1,台中市,台中市南區合作街,,電梯大廈,1房1衛 - 1陽台,,,https://www.rakuya.com.tw/rent/rent_item?ehid=0c2dce293700150,643821df50d2435ebb6a4d77ff0112be.jpeg,1.2679011048063153
457,雙租補✨可貓可狗✨台水台電✨陽台獨洗✨變頻冷氣✨,,8999,14.0,0.0,13,1,台中市,台中市北屯區天津路四段,,電梯大廈,1房1衛 - 1陽台,,有對外窗;陽台,https://www.rakuya.com.tw/rent/rent_item?ehid=09b46229371551c,7ec9f1cc47631bed08fdfb1e5517a110.jpeg,2.206566330290312
458,龍井小資大坪數可租補✨可報稅可寵,,7299,9.0,0.0,3,0,台中市,台中市龍井區台灣大道五段,,透天厝,開放式格局,,有對外窗,https://www.rakuya.com.tw/rent/rent_item?ehid=0be021293699872,c6d4ef3fc7ff7cc617cac541b68cf476.jpeg,0.40776500638519453
459,中國醫✨可凸窗曬✨租屋補助✨小資首選,,3699,11.0,0.0,3,0,台中市,台中市北區學士路,,公寓,開放式格局,,有對外窗,https://www.rakuya.com.tw/rent/rent_item?ehid=0389be29368225d,154fbee5017eb3eaaa03e33eaafffd72.jpeg,0.1518367329380015
460,學生最愛✨海綿寶寶✨可租補✨好停機車✨還在等甚麼,,5999,12.0,0.0,3,1,台中市,台中市西屯區華夏巷西二弄,,透天厝,1房1衛,,有對外窗,https://www.rakuya.com.tw/rent/rent_item?ehid=052c5c29370477e,af58d84b67fb15a7688565bd63855a1c.jpeg,1.9119467483034387
461,東區大空間✨可租補✨陽台獨洗衛浴開窗✨電梯電磁爐,,11500,12.0,3.0,2,1,台中市,台中市東區練武路,,透天厝,1房1衛 - 1陽台,,有對外窗;陽台,https://www.rakuya.com.tw/rent/rent_item?ehid=039a0c293663194,98b6bd58e88241066b4ac4b655981fd0.jpeg,1.4416423856134963
462,全新整理✨超省租屋補助✨獨洗獨曬✨貓奴首選✨秒殺,,8499,15.0,0.0,1,1,台中市,台中市北屯區文昌二街,,透天厝,1房1衛 - 1陽台,,,https://www.rakuya.com.tw/rent/rent_item?ehid=044f4629367583c,0d8a422b6830d2f56322f9ef3148c883.jpeg,3053.3003882809744
463,台水台電✨租屋補助✨陽台獨洗✨管理員✨,,8500,12.0,0.0,12,1,台中市,台中市北區漢口路四段,,電梯大廈,1房1衛 - 1陽台,,有對外窗;陽台,https://www.rakuya.com.tw/rent/rent_item?ehid=045977293715490,65f0d6ed6146defbd9a97ac5aa06988d.jpeg,1.6165664351433366
464,近勤美公益✨可貓搶✨陽台獨洗✨小資首選✨,,6999,11.0,0.0,3,1,台中市,台中市西區向上路一段,,公寓,1房1衛 - 1陽台,,有對外窗;陽台,https://www.rakuya.com.tw/rent/rent_item?ehid=06f16d29371557b,4d5f151534786f9ccc887f17930e6867.jpeg,1.6114071701333357
465,近火車站秒殺✨台水電可貓可狗✨可租補浴缸流理臺,,12000,13.0,10.0,11,1,台中市,台中市中區成功路,,電梯大廈,1房1廳1衛 - 1廚房,,有對外窗,https://www.rakuya.com.tw/rent/rent_item?ehid=0630a3293653647,a93f32ea32d998171be48a2ac88cb122.jpeg,0.49148505100157736
466,順和八街金蛇添彩✨陽台獨洗✨可租屋補助✨機車位✨,,6599,10.0,0.0,4,0,台中市,台中市西屯區順和八街,,電梯大廈,開放式格局,,有對外窗;陽台,https://www.rakuya.com.tw/rent/rent_item?ehid=08ebf3293680287,86ed9b5f6f2590c5164afe128f9b4046.jpeg,0.3218957777371028
467,一中台體★共洗獨曬★可租屋補助★小資首選,,6999,10.0,0.0,2,1,台中市,台中市北區育才北路,,公寓,1房1廳1衛,,有對外窗,https://www.rakuya.com.tw/rent/rent_item?ehid=0aae8d293715484,cc1d5cca2c47e6b8e12bdc46916ca65b.jpeg,1.163159972774932
468,幸福就是你❤️可租補❤️有電梯❤️陽台獨洗,,11999,15.0,0.0,3,0,台中市,台中市北區自強街,,透天厝,開放式格局,,有對外窗,https://www.rakuya.com.tw/rent/rent_item?ehid=022789293693422,b5c096deb282184057e1f6e6c9c7077f.jpeg,0.6267711327226091
469,東海❤共洗獨曬❤機車位❤小資首選❤子母車,,5499,10.0,0.0,3,1,台中市,台中市龍井區遊園南路,,透天厝,1房1廳1衛,,有對外窗,https://www.rakuya.com.tw/rent/rent_item?ehid=07d652293715472,72cb3bac593291dd17a63b5ab2da4729.jpeg,0.283293523029895
470,當月限定✨台水台電✨可租補✨超級秒殺✨月底前秒殺,,7499,12.0,0.0,9,1,台中市,台中市西屯區河南路二段,,電梯大廈,1房1衛,,有對外窗,https://www.rakuya.com.tw/rent/rent_item?ehid=0e0d2229370458a,b7aca84d2d2a0a1e8b658f0b91881117.jpeg,1.3139486822654924
471,北區 可租補 陽台獨洗 電梯套房,,12000,8.0,0.0,6,1,台中市,台中市北區國強街,,透天厝,1房1衛 - 1陽台,,有對外窗;陽台,https://www.rakuya.com.tw/rent/rent_item?ehid=0a6c9d293704862,e62a3f4f977799b8243be7798f23ac7c.jpeg,0.6559622264852736
472,龍井大肚最秒殺可租補✨整棟全新可寵,,7999,10.0,0.0,5,0,台中市,台中市龍井區遊園南路,,電梯大廈,開放式格局,,有對外窗;陽台,https://www.rakuya.com.tw/rent/rent_item?ehid=048c2a293698387,d1075ea52752f30cd9124c7b577d5c2f.jpeg,0.2705491279855644
473,租屋補助✨台水電計✨子母車✨木地板✨景觀戶✨,,7499,13.0,0.0,9,1,台中市,台中市西屯區河南路二段,,電梯大廈,1房1衛,,,https://www.rakuya.com.tw/rent/rent_item?ehid=035618293684261,28ae3b4c84977ae3bb6c6373bf650d5b.jpeg,1.3139486822654924
474,中區 可寵 可租補 流理臺 台水電計費 電梯套房,,12000,8.0,0.0,11,1,台中市,台中市中區成功路/東協廣場(地上權),,電梯大廈,1房1衛,,有對外窗,https://www.rakuya.com.tw/rent/rent_item?ehid=09314c29366993e,fb351d85806acac4873c90eeb3163311.jpeg,0.49148505100157736
475,勤美綠園✨可貓貓✨陽台獨洗✨小資首選,,6999,13.0,0.0,3,0,台中市,台中市西區向上路一段,,公寓,開放式格局,,有對外窗;陽台,https://www.rakuya.com.tw/rent/rent_item?ehid=0a735429368075c,65d789a46a0abaab7b7d4e986fe1eea9.jpeg,1.6114071701333357
476,北區⛅可租補雙租補⛅可貓⛅採光讚讚⛅台灣大道⛅西屯,,11499,10.0,2.0,4,1,台中市,台中市北區日進街,,透天厝,1房1衛,,有對外窗,https://www.rakuya.com.tw/rent/rent_item?ehid=04109d293082499,115d599ad10b13cb9a764019fd6ea8a2.jpeg,1.1198759802482208
477,透天全新整理✨三房三衛一廚✨汽車位✨可多份租補,,29000,36.0,0.0,0,3,台中市,台中市沙鹿區平等一街,,透天厝,3房1廳3衛 - 2陽台1廚房,,有對外窗;陽台,https://www.rakuya.com.tw/rent/rent_item?ehid=0b365629304365f,cadf2066e10685654b7f5b91a6f3bb4a.jpeg,0.11473092645885191
478,上南崁商圈雙陽台２＋１房含管可入籍貓咪,,23000,30.0,0.0,7,2,桃園市,桃園市蘆竹區六福路/台北畫家B棟,,華廈,2房2廳2衛 - 1室2陽台1廚房,,有對外窗;陽台,https://www.rakuya.com.tw/rent/rent_item?ehid=0b2b54292993654,b64d7dd00c3f449daf58967adb16348d.jpeg,0.0
479,下南崁商圈生活便利２＋１房含管可入籍補助貓咪,,24000,30.0,0.0,6,2,桃園市,桃園市蘆竹區南昌路/新傳凱悅/麗寶薪傳,,華廈,2房2廳2衛 - 1室1陽台1廚房,,有對外窗;陽台,https://www.rakuya.com.tw/rent/rent_item?ehid=089272292993188,87a6f27980875a576b85e45f0ca4b6e1.jpeg,0.0
480,✨稀有可寵✨獨立洗脫烘✨雙租屋補助✨加賴約看✨,,13499,15.0,0.0,2,1,台中市,台中市西區美村路一段,,透天厝,1房1衛,,有對外窗;陽台,https://www.rakuya.com.tw/rent/rent_item?ehid=0f085c293034229,5fed85b6aff491bda97e0db2b39af196.jpeg,0.9217536217911271
481,✨電梯別墅✨雙租屋補助✨獨洗乾溼分離✨加賴約看✨,,10999,15.0,0.0,4,1,台中市,台中市太平區環太東路,,電梯大廈,1房1衛,,有對外窗,https://www.rakuya.com.tw/rent/rent_item?ehid=0fc3c6293034846,302e378bd0487e4f083bfca2ced6feaa.jpeg,0.5249910551265058
482,✨電梯美屋✨租屋補助✨採光陽台✨加賴約看✨汽車好停,,9999,15.0,0.0,7,1,台中市,台中市北屯區祥順路二段,,電梯大廈,1房1衛 - 1陽台,,有對外窗;陽台,https://www.rakuya.com.tw/rent/rent_item?ehid=003758293022115,0c32d88b6401caae620101521ccd2bf5.jpeg,0.4881373638434665
483,✨電梯美屋✨小資首選✨加賴約看✨秒殺物件✨,,3999,10.0,0.0,12,1,台中市,台中市西屯區福星路,,電梯大廈,1房1衛,,有對外窗,https://www.rakuya.com.tw/rent/rent_item?ehid=094491293025775,19f4b281a74d03d679c848105b55a800.jpeg,2.030736661315302
484,逢甲西屯電梯超香台電套房⛅可租補可報稅⛅衛浴開窗⛅,,10500,10.0,1.0,2,1,台中市,台中市西屯區西苑二街,,透天厝,1房1衛,,有對外窗,https://www.rakuya.com.tw/rent/rent_item?ehid=0ae7f629308185c,332b1f497290d8cfe852330943813f06.jpeg,0.8827112598264616
485,要搶要快✅租補✅可戶籍✅三房陽台✅台水電✅含管含車,,24000,28.0,0.0,4,3,台中市,台中市北屯區昌平路二段/東方吉利,,華廈,3房2廳2衛 - 2陽台,,有對外窗;陽台,https://www.rakuya.com.tw/rent/rent_item?ehid=07791029299075c,12e9d7e6a6630f57f001156dbb4dc91e.jpeg,0.19363970775069636
486,全新❤️雙租補❤️室內機車位❤️陽台獨洗,,11499,12.0,0.0,4,1,台中市,台中市北區國強街,,透天厝,1房1衛 - 1陽台,,,https://www.rakuya.com.tw/rent/rent_item?ehid=09ce7d293026194,bf476d4aecce02c7ef27c61f18aa3e36.jpeg,0.6592108390282103
487,電梯❤️租補❤️台水電❤️陽台獨洗❤️子母車❤️,,8499,10.0,0.0,4,1,台中市,台中市北區山西路二段,,電梯大廈,1房1衛 - 1陽台,,有對外窗;陽台,https://www.rakuya.com.tw/rent/rent_item?ehid=0ab7d929299356e,ef944b9004dcdffc9fb7e563e18ace89.jpeg,1.2588111496116217
488,可租補✨爬梯上樓✨小資最愛✨獨洗窗曬✨固定機車位✨,,7299,10.0,0.0,2,1,台中市,台中市西屯區台灣大道三段,,透天厝,1房1衛,,有對外窗,https://www.rakuya.com.tw/rent/rent_item?ehid=057aca292996554,e81969dedfaec2abce50387b9a385616.jpeg,1.1407097014066834
489,全新電梯❤️可寵租補❤️陽台洗曬❤️子母車飲水機,,11999,12.0,0.0,5,1,台中市,台中市北屯區軍榮一街,,透天厝,1房1衛 - 1陽台,,有對外窗;陽台,https://www.rakuya.com.tw/rent/rent_item?ehid=0a939e292998505,4e0f5073d6fca6a833bdf9f2cad9574b.jpeg,0.5508578588835353
490,可寵大空間❤️一房一廳❤️乾溼分離❤️陽台洗曬❤️,,8999,16.0,0.0,5,1,台中市,台中市北區文武街,,透天厝,1房1廳1衛 - 1陽台,,有對外窗;陽台,https://www.rakuya.com.tw/rent/rent_item?ehid=08139f292991964,5eae04f4fa4eec7141823d7aa62e9e02.jpeg,0.32212647157522806
491,❤️電梯❤️租補❤️陽台洗曬❤️乾淨明亮❤️子母車,,8499,10.0,0.0,2,1,台中市,台中市北區國豐街,,透天厝,1房1衛 - 1陽台,,,https://www.rakuya.com.tw/rent/rent_item?ehid=059bde292987405,4601a28a92c1443e3d58162ba773a010.jpeg,0.0
492,小資秒殺⭐可寵⭐可租補⭐獨洗⭐飲水機⭐中國醫⭐省電,,5999,8.0,0.0,3,1,台中市,台中市北屯區中清路二段,,透天厝,1房1衛,,有對外窗,https://www.rakuya.com.tw/rent/rent_item?ehid=05e24c29305595d,593fe1370b55286277272d36c27e5efc.jpeg,0.9062712186371941
493,西區電梯⛅可租補⛅可寵可貓可狗⛅陽台獨洗⛅採光超讚,,11799,12.0,2.0,5,1,台中市,台中市西區大忠南街,,透天厝,1房1衛 - 1陽台,,有對外窗;陽台,https://www.rakuya.com.tw/rent/rent_item?ehid=003a8429307849e,eee52dc66da6e7d77e0e58d15e933196.jpeg,0.0
494,西區⛅一房一廳⛅可租補⛅可貓⛅超美少女奶油風⛅,,16499,15.0,1.0,2,1,台中市,台中市西區日新街,,透天厝,1房1廳1衛 - 1陽台,,有對外窗;陽台,https://www.rakuya.com.tw/rent/rent_item?ehid=0b2578293077916,555b69fd9e65fe6fafeb83a0e21e3c04.jpeg,1.0681260426121197
495,整棟全新⏳一房一廳⏳可租補⏳獨洗陽台⏳流理台子母車,,13999,18.5,0.0,2,1,台中市,台中市北區育祥街,,電梯大廈,1房1廳1衛 - 1陽台1廚房,,有對外窗;陽台,https://www.rakuya.com.tw/rent/rent_item?ehid=0faa3129304540d,04300395d2b26034e3a39be6e96af52b.jpeg,0.8299684456801522
496,整棟全新⏳可租補⏳質感採光⏳獨洗陽台⏳流理台子母車,,13999,18.0,0.0,6,1,台中市,台中市北區育祥街,,電梯大廈,1房1廳1衛 - 1陽台1廚房,,有對外窗;陽台,https://www.rakuya.com.tw/rent/rent_item?ehid=0ad090293046125,47d952eb9a11a6edc20a9fdf4e359686.jpeg,0.8299684456801522
497,整棟全新⏳質感裝潢⏳陽台獨洗⏳流理台⏳子母車機車位,,10999,16.0,0.0,6,1,台中市,台中市北屯區東山路一段,,電梯大廈,1房1廳1衛 - 1陽台1廚房,,有對外窗;陽台,https://www.rakuya.com.tw/rent/rent_item?ehid=0d396f29307146f,e406c6c268fc783605f6ecd49877e89d.jpeg,0.6213377281647035
498,全新裝潢⏳可寵可租補⏳台水台電⏳陽台獨洗⏳流理台,,13499,18.0,0.0,4,1,台中市,台中市西屯區漢口路二段,,透天厝,1房1廳1衛 - 1陽台1廚房,,有對外窗;陽台,https://www.rakuya.com.tw/rent/rent_item?ehid=0026fc29306505e,61ddd61f5faeda6eaa9d0af73c969c44.jpeg,0.8017336189537407
499,崇德市場百坪超級金店面(前後臨路),,220000,167.68,37.0,0,0,台南市,台南市東區崇德路,,透天厝,,,,https://www.rakuya.com.tw/rent/rent_item?ehid=065ef9293051789,6ac5ca1f56036a5340e9949ac96b27ff.jpeg,0.3829274113185925
500,可寵❤可租屋補助❤陽台獨洗❤電梯❤衛浴窗❤,,12999,15.0,0.0,5,1,台中市,台中市北區國強街,,電梯大廈,1房1廳1衛 - 1陽台,,有對外窗;陽台,https://www.rakuya.com.tw/rent/rent_item?ehid=0a6ad4293021740,595675cb31f301ddbdac236f6b6c6683.jpeg,0.6499501564383295
501,全新翻修超美 三房兩廳兩衛,,25000,35.36,0.0,6,3,高雄市,高雄市楠梓區楠梓新路/亞太新紀元,,電梯大廈,3房2廳2衛 - 2陽台1廚房,,,https://www.rakuya.com.tw/rent/rent_item?ehid=0d6e9429402965d,3dad63bd6e5b14ca5a361472c67d0811.jpeg,0.26362592326644574
502,都會公園捷運宅,,19000,24.1,0.2,10,2,高雄市,高雄市楠梓區高楠公路/興連城Pro+,,電梯大廈,2房1廳1衛 - 1陽台1廚房,,,https://www.rakuya.com.tw/rent/rent_item?ehid=000e57294058610,376feba9a635cdf49d596825e3ac1baf.jpeg,0.3889894880443254
503,中科西屯溫馨雅致三房,,34000,44.0,0.0,20,0,台中市,台中市西屯區國安一路,,電梯大廈,開放式格局,,,https://www.rakuya.com.tw/rent/rent_item?ehid=0141a1293944414,8c32174c02c2e7ed3974ca15a1b66e0c.jpeg,0.22390276427081146
504,三井Outlet旁雙峰匯美2房含車位管理費,,38000,25.5,0.0,15,2,新北市,新北市林口區忠孝路/長耀PARK/長耀雙峰滙,,電梯大廈,2房1廳1衛,,,https://www.rakuya.com.tw/rent/rent_item?ehid=073a40293783216,14a9a23cf16e9f246855691bc0f8796b.jpeg,0.6407938327703476
505,近勤美BRT站50公尺合法樓中樓2房含車位裝潢,,22500,36.0,0.0,13,2,台中市,台中市西區梅川西路二段/中港奇摩市,,電梯大廈,2房2廳2衛 - 1室2陽台1廚房,,有對外窗,https://www.rakuya.com.tw/rent/rent_item?ehid=0837b8293637411,86edbdb85ad9567d1387ecf07e233dd4.jpeg,1.0602614341525005
506,林口A7A8A9龜山近市區體大大兩房車雙衛浴,,26800,37.32,0.8,1,2,桃園市,桃園市龜山區樂學一路/頤昌澄岳,,電梯大廈,2房2廳1.5衛 - 1陽台1廚房,,有對外窗;有中庭;陽台,https://www.rakuya.com.tw/rent/rent_item?ehid=063658293559215,9d4f693af757c550409fb6b58855d03e.jpeg,0.16109196072984225
507,府中板橋稀有共生公寓，第一手釋出，租補後$1萬,,12500,25.0,0.0,3,3,新北市,新北市板橋區大勇街,,公寓,3房1廳1衛 - 1陽台1廚房,,,https://www.rakuya.com.tw/rent/rent_item?ehid=0953c3293165311,b82533de5b48cb5213eeb568e7a4533c.jpeg,0.5414838003237062
508,台中北區 櫻花道套房 近國軍醫院大潤發科博館,,6500,5.0,0.1,2,1,台中市,台中市北區太原路一段,,公寓,1房1衛,,,https://www.rakuya.com.tw/rent/rent_item?ehid=092681292837978,38df90df099adb9b1277091cefe2ef25.jpeg,1.9244975843912409
509,四季水漾三房+車位,,25000,53.39,11.4,2,3,新北市,新北市淡水區中山北路三段/四季水漾,,電梯大廈,3房2廳2衛 - 2陽台1廚房,,有對外窗;有中庭;陽台,https://www.rakuya.com.tw/rent/rent_item?ehid=023271293470025,312927a1b2f9fbd5cfd5121b897fb44d.jpeg,0.16857712100031225
510,"知名電梯華廈,頂級全新裝潢,近捷運亞東醫院站/科學",,23000,18.0,0.1,6,1,新北市,新北市板橋區貴興路/誠都,,電梯大廈,1房1廳1衛 - 1陽台,,,https://www.rakuya.com.tw/rent/rent_item?ehid=0ec92e292038432,,0.8776715579550249
511,中和保健路1樓。大陽台。住家辦公近捷運,,28000,30.0,0.0,1,3,新北市,新北市中和區保健路,,公寓,3房2廳1衛 - 2陽台1廚房,,,https://www.rakuya.com.tw/rent/rent_item?ehid=0518c2292878842,b4fa0b86605ddef73c89739b207ba492.jpeg,0.0
512,近成大暨醫院、二中、台南醫院、台南公園、轉運站,,5500,5.0,30.0,5,1,台南市,台南市北區公園北路,,透天厝,1房1衛,,有對外窗,https://www.rakuya.com.tw/rent/rent_item?ehid=0ca6fd292506107,9a972901f28acea2ce7c45bbdba817a3.jpeg,0.012828093686984792
513,白金大智電梯套房（近三井Lalaport),,9999,6.0,0.1,6,1,台中市,台中市東區大智路/瀚程大智路192巷20號透天,,透天厝,1房1衛 - 1陽台,,,https://www.rakuya.com.tw/rent/rent_item?ehid=055355234353615,f96303f72a66d637d76aaf8a9898bee3.jpeg,0.0
514,❤️高詢問度❤️梧棲全新透天套房❤️含電梯,,8000,5.0,1.0,4,1,台中市,台中市梧棲區港埠路一段,,華廈,1房1衛 - 1陽台,,有對外窗,https://www.rakuya.com.tw/rent/rent_item?ehid=06cc60270953417,50f09673cdc1b89c7a2e42f0d644ffb5.jpeg,0.18478737720098395
515,獨立套房,,10000,9.0,2.0,2,0,雲林縣,雲林縣斗六市榴屯二十街/雲龍太棧2,,公寓,開放式格局,,,https://www.rakuya.com.tw/rent/rent_item?ehid=02372129196193c,114073f4c75e752cd4a17469c7d0c63c.jpeg,0.007953264640970858
516,崇德漢口商圈百萬全新裝潢二房傢俱全,,23000,15.97,42.5,3,2,台中市,台中市北區漢口路五段,,公寓,2房2廳2衛 - 1陽台,,有對外窗,https://www.rakuya.com.tw/rent/rent_item?ehid=080fe9292952269,8abeb3e2f97a03b91ff541872fb180c7.jpeg,2.013215687061784
517,板橋三民路透天店面 近板橋家樂福商圈,,60000,54.0,35.5,2,0,新北市,新北市板橋區三民路二段,,透天厝,,,,https://www.rakuya.com.tw/rent/rent_item?ehid=0e5306273540945,df0f5df18fa28ecaafc71c6bef8d962a.jpeg,0.0
518,離捷運站永安接運站5分鐘門口有公車站,,100000,45.0,42.1,1,0,新北市,新北市永和區永貞路,,公寓,,,,https://www.rakuya.com.tw/rent/rent_item?ehid=0c33c6293351209,37351ac72b4b0cfc39df2a1c10205ca2.jpeg,0.6246878364431379
519,★高雄湖內★稀有透天整棟出租(附貨梯),,20000,29.57,0.1,0,0,高雄市,高雄市湖內區民生街,,透天厝,開放式格局,,,https://www.rakuya.com.tw/rent/rent_item?ehid=0140fb289696805,fa1a77fc8f9fc781c94ba036d860e2a1.jpeg,0.057881333117493855
520,彰化後站電梯套房全新家電,,5500,5.0,25.0,3,3,彰化縣,彰化縣彰化市自強南路,,華廈,3房 - 2陽台,,,https://www.rakuya.com.tw/rent/rent_item?ehid=0f921311473355d,4a7dcf5b03bc9f70261a5fb66ea3ccc2.jpeg,0.7002001137479199
521,台中市精密機械園區-廠房出租(B1~5F),,1680000,1972.0,0.1,5,0,台中市,台中市南屯區精科中一路,,廠房,,,,https://www.rakuya.com.tw/rent/rent_item?ehid=056658292329239,,0.015864272189671888
522,百達君品簡約渡假兩房,,24000,24.0,3.0,15,2,高雄市,高雄市前鎮區籬仔內路/百達君品,,電梯大廈,2房2廳1衛,,,https://www.rakuya.com.tw/rent/rent_item?ehid=04789e218056217,1bc8a82198fa36c6261b159c8fbac833.jpeg,0.21795725244496986
523,巨蛋捷運瑞豐商圈店面1+2樓,,38000,40.0,43.0,2,0,高雄市,高雄市鼓山區華榮路,,透天厝,,,,https://www.rakuya.com.tw/rent/rent_item?ehid=0f9918292030127,c2e0c1f17ee4481ff7dfbaaaf5f794dc.jpeg,0.5447176490082607
524,民生萬吉2房2衛明亮樓寓,,32000,31.28,8.1,7,2,台南市,台南市中西區民生路二段/民生萬吉,,電梯大廈,2房2廳2衛 - 1陽台1廚房,,有對外窗;陽台,https://www.rakuya.com.tw/rent/rent_item?ehid=0b191a289778414,88bbe8ebb0a79252379527b709781aa4.jpeg,0.5004531980306139
525,御盟國際驛館 酒店式公寓,,61500,56.0,2.3,15,2,高雄市,高雄市三民區九如一路,,公寓,2房2廳2衛 - 2陽台1廚房,,有對外窗;陽台,https://www.rakuya.com.tw/rent/rent_item?ehid=053a4a225742420,3c9f268516ea3251deb25a886671ceab.jpeg,0.0
526,成功二路｜超醒目約27米大面寬燙金店霸｜亞灣AI城,,120000,105.47,22.6,1,0,高雄市,高雄市前鎮區成功二路/獅甲國宅,,電梯大廈,,,有對外窗;為邊間,https://www.rakuya.com.tw/rent/rent_item?ehid=0319bb293240248,a68c47ae4a1f30d78e32a4e190464bc3.jpeg,0.4072557251602754
527,★大樹區九曲路★建地廠房出租,,38000,80.0,0.1,0,0,高雄市,高雄市大樹區九曲路,,廠房,,,,https://www.rakuya.com.tw/rent/rent_item?ehid=04113c289236925,9e57f1c378156e685147def4fa0cfc96.jpeg,0.0
528,自租安平黃金店面全新市政大道$永華路三角窗旁無西曬,,48000,44.13,0.6,1,0,台南市,台南市安平區健康二街/龍騰市政大道/第五大道,,電梯大廈,,,有對外窗,https://www.rakuya.com.tw/rent/rent_item?ehid=0dd25d29298018f,5c14687359f655b9ef660f68808eeafb.jpeg,0.2035032608808106
529,❗️廠房出租❗️ 屏東市全新合法廠房-可廠登,,43000,116.97,0.1,0,0,屏東縣,屏東縣屏東市大成路,,廠房,,,,https://www.rakuya.com.tw/rent/rent_item?ehid=0518a4251565298,894219c4827487d708f3999bdfed7c69.jpeg,0.006775498274486508
530,小巨蛋站/邊間店面/輕食 飲料 服飾皆可,,120000,15.37,0.1,1,0,台北市,台北市松山區南京東路四段,,電梯大廈,,,有對外窗;為邊間,https://www.rakuya.com.tw/rent/rent_item?ehid=0a582c292296736,50b02d4da62e47b19077a17ef2a3fbfe.jpeg,1.3557328745467063
531,＊中科雲世紀＊二房二衛無限視野景觀好房＋平車,,28500,22.0,9.0,14,2,台中市,台中市西屯區國安一路/太子雲世紀B區,,電梯大廈,2房2廳2衛,,有對外窗;為邊間;有中庭;陽台,https://www.rakuya.com.tw/rent/rent_item?ehid=0b6b0f292812011,03373e22113d0bb21544a3ffd2625a2f.jpeg,0.22811878011344594
532,安(專)草衙商圈1+2大面寬樓店,,50000,68.82,0.1,2,0,高雄市,高雄市前鎮區天后街,,電梯大廈,,,有對外窗,https://www.rakuya.com.tw/rent/rent_item?ehid=0be41b292373572,68998fe2a46c528b010d0ce4a110bab0.jpeg,0.061715634765706316
533,可短租⭐獨立陽台⭐洗衣免投⭐超值價,,4999,8.7,0.1,5,1,台中市,台中市西屯區中工三路,,樓中樓,1房1衛 - 1陽台,,有對外窗,https://www.rakuya.com.tw/rent/rent_item?ehid=0a57c1294222402,d58952d62bb7ef76e6898474d6a2fdc4.jpeg,0.5550374851048039
534,小資首選❤️電梯租補❤️陽台獨洗獨曬❤️飲水機,,7299,8.0,0.0,4,1,台中市,台中市西屯區順和三街,,電梯大廈,1房1衛 - 1陽台,,有對外窗;陽台,https://www.rakuya.com.tw/rent/rent_item?ehid=0bf42329408205a,4a20ba908e309211c8e98874e5be0ccf.jpeg,0.3561491827921319
535,雙租補一房一廳❤️可寵❤️陽台獨洗曬❤️子母車,,16999,18.0,0.0,3,1,台中市,台中市北屯區旅順路二段,,透天厝,1房1廳1衛 - 1陽台,,有對外窗;陽台,https://www.rakuya.com.tw/rent/rent_item?ehid=0847c929408203a,e6e6a54a7b7da87c56fa496e5f96b913.jpeg,1.6277148089052829
536,寵物電梯兩房❤️雙租補❤️陽台獨洗獨曬❤️子母車,,17499,18.0,0.0,5,2,台中市,台中市北區錦中街,,電梯大廈,2房1廳1衛 - 1陽台,,有對外窗;陽台,https://www.rakuya.com.tw/rent/rent_item?ehid=0425a8294082019,e8b3310233b6341a04cbabc6482ce840.jpeg,0.9716091884838565
537,全新租補奶油風❤️可貓咪❤️陽台獨洗曬❤️子母車,,11999,10.0,0.0,4,1,台中市,台中市西區日新街,,透天厝,1房1衛 - 1陽台,,有對外窗;陽台,https://www.rakuya.com.tw/rent/rent_item?ehid=0ec282294082024,4dbcd5ca92e15d2886add2dda68fa87b.jpeg,1.1075552003700764
538,沙鹿新地標天玥近家樂福台灣大道旁2房平車前後雙陽台,,18000,24.5,0.0,3,2,台中市,台中市沙鹿區台灣大道七段/茂洋天玥,,電梯大廈,2房2廳1衛 - 2陽台1廚房,,有對外窗;有中庭;陽台,https://www.rakuya.com.tw/rent/rent_item?ehid=0d28d3294222364,ee095d7db94ca2c8eb7789d54a426c8b.jpeg,0.14500531410069198
539,近興大✨陽台獨洗✨流理臺✨乾溼分離✨,,11999,15.0,0.0,3,1,台中市,台中市南區忠孝路,,電梯大廈,1房1廳1衛 - 1陽台,,有對外窗;陽台,https://www.rakuya.com.tw/rent/rent_item?ehid=097713294150110,11e47b0b35745f04421cc322bad49f5e.jpeg,0.0
540,近逢甲✨租屋補助✨陽台獨洗✨可貓搶✨小資價,,5299,9.0,0.0,1,1,台中市,台中市西屯區西屯路二段,,公寓,1房1衛 - 1陽台,,有對外窗;陽台,https://www.rakuya.com.tw/rent/rent_item?ehid=05adf9294173913,a489ba560a2d3d85ccd7f3e27293ea5e.jpeg,1.0718680432625434
541,可短租✨陽台獨洗✨流理臺✨採光佳✨子母車,,8999,13.0,0.0,2,1,台中市,台中市東區台中路,,電梯大廈,1房1衛 - 1陽台,,有對外窗;陽台,https://www.rakuya.com.tw/rent/rent_item?ehid=0692bd294102498,7611a52231dd20e4df66cee345ff63b5.jpeg,0.11878413639336534
542,近一中台體✨租屋補助✨陽台獨洗✨木質地板✨,,7499,12.0,0.0,3,1,台中市,台中市北區自強街,,透天厝,1房1衛 - 1陽台,,有對外窗;陽台,https://www.rakuya.com.tw/rent/rent_item?ehid=0b2873294130621,a1c00e33920597d5ee652206c3a5d926.jpeg,0.6626334779788389
543,一層一戶✨獨洗曬✨超大空間✨可小家庭✨,,7799,12.0,0.0,3,1,台中市,台中市西屯區中平路,,透天厝,1房1廳1衛,,有對外窗,https://www.rakuya.com.tw/rent/rent_item?ehid=059108294173733,5381235632caed8792f68608766ec8cf.jpeg,0.6717848089476783
544,可貓可短租✨室內機車位✨獨洗曬✨精美裝潢✨採光佳,,5599,10.0,0.0,5,1,台中市,台中市北屯區大連路一段,,公寓,1房1衛,,有對外窗,https://www.rakuya.com.tw/rent/rent_item?ehid=06cd06294081941,bda3168806d99bf83f61152ff6b21687.jpeg,1.9156554902139111
545,超新裝潢✨一房一廳✨雙租屋補助✨可家庭✨陽台獨洗✨,,17599,22.0,0.0,2,1,台中市,台中市北屯區昌平路二段,,公寓,1房1廳1衛 - 1陽台,,有對外窗;陽台,https://www.rakuya.com.tw/rent/rent_item?ehid=08e1c229408176b,a14188f45c48f7d69c1f7c9dc08df742.jpeg,0.20034873114452265
546,近文心森林✨租屋補助✨一房一廳✨可貓搶✨獨洗曬,,10999,14.0,0.0,5,1,台中市,台中市西區向上路一段,,公寓,1房1廳1.5衛,,有對外窗,https://www.rakuya.com.tw/rent/rent_item?ehid=05c0ac294081789,767d5c439814fa2d5e9cc08f927e2e32.jpeg,1.5267998288604185
547,一中台體✨租屋補助✨採光佳✨超新木質地✨,,6499,10.0,0.0,4,1,台中市,台中市東區練武路,,公寓,1房1衛,,有對外窗,https://www.rakuya.com.tw/rent/rent_item?ehid=0f5129294081878,ad45275c6b6111c996d33b01008af74b.jpeg,1.5433967114062022
548,租屋補助✨可貓可狗✨獨洗烘衣✨絕美裝潢✨,,9499,13.0,0.0,5,1,台中市,台中市南區合作街,,公寓,1房1衛,,有對外窗,https://www.rakuya.com.tw/rent/rent_item?ehid=0316b129408186a,84814651d61766b1c55de18f11647441.jpeg,1.3262747363151282
549,學生小資搶✨租屋補助✨獨洗曬✨機車位✨子母車,,5399,9.0,0.0,3,1,台中市,台中市東區三賢街,,電梯大廈,1房1衛,,有對外窗,https://www.rakuya.com.tw/rent/rent_item?ehid=08c3b129408193d,ba8e87ad6554402c17221c5c7121e0bc.jpeg,0.0
550,新光遠百✨租屋補助✨獨洗曬✨24H管理員✨,,12999,16.0,0.0,6,1,台中市,台中市西屯區惠中一街,,電梯大廈,1房1衛,,有對外窗,https://www.rakuya.com.tw/rent/rent_item?ehid=0529dd29408175c,6935f1e7fd72aedcf24fc1977a3fbd37.jpeg,0.9517816089089485
551,可貓可短租✨租屋補助✨木質地板✨子母車✨,,8999,13.0,0.0,4,1,台中市,台中市中區市府路,,透天厝,1房1廳1衛,,有對外窗,https://www.rakuya.com.tw/rent/rent_item?ehid=0ba2ce294081792,7604ebad50cfe85751f3410947719b60.jpeg,0.08053161789380701
552,近中國醫✨租屋補助✨極致採光✨新春首選✨,,7799,11.0,0.0,2,1,台中市,台中市北區健行路,,電梯大廈,1房1衛,,有對外窗,https://www.rakuya.com.tw/rent/rent_item?ehid=084b9929408180c,8bfb150ecc467f794f5d43ca38159515.jpeg,0.8571400687335469
553,新光遠百✨租屋補助✨機車位✨獨洗烘衣✨,,9999,13.0,0.0,3,1,台中市,台中市西屯區大有街,,別墅,1房1衛,,有對外窗,https://www.rakuya.com.tw/rent/rent_item?ehid=0bcede294081893,1f435c51cf790b6bafbdfd56b9bb507e.jpeg,1.2198463247167688
554,❤️北平梅川西❤️系統裝潢陽台獨曬機車位❤️可租補,,11999,12.0,2.1,4,1,台中市,台中市北區永定一街,,電梯大廈,1房1衛 - 1陽台,,有對外窗,https://www.rakuya.com.tw/rent/rent_item?ehid=006fdc294222283,61190c13d387d030616fe5841d4b9bb1.jpeg,1.2866326668622503
555,市政捷運站❤️全新類一房一廳❤️可租補機車位,,13999,15.0,0.1,4,1,台中市,台中市西屯區四川西二街,,電梯大廈,1房1廳1衛,,有對外窗,https://www.rakuya.com.tw/rent/rent_item?ehid=0b1570294222267,6d4eaa25dd40ac8d96abc707cf36e8f4.jpeg,0.0
556,❤️東海中科❤️共洗曬機車位❤️可短租❤️,,3999,6.0,3.8,3,1,台中市,台中市龍井區新興路,,電梯大廈,1房1衛,,有對外窗,https://www.rakuya.com.tw/rent/rent_item?ehid=0ca2ed294222251,b6fb48b9525dc0be498eddb055a3115e.jpeg,0.3896698637392301
557,喜來登大遠百｜旁邊就是全聯,,26000,18.0,0.0,21,2,新竹縣,新竹縣竹北市勝利十二街,,電梯大廈,2房1廳1衛 - 1陽台1廚房,,,https://www.rakuya.com.tw/rent/rent_item?ehid=0065ff294222240,27e0c08c5b4299d2742133fca474b8f4.jpeg,0.3839510761310664
558,整棟新蓋⛅超省台電⛅陽台獨洗⛅租屋補助⛅機車位,,9999,15.0,0.0,4,1,台中市,台中市南區台中路,,電梯大廈,1房1衛 - 1陽台,,有對外窗,https://www.rakuya.com.tw/rent/rent_item?ehid=0aec4c294222212,cc6cfc51c5f19f0ba01ba33c85cabab9.jpeg,0.04772014962217188
559,近巨城火車站東區｜警衛24h代收包裹,,11000,7.0,0.0,5,1,新竹市,新竹市東區光復路二段,,電梯大廈,1房1衛,,,https://www.rakuya.com.tw/rent/rent_item?ehid=08cc47294222202,a984e9f0eafb99348da09122a88aa61e.jpeg,0.7855119972694883
560,❤️東海中科❤️木質地板大空間❤️可租補可短租❤️,,7599,10.0,6.0,1,1,台中市,台中市龍井區新興路,,電梯大廈,1房1衛,,有對外窗,https://www.rakuya.com.tw/rent/rent_item?ehid=01d6a8294222185,04e6479c119ab85fb7aad9c7d1b8e4a4.jpeg,0.3595493708101832
561,✨小資首選✨絕美採光✨住戶單純✨寵物天堂,,5499,12.0,0.0,4,1,台中市,台中市北區德化街,,透天厝,1房1衛,,有對外窗,https://www.rakuya.com.tw/rent/rent_item?ehid=0b8b53294222150,a47d859f4faa34c21e95f73fb0a3de56.jpeg,1338.4251682124025
562,大遠百5分鐘獨立洗衣機陽台套房,,12500,7.0,0.0,12,1,新竹市,新竹市北區林森路,,電梯大廈,1房1衛 - 1陽台,,,https://www.rakuya.com.tw/rent/rent_item?ehid=06ccc3294222106,e47dd609168f51300f4459d23c26ef22.jpeg,1.040346335505654
563,✨小資首選✨獨洗獨曬✨雙租屋補助✨寵物天堂,,7499,14.0,0.0,2,1,台中市,台中市北區五常街,,透天厝,1房1衛,,,https://www.rakuya.com.tw/rent/rent_item?ehid=008b9f294222089,fd383416b7930de5baac16a0bb82982b.jpeg,0.0
564,捷運信義安和站，通化商圈，近101,,9500,5.5,40.0,6,3,台北市,台北市大安區通化街,,公寓,3房1廳1衛 - 2陽台,,,https://www.rakuya.com.tw/rent/rent_item?ehid=0631fc294075495,91d0894569963b3865daf63ef204c2f1.jpeg,1.934376613415678
565,即將釋出槍先定✨陽台獨洗流理台✨雙租屋補助✨可貓,,12599,15.0,0.0,2,1,台中市,台中市北區梅川西路三段,,電梯大廈,1房1衛 - 1陽台,,,https://www.rakuya.com.tw/rent/rent_item?ehid=0229a4294222071,682feaa2e823c3300f93318af80adec9.jpeg,0.8632651599946783
566,南屯⛅電梯⛅可租補⛅凸窗曬⛅子母車⛅飲水機,,8499,10.0,0.0,5,1,台中市,台中市南屯區五權西路三段,,透天厝,1房1衛,,有對外窗,https://www.rakuya.com.tw/rent/rent_item?ehid=049e2e294134673,6b50f62d920ab50a4d537920438397d9.jpeg,0.0
567,北屯⛅電梯⛅可租補⛅陽台獨洗⛅子母車⛅衛浴開窗,,9499,10.0,0.0,3,1,台中市,台中市北屯區雷中街,,透天厝,1房1衛 - 1陽台,,有對外窗,https://www.rakuya.com.tw/rent/rent_item?ehid=093f80294140545,a49b1c9fa0fce430ea099037f9940638.jpeg,0.38507976883961115
568,中華路夜市⛅小資首選⛅獨洗⛅流理臺⛅子母車⛅飲水機,,5999,8.0,0.0,2,1,台中市,台中市北區原子街,,透天厝,1房1衛 - 1陽台,,有對外窗,https://www.rakuya.com.tw/rent/rent_item?ehid=089162294187575,8f91a4c50aec48abf25fdd8929708e67.jpeg,0.8798339018741488
569,精裝工業風⛅可雙租補⛅台水電⛅陽台獨洗⛅可寵物,,13999,15.0,0.0,11,1,台中市,台中市北區漢口路四段/夢社區,,華廈,1房1衛 - 1陽台,,有對外窗;陽台,https://www.rakuya.com.tw/rent/rent_item?ehid=08c177294150768,dd1542ab0afd153993628dbd1ffaebac.jpeg,1.5251148281795421
570,逢甲⛅可貓⛅陽台獨洗⛅子母車⛅飲水機⛅,,9499,8.0,0.0,2,1,台中市,台中市西屯區西安街,,透天厝,1房1衛 - 1陽台,,有對外窗;陽台,https://www.rakuya.com.tw/rent/rent_item?ehid=0724c8294081995,cd76043b9d8d19e87eb6dc903033f4a5.jpeg,1.6983518116614538
571,東區⛅電梯⛅子母車⛅採光好⛅小資首選⛅,,6499,8.0,0.0,3,1,台中市,台中市東區自強街,,透天厝,1房1衛,,有對外窗,https://www.rakuya.com.tw/rent/rent_item?ehid=098c2229408200d,f5ff64bf811c447fbf109dfbd59f3d0c.jpeg,0.623012919461798
572,北屯電梯⛅可租補⛅陽台獨洗⛅乾溼分離⛅機車位,,11499,10.0,0.0,4,1,台中市,台中市北屯區大連路一段,,透天厝,1房1衛 - 1陽台,,有對外窗;陽台,https://www.rakuya.com.tw/rent/rent_item?ehid=03346629414303c,cd7b43d57ac171b485caa79c1ade1bc8.jpeg,1.7565914939089997
573,可貓狗⭐採光100⭐小資價⭐中國醫,,5499,10.0,0.0,5,1,台中市,台中市北區德化街,,公寓,1房1衛,,有對外窗,https://www.rakuya.com.tw/rent/rent_item?ehid=04c9f7294221851,6cec38eaf91f649a59b20f3bd4e5348a.jpeg,4753.5915621022
574,全新整理⭐可租補⭐可貓⭐獨洗曬⭐可短租⭐小資首選,,8999,10.0,0.0,5,1,台中市,台中市中區市府路,,透天厝,1房1衛,,有對外窗,https://www.rakuya.com.tw/rent/rent_item?ehid=0cea6229417294f,b97bd5c371e2f87792f314ac7552817f.jpeg,0.08053161789380701
575,先搶先贏⭐雙租補⭐可貓⭐流理臺⭐陽台獨洗⭐子母車,,12599,13.0,0.0,2,1,台中市,台中市北區柳川西路三段,,電梯大廈,1房1衛 - 1陽台,,有對外窗;陽台,https://www.rakuya.com.tw/rent/rent_item?ehid=043a8a294163739,b468cc625ac44d597f81913e8233b14c.jpeg,1.3694172661350559
576,全新完工⭐無限視野⭐大三房⭐台水電⭐含平車機車位,,27999,39.0,0.0,13,3,台中市,台中市東區德興一街/坤悅領秀,,電梯大廈,3房2廳2衛 - 2陽台1廚房,,有對外窗;陽台,https://www.rakuya.com.tw/rent/rent_item?ehid=07d2ba29417046f,0eb197c389ffae45c91e63c524589031.jpeg,0.2657565378346312
577,小資✔️近逢甲✔️兩間可選✔️飲水機子母車✔️共洗,,7499,8.0,0.0,1,1,台中市,台中市西屯區西屯路二段上石南十巷,,樓中樓,1房1衛,,有對外窗,https://www.rakuya.com.tw/rent/rent_item?ehid=052c0429417482b,2381f602364ed97a3896e4e4f21f355e.jpeg,0.0
578,⭐電梯美屋⭐小資首選⭐採光通風⭐加賴約看⭐,,4999,10.0,0.0,12,1,台中市,台中市西屯區福星路,,電梯大廈,1房1衛,,有對外窗;陽台,https://www.rakuya.com.tw/rent/rent_item?ehid=0e2fee294190186,16a3be446280e155a1155d04acd17eb3.jpeg,1.9734666137059693
579,八里公寓實30坪沒公設中山路二段147號市中心,,18000,30.0,0.0,3,3,新北市,新北市八里區中山路二段,,公寓,3房2廳1衛 - 1廚房,,有對外窗;陽台,https://www.rakuya.com.tw/rent/rent_item?ehid=08912e294221625,9b67a60954f1a79baa9a1e2e980e310d.jpeg,0.10689494308704858
580,溫馨套房,,9500,7.0,0.0,2,1,新竹縣,新竹縣竹北市三民路,,透天厝,1房1廳1衛 - 1室1陽台1廚房,,有對外窗;陽台,https://www.rakuya.com.tw/rent/rent_item?ehid=0984c929422150d,c976d2ee4539f2a82e08b79df57000e7.jpeg,1.2462426371850748
581,美術館全新未住兩房含車含管,,28000,23.0,0.0,13,2,高雄市,高雄市鼓山區美術東四路/惟美術,,電梯大廈,2房1廳2衛 - 1陽台1廚房,,,https://www.rakuya.com.tw/rent/rent_item?ehid=0e055d294221479,cd242f817466a45b68cf150747715366.jpeg,0.4420400230347984
582,樹孝鬧區✨精美店面 超大空間 含車管,,35000,30.0,0.0,1,0,台中市,台中市太平區樹孝路,,電梯大廈,,,,https://www.rakuya.com.tw/rent/rent_item?ehid=0a252a29422091f,ae903639acd3c7f484b113e6062c305c.jpeg,0.4966298729068804
583,⭐電梯美屋⭐可凸窗曬⭐租屋補助⭐加賴約看⭐,,7999,12.0,0.0,3,1,台中市,台中市北屯區中清路二段,,電梯大廈,1房1衛,,有對外窗,https://www.rakuya.com.tw/rent/rent_item?ehid=0dc8d3294058696,174ffddd076e2c34618ead7312bd7f15.jpeg,0.8749456705042592
584,⭐電梯新屋⭐陽台獨洗⭐租屋補助⭐乾溼分離⭐加賴約看,,11499,15.0,0.0,3,1,台中市,台中市烏日區信義街,,電梯大廈,1房1衛 - 1陽台,,有對外窗;陽台,https://www.rakuya.com.tw/rent/rent_item?ehid=0f4739294061773,5cf9589a2f81c1ab8a0182cc01147444.jpeg,0.19072123681083236
585,⭐電梯新屋⭐陽台獨洗⭐租屋補助⭐乾溼分離⭐加賴看屋,,11499,15.0,0.0,5,1,台中市,台中市烏日區信義街,,電梯大廈,1房1衛 - 1陽台,,有對外窗;陽台,https://www.rakuya.com.tw/rent/rent_item?ehid=0d42ce29406195c,b48a5ef5827204ce3c23c1b24c15ceea.jpeg,0.19072123681083236
586,⭐可貓咪⭐獨洗凸窗⭐租屋補助⭐運動爬梯⭐加賴約看⭐,,8999,15.0,0.0,5,1,台中市,台中市中區市府路,,透天厝,1房1衛,,有對外窗,https://www.rakuya.com.tw/rent/rent_item?ehid=074faa294168789,4554dd931ca56a0fc6b78d84a4ce0787.jpeg,0.08053161789380701
587,⭐電梯新屋⭐租屋補助⭐陽台獨洗⭐乾溼分離⭐加賴約看,,11499,13.0,0.0,4,1,台中市,台中市北屯區大連路一段,,電梯大廈,1房1衛 - 1陽台,,有對外窗;陽台,https://www.rakuya.com.tw/rent/rent_item?ehid=015717294168123,59dfe1465dab0a52455beea04da0ed78.jpeg,1.7565914939089997
588,⭐雙租屋補助⭐陽台獨洗⭐流理台⭐乾溼分離⭐加賴約看,,10299,15.0,0.0,4,1,台中市,台中市北區健行路,,透天厝,1房1衛 - 1陽台,,有對外窗;陽台,https://www.rakuya.com.tw/rent/rent_item?ehid=02ab92294058714,e238268e67cd8c7161299c0e0dcfc1a2.jpeg,0.8292336840874924
589,⭐租屋補助⭐陽台獨洗⭐加賴約看⭐秒殺物件⭐,,10499,15.0,0.0,2,1,台中市,台中市東區東英三街,,透天厝,1房1衛 - 1陽台,,有對外窗;陽台,https://www.rakuya.com.tw/rent/rent_item?ehid=03e970294058746,febf7b01232e9676b60a603e737e2486.jpeg,0.4201080302383062
590,⭐電梯台水電⭐陽台獨洗⭐流理台⭐加賴約看⭐,,10999,15.0,0.0,14,1,台中市,台中市西屯區青海路二段,,電梯大廈,1房1衛 - 1陽台,,有對外窗;陽台,https://www.rakuya.com.tw/rent/rent_item?ehid=0fc268294168666,06bfd2a2d3a21569c534e85849da9a60.jpeg,1.155176947141656
591,⭐稀有可寵⭐獨洗凸窗曬⭐雙租屋補助⭐加賴約看⭐,,7700,15.0,0.0,4,1,台中市,台中市北屯區軍和街,,透天厝,1房1衛,,有對外窗,https://www.rakuya.com.tw/rent/rent_item?ehid=0877c2294058686,dfb246b15fb77b938b4eaed4668fb203.jpeg,0.6194890629506807
592,⭐電梯美屋⭐獨洗凸窗曬⭐租屋補助⭐加賴約看⭐,,7499,13.0,0.0,2,1,台中市,台中市西屯區重慶路,,電梯大廈,1房1衛,,有對外窗,https://www.rakuya.com.tw/rent/rent_item?ehid=0a0ee7294058630,bcb84de534d4ce28629dc35e1d3a486e.jpeg,0.9846898112201068
593,⭐電梯新屋⭐雙租屋補助⭐陽台獨洗⭐加賴約看⭐,,9499,13.0,0.0,5,1,台中市,台中市北區自強街,,電梯大廈,1房1衛 - 1陽台,,有對外窗;陽台,https://www.rakuya.com.tw/rent/rent_item?ehid=0b8e53294058670,eedf670f64c873cdaed3bb669d77dadf.jpeg,0.6441334315135313
594,⭐新光遠百⭐租屋補助⭐獨立洗脫烘⭐加賴約看⭐,,9999,13.0,0.0,3,1,台中市,台中市西屯區大有街,,透天厝,1房1衛,,有對外窗,https://www.rakuya.com.tw/rent/rent_item?ehid=049d3b294058641,20536970253136a62c9d21dfc36f78bb.jpeg,1.2198463247167688
595,小資創業首選✨適合美甲，護膚，美容業✨變頻冷氣✨,,12600,11.0,3.0,1,0,台中市,台中市西區日興街,,透天厝,,,有對外窗,https://www.rakuya.com.tw/rent/rent_item?ehid=0f9ee7294081951,be0e4845e83da295819057c6f7015f6a.jpeg,1.1671393239138892
596,"雅房分租,小吃,捷運,便利店齊全",,6200,10.0,30.0,4,1,台中市,台中市南屯區東興路一段,,透天厝,1房1衛 - 1陽台1廚房,,有對外窗;為邊間;陽台,https://www.rakuya.com.tw/rent/rent_item?ehid=069385294220486,b6f2ff87d8ac5386594f568714776164.jpeg,0.8088445937774985
597,✨精選台水電✨首月半價✨一中台體✨雙租補✨獨洗烘✨,,14999,16.2,0.0,6,1,台中市,台中市北區篤行路,,電梯大廈,1房1衛,,有對外窗,https://www.rakuya.com.tw/rent/rent_item?ehid=068e1d294220425,35bdf1ab86d26f265c67d1e740a8fa46.jpeg,1.0530867051061035
598,█近光榮國小█巷弄內安靜█,,24800,17.55,45.0,3,2,新北市,新北市三重區河邊北街,,公寓,2房1廳1衛 - 1陽台1廚房,,有對外窗;陽台,https://www.rakuya.com.tw/rent/rent_item?ehid=03a22e29422020d,b722ab3cdf7035ade89c72c4aa7a75ff.jpeg,0.6614309897107353
599,水湳經貿園區捷運文華高中站旁三房＋車位,,24888,32.0,30.0,2,3,台中市,台中市西屯區河南路二段/順天新鳳凰城,,電梯大廈,3房2廳2衛 - 2陽台,,有對外窗;為邊間;有中庭;陽台,https://www.rakuya.com.tw/rent/rent_item?ehid=093b03294220106,4af3ba8954b03b30551e7475f82c02b9.jpeg,1.1456236856365916
600,✨超美✨２＋１房可貓✨可雙租補✨全新整理✨大買家✨,,23999,32.3,0.0,4,2,台中市,台中市北屯區遼陽北二街/甫園大廈,,電梯大廈,2房1廳1衛 - 1室1陽台,,有對外窗;陽台,https://www.rakuya.com.tw/rent/rent_item?ehid=0b5e82294054450,915fac20ae257207c9eeab61890d2fec.jpeg,1.8715587316311375
601,✨超新電梯✨可雙租補✨陽台獨洗✨衛浴開窗✨嶺東科大,,11999,16.0,0.0,7,1,台中市,台中市南屯區文山一街,,電梯大廈,1房1衛 - 1陽台,,有對外窗;陽台,https://www.rakuya.com.tw/rent/rent_item?ehid=00d48429421135f,af8dd341304e2225eb0d5844935c95a3.jpeg,0.2228735860147166
602,✨小資超優✨可寵✨四維國小✨松竹車站✨可短租✨,,4799,8.0,0.0,6,1,台中市,台中市北屯區東山路一段,,公寓,1房1衛,,有對外窗,https://www.rakuya.com.tw/rent/rent_item?ehid=08dfd8294219791,11e722674645f7941b3de6da2bce5261.jpeg,0.6873405446114371
603,✨澄清榮總世貿✨東海✨可短租✨可租補✨採光佳✨,,11499,13.3,0.0,6,1,台中市,台中市西屯區福安六街,,電梯大廈,1房1衛 - 1陽台,,有對外窗;陽台,https://www.rakuya.com.tw/rent/rent_item?ehid=0a71b5294052977,f9e8ef4b9a0382935a42002843ad34b2.jpeg,0.6132421306686764
604,✨台水電計費✨可貓✨可租補✨一中台體✨全新傢俱電✨,,7999,13.0,0.0,4,1,台中市,台中市東區復興路五段,,公寓,1房1廳1衛 - 1陽台,,有對外窗;陽台,https://www.rakuya.com.tw/rent/rent_item?ehid=02a424294053049,48407d31f72c35800db1ecfc81fdcc82.jpeg,1.5998131454844506
605,✨超秒殺可寵✨可租補✨中興大學✨忠孝夜市✨陽台獨洗,,9999,13.0,0.0,2,1,台中市,台中市南區南門路,,電梯大廈,1房1衛 - 1陽台,,有對外窗;陽台,https://www.rakuya.com.tw/rent/rent_item?ehid=0a4d45294054481,258023764848212ad069693cd3e5526c.jpeg,0.0
606,✨逢甲✨水湳中國醫✨可租補✨陽台獨洗✨電梯上樓✨,,12999,15.3,0.0,8,1,台中市,台中市西屯區中平路,,電梯大廈,1房1廳1衛 - 1陽台,,有對外窗;陽台,https://www.rakuya.com.tw/rent/rent_item?ehid=0307fb294043648,7b382d56e72b531f07c895ac0a56e767.jpeg,0.6325924371269201
607,✨全新整理✨可寵✨可雙租補✨可工作室✨台水電✨,,13999,16.0,0.0,11,1,台中市,台中市北區漢口路四段,,電梯大廈,1房1廳1衛 - 1陽台,,有對外窗;陽台,https://www.rakuya.com.tw/rent/rent_item?ehid=099ab8294054412,934634fdc8129cbfffde2c38ce59987e.jpeg,1.5251148281795421
608,✨ＳＯＧＯ✨一中商圈✨可雙租補✨陽台獨洗✨衛浴開窗,,10799,13.0,0.0,4,1,台中市,台中市北區健行路,,透天厝,1房1廳1衛 - 1陽台,,有對外窗;陽台,https://www.rakuya.com.tw/rent/rent_item?ehid=03b12f29405859b,62e33e8cd69a73e185e46e0c6ca807c5.jpeg,0.8246434527423052
609,✨超新釋出✨雙租補✨嶺東科大✨陽台獨洗✨衛浴開窗✨,,12499,15.0,0.0,6,1,台中市,台中市南屯區文山一街,,電梯大廈,1房1衛 - 1陽台,,有對外窗;陽台,https://www.rakuya.com.tw/rent/rent_item?ehid=00104a29421100b,1a6bf199bede8e3d46195d716cfe7ae1.jpeg,0.2218263550076393
610,✨超夯秒殺✨可寵✨可雙租補✨一房一廳✨快洽✨,,16999,17.6,0.0,3,1,台中市,台中市北屯區旅順路二段,,透天厝,1房1廳1衛 - 1陽台,,有對外窗;陽台,https://www.rakuya.com.tw/rent/rent_item?ehid=016cc029404231c,576efe6bbcf04765d397c1b8c310784a.jpeg,1.6277148089052829
611,✨搶先預定✨超秒殺可寵✨一房一廳✨可租補✨美術館✨,,14499,17.3,0.0,4,1,台中市,台中市西區五權七街,,公寓,1房1廳1衛 - 1陽台,,有對外窗;陽台,https://www.rakuya.com.tw/rent/rent_item?ehid=0f3c6a29404245c,f22ccc2fe8b039032d4e475ebcef50b1.jpeg,0.0
612,✨水湳中國醫✨租屋補助✨陽台獨洗✨衛浴開窗✨,,14000,17.0,0.0,2,1,台中市,台中市北屯區水湳路,,電梯大廈,1房1廳1衛 - 1陽台,,有對外窗;陽台,https://www.rakuya.com.tw/rent/rent_item?ehid=0181e1294058768,496f9f9bd46823977c2ac774639e3877.jpeg,0.9456591202670936
613,✨超新可貓✨陽台獨洗✨乾濕分離✨可租補✨一中台體✨,,13499,16.0,0.0,5,1,台中市,台中市北區成功路,,電梯大廈,1房1廳1衛 - 1陽台,,有對外窗;陽台,https://www.rakuya.com.tw/rent/rent_item?ehid=0ad5d629421191a,9e7c7db1608bcfab7ad455a6d1103054.jpeg,0.12194032288278452
614,✨東海無釣魚✨全新超秒殺✨可租補✨室內機車位✨速洽,,8799,12.0,0.0,3,1,台中市,台中市龍井區遊園北路,,電梯大廈,1房1衛 - 1陽台,,有對外窗;陽台,https://www.rakuya.com.tw/rent/rent_item?ehid=0a6f33294212248,beb9214847ab5aec964bd61f9c71ede0.jpeg,0.19379402229764128
615,✨超夯秒殺✨可寵✨可雙租補✨一房一廳✨快洽✨,,16999,17.6,0.0,3,1,台中市,台中市北屯區旅順路二段,,透天厝,1房1廳1衛 - 1陽台,,有對外窗;陽台,https://www.rakuya.com.tw/rent/rent_item?ehid=016cc029404231c,576efe6bbcf04765d397c1b8c310784a.jpeg,1.6277148089052829
616,✨搶先預定✨超秒殺可寵✨一房一廳✨可租補✨美術館✨,,14499,17.3,0.0,4,1,台中市,台中市西區五權七街,,公寓,1房1廳1衛 - 1陽台,,有對外窗;陽台,https://www.rakuya.com.tw/rent/rent_item?ehid=0f3c6a29404245c,f22ccc2fe8b039032d4e475ebcef50b1.jpeg,0.0
617,✨超秒殺✨可寵✨逢甲商圈✨可租補✨陽台獨洗✨,,12499,15.0,0.0,4,1,台中市,台中市西屯區文華路,,公寓,1房1廳1衛 - 1陽台,,有對外窗;陽台,https://www.rakuya.com.tw/rent/rent_item?ehid=0b2866294054398,4d028b434656758f03466e5ffd64ad90.jpeg,1.84629271897188
618,✨東海絕非釣魚✨全新秒殺✨租屋補助✨室內機車✨,,8799,12.0,0.0,3,1,台中市,台中市龍井區新興路,,電梯大廈,1房1衛 - 1陽台,,有對外窗;陽台,https://www.rakuya.com.tw/rent/rent_item?ehid=07634f29421241f,3293aab17d9ad31f2e6d67f09f213e2d.jpeg,0.35327035314674193
619,開放搶先定✨超新可貓✨雙租補✨近一中台體✨陽台獨洗,,12599,15.3,0.0,2,1,台中市,台中市北區梅川西路三段,,電梯大廈,1房1廳1衛 - 1陽台,,有對外窗;陽台,https://www.rakuya.com.tw/rent/rent_item?ehid=0185df29422000a,1294b3bd3c834eaa6489baf2415c8701.jpeg,0.8632651599946783
620,✨經典樓中樓✨獨洗✨可租補✨子母車✨管理員✨,,12499,15.0,0.0,6,1,台中市,台中市北屯區綏遠路二段,,透天厝,1房1廳1衛,,有對外窗,https://www.rakuya.com.tw/rent/rent_item?ehid=027b6329404250f,3d61d2f8cb2a920fe36047ddbbaac8de.jpeg,2.183391284660345
621,✨全新整理✨可租補✨一中中有✨陽台獨洗✨衛浴開窗✨,,12999,16.3,0.0,4,1,台中市,台中市北區梅亭街,,電梯大廈,1房1衛 - 1陽台,,有對外窗;陽台,https://www.rakuya.com.tw/rent/rent_item?ehid=04a77d294042565,b04cc83ccea5630e40048eceb59ca596.jpeg,1.3355800692390007
622,✨全新整理✨陽台獨洗✨乾濕分離✨可雙租補✨近一中✨,,8999,10.3,0.0,2,1,台中市,台中市太平區振武路,,透天厝,1房1廳1衛 - 1陽台,,有對外窗;陽台,https://www.rakuya.com.tw/rent/rent_item?ehid=0670e2294041173,4aec19f0f9c31e310d28613b276694ae.jpeg,0.493256159599568
623,✨全新整理✨雙租補✨乾濕分離✨近一中商圈✨,,6999,9.0,0.0,2,1,台中市,台中市太平區振武路,,透天厝,1房1廳1衛,,有對外窗,https://www.rakuya.com.tw/rent/rent_item?ehid=0a2c6e294041229,1c051dec5e8388b368808b16e39fa448.jpeg,0.508428534040782
624,✨北屯超大間✨北平美食✨獨洗曬✨可租補✨可短租✨,,7999,13.0,0.0,5,1,台中市,台中市北屯區旅順路二段,,透天厝,1房1廳1衛,,有對外窗,https://www.rakuya.com.tw/rent/rent_item?ehid=07912829403621f,3703e3dba7e14f63e2c4a0fa4a2b3a7f.jpeg,1.776435783754272
625,✨大雅VIP✨陽台獨洗✨衛浴開窗✨變頻冷暖✨電梯上,,8999,14.0,0.0,5,1,台中市,台中市大雅區中和三路,,電梯大廈,1房1廳1衛 - 1陽台,,有對外窗;陽台,https://www.rakuya.com.tw/rent/rent_item?ehid=0d314f29403624b,3f5f8073fa1af6c1618f5702a968c2e2.jpeg,0.12281071728805569
626,✨小資精選✨可短租✨可租補✨水湳商圈✨獨洗窗曬✨,,5499,8.0,0.0,6,1,台中市,台中市西屯區長安路二段,,公寓,1房1衛,,有對外窗,https://www.rakuya.com.tw/rent/rent_item?ehid=0f49cc294041267,38e344e2902eb8271dc190203b5bdfb0.jpeg,0.8947799199095176
627,✨洲際Ｗ✨兩房一廳✨台水電✨平面車位✨可租補✨,,26999,40.0,0.0,21,2,台中市,台中市北屯區四平路/總太洲際W,,電梯大廈,2房1廳1衛 - 2陽台1廚房,,有對外窗;陽台,https://www.rakuya.com.tw/rent/rent_item?ehid=0d7af029421994d,5bb9bb07af8d8a877e8ba9045aa218a4.jpeg,0.0
628,租屋補助我談✨精裝兩房平車✨家庭首選✨家俱全配✨,,27999,42.0,0.0,4,2,台中市,台中市北屯區四平路/總太洲際W,,電梯大廈,2房2廳1衛 - 2陽台1廚房,,,https://www.rakuya.com.tw/rent/rent_item?ehid=042b48294134253,6520cf3e3f088f6e130a70731c12c0b7.jpeg,0.0
629,租屋補助✨格局方正✨子母車✨超大陽台獨洗曬✨,,7499,14.0,0.0,3,1,台中市,台中市東區自強街,,透天厝,1房1衛 - 1陽台,,,https://www.rakuya.com.tw/rent/rent_item?ehid=001a08294134693,b57fad1237708bd707728d16c0059822.jpeg,0.6122157133500141
630,租屋補助✨新電梯透天✨陽台獨洗曬✨流理臺✨子母車✨,,11999,21.0,0.0,5,1,台中市,台中市北區進化北路,,電梯大廈,1房1衛 - 1陽台,,,https://www.rakuya.com.tw/rent/rent_item?ehid=00c8ad294154830,eee5d5412f169d4becff08e95a8763d2.jpeg,0.0
631,馬上看✨台水電計費✨工作室✨網拍首選✨門前停車✨,,26999,35.0,0.0,1,0,台中市,台中市南屯區永春東一路,,電梯大廈,開放式格局,,,https://www.rakuya.com.tw/rent/rent_item?ehid=02792329416453b,a3886c7a983d03e9b9ed3e504f02e362.jpeg,0.10138086905115556
632,雙租屋補助✨台水電計費✨可寵✨工作室✨家俱全配✨,,13999,22.0,0.0,11,1,台中市,台中市北區漢口路四段/夢社區,,電梯大廈,1房1衛 - 1陽台,,,https://www.rakuya.com.tw/rent/rent_item?ehid=09dd74294166595,dbc1a3ce13a1ec3c7c5cb8d70daa7d16.jpeg,1.5251148281795421
633,中國醫✨雙租屋補助✨乾溼分離✨陽台獨洗曬✨木地板,,11499,18.0,0.0,4,1,台中市,台中市北屯區大連路一段,,電梯大廈,1房1衛 - 1陽台,,,https://www.rakuya.com.tw/rent/rent_item?ehid=0d2665294169014,af0088156aa2496528c2529b082ddb9e.jpeg,1.7565914939089997
634,年後新案✨流理臺✨楊台獨洗曬✨室內大空間✨子母車✨,,14999,22.0,0.0,2,1,台中市,台中市南屯區永春東一路,,透天厝,1房1衛 - 1陽台,,,https://www.rakuya.com.tw/rent/rent_item?ehid=01d2bf294148917,899fa65226d1c1b233672babef277109.jpeg,0.1081548507946809
635,雙租屋補助✨可貓✨流理臺✨陽台獨洗曬✨一樓公設空間,,12599,19.0,0.0,2,1,台中市,台中市北區梅川西路三段,,電梯大廈,1房1衛 - 1陽台,,,https://www.rakuya.com.tw/rent/rent_item?ehid=0e6617294168773,517cc478871c18cdf161ef471bdfaf2b.jpeg,0.8632651599946783
636,木質調✨全室系統櫃✨陽台獨洗曬✨衛浴開窗✨子母車✨,,9499,16.0,0.0,3,1,台中市,台中市北屯區雷中街,,電梯大廈,1房1衛 - 1陽台,,,https://www.rakuya.com.tw/rent/rent_item?ehid=0c779f294132173,e973b64fe51135bf0d3093c27cc95411.jpeg,0.38507976883961115
637,超俗✨租屋補助✨室內機車位✨衛浴開窗✨有陽台✨,,7499,13.0,0.0,6,1,台中市,台中市東區長福東街,,電梯大廈,1房1衛 - 1陽台,,,https://www.rakuya.com.tw/rent/rent_item?ehid=0da1a229414464d,4075519a2734868b91094fb7ebaa017e.jpeg,0.3086801916050491
638,雙租屋補助✨流理臺✨乾溼分離✨子母車✨陽台獨洗曬✨,,10799,18.0,0.0,4,1,台中市,台中市北區健行路,,透天厝,1房1衛 - 1陽台,,,https://www.rakuya.com.tw/rent/rent_item?ehid=047b1c29416959c,d8b4c5917fd2bafb24f02744a8342f93.jpeg,0.8246434527423052
639,文華天際✦近A7捷運站 屋內寬敞舒適 採光佳,,25000,25.0,1.0,15,2,桃園市,桃園市龜山區華亞三路/文華天際,,華廈,2房2廳1衛 - 1陽台1廚房,,有對外窗;有中庭;陽台,https://www.rakuya.com.tw/rent/rent_item?ehid=0daafc294217136,4eefad558c9c0532f61f03d7fd6640fa.jpeg,0.18561417046310977
640,❤️可寵電梯❤️雙租補❤️陽台洗曬❤️乾濕分離,,12499,13.0,0.0,4,1,台中市,台中市北屯區中清路二段,,透天厝,1房1衛 - 1陽台,,有對外窗;陽台,https://www.rakuya.com.tw/rent/rent_item?ehid=0de90929421712a,3bf89e5ef890de8002ad403d73ed4596.jpeg,0.8301536517098117
641,豐田大郡樓中樓✦近藝文商圈  採光良好通風佳,,38000,52.0,27.9,8,4,桃園市,桃園市桃園區莊敬路一段/豐田大郡,,樓中樓,4房2廳3衛 - 1室2陽台1廚房,,有對外窗;有中庭;樓中樓;陽台,https://www.rakuya.com.tw/rent/rent_item?ehid=042a4c294217025,2c7ebe42d776055c40aa86d07b5763a8.jpeg,0.5738836333646086
642,小資最愛❤️電梯❤️陽台獨洗❤️系統櫃❤️,,6999,9.0,0.0,5,1,台中市,台中市東區進化路,,透天厝,1房1衛 - 1陽台,,有對外窗;陽台,https://www.rakuya.com.tw/rent/rent_item?ehid=0bb2a229421430e,ef5233fdc09319c418688f8b5f104f9a.jpeg,0.0
643,很新❤️電梯❤️雙租補❤️陽台獨洗曬❤️,,12999,14.0,0.0,2,1,台中市,台中市北區育德路,,透天厝,1房1衛 - 1陽台,,有對外窗;陽台,https://www.rakuya.com.tw/rent/rent_item?ehid=02ea3e29421404a,aa939ea7c4f2c25567f059e4f89a3e02.jpeg,0.8071339479805368
644,皇家庭苑透天住辦✦黃金店面 空間寬敞好規劃,,17500,20.0,16.4,1,1,桃園市,桃園市桃園區富國路,,透天厝,1房1廳1衛 - 1陽台,,,https://www.rakuya.com.tw/rent/rent_item?ehid=0c6054294213922,c3f222b3ee46489f20a5c20c79b12a75.jpeg,0.15851488485739643
645,僑平國小超優的三房,,12500,33.0,0.0,10,0,嘉義市,嘉義市西區德惠街/東隆王朝,,電梯大廈,開放式格局,,,https://www.rakuya.com.tw/rent/rent_item?ehid=0d2a2d294025921,9dd5e111ca75921c49823ac6874f9073.jpeg,0.2692889024865659
646,整棟全新⏳可租補⏳可短租⏳陽台獨洗⏳流理台⏳機車位,,11499,15.0,0.0,3,1,台中市,台中市西屯區福安六街,,電梯大廈,1房1衛 - 1陽台1廚房,,有對外窗;陽台,https://www.rakuya.com.tw/rent/rent_item?ehid=090490294078329,efa59871ce8cd9cd1e232a77b3928d73.jpeg,0.6132421306686764
647,整棟極新⏳精美廚房⏳獨洗陽台⏳衛浴開窗⏳子母車⏳,,8499,16.0,0.0,3,1,台中市,台中市北區國泰街,,電梯大廈,1房1廳1衛 - 1陽台1廚房,,有對外窗;陽台,https://www.rakuya.com.tw/rent/rent_item?ehid=05fb8d29421128c,0a15fae5f91a9bb961c7639dd3829c44.jpeg,3075.6559595246504
648,❤️超大間❤️陽台獨洗曬❤️廚房❤️機車位,,14999,18.0,0.0,2,1,台中市,台中市南屯區永春東一路,,透天厝,1房1衛 - 1陽台1廚房,,有對外窗;陽台,https://www.rakuya.com.tw/rent/rent_item?ehid=042520294212441,c79d62a9232037e83da24b79c49e0f86.jpeg,0.1081548507946809
649,生活精品分套✦近藝文特區  門禁刷卡管理 住戶單純,,9500,9.0,19.7,4,0,桃園市,桃園市桃園區中正路,,透天厝,1衛,,有對外窗,https://www.rakuya.com.tw/rent/rent_item?ehid=02664029421242c,c4507fd7930f18e7170e6800b440158c.jpeg,0.7261413760805492
650,全新裝潢✨台水台電✨陽台獨洗✨租屋補助入戶籍✨可寵,,13999,17.0,0.0,11,1,台中市,台中市北區漢口路四段,,電梯大廈,1房1衛 - 1陽台,,,https://www.rakuya.com.tw/rent/rent_item?ehid=08625129405222f,8f83b3cd683ff13114c8a0c25793e550.jpeg,1.5251148281795421
651,高級質感宅｜精裝高配｜二房平車｜拎包即住！,,28000,29.76,6.0,21,2,台中市,台中市西屯區環中路二段/赫里翁臻愛,,電梯大廈,2房1廳1衛 - 1陽台1廚房,,有對外窗;有中庭;陽台,https://www.rakuya.com.tw/rent/rent_item?ehid=0ca664294212320,dd160ae87d6dd85499a9e9ef74e1ef1e.jpeg,0.6174386694494078
652,中悅花園廣場✦近好事多 生活機能便利 簡約舒適裝潢,,42000,45.0,27.9,8,4,桃園市,桃園市蘆竹區六福路/中悅花園廣場/中悅花廣,,電梯大廈,4房2廳3衛 - 3陽台1廚房,,有對外窗;有中庭;陽台,https://www.rakuya.com.tw/rent/rent_item?ehid=05be46294212157,217571e965a5a72883384e3044987c2f.jpeg,0.0
653,L3J94）錦和運動公園【超值3房】採光優★附傢俱,,23000,27.0,20.0,6,3,新北市,新北市中和區連城路,,公寓,3房1廳1衛,,,https://www.rakuya.com.tw/rent/rent_item?ehid=00ad27294212083,1e6c9eafd4b5dac8937165be3176d02f.jpeg,0.4153105619601613
654,R0C11）光華國小【超值租案】採光優★獨立洗衣機,,8900,6.0,20.0,5,1,新北市,新北市新莊區民安西路,,公寓,1房1衛,,,https://www.rakuya.com.tw/rent/rent_item?ehid=09397529421190f,324636ebb98bf75bf7a95e1fb44ca435.jpeg,0.6571976102736232
655,摩天金融大樓✦近南崁交流道 商業機能完善 可營登,,36000,46.0,33.0,13,0,桃園市,桃園市桃園區中正路/摩天金融大樓,,電梯大廈,開放式格局,,有對外窗;有中庭,https://www.rakuya.com.tw/rent/rent_item?ehid=0cc1ca294211555,4f41c72f8513c04dabec24a0ef3b343b.jpeg,0.6262952833359445
656,Q2D84）重陽大橋【超值2房2廳】採光優★附傢俱,,18000,22.0,20.0,2,1,新北市,新北市三重區富福街,,公寓,1房1衛,,,https://www.rakuya.com.tw/rent/rent_item?ehid=05d91e29421124f,336e49a9d6987591c5ed67ea92de5ef9.jpeg,0.4824215257580714
657,L0O74）捷運南勢角站1分【景觀】小廚房★大空間,,22000,12.0,20.0,11,1,新北市,新北市中和區捷運路,,別墅,1房1衛 - 1廚房,,,https://www.rakuya.com.tw/rent/rent_item?ehid=07245c29421095c,712cb6cba66b08a68eb6802e9881f929.jpeg,0.7037251714239455
658,屋主自租愛情河左岸+車位.可不租(家具陸續到位中),,25800,22.9,0.6,19,2,高雄市,高雄市前金區河東路/愛情河左岸,,電梯大廈,2房2廳1衛 - 2陽台1廚房,,有對外窗;陽台,https://www.rakuya.com.tw/rent/rent_item?ehid=020bc6294210289,991a5dea8f9d39f54a8e21d7adf774c9.jpeg,0.8069667299336742
659,N1B22）捷運大坪林1分【景觀1房2廳】獨立陽台,,25000,16.0,20.0,14,1,新北市,新北市新店區中興路三段,,電梯大廈,1房2廳1衛 - 1陽台1廚房,,,https://www.rakuya.com.tw/rent/rent_item?ehid=0628cb29421027e,4d3e302c52a24ba957e0c30a9d2623ea.jpeg,1.704601633093583
660,電梯❤️樓中樓❤️陽台獨洗❤️機車位❤️衛浴開窗,,10499,15.0,0.0,4,1,台中市,台中市大里區東興路,,透天厝,1房1廳1衛 - 1陽台,,,https://www.rakuya.com.tw/rent/rent_item?ehid=005d02294210178,c5f3037b4978e5e52d39f7cac00dcb0e.jpeg,0.1799050858902864
661,鎮二街透天✦近綠地公園 採光視野佳 明亮寬敞通風佳,,17000,25.0,0.0,4,2,桃園市,桃園市桃園區鎮二街,,透天厝,2房1廳1衛 - 1陽台,,有對外窗;陽台,https://www.rakuya.com.tw/rent/rent_item?ehid=01dcbc29421014c,f567a28f1f5cc597b7414d0e1d1cda68.jpeg,0.8802698649732289
662,L0O72）捷運南勢角【大空間】獨立洗衣機★採光優,,16000,11.0,20.0,2,1,新北市,新北市中和區景平路,,電梯大廈,1房1衛,,,https://www.rakuya.com.tw/rent/rent_item?ehid=0acc28294210047,a1920db61ccd5129a6ceffc170b290d1.jpeg,1.2592407267264623
663,O0S91）近實踐國小【超值租案】採光優★獨立衛浴,,13000,5.0,20.0,1,1,新北市,新北市板橋區國泰街,,公寓,1房1衛,,,https://www.rakuya.com.tw/rent/rent_item?ehid=0754b129420992f,6dd4108f341c97d214275879e4ed7d1c.jpeg,1.1427064394261919
664,雙租補❤️電梯❤️機車位❤️陽台洗曬❤️衛浴開窗,,12499,12.0,0.0,6,1,台中市,台中市南屯區文山一街,,透天厝,1房1衛 - 1陽台,,,https://www.rakuya.com.tw/rent/rent_item?ehid=0373ab29420987f,d4d1c25a6265c9a77ce395094474ce70.jpeg,0.2218263550076393
665,M0K24）捷運頂溪1分【景觀大空間】陽台★洗衣機,,23000,11.0,20.0,12,1,新北市,新北市永和區永和路二段,,電梯大廈,1房1衛,,,https://www.rakuya.com.tw/rent/rent_item?ehid=0d30ef29420977e,78a2b2154b6b94b6f108ac48994804ca.jpeg,0.7012324303248911
666,L0O71）捷運中和【超值租案】採光優★獨立洗衣機,,13000,6.0,20.0,1,1,新北市,新北市中和區泰和街,,公寓,1房1衛,,,https://www.rakuya.com.tw/rent/rent_item?ehid=0b643e294209598,822a8f31d9e30be10f2d3a31127e0097.jpeg,1.004810219309782
667,M3G28）近華中橋【電梯3房2衛】採光優★有陽台,,45000,41.0,20.0,1,3,新北市,新北市永和區仁愛路,,電梯大廈,3房2廳2衛 - 1陽台1廚房,,,https://www.rakuya.com.tw/rent/rent_item?ehid=0469e1294209517,ee581080eb97a44a83e821ce91acb780.jpeg,0.7738716495073985
668,電梯管理員❤陽台獨洗❤可租屋補助❤小資看過來❤,,5999,8.0,0.0,13,1,台中市,台中市西屯區青海路二段,,電梯大廈,1房1廳1衛 - 1陽台,,有對外窗;陽台,https://www.rakuya.com.tw/rent/rent_item?ehid=00ac86294052473,82a1e762fcfc2d84dd00873196faa011.jpeg,1.2425538878631308
669,可租屋補助❤陽台獨洗❤限女生❤衛浴窗❤真心推❤,,10499,13.0,0.0,3,1,台中市,台中市西區大明街,,透天厝,1房1廳1衛 - 1陽台,,有對外窗;陽台,https://www.rakuya.com.tw/rent/rent_item?ehid=05cdea294052861,7b05090a1ca8048ce6cff2d2851c165e.jpeg,1.202991700705926
670,可租屋補助❤秒殺❤衛浴窗❤真的不錯❤陽台獨洗❤,,8499,12.0,0.0,5,1,台中市,台中市北區育祥街,,電梯大廈,1房1廳1衛 - 1陽台,,有對外窗;陽台,https://www.rakuya.com.tw/rent/rent_item?ehid=0cce00294052882,f4358267000ca0cfbbbf7a184a0cc4ec.jpeg,0.8797488549620673
671,可寵❤陽台獨洗❤木質地❤乾乾淨淨❤值得推薦❤,,7799,10.0,0.0,2,1,台中市,台中市西屯區華夏巷西一弄,,透天厝,1房1廳1衛 - 1陽台,,有對外窗;陽台,https://www.rakuya.com.tw/rent/rent_item?ehid=0a09d8294187338,9adc7c1ef7d2fd6c4a70c785a30e181f.jpeg,1.83204729147469
672,可租屋補助❤秒殺套房❤可貓貓❤錯過可惜❤來看,,5999,11.0,0.0,3,1,台中市,台中市西區林森路,,透天厝,1房1廳1衛,,有對外窗;陽台,https://www.rakuya.com.tw/rent/rent_item?ehid=0490c529418870f,b5bffeb20d10b461078186fa7e49c45d.jpeg,1.1241147087646877
673,電梯❤一房一廳❤陽台獨洗❤可租屋補助❤美賣唷❤,,13999,17.0,0.0,2,1,台中市,台中市北區育祥街,,電梯大廈,1房1廳1衛 - 1陽台,,有對外窗;陽台,https://www.rakuya.com.tw/rent/rent_item?ehid=0928fa294052909,ca3b6c8ab5eb1ef37b92de5da544b107.jpeg,0.8299684456801522
674,可寵❤大空間❤衛浴窗❤推一波❤來看看❤,,5499,10.0,0.0,5,1,台中市,台中市龍井區新興路,,電梯大廈,1房1廳1衛,,有對外窗;陽台,https://www.rakuya.com.tw/rent/rent_item?ehid=0750ff294187501,f2e0cf3e5d5c34f99dcfd5a0ff4919f0.jpeg,0.37416125683193685
675,電梯❤陽台獨洗❤超新的❤衛浴窗❤可租屋補助❤秒殺的,,9499,12.0,0.0,3,1,台中市,台中市北屯區雷中街,,電梯大廈,1房1廳1衛 - 1陽台,,有對外窗;陽台,https://www.rakuya.com.tw/rent/rent_item?ehid=00d47c294188310,e05bbaee04d5fec274f44280abbbc9a4.jpeg,0.38507976883961115
676,免爬高❤陽台獨洗❤可租屋補助❤門前可停機車❤可貓❤,,5299,8.0,0.0,1,1,台中市,台中市西屯區西屯路二段,,透天厝,1房1廳1衛 - 1陽台,,有對外窗;陽台,https://www.rakuya.com.tw/rent/rent_item?ehid=0cfa20294052283,25b047da720c21b551a5a5a6544096c9.jpeg,1.0718680432625434
677,可貓❤2+1房❤可租屋補助❤秒殺的唷❤超美房間,,22999,25.0,0.0,4,3,台中市,台中市北屯區遼陽北二街,,電梯大廈,3房2廳1衛 - 1陽台1廚房,,有對外窗;陽台,https://www.rakuya.com.tw/rent/rent_item?ehid=0e81dd294052334,ed07ecc8ba04bccbe6f5f494437e3528.jpeg,1.8802166116057906
678,可寵❤可租屋補助❤陽台獨洗❤很美唷❤快來唷❤,,9999,13.0,0.0,2,1,台中市,台中市南區南門路,,華廈,1房1廳1衛 - 1陽台,,有對外窗;陽台,https://www.rakuya.com.tw/rent/rent_item?ehid=0ea0d8294052368,cf7fac7860f3ff3ef168d45ea4fd6583.jpeg,0.0
679,可寵❤一房一廳❤陽台獨洗❤乾溼分離❤超秒殺唷❤,,8999,15.0,0.0,5,1,台中市,台中市北區文武街,,公寓,1房1廳1衛 - 1陽台,,有對外窗;陽台,https://www.rakuya.com.tw/rent/rent_item?ehid=086bea294052788,c92eeabf0a8b31ad99ff9e0ca4b9b0b6.jpeg,0.32212647157522806
680,電梯❤台水電❤陽台獨洗❤租屋補助❤可戶籍❤秒殺,,8999,12.0,0.0,6,1,台中市,台中市北區山西路二段,,電梯大廈,1房1廳1衛 - 1陽台,,有對外窗;陽台,https://www.rakuya.com.tw/rent/rent_item?ehid=066d64294188482,2b06ff205b8aebd00a1a421640fe644e.jpeg,1.2502533678013539
681,電梯管理員❤平面車位❤可租屋補助❤家具電齊全❤,,27999,30.0,0.0,4,2,台中市,台中市北屯區四平路,,電梯大廈,2房1廳1衛 - 2陽台1廚房,,有對外窗;有中庭;陽台,https://www.rakuya.com.tw/rent/rent_item?ehid=0ce2f8294189189,13efc5936202f8d8a2beec18937f22ad.jpeg,0.0
682,可租屋補助❤木質地❤秒殺❤小資可看❤快來,,5199,10.0,0.0,2,1,台中市,台中市北區健行路,,公寓,1房1廳1衛,,有對外窗,https://www.rakuya.com.tw/rent/rent_item?ehid=0415d5294052317,763c4e519f54c1033706dc8abf1daa9b.jpeg,0.9011107795272186
683,可租屋補助❤超級大一間❤類一房一廳❤錯過可惜❤❤,,6999,12.0,0.0,2,1,台中市,台中市北屯區文心路三段,,電梯大廈,1房1廳1衛 - 1陽台,,有對外窗;陽台,https://www.rakuya.com.tw/rent/rent_item?ehid=08a9c829405249c,f6e61f27717fe06037200acde4d390fb.jpeg,0.9483748573740302
684,電梯管理員❤台電❤可租屋補助❤可寵❤頂級奢華美房❤,,18999,16.0,0.0,10,1,台中市,台中市北屯區中清東一街,,電梯大廈,1房1廳1衛,,有對外窗;陽台,https://www.rakuya.com.tw/rent/rent_item?ehid=05aef1294052752,e62f19842c03435eecf4f2ca1988561b.jpeg,0.7530362902427485
685,電梯❤可短租❤陽台獨洗❤超新超美❤錯過好可惜❤,,8999,12.0,0.0,5,1,台中市,台中市北區進化路,,電梯大廈,1房1廳1衛 - 1陽台,,有對外窗;陽台,https://www.rakuya.com.tw/rent/rent_item?ehid=0ec607294053068,374c8fbc291ae3f44cc8c8c7e3838576.jpeg,0.0
686,一房一廳❤可貓❤可租屋補助❤乾溼分離❤系統裝潢❤,,17000,17.0,0.0,3,1,台中市,台中市北區漢口路三段,,電梯大廈,1房1廳1衛 - 1陽台,,有對外窗;陽台,https://www.rakuya.com.tw/rent/rent_item?ehid=063652294052962,6ddcd92cae90697cff6f7ef584769192.jpeg,0.8063683566492277
687,電梯美套❤陽台獨洗❤衛浴窗❤秒殺的唷❤快快來唷❤,,7599,10.0,0.0,6,1,台中市,台中市南區台中路,,電梯大廈,1房1廳1衛 - 1陽台,,有對外窗;陽台,https://www.rakuya.com.tw/rent/rent_item?ehid=0b519429418658b,2125830f37cf5eb359e0e2efe0a1bbc5.jpeg,0.049309627996825124
688,2+1房❤可寵❤可租屋補助❤超佛租金❤家具可調整,,10499,22.0,0.0,6,3,台中市,台中市北區興進路,,公寓,3房1廳1衛 - 1陽台,,有對外窗;陽台,https://www.rakuya.com.tw/rent/rent_item?ehid=0ea405294042432,e0bbf06f956a29e701b69cf2df1d4292.jpeg,1.2889902857194147
689,全新未住❤陽台獨洗❤流理台❤衛浴窗❤租屋補助,,12000,14.0,0.0,7,1,台中市,台中市大里區塗城路,,電梯大廈,1房1廳1衛 - 1陽台,,有對外窗;陽台,https://www.rakuya.com.tw/rent/rent_item?ehid=02bdaf294043604,294aacfa9ba91b795f21d6438b64762c.jpeg,0.42433164799344103
690,可短租❤可租屋補助❤陽台獨洗❤雙面採光❤秒殺的唷❤,,11499,13.0,0.0,6,1,台中市,台中市西屯區福安六街,,電梯大廈,1房1廳1衛 - 1陽台,,有對外窗;陽台,https://www.rakuya.com.tw/rent/rent_item?ehid=0f0db8294052250,a368d566740a1ac8fca6c89aa8a42582.jpeg,0.6132421306686764
691,電梯管理員❤秒殺三房❤平面車位❤可租補❤可寵❤,,29000,38.0,0.0,9,3,台中市,台中市北屯區北平路四段,,電梯大廈,3房2廳2衛 - 1陽台1廚房,,有對外窗;陽台,https://www.rakuya.com.tw/rent/rent_item?ehid=0ef62e294042359,08c199db26256977aac87a7ea26fd844.jpeg,1.9054159248050868
692,獨立洗衣機❤可貓❤可租屋補助❤全新整理❤超級秒殺❤,,6999,12.0,0.0,4,1,台中市,台中市東區復興路五段,,透天厝,1房1廳1衛,,有對外窗,https://www.rakuya.com.tw/rent/rent_item?ehid=09af8b29404118b,64697206d2ae178357bf668b9c3dbd21.jpeg,1.6259336996773581
693,電梯❤陽台獨洗❤可租屋補助❤乾溼分離❤系統裝潢,,12999,15.0,0.0,8,1,台中市,台中市西屯區中平路,,電梯大廈,1房1廳1衛 - 1陽台,,有對外窗;陽台,https://www.rakuya.com.tw/rent/rent_item?ehid=0196d529404128a,590c7758d1704806f5e8b67a07e32698.jpeg,0.6325924371269201
694,一房一廳❤獨立洗衣機❤可租屋補助❤可短租❤可貓❤,,12999,16.0,0.0,3,1,台中市,台中市西屯區中清路二段,,透天厝,1房1廳1衛 - 1陽台,,有對外窗,https://www.rakuya.com.tw/rent/rent_item?ehid=033c6b294042547,3be527edda9764bb13a38e7b037df005.jpeg,0.16682696893743473
695,陽台獨洗❤可租屋補助❤小資滿意❤木質地❤,,6499,9.0,0.0,5,1,台中市,台中市北區健行路,,透天厝,1房1廳1衛 - 1陽台,,有對外窗;陽台,https://www.rakuya.com.tw/rent/rent_item?ehid=0526ac29404365f,4f950dc643f150f0ada80b897ca50416.jpeg,0.8764064093941596
696,電梯❤可租屋補助❤室內機車位❤陽台獨洗❤秒殺❤,,7499,12.0,0.0,5,1,台中市,台中市西屯區河南東二街,,電梯大廈,1房1廳1衛 - 1陽台,,有對外窗;陽台,https://www.rakuya.com.tw/rent/rent_item?ehid=0c25b6294042328,606d48fa0e4acb6caa551f35d8927fd1.jpeg,0.9816030093040563
697,秒殺3房❤平面車位❤可寵❤家具電可談❤真心推薦❤,,25999,38.0,0.0,13,3,台中市,台中市北屯區敦富路,,電梯大廈,3房2廳2衛 - 1陽台1廚房,,有對外窗;陽台,https://www.rakuya.com.tw/rent/rent_item?ehid=04208f294042499,55eeb0e828209b0edf0ce3b4419ac7f6.jpeg,0.32323456727914834
698,管理員❤陽台獨洗❤衛浴窗❤划算租金❤真的不錯❤台電,,5499,8.0,0.0,2,1,台中市,台中市西屯區福上巷,,透天厝,1房1廳1衛 - 1陽台,,有對外窗;陽台,https://www.rakuya.com.tw/rent/rent_item?ehid=012893294042440,4d4c2f93a4bf75277f88c4970bfa2395.jpeg,1.789559839819035
699,陽台獨洗❤可租屋補助❤可短租❤流理台❤,,11499,12.0,0.0,6,1,台中市,台中市西屯區福安六街,,電梯大廈,1房1廳1衛 - 1陽台,,有對外窗;陽台,https://www.rakuya.com.tw/rent/rent_item?ehid=0afdc529405223d,ed7ca3e9c75688fc7713fd16b79c4fb6.jpeg,0.6132421306686764
700,可貓❤可租屋補助❤陽台獨洗❤全新整理❤台電❤,,7999,12.0,0.0,4,1,台中市,台中市東區復興路五段,,公寓,1房1廳1衛 - 1陽台,,有對外窗;陽台,https://www.rakuya.com.tw/rent/rent_item?ehid=0a4d79294041201,e939d5027059996aa21aecd134379a15.jpeg,1.5998131454844506
701,可貓❤可租屋補助❤可短租❤衛浴窗❤陽台獨洗❤秒殺,,9999,15.0,0.0,4,1,台中市,台中市西屯區中清路二段,,透天厝,1房1廳1衛 - 1陽台,,有對外窗;陽台,https://www.rakuya.com.tw/rent/rent_item?ehid=0285a8294042513,15831e7e4c0217d58acd43b6d2b0fde8.jpeg,0.17199137259657782
702,全新兩房❤流理台❤乾溼分離❤陽台獨洗❤超佛心價❤,,16000,20.0,0.0,3,2,台中市,台中市大里區塗城路,,電梯大廈,2房1廳1衛 - 1陽台,,有對外窗;陽台,https://www.rakuya.com.tw/rent/rent_item?ehid=05838329404362f,55b7c3005217a7d0aac5a0a06f7f58db.jpeg,0.41064245089957935
703,電商辦公｜教學教室｜大空間｜創業首選,,50000,70.0,0.0,4,0,台中市,台中市中區民族路/皇冠寶座,,電梯大廈,開放式格局,,,https://www.rakuya.com.tw/rent/rent_item?ehid=0ccc1a294209094,528f65c412954e121951b6de54756063.jpeg,1.3335581079778973
704,可租補⚡可小寵⚡陽台獨洗曬⚡很大間⚡電磁爐,,17000,12.0,0.0,2,0,台中市,台中市太平區宜欣十街,,透天厝,開放式格局,,有對外窗;陽台,https://www.rakuya.com.tw/rent/rent_item?ehid=09c28729419488a,cbcab4e8c5a43f8a0123ed75543fe243.jpeg,0.43873173929058906
705,丹聯電梯大厦,,16000,34.0,0.0,12,3,台中市,台中市沙鹿區中山路/丹聯大樓,,電梯大廈,3房1廳2衛 - 1陽台1廚房,,,https://www.rakuya.com.tw/rent/rent_item?ehid=0e9cac294209395,f1bfffcb6c7f0b97b804982abc511b2f.jpeg,0.062161471925165676
706,可租金補助．慈文商圈獨立大套房含車位,,18000,18.0,0.0,2,1,桃園市,桃園市桃園區慈祥街/寧園社區,,華廈,1房1衛 - 1陽台,,有對外窗;陽台,https://www.rakuya.com.tw/rent/rent_item?ehid=0f3f78294168491,f14344201ecd029942d2358507d098eb.jpeg,0.5930345538220608
707,K4A39）百齡橋【稀有4房1廳】租屋補助洽★採光,,24000,36.0,20.0,3,4,台北市,台北市士林區延平北路五段,,公寓,4房1廳1衛 - 1廚房,,,https://www.rakuya.com.tw/rent/rent_item?ehid=009e3a294208341,2b117e8d610e0a9895a7b1f8141a6bf0.jpeg,0.42150410803407395
708,C0Z93）近捷運大直【超值租案】獨洗衣機★對外窗,,10000,5.0,20.0,1,1,台北市,台北市中山區大直街,,公寓,1房1衛,,,https://www.rakuya.com.tw/rent/rent_item?ehid=03836a294204559,3118f23b7e136585ebdcf55ac23ab580.jpeg,0.7963206221772071
709,L0O73-3）近遠東世紀廣場【全新裝潢】可補助,,13000,6.0,20.0,2,1,新北市,新北市中和區中正路,,公寓,1房1衛,,,https://www.rakuya.com.tw/rent/rent_item?ehid=0f63ee294202954,95c685a9b74e92bdd579a0e923f19455.jpeg,0.3076146448750677
710,L0O73-2）近遠東世紀廣場【全新裝潢】可補助,,15000,6.0,20.0,2,1,新北市,新北市中和區中正路,,公寓,1房1衛,,,https://www.rakuya.com.tw/rent/rent_item?ehid=06235d294202807,139de7dd611b5c959efb7efcd032d2ce.jpeg,0.3026415546626988
711,L0O73-1）遠東廣場【全新裝潢】可補助★有陽台,,15000,6.0,20.0,2,1,新北市,新北市中和區中正路,,公寓,1房1衛 - 1陽台,,,https://www.rakuya.com.tw/rent/rent_item?ehid=0835ae294194139,c20bd34091f710eec7b02b685c2418f3.jpeg,0.3026415546626988
712,電梯大樓 大兩房一廳一衛 豪華床組 子母車,,23500,26.0,1.0,5,2,台中市,台中市豐原區豐東路,,電梯大廈,2房1廳1衛 - 1陽台,,有對外窗;為邊間;陽台,https://www.rakuya.com.tw/rent/rent_item?ehid=0a123929419302a,f4f38bddc43ea658f9f65637b4c5da8b.jpeg,0.5307913175753758
713,幸福就是你❤️可租補❤️台水台電❤️陽台獨洗,,8999,12.0,0.0,2,0,台中市,台中市西區五權八街,,電梯大廈,開放式格局,,有對外窗;陽台,https://www.rakuya.com.tw/rent/rent_item?ehid=00903129419274e,96f9b6b275ea138cfd6dc8bd899f5e74.jpeg,0.0
714,L0O73）近遠東廣場【超值租案】可補助★變頻冷氣,,11000,6.0,20.0,2,1,新北市,新北市中和區中正路,,公寓,1房1衛,,,https://www.rakuya.com.tw/rent/rent_item?ehid=08c5f3294192003,592b6cfd8803aa8257e3149a66910ca0.jpeg,0.31361492757067183
715,興大台水電獨洗曬美套房,,7500,8.0,0.0,4,1,台中市,台中市南區仁義街,,電梯大廈,1房1衛 - 1陽台,,有對外窗,https://www.rakuya.com.tw/rent/rent_item?ehid=074144294190143,76c3f95a2b5e48656decc3e1edb497fd.jpeg,3485.333333333333
716,租-沙鹿車站全配可租補三房平車,,30000,25.76,0.0,6,3,台中市,台中市沙鹿區新站三路/大華鹿鳴,,電梯大廈,3房2廳2衛 - 2陽台1廚房,,有對外窗;陽台,https://www.rakuya.com.tw/rent/rent_item?ehid=0f3320294189691,6a17451e607651bff1b90ebe172fbdc2.jpeg,0.21104953506874638
717,J0I74）捷運東湖【超值大空間】小廚房★獨洗衣機,,17000,8.0,20.3,3,1,台北市,台北市內湖區東湖路,,公寓,1房1衛 - 1陽台1廚房,,,https://www.rakuya.com.tw/rent/rent_item?ehid=0e00c9294189168,827bd21a5c862772ab7c5532db66d7ad.jpeg,0.6342433246034529
718,南區興大國圖陽台獨洗曬美套房,,7500,6.5,0.0,3,1,台中市,台中市南區新華街,,透天厝,1房1衛 - 1陽台,,有對外窗;陽台,https://www.rakuya.com.tw/rent/rent_item?ehid=0019be29418911a,ba940457ef88e0a680ff6912c0c1dd18.jpeg,0.1080363205163032
719,大里軟園陽台套房,,5600,6.0,0.0,4,1,台中市,台中市大里區中興路一段,,透天厝,1房1衛 - 1陽台,,有對外窗;陽台,https://www.rakuya.com.tw/rent/rent_item?ehid=01fcee294188853,c53e6c10db682a1736387e0d70860f41.jpeg,0.3423784408690901
720,大里益民商圈美套房,,6800,5.0,0.0,1,1,台中市,台中市大里區益民路二段,,透天厝,1房1衛,,有對外窗,https://www.rakuya.com.tw/rent/rent_item?ehid=04d54d294188456,a7375185cdb13f41e359133684d886a4.jpeg,1.343246241907628
721,鎮二街透天✦衛浴對外開窗 可做工作室,,17000,25.0,0.0,4,2,桃園市,桃園市桃園區鎮二街,,透天厝,2房1廳1衛 - 1陽台,,有對外窗;陽台,https://www.rakuya.com.tw/rent/rent_item?ehid=01685d294161347,93f36b7d9bf81e379099f61d31ad698c.jpeg,0.8802698649732289
722,L0N55-3）捷運景平站【超值租案】可補助★陽台,,10000,6.0,20.0,5,1,新北市,新北市中和區景新街,,公寓,1房1衛 - 1陽台,,,https://www.rakuya.com.tw/rent/rent_item?ehid=0c3e24294187622,7bdefd4a6552633025bb4656815280fe.jpeg,0.6581326490403384
723,J1B62）捷運西湖【超值租案】垃圾代收★一層2戶,,13000,10.0,20.0,4,1,台北市,台北市內湖區內湖路一段,,公寓,1房1衛,,,https://www.rakuya.com.tw/rent/rent_item?ehid=09267e294187596,c5e558d2e388a8957521f38429b3d9b8.jpeg,1.0318108777941142
724,南區國圖公寓可寵貓美套房,,5800,5.0,0.0,5,1,台中市,台中市南區復興路二段,,公寓,1房1衛,,有對外窗,https://www.rakuya.com.tw/rent/rent_item?ehid=091495294187523,8dec77c6aa93bf621e2c10786a5d5bf8.jpeg,0.5893756910829522
725,J0I97）捷運港墘【秒殺租案】採光優★江南街商圈,,9000,4.0,20.0,6,1,台北市,台北市內湖區江南街,,公寓,1房1衛,,,https://www.rakuya.com.tw/rent/rent_item?ehid=0596bb294187297,b0d446238c35b2ade22452e1b4562e6e.jpeg,0.9593202149881811
726,霧峰朝陽全新變頻冷氣美套房,,4800,5.5,0.0,1,1,台中市,台中市霧峰區自強路,,透天厝,1房1衛,,有對外窗,https://www.rakuya.com.tw/rent/rent_item?ehid=096de629418659d,e637a4ad69a0c0575ab3cd0e9f0adb78.jpeg,0.24795805696770304
727,六張犂溫馨電梯套房,,13000,5.0,40.0,7,1,台北市,台北市大安區樂業街,,電梯大廈,1房1衛,,有對外窗,https://www.rakuya.com.tw/rent/rent_item?ehid=0e5c7a29418638b,99e438c0dbed0261634a16945782f7d2.jpeg,1.2487804549003532
728,Q0G11）近永福國小【超值電梯】大面採光★流理台,,12000,8.0,20.0,8,1,新北市,新北市三重區永福街,,電梯大廈,1房1衛 - 1廚房,,,https://www.rakuya.com.tw/rent/rent_item?ehid=0dbd2c294185957,97470a03e165e0da678d7056b6baacd5.jpeg,0.5051103791481557
729,幸福就是你❤️可租補❤️可貓可狗❤️陽台獨洗,,11999,15.0,0.0,2,0,台中市,台中市北區國強街,,透天厝,開放式格局,,有對外窗;陽台,https://www.rakuya.com.tw/rent/rent_item?ehid=09d9e4294185776,96254bd6014a38e7589cf020d0438f32.jpeg,0.6559685457376375
730,M3G27）秀朗國小【超值3房2衛】陽台★房皆有窗,,20000,22.0,20.0,5,3,新北市,新北市永和區民生路,,公寓,3房1廳2衛 - 1陽台,,,https://www.rakuya.com.tw/rent/rent_item?ehid=08458e294184322,d2244686a94d8d3c19a42e4e4031fec4.jpeg,0.5567632995111313
731,南區國圖電梯4房,,20000,39.0,0.0,15,4,台中市,台中市南區信義南街,,電梯大廈,4房2廳2衛 - 2陽台,,,https://www.rakuya.com.tw/rent/rent_item?ehid=0e45ea294184315,07ca21c1de35a6667eb11ce0146aac75.jpeg,0.6376134156117578
732,Q0G13-1）近三重商工【全新裝潢】獨洗★有陽台,,12000,8.0,20.0,7,1,新北市,新北市三重區忠孝路三段,,公寓,1房1衛 - 1陽台,,,https://www.rakuya.com.tw/rent/rent_item?ehid=0ea159294184291,d3b41c09937f9c8c606566fda619d3cc.jpeg,0.3892950899022395
733,幸福就是你❤️可租補❤️有電梯❤️陽台獨洗,,11999,15.0,0.0,2,0,台中市,台中市北區民權路,,透天厝,開放式格局,,有對外窗;陽台,https://www.rakuya.com.tw/rent/rent_item?ehid=054efc294184255,bb1ee47c67790136ac4214631f03f27c.jpeg,1.096849482264566
734,超值二大房✨可租補可入戶籍✨台水電天然瓦斯✨採光佳,,18999,25.0,0.0,2,2,台中市,台中市北屯區天津路三段,,公寓,2房1廳1衛 - 1廚房,,有對外窗,https://www.rakuya.com.tw/rent/rent_item?ehid=008e8429418412c,6d7c029f272c5ff4a3cdc7ab690af518.jpeg,1.93941493646568
735,幸福就是你❤️可租補❤️小資首選❤️共洗共曬,,5999,9.0,0.0,4,0,台中市,台中市西屯區逢甲路,,透天厝,開放式格局,,有對外窗,https://www.rakuya.com.tw/rent/rent_item?ehid=084abd294182869,3ff509923cda85820b687c501f3fd280.jpeg,1.6909307801643796
736,沙鹿電梯管理員代收包裹✨可租屋補助✨獨洗烘✨機車位,,8499,12.0,0.0,9,0,台中市,台中市沙鹿區中正街,,電梯大廈,開放式格局,,,https://www.rakuya.com.tw/rent/rent_item?ehid=0b0dc3294170041,f325f395f369a51858e390fc6741c118.jpeg,0.27770873993042217
737,全新正一房一廳✨陽台獨洗✨可雙租補✨室內機車✨,,14000,20.0,0.0,9,0,台中市,台中市沙鹿區中正街,,電梯大廈,開放式格局,,陽台,https://www.rakuya.com.tw/rent/rent_item?ehid=04f267294174212,b9ff5466f21cb2b570ec5a90ead9200d.jpeg,0.26199251663618167
738,東區全新電梯套房✨可租補✨室內機車位✨獨洗採光明亮,,7499,12.0,0.0,6,0,台中市,台中市東區長福東街,,電梯大廈,開放式格局,,有對外窗,https://www.rakuya.com.tw/rent/rent_item?ehid=01a3f029417568d,367bbe5bc116161f7d928caf75e10186.jpeg,0.3086801916050491
739,✨發財店面✨大面寬1+2樓✨門口可停車✨可營登✨,,43999,72.6,0.0,1,0,台中市,台中市太平區環中東路四段,,華廈,,,,https://www.rakuya.com.tw/rent/rent_item?ehid=0e9c15294176886,f4dcb82430df4f70d35c5512f7f5f51a.jpeg,0.4917566639006297
740,幸福就是你❤️可租補可寵❤️有電梯❤️陽台獨洗,,11499,14.5,0.0,2,0,台中市,台中市西屯區漢成街,,透天厝,開放式格局,,有對外窗;陽台,https://www.rakuya.com.tw/rent/rent_item?ehid=0e130b294182191,554521a52c5394486b03dc899fdb1e08.jpeg,0.9536061840541619
741,C0D71）台北車站5分【電梯租案】垃圾代收★可寵,,16000,5.0,0.0,7,1,台北市,台北市中山區中山北路一段,,電梯大廈,1房1衛,,,https://www.rakuya.com.tw/rent/rent_item?ehid=00816629418214d,0a29116deca386624b62816cc92a8842.jpeg,1.529105730810579e-05
742,興大國圖4房 | 1辦公室 | 大露臺,,25000,63.0,0.0,15,4,台中市,台中市南區信義南街,,電梯大廈,4房2廳3衛 - 1室,,有對外窗;陽台,https://www.rakuya.com.tw/rent/rent_item?ehid=065924294181601,b0b97595fe5cffe5423ce4b118841034.jpeg,0.622300648799025
743,可租補乾溼分離電磁爐下樓有汽車停車,,11999,14.0,0.0,2,0,台中市,台中市北區民權路,,透天厝,開放式格局,,有對外窗;陽台,https://www.rakuya.com.tw/rent/rent_item?ehid=043b85294176483,088b575465722322e8ab163a1c1bc82e.jpeg,1.096849482264566
744,整棟新蓋變頻冷氣電磁爐衛浴開窗,,12499,14.0,0.0,2,0,台中市,台中市北屯區一新二街,,電梯大廈,開放式格局,,有對外窗;陽台,https://www.rakuya.com.tw/rent/rent_item?ehid=0f1546294178330,b61aba8b4839128a40b66199a52e2f95.jpeg,0.0
745,幸福就是你❤️可租補❤️小資首選❤️共喜共曬,,5999,9.0,0.0,3,0,台中市,台中市西區梅川西路一段,,透天厝,開放式格局,,有對外窗,https://www.rakuya.com.tw/rent/rent_item?ehid=00ea91294181039,023eba5f38734d4ca26f3ac174f5712b.jpeg,1.4551099146380153
746,南區文創老宅風透店,,25000,50.0,0.0,0,0,台中市,台中市南區濟世街,,透天厝,,,有對外窗,https://www.rakuya.com.tw/rent/rent_item?ehid=0a45da294181012,1c29b016136b9a4c3d223b0a40da1c7d.jpeg,0.622300648799025
747,D3C69）台北小巨蛋【超值3房】有廚房★獨立陽台,,35000,31.0,20.0,4,3,台北市,台北市松山區光復北路,,公寓,3房1廳1衛 - 1陽台1廚房,,,https://www.rakuya.com.tw/rent/rent_item?ehid=004916294180984,035bb35b9c0fd1c16ab81dd05337537a.jpeg,1.5634323699350747
748,幸福就是你❤️全新套房❤️有電梯❤️陽台獨洗,,12499,15.5,0.0,2,0,台中市,台中市北屯區一新二街,,透天厝,開放式格局,,有對外窗;陽台,https://www.rakuya.com.tw/rent/rent_item?ehid=04ba1b29418096e,6770180a2f38893b8987a2ef3909e371.jpeg,0.0
749,幸福就是你❤️可租補❤️多間可選❤️陽台獨洗,,8999,15.0,0.0,6,0,台中市,台中市大雅區雅潭路四段,,透天厝,開放式格局,,有對外窗;陽台,https://www.rakuya.com.tw/rent/rent_item?ehid=0d76e629418016b,111ba57b989d8e02b67800ac62e7245d.jpeg,0.3503125378380605
750,Q0G13）近三重商工【超值大空間】獨洗★獨立陽台,,12000,8.0,20.0,6,1,新北市,新北市三重區忠孝路三段,,公寓,1房1衛 - 1陽台,,,https://www.rakuya.com.tw/rent/rent_item?ehid=098f10294179603,b141e540fb7367cb0435f265296823db.jpeg,0.3892950899022395
751,南區忠孝興大商圈1+2樓透天,,17000,40.0,43.0,2,2,台中市,台中市南區合作街,,透天厝,2房2廳2衛,,有對外窗;陽台,https://www.rakuya.com.tw/rent/rent_item?ehid=0a7746294179561,9635d8a80f49888e576e925be2716de1.jpeg,1.240422785286399
752,"百萬裝潢及設備,拎包入住新房",,28000,22.66,0.0,10,0,台中市,台中市北屯區敦富一街/富宇富好,,電梯大廈,開放式格局,,,https://www.rakuya.com.tw/rent/rent_item?ehid=04df0b294178575,2f3d3a9ba90e7366d566efa75079e79b.jpeg,0.3835738075632619
753,L0L96）近捷運中和站【超值租案】低樓層★飲水機,,5800,4.0,0.0,2,1,新北市,新北市中和區連城路,,公寓,1房,,,https://www.rakuya.com.tw/rent/rent_item?ehid=090254294178294,5458de95ccbb3a9a5b692b1673903165.jpeg,0.48742962559833347
754,A0R64）捷運世貿5分【電梯租案】流理台★洗衣機,,19500,9.0,20.0,3,1,台北市,台北市信義區信義路四段,,電梯大廈,1房1衛,,,https://www.rakuya.com.tw/rent/rent_item?ehid=0bed6e294177427,dc9c2741a5f7ad85c122083637941372.jpeg,2.0093949520735657
755,太平超便宜整棟透天全新整理 可停汽車,,30000,50.0,0.0,0,0,台中市,台中市太平區環中東路四段,,透天厝,開放式格局,,,https://www.rakuya.com.tw/rent/rent_item?ehid=01f20b294176017,d1d9c08dc66981a949c198b5e44637bc.jpeg,0.51179512254171
756,新市l 近南科優質兩房兩衛附家具(租),,20000,18.13,2.0,4,2,台南市,台南市新市區富安路/新地堡/邰欣地堡60,,電梯大廈,2房2廳2衛,,,https://www.rakuya.com.tw/rent/rent_item?ehid=0e5c54294175896,11f26bd54199808e8d45318ea545853f.jpeg,0.11576266623498771
757,L3J95）近捷運中原站【稀有3房2衛】含稅★警衛,,38000,50.0,5.0,15,3,新北市,新北市中和區中山路二段,,電梯大廈,3房2廳2衛 - 1陽台1廚房,,,https://www.rakuya.com.tw/rent/rent_item?ehid=0b394329417569b,0532caed8e8def62e7af3337028300a5.jpeg,1.2498482119764345
758,L0O70）永安市場【超值租案】乾溼分離★一層一戶,,10000,7.0,20.0,7,1,新北市,新北市中和區中和路,,公寓,1房1衛,,,https://www.rakuya.com.tw/rent/rent_item?ehid=04b92f294175545,af3480895494a8b881319d0cda6d78ad.jpeg,0.5875474253517221
759,L3J95-1）近捷運中原站【稀有3房2衛】報稅洽,,39000,30.0,20.0,19,3,新北市,新北市中和區中山路二段,,電梯大廈,3房2廳2衛 - 2陽台,,,https://www.rakuya.com.tw/rent/rent_item?ehid=0d7d0b294174190,b3cf00cdbe1959e9c5719ae4b7dfe901.jpeg,1.2464843279278206
760,N0B29）近新店高中【超值租案】附傢俱★雙面採光,,13000,8.0,20.6,4,1,新北市,新北市新店區三民路,,公寓,1房1衛,,,https://www.rakuya.com.tw/rent/rent_item?ehid=04bfb129416930c,fac0e41c96a6870ef07b6f918a063c90.jpeg,0.0
761,西屯 可租補 陽台獨洗曬 電梯套房,,13000,8.0,0.0,6,1,台中市,台中市西屯區福安六街,,透天厝,1房1衛 - 1陽台,,有對外窗;陽台,https://www.rakuya.com.tw/rent/rent_item?ehid=0df65e294169090,a00b9ae7accded0d36d85e81afc19060.jpeg,0.6046218882027192
762,飯店式套房 近大潤發 門禁管理  安全性佳,,7500,6.0,31.0,4,1,新北市,新北市中和區福美路,,公寓,1房1衛,,,https://www.rakuya.com.tw/rent/rent_item?ehid=00c014294168800,9cfce8e0b4727a99aadbcb3d26d315cf.jpeg,1.0608137757362723
763,L0O68-2）中和站5分【溫馨租案】報稅洽★可寵,,8800,5.0,20.0,3,1,新北市,新北市中和區廟美街,,公寓,1房1衛,,,https://www.rakuya.com.tw/rent/rent_item?ehid=02264e29416870b,4b171fc23adc5df0707c8dffe97968ea.jpeg,1.356539771505689
764,可租補入戶籍❤️南區/超大一房一廳/可開火,,12000,15.0,0.0,5,0,台中市,台中市南區台中路,,公寓,開放式格局,,,https://www.rakuya.com.tw/rent/rent_item?ehid=03d72d29416846e,1b9749d2d78480392ed3014a5d7c84d9.jpeg,0.04671541078826874
765,板橋合宜住宅 A6 東區雙陽台3房,,34000,46.0,6.0,6,3,新北市,新北市板橋區樂群路/發現之旅2樂林森活/日勝幸福站發現之旅/日勝好市吉/浮洲合宜住宅A6,,電梯大廈,3房2廳2衛 - 2陽台1廚房,,,https://www.rakuya.com.tw/rent/rent_item?ehid=083ee4294168117,97a51f368cabb1e2ef63e21dbf521a47.jpeg,0.28899077714023336
766,西區 可租補 楊台獨洗套房,,13000,10.0,0.0,5,1,台中市,台中市西區中美街,,透天厝,1房1衛 - 1陽台,,有對外窗;陽台,https://www.rakuya.com.tw/rent/rent_item?ehid=0c06eb29416638d,6c68f0f261df12da245ff1312f64eb19.jpeg,1.6701835891022483
767,L0O68-1）中和站5分【溫馨租案】入籍洽★可寵,,8800,5.0,20.0,3,1,新北市,新北市中和區廟美街,,公寓,1房1衛,,,https://www.rakuya.com.tw/rent/rent_item?ehid=0403d429416602f,336d4feb3b0f0bd08ed0d03b245468c0.jpeg,1.356539771505689
768,超新電梯/可補助/陽台獨洗/水湳中國醫,,9499,12.0,0.0,3,0,台中市,台中市北屯區雷中街,,透天厝,開放式格局,,,https://www.rakuya.com.tw/rent/rent_item?ehid=000d69294165947,a2fb13d030f0deb7b7a6fd3e1bf46ea4.jpeg,0.38507976883961115
769,可雙人租補質感裝潢可寵物陽台獨洗曬流理台洗澡天然氣,,15500,15.0,0.0,2,0,台中市,台中市南區興大路,,電梯大廈,開放式格局,,,https://www.rakuya.com.tw/rent/rent_item?ehid=04d7c329416593c,a7e1179d9c9466168cbbfb27f7ee5abf.jpeg,0.8837741373167883
770,電梯/流理台/陽台獨洗/lalaport,,8999,13.0,0.0,2,0,台中市,台中市東區台中路,,透天厝,開放式格局,,,https://www.rakuya.com.tw/rent/rent_item?ehid=0ce2fe294031938,d1e3ee9425180afa0b95566507a584f8.jpeg,0.11878413639336534
771,小資電梯/乾濕分離/共用洗衣/逢甲遠百,,6499,8.5,0.0,2,0,台中市,台中市西屯區福上巷龍欣三弄,,透天厝,開放式格局,,,https://www.rakuya.com.tw/rent/rent_item?ehid=00c901294031941,4f454275d9b9a8e976cb5e53d8ff21b5.jpeg,1.6062215436208374
772,L0O68）中和站5分鐘【超值大空間】可補助★可寵,,12500,10.0,20.0,3,1,新北市,新北市中和區廟美街,,公寓,1房1衛,,,https://www.rakuya.com.tw/rent/rent_item?ehid=0cc64729416514b,21999851714d1ce4f2bac6fdb386a530.jpeg,1.3018859170573545
773,可租補⭐特大好採光⭐陽台獨洗曬⭐室內機車位⭐子母車,,7999,12.0,0.0,3,1,台中市,台中市東區長福路,,透天厝,1房1衛 - 1陽台,,有對外窗;陽台,https://www.rakuya.com.tw/rent/rent_item?ehid=04fb9e294163589,cd7b8b66fe577d76f82a2600ac7c0cac.jpeg,0.4155226229816027
774,套房大間又不貴*還可養寵**附近生活便利***,,5499,10.0,0.0,3,1,台中市,台中市龍井區台灣大道五段,,透天厝,1房1衛,,有對外窗,https://www.rakuya.com.tw/rent/rent_item?ehid=01b027294154455,35f7d6fb436d317d5dc161bf1c2672cd.jpeg,0.4222677041389002
775,大里超便宜超大間傢俱簡配可停汽車,,30000,50.0,0.0,0,8,台中市,台中市大里區中興路一段泉水巷,,透天厝,8房2廳4衛 - 6陽台1廚房,,,https://www.rakuya.com.tw/rent/rent_item?ehid=008d4b294147615,152e8fef07339f04ae3658191be4600e.jpeg,0.0
776,小資必租**寵物又友善***乾淨又方便,,4499,8.0,0.0,2,1,台中市,台中市龍井區台灣大道五段,,透天厝,1房1衛,,有對外窗,https://www.rakuya.com.tw/rent/rent_item?ehid=01842f29415019e,5de16a9b61886c167d3ea1f246f98fe4.jpeg,0.4331414880222934
777,精巧好採光*可寵讓你便宜就租到**台灣大道上,,4499,8.0,0.0,1,1,台中市,台中市龍井區台灣大道五段,,透天厝,1房1衛,,有對外窗,https://www.rakuya.com.tw/rent/rent_item?ehid=05ac51294145021,ea137f3bc2750ac67583fdec186e422a.jpeg,0.4331414880222934
778,O0N19）捷運新埔民生【秒殺租案】採光★獨立衛浴,,6000,7.0,21.1,7,1,新北市,新北市板橋區四維路,,公寓,1房1衛,,,https://www.rakuya.com.tw/rent/rent_item?ehid=0b8ddd29414038a,b822fc51f0d00e5e6f8e6e27d62780a4.jpeg,0.0
779,後站慈濟商圈邊間店住,,38000,73.17,41.0,0,6,花蓮縣,花蓮縣花蓮市富強路,,透天厝,6房4廳7衛 - 1陽台1廚房,,有對外窗;為邊間,https://www.rakuya.com.tw/rent/rent_item?ehid=00e471294132204,c8ecc15fe6978fcf20cb0c022c91d98f.jpeg,0.2993802511872173
780,⭐大寮區-大坪數廠房(近和發工業區)⭐,,45000,108.0,1.0,1,0,高雄市,高雄市大寮區農場路,,廠房,,,,https://www.rakuya.com.tw/rent/rent_item?ehid=0e7726294131942,033266d65e011a7a6849e510b9adf047.jpeg,0.0050579846373032585
781,⭐大寮區-天車廠房(近會結路)⭐,,40000,84.0,10.0,1,0,高雄市,高雄市大寮區華中南路,,廠房,,,,https://www.rakuya.com.tw/rent/rent_item?ehid=0e9389294114738,ee3cfb47f54a4ca9e3997f8333004bef.jpeg,0.0264515237213488
782,工作室/倉儲,,6500,8.0,17.0,1,0,嘉義縣,嘉義縣太保市祥和一路東段,,透天厝,,,,https://www.rakuya.com.tw/rent/rent_item?ehid=04b43b294090816,a80995a7b0e588b218fb18e6598fe7fd.jpeg,0.14344731722611534
783,【可租補】三房精裝平面車位(含管含車)❤️,,33000,25.0,0.0,8,3,台中市,台中市太平區環中東路四段/櫻花大櫻國2,,電梯大廈,3房2廳2衛,,,https://www.rakuya.com.tw/rent/rent_item?ehid=06ccae294087128,c41f961bf0294de398408107f912c791.jpeg,0.5066691281140545
784,全新3房+車位(傢俱全)(一卡皮箱即可入住),,28000,22.92,0.0,11,3,桃園市,桃園市龍潭區武中路/大清城心大樓區,,電梯大廈,3房2廳2衛 - 1陽台1廚房,,有對外窗,https://www.rakuya.com.tw/rent/rent_item?ehid=055770294085877,1924dd034fb1200fb742fabaec6fb841.jpeg,0.06023791897067393
785,幸福就是你❤️超美大三房❤️有電梯❤️陽台獨洗,,29999,32.0,0.0,14,3,台中市,台中市南屯區文心一路/大葉學苑,,電梯大廈,3房2廳2衛 - 1陽台1廚房,,有對外窗;陽台,https://www.rakuya.com.tw/rent/rent_item?ehid=095892294081610,6b54b3015f051d422cfa06f081e7b9df.jpeg,0.6094076871002889
786,幸福就是你❤️可租補❤️超大坪數❤️陽台獨洗,,7999,11.0,0.0,3,0,台中市,台中市東區長福路,,透天厝,開放式格局,,有對外窗;陽台,https://www.rakuya.com.tw/rent/rent_item?ehid=0cbce8294078391,6d74668fb17851b4e5c3ceca6a4c303b.jpeg,0.4155226229816027
787,E0L15）捷運古亭【超值大空間】採光優★獨洗衣機,,13000,9.0,20.0,2,1,台北市,台北市中正區廈門街,,公寓,1房1衛,,,https://www.rakuya.com.tw/rent/rent_item?ehid=0d6237294054325,926cdad942bfbaa2f236985c3732f2b2.jpeg,1.3027817718690171
788,E2D48）捷運公館3分【超值2房】皆有窗★附傢俱,,29500,13.0,20.0,4,2,台北市,台北市中正區汀州路三段,,公寓,2房1廳1衛,,,https://www.rakuya.com.tw/rent/rent_item?ehid=0825ee294054431,10d2807ea00d0bc748305ae7b0608a04.jpeg,2.095763990175436
789,電梯透天獨立套房近榮總、高鐵、新光三越(直接電洽),,8500,5.0,30.0,2,1,高雄市,高雄市仁武區永和一街,,透天厝,1房1衛 - 1陽台,,有對外窗;為邊間,https://www.rakuya.com.tw/rent/rent_item?ehid=09535a29408267f,085ba56c037cca1f2882ec989f2d5c0b.jpeg,0.038513808486173536
790,南屯超大店面可營登 門口可停車,,28000,35.0,0.0,1,0,台中市,台中市南屯區永春東一路,,透天厝,,,,https://www.rakuya.com.tw/rent/rent_item?ehid=085a6c29408263a,fae821f7bc4f20342d54339565fa1412.jpeg,0.10098709945083571
791,小本經營騎樓超便宜小店面⚠️超鬧區 開什麼都賺,,7000,2.5,0.0,1,0,台中市,台中市潭子區榮興街/慶懋巨鎮,,電梯大廈,,,,https://www.rakuya.com.tw/rent/rent_item?ehid=0646a8294082623,142a578b5c95bc20ebbdfc3f530c04c2.jpeg,0.3092021629352908
792,大雅超深店面後面兩房傢俱全配門口可停車,,35000,30.0,0.0,1,0,台中市,台中市大雅區中清路四段,,透天厝,,,,https://www.rakuya.com.tw/rent/rent_item?ehid=0521d629408264e,50225bc8f926353baebb7daf05777fb3.jpeg,0.062295036322814266
793,店面倉儲工廠 大雅福雅路路邊廠房,,46000,60.0,0.0,1,0,台中市,台中市西屯區福雅路,,廠房,,,,https://www.rakuya.com.tw/rent/rent_item?ehid=0c3178294082656,d16764d5bb332b638e0edfbc2b7a7720.jpeg,0.5677457236090824
794,北區 近漢口商圈 機車位 套房,,13000,8.0,0.0,2,1,台中市,台中市北區陝西八街,,電梯大廈,1房1衛,,有對外窗,https://www.rakuya.com.tw/rent/rent_item?ehid=04dd1d294081625,12e1aa3c7af2ece69bf90a8a3d917184.jpeg,0.8196628468457916
795,西區 可寵 可雙租補 電梯套房,,18500,10.0,0.0,3,1,台中市,台中市西區三民路一段,,電梯大廈,1房1衛 - 1陽台,,有對外窗;陽台,https://www.rakuya.com.tw/rent/rent_item?ehid=0e4725294078388,23351ae5d4604eaa4a2e18c10254c527.jpeg,0.0
796,簡約寧靜套房,,8000,10.0,40.0,4,1,新北市,新北市三重區大榮街,,公寓,1房1衛,,,https://www.rakuya.com.tw/rent/rent_item?ehid=035230294078341,09f10c82ac8be285ff0923a7d9a7a718.jpeg,1.3139301351252286
797,南區 可租補 電梯套房,,11000,8.0,0.0,9,1,台中市,台中市南區忠孝路,,電梯大廈,1房1衛,,有對外窗,https://www.rakuya.com.tw/rent/rent_item?ehid=0f5903294076301,b7365d5d6833d915fa70d91634272552.jpeg,0.0
798,❤️南區/可貓/台水電/全新整理正一房一廳❤️,,16800,15.0,0.0,2,0,台中市,台中市南區忠明南路,,電梯大廈,開放式格局,,,https://www.rakuya.com.tw/rent/rent_item?ehid=05805029405878f,ee2d22e3ee8953a296aa581722fc6935.jpeg,0.47490738386973513
799,可租屋補助❤️南屯區秒殺精科向上整棟新蓋,,11000,15.0,0.0,6,0,台中市,台中市南屯區環中路四段,,電梯大廈,開放式格局,,,https://www.rakuya.com.tw/rent/rent_item?ehid=054700294060880,375f189922c7f1f354b2431664fc96a9.jpeg,0.19760689793637942
800,可租補‼️南屯/嶺東/近精科/電梯套房/ 一年新屋,,10000,15.0,0.0,3,0,台中市,台中市南屯區文山一街,,電梯大廈,開放式格局,,,https://www.rakuya.com.tw/rent/rent_item?ehid=055a8429406094b,af99fd4e588751bc5cce58fc731f604a.jpeg,0.2276622003477908
801,（可租補‼️）整棟極新陽台獨洗曬大套房,,8500,10.0,0.0,2,0,台中市,台中市東區練武路,,公寓,開放式格局,,,https://www.rakuya.com.tw/rent/rent_item?ehid=00a86029404368c,272d08ae3b39eeb88b14275a4fa96474.jpeg,1.4939303607531524
802,全新裝潢質感獨洗凸窗曬乾濕分離大系統櫃爬樓梯套房,,13000,10.0,0.0,2,0,台中市,台中市東區自強街,,公寓,開放式格局,,,https://www.rakuya.com.tw/rent/rent_item?ehid=0555b229404470b,ffbe93c8f2931e423a707ce7ed1e652f.jpeg,0.5737639927920541
803,可寵物獨洗共曬大空間坪數可工作室,,12000,15.0,0.0,4,0,台中市,台中市太平區振福路,,公寓,開放式格局,,,https://www.rakuya.com.tw/rent/rent_item?ehid=09a1fa294052442,5e0c5ece968178508a61f820ccaca95b.jpeg,0.516789231845223
804,可租房屋補助精美系統櫃好限女生可貓咪,,5500,10.0,0.0,12,0,台中市,台中市南區建成路,,電梯大廈,開放式格局,,,https://www.rakuya.com.tw/rent/rent_item?ehid=034a76294054474,e536d6414adc434f1b3dddd0cee669b8.jpeg,0.04382932009719804
805,可租房屋補助限女生可貓咪電梯套房,,9000,12.0,0.0,12,0,台中市,台中市南區建成路,,電梯大廈,開放式格局,,,https://www.rakuya.com.tw/rent/rent_item?ehid=0ae8d0294054443,c24958e23159d3835ca78d0e42990b74.jpeg,0.041271908514706634
806,可雙租補陽台獨洗曬/全新整理套房,,10000,12.0,0.0,3,0,台中市,台中市南區復興路二段,,公寓,開放式格局,,,https://www.rakuya.com.tw/rent/rent_item?ehid=059313294058654,47dd86cd9726c65acd6ee85b3ae575ad.jpeg,0.5517577344673532
807,可租補可寵貓咪全新整理大坪數/採光佳,,12000,15.0,0.0,4,0,台中市,台中市太平區中興路,,公寓,開放式格局,,,https://www.rakuya.com.tw/rent/rent_item?ehid=061d29294052489,c657fd53a5ffa80798370e4aacc11391.jpeg,0.27931922700485684
808,可租補可寵可貓可狗/洗烘脫,,10000,10.0,0.0,5,0,台中市,台中市南區合作街,,公寓,開放式格局,,,https://www.rakuya.com.tw/rent/rent_item?ehid=0f893a294052597,20c10a685ccbf5c978e6b25ae2d6daac.jpeg,1.3182536142409196
809,可雙租補可貓狗飯店式裝潢乾濕分離爬樓梯上去舒適套房,,16000,15.0,0.0,4,0,台中市,台中市大里區亞洲街,,公寓,開放式格局,,,https://www.rakuya.com.tw/rent/rent_item?ehid=001a50294052736,1180e283acbc47d517555b5882eed182.jpeg,0.49540809443389616
810,南區️寵台電‼️大坪數電梯套房 ❣️,,9500,10.0,0.0,3,0,台中市,台中市南區有恆街,,電梯大廈,開放式格局,,,https://www.rakuya.com.tw/rent/rent_item?ehid=00c0b7294052648,9bbfa9579b0ee23b1ad31aa2b560b927.jpeg,0.7161394287516161
811,可租補補/台水電/電梯/採光佳/新成屋,,12000,10.0,0.0,2,0,台中市,台中市中區中山路,,電梯大廈,開放式格局,,,https://www.rakuya.com.tw/rent/rent_item?ehid=06b7df29403862b,affb56fac70076e19d38adfca78a21f7.jpeg,0.020437992219867574
812,雙租補 貓狗  大間可寵漂亮,,16000,12.0,0.0,5,0,台中市,台中市南區南門路,,電梯大廈,開放式格局,,,https://www.rakuya.com.tw/rent/rent_item?ehid=07519929404091c,d74a259963181ec869324749d608510d.jpeg,0.0
813,全新完工 # 可雙租補 # 多間可選,,12000,10.0,0.0,5,0,台中市,台中市北區山西路二段,,電梯大廈,開放式格局,,有對外窗,https://www.rakuya.com.tw/rent/rent_item?ehid=01b94b294041191,97a38f0fdd21f8f94a29635feb9a0872.jpeg,1.2087612541464536
814,近內壢火車站、中壢工業區，格局方正，通風採光好,,6800,7.3,8.9,4,1,桃園市,桃園市中壢區忠孝路,,公寓,1房1衛,,有對外窗;為邊間,https://www.rakuya.com.tw/rent/rent_item?ehid=03cf85294058627,bb26a63beb49a4c10e9e88dea2f8bd8b.jpeg,0.05206380782587706
815,北新路華廈大三房附傢俱全新裝潢可租補入戶,,26000,32.02,30.0,7,3,新北市,新北市淡水區北新路/北新路169巷3號華廈,,電梯大廈,3房2廳2衛 - 1陽台1廚房,,有對外窗,https://www.rakuya.com.tw/rent/rent_item?ehid=0b5f9c29405299f,4d5720dce3dc6787e8ef3b5a64b77054.jpeg,0.5794982521140979
816,"生活環境好,處處沒煩惱公園居兩房車位",,24500,13.19,11.0,10,2,新北市,新北市淡水區中山北路二段/公園居,,電梯大廈,2房1廳1衛 - 1陽台1廚房,,有對外窗,https://www.rakuya.com.tw/rent/rent_item?ehid=0f0b2f294052832,a901df33d9673824db90949e7bad01f9.jpeg,0.44393016397591634
817,圓閣社區近輕軌可租補可寵兩房平車,,24000,18.27,11.0,15,2,新北市,新北市淡水區新市一路一段/和光圓閣,,電梯大廈,2房2廳1衛 - 1陽台1廚房,,,https://www.rakuya.com.tw/rent/rent_item?ehid=03aa24294052660,5f5bbf64a51246fc7d62ed5a2effdc90.jpeg,0.21525530303449503
818,L0O69）華夏科大【超值租案】洗衣機★陽台★採光,,13500,6.0,20.0,2,1,新北市,新北市中和區華新街,,公寓,1房1衛 - 1陽台,,,https://www.rakuya.com.tw/rent/rent_item?ehid=06d09c294052602,cf9a3da6ad8a5cd25131810db569d1a9.jpeg,0.0
819,南區萬年五街臨馬路店面,,25000,20.81,3.0,1,0,台南市,台南市南區萬年五街,,透天厝,,,,https://www.rakuya.com.tw/rent/rent_item?ehid=0a7e09294042278,b1265844dc9bfb54477a3e90f6448ad8.jpeg,0.0932554286384706
820,東海 可寵 可短租 可租補 電梯套房,,5000,8.0,0.0,3,1,台中市,台中市龍井區台灣大道五段,,電梯大廈,1房1衛,,有對外窗,https://www.rakuya.com.tw/rent/rent_item?ehid=0ace6129403635f,3b50348d692fd68d1d10fef236d3576e.jpeg,0.42735722235410945
821,太平 陽台獨洗 機車位 電梯套房,,11000,8.0,0.0,3,1,台中市,台中市太平區中山路四段,,透天厝,1房1衛 - 1陽台,,有對外窗;陽台,https://www.rakuya.com.tw/rent/rent_item?ehid=0eba81294036311,c5561b1d6c6ab8eeb0359fafed0adce2.jpeg,0.5977362882851676
822,仁德麥當勞雅房1➕1房出租,,9500,12.0,0.0,2,3,台南市,台南市仁德區正義二街,,公寓,3房,,,https://www.rakuya.com.tw/rent/rent_item?ehid=03231c294036272,6a5719ea51ed502392b7ade0cc148e9f.jpeg,0.13902706787217126
823,東海 機車位 可租補 電梯套房,,14000,10.0,0.0,6,1,台中市,台中市龍井區新興路,,透天厝,1房1衛 - 1陽台,,有對外窗;陽台,https://www.rakuya.com.tw/rent/rent_item?ehid=0c60e929403626b,7a1f029c2c46251d4dc1957608b6df10.jpeg,0.3346619738053415
824,龍井 可狗 可租補 流理臺 1房1廳,,17000,12.0,0.0,1,1,台中市,台中市龍井區遊園北路,,透天厝,1房1廳2衛 - 1陽台1廚房,,有對外窗;陽台,https://www.rakuya.com.tw/rent/rent_item?ehid=05cb28294036205,ab07f57bb6b232085f52e10c15d8e693.jpeg,0.17960872909124329
825,西屯 可租補 陽台獨洗 電梯套房,,13000,10.0,0.0,7,1,台中市,台中市西屯區順和七街,,透天厝,1房1衛 - 1陽台,,有對外窗;陽台,https://www.rakuya.com.tw/rent/rent_item?ehid=009f63294034895,1c358d7ab83b4684c61caae055b7b12e.jpeg,0.29315000640131844
826,北湖車站雙店面,,14000,15.0,0.0,1,0,新竹縣,新竹縣湖口鄉嘉興路一段/站前大時代,,電梯大廈,,,,https://www.rakuya.com.tw/rent/rent_item?ehid=01e7d229403065a,,0.06502004062503779
827,近文化中心11坪寬敞明亮大套房,,8800,34.0,0.0,4,1,高雄市,高雄市苓雅區四維二路,,公寓,1房1廳1衛 - 1陽台1廚房,,,https://www.rakuya.com.tw/rent/rent_item?ehid=0d4fc9294015880,3e40ec9b8e0f79130dae235103dd312f.jpeg,0.0
828,大林全新電梯套房(2人亦可),,6500,6.5,1.0,4,1,嘉義縣,嘉義縣大林鎮中山路,,電梯大廈,1房1衛 - 1室,,有對外窗,https://www.rakuya.com.tw/rent/rent_item?ehid=06914729400582b,869ef6c7ebf966c6b22fae1b80f45168.jpeg,0.20312977767785675
829,M0K19）近福和橋【超值租案】補助洽★格局方正,,12500,6.0,20.0,4,1,新北市,新北市永和區永利路,,公寓,1房1衛,,,https://www.rakuya.com.tw/rent/rent_item?ehid=09cc97293333273,33c069a98ff65eb67561e3c76bd30d53.jpeg,0.7487781353313505
830,L9C37）捷運秀朗橋4分【黃金店面】可營登★輕食,,27000,11.0,20.0,1,0,新北市,新北市中和區成功路,,公寓,,,,https://www.rakuya.com.tw/rent/rent_item?ehid=0e85e8290229366,29a9336bcd57e7a4b4fc947df53b247f.jpeg,0.3103665173809665
831,近中國醫⭐電梯⭐可貓⭐可租補、報稅⭐獨洗曬⭐子母車,,6799,9.0,0.0,6,1,台中市,台中市北區榮華街,,透天厝,1房1衛,,有對外窗,https://www.rakuya.com.tw/rent/rent_item?ehid=0e066829402958d,e89423a18c9f5a4082dbd23c8b0e4aac.jpeg,2.5022316798339053
832,東區全新整理秒殺大空間採光通風陽台獨洗曬,,12500,12500.0,0.0,2,0,台中市,台中市東區進德路,,公寓,開放式格局,,,https://www.rakuya.com.tw/rent/rent_item?ehid=0fa61729402579e,f3e17436a8ba6bb053489e278080783b.jpeg,0.0
833,⭐近中國醫⭐電梯⭐可雙租補⭐台水電⭐獨洗曬⭐子母車,,11999,15.0,0.0,10,1,台中市,台中市北區中清路一段,,電梯大廈,1房1衛,,有對外窗,https://www.rakuya.com.tw/rent/rent_item?ehid=07880c29402957d,e456d41dd4246f332ef89458f5921c8a.jpeg,0.8778688846518531
834,⭐近中國醫⭐可寵⭐兩房⭐流理台⭐傢俱齊全⭐木質地板,,14999,40.0,0.0,5,2,台中市,台中市北區梅亭街,,公寓,2房1廳1衛 - 1陽台,,有對外窗;陽台,https://www.rakuya.com.tw/rent/rent_item?ehid=04a612294029675,88ed1420b060ece229cb222e9c461998.jpeg,1.3139865644792372
835,⭐近中國醫⭐電梯⭐管理員⭐可雙租補⭐獨洗烘⭐子母車,,11499,14.0,0.0,7,1,台中市,台中市北區學士路,,華廈,1房1衛,,有對外窗,https://www.rakuya.com.tw/rent/rent_item?ehid=0f079d294029438,60a9c5ea62100b04a9f688c4d33030e7.jpeg,0.13203777933057625
836,⭐近中國醫⭐飲水機⭐投幣共洗⭐雙人沙發⭐木質地板,,4999,8.0,0.0,5,1,台中市,台中市北區美德街,,公寓,1房1衛,,有對外窗,https://www.rakuya.com.tw/rent/rent_item?ehid=0cb3a929402962c,57fd1f9a0d17a972a19e676332730721.jpeg,1.1533527468259668
837,幸福就是你❤️可租補❤️大坪數❤️共洗脫烘,,7499,10.5,0.0,3,0,台中市,台中市西區向上南路一段,,透天厝,開放式格局,,有對外窗,https://www.rakuya.com.tw/rent/rent_item?ehid=01f30529401032b,0ff0c8ab1cf9812d956612c1da66e9fe.jpeg,1.5938187226540703
838,⭐近一中⭐共洗⭐飲水機⭐木質地板⭐室內機車位,,5499,8.0,0.0,5,1,台中市,台中市北區健行路,,公寓,1房1衛,,有對外窗,https://www.rakuya.com.tw/rent/rent_item?ehid=08e61629402970d,7f96e8a6c28545941dace416566d9355.jpeg,0.8947799199095176
839,幸福就是你❤️可貓可狗❤️小資首選❤️陽台獨洗,,6499,10.0,0.0,4,0,台中市,台中市北區榮華街,,透天厝,開放式格局,,有對外窗;陽台,https://www.rakuya.com.tw/rent/rent_item?ehid=044656294015423,71310b0e759567f7bad4d096494cbc13.jpeg,2.5161345301961355
840,⭐近中國醫⭐可貓⭐陽台獨洗⭐全新整理⭐小資首選,,4799,7.0,0.0,5,1,台中市,台中市北區英士路,,公寓,1房1衛 - 1陽台,,有對外窗;陽台,https://www.rakuya.com.tw/rent/rent_item?ehid=0f9b7e294029689,f57e5042bffbdd8fc6ce546f4d27029c.jpeg,0.4263251479235496
841,✨小資精選✨可租補✨爬梯二樓✨近中國醫✨一中商圈✨,,5199,8.0,0.0,2,1,台中市,台中市北區健行路,,公寓,1房1衛,,有對外窗,https://www.rakuya.com.tw/rent/rent_item?ehid=0ca9cb294015343,06d5670c1e84b166194138a3002e4177.jpeg,0.9011107795272186
842,⭐近中國醫⭐電梯⭐可租補、報稅、短租⭐陽台獨洗,,12299,15.0,0.0,2,1,台中市,台中市北區大德街,,透天厝,1房1衛 - 1陽台,,有對外窗;陽台,https://www.rakuya.com.tw/rent/rent_item?ehid=0e22d8294029374,7634708bd3d246909331bee5e8a1ffaa.jpeg,1.0112361528322842
843,⭐近中國醫⭐陽台獨洗⭐雙人沙發⭐木質地板⭐全新整理,,6499,9.0,0.0,5,1,台中市,台中市北區榮華街,,公寓,1房1衛 - 1陽台,,有對外窗;陽台,https://www.rakuya.com.tw/rent/rent_item?ehid=09cdb0294029635,ed7b882204752084b3a14250c79beef8.jpeg,2.5161345301961355
844,幸福就是你❤️可租補可貓❤️有電梯❤️陽台獨洗,,10999,14.0,0.0,2,0,台中市,台中市北區原子街,,透天厝,開放式格局,,有對外窗;陽台,https://www.rakuya.com.tw/rent/rent_item?ehid=0fd04929401535e,e4a47abee3d25fbb2bcdd58077361d6f.jpeg,0.817963591507964
845,近中國醫⭐電梯⭐可租補⭐獨洗曬⭐乾溼分離⭐獨立陽台,,13499,16.0,0.0,7,1,台中市,台中市北區北屯路,,透天厝,1房1衛 - 1陽台,,有對外窗;陽台,https://www.rakuya.com.tw/rent/rent_item?ehid=080f5129402964c,af0cbfed3a083e552397fd634d255905.jpeg,0.12194032288278452
846,✨逢甲CP✨可短租✨共洗曬✨子母車✨管理員✨,,7499,12.0,0.0,5,1,台中市,台中市西屯區慶和街,,公寓,1房1衛 - 1陽台,,有對外窗;陽台,https://www.rakuya.com.tw/rent/rent_item?ehid=0daae0294024589,f7c98ce90fb340aae35082b263cc0849.jpeg,1.8428207438821433
847,⭐近一中⭐可寵⭐可雙租補⭐獨洗曬⭐子母車⭐飲水機,,7499,10.0,0.0,2,1,台中市,台中市北區五常街,,透天厝,1房1衛,,有對外窗,https://www.rakuya.com.tw/rent/rent_item?ehid=06470a294029737,63de7f017cce3b8abafc66dee7eb1e7f.jpeg,0.0
848,⭐近一中⭐電梯⭐陽台獨洗⭐乾溼分離⭐附機車位,,9499,12.0,0.0,5,1,台中市,台中市北區三民路三段,,透天厝,1房1衛 - 1陽台,,有對外窗;陽台,https://www.rakuya.com.tw/rent/rent_item?ehid=03f5dc294029815,bb36916ea9657b0c07ed0d97b52bfaf0.jpeg,0.0
849,大空間採光通風陽台獨洗曬與獨系共曬爬樓梯上去入住,,8500,10.0,0.0,2,0,台中市,台中市東區進德路,,公寓,開放式格局,,,https://www.rakuya.com.tw/rent/rent_item?ehid=0eeafc294025816,587c2084e5ec8f6059a2c40d6305cbbe.jpeg,0.0
850,❤️中區 質感套房/流理台/機車好停/樓梯好爬,,8000,10.0,0.0,3,0,台中市,台中市中區中山路,,電梯大廈,開放式格局,,,https://www.rakuya.com.tw/rent/rent_item?ehid=0ec345294025718,59d0b7aecd46cae1118937369250c069.jpeg,0.02143941945425781
851,幸福就是你❤️可租補可寵❤️有電梯❤️陽台獨洗,,17499,20.5,0.0,3,0,台中市,台中市西區三民路一段,,電梯大廈,開放式格局,,有對外窗;陽台,https://www.rakuya.com.tw/rent/rent_item?ehid=0c8c9c29402577a,8cf07fc4e5e34d79b48735a3508d808b.jpeg,0.0
852,⭐近一中⭐電梯⭐可寵⭐可租補、短租⭐管理員⭐木質地,,4799,7.0,0.0,12,1,台中市,台中市北區三民路三段,,電梯大廈,1房1衛,,有對外窗,https://www.rakuya.com.tw/rent/rent_item?ehid=0f5146294029886,9ad96aad5d8c36cffbf92a4d8c31683a.jpeg,0.0
853,✨臺中火車✨忠孝夜市✨陽台獨洗✨電梯套房✨,,8999,13.0,0.0,2,1,台中市,台中市東區台中路,,電梯大廈,1房1廳1衛 - 1陽台,,有對外窗;陽台,https://www.rakuya.com.tw/rent/rent_item?ehid=0b0a8b29401543f,ddffd3db3678ad455b5fbbf90c5d893a.jpeg,0.11878413639336534
854,⭐近一中⭐可貓⭐三房⭐雙衛浴⭐傢俱齊全⭐全新整理,,23999,40.0,0.0,5,3,台中市,台中市北區文化街,,公寓,3房1廳2衛 - 1廚房,,有對外窗,https://www.rakuya.com.tw/rent/rent_item?ehid=0f1696294029722,b964845c76380ea3c50b33cc49099580.jpeg,2.354309203312701
855,可租房屋補助❤️東區便宜秒殺超大間cp值優,,6500,10.0,0.0,3,0,台中市,台中市東區振興路,,電梯大廈,開放式格局,,,https://www.rakuya.com.tw/rent/rent_item?ehid=05c01d294025669,c6434b27f7006de1dee2ed571f8f39d0.jpeg,1.778956145745766
856,⭐近中國醫⭐電梯⭐可短租⭐獨洗曬⭐子母車⭐飲水機,,6999,10.0,0.0,6,1,台中市,台中市北區進化北路,,透天厝,1房1衛,,有對外窗,https://www.rakuya.com.tw/rent/rent_item?ehid=0b33d6294029603,64cef56afdb69ae9a83e4235fe525fae.jpeg,0.0
857,幸福就是你❤️小資首選❤️有採光❤️獨洗窗曬,,7999,11.0,0.0,4,0,台中市,台中市西屯區西安街,,公寓,開放式格局,,有對外窗,https://www.rakuya.com.tw/rent/rent_item?ehid=036ecf294015547,19044092907db82049094e101e7242f9.jpeg,1.733556299318824
858,R21都會公園站『捷運薪家』3房平車。樸實新選擇,,20800,44.0,0.0,5,3,高雄市,高雄市楠梓區惠春街/捷運薪家,,電梯大廈,3房2廳2衛 - 2陽台,,,https://www.rakuya.com.tw/rent/rent_item?ehid=0bce0c294015817,b4402658e8485fcf4398f868d8b89fbf.jpeg,0.26712186236983304
859,✨灰常蘇胡浴缸✨水湳商圈✨可貓可租補✨台電計費✨,,18999,18.8,0.0,10,1,台中市,台中市西屯區中清路二段,,電梯大廈,1房1廳1衛,,有對外窗,https://www.rakuya.com.tw/rent/rent_item?ehid=042981294024574,cca7d997fc60e29f528684bd5868f473.jpeg,0.15984696713128282
860,✨全新完工✨可寵✨可雙租補✨乾濕分離✨陽台獨洗✨,,9999,13.0,0.0,2,1,台中市,台中市太平區新高路,,透天厝,1房1衛 - 1陽台,,有對外窗;陽台,https://www.rakuya.com.tw/rent/rent_item?ehid=080021294024054,543ca700c90c93e89b1205ba2b82bf2c.jpeg,0.606443568115101
861,可雙租補❤️太平區車籠埔全新完工未住便宜,,6000,10.0,0.0,5,0,台中市,台中市太平區光興路,,電梯大廈,開放式格局,,,https://www.rakuya.com.tw/rent/rent_item?ehid=07b59b294025877,089ee0b0248bd4035626b8a0cf3ec5de.jpeg,0.08565513412974254
862,✨頭家厝火車站✨近總站夜市✨獨洗曬✨子母車✨,,12499,16.0,0.0,1,1,台中市,台中市潭子區中山路一段,,透天厝,1房1廳1衛,,有對外窗,https://www.rakuya.com.tw/rent/rent_item?ehid=0ff5c729401539e,3a64a58321257e537fe7a22b4e7823db.jpeg,0.20148420018161126
863,❤️東區機車位陽台獨洗曬大空間流理台衛浴開窗採光,,11000,10.0,0.0,1,0,台中市,台中市東區建德街,,公寓,開放式格局,,,https://www.rakuya.com.tw/rent/rent_item?ehid=07926629402584f,a57e2c4867df25eb10c30ea7ffba65f7.jpeg,1.3144299628902452
864,可租房屋補助全新採光通風讚陽台獨洗曬電梯套房,,7000,10.0,0.0,2,0,台中市,台中市太平區新民路,,電梯大廈,開放式格局,,,https://www.rakuya.com.tw/rent/rent_item?ehid=00e85829402567d,15b5b434862741bf01d727aa0380cb06.jpeg,0.6194419170213712
865,可租補❤️中區近北區/一中商圈陽台獨洗曬/,,10500,10.0,0.0,4,0,台中市,台中市中區成功路,,電梯大廈,開放式格局,,,https://www.rakuya.com.tw/rent/rent_item?ehid=06f8b1294025702,23a7a9a0f8403e1da85268d4f9001516.jpeg,0.49918161949872686
866,幸福就是你❤️可租補❤️有電梯❤️陽台獨洗,,12499,15.5,0.0,3,0,台中市,台中市南區南門路,,透天厝,開放式格局,,有對外窗;陽台,https://www.rakuya.com.tw/rent/rent_item?ehid=092559294010342,bd63c261428022a259808c71a914e304.jpeg,0.0
867,四季芳庭套房出租,,7000,7.0,15.0,6,0,台南市,台南市安定區蘇厝/四季芳庭華廈區,,華廈,開放式格局,,,https://www.rakuya.com.tw/rent/rent_item?ehid=0ed2b3293990035,978323e7a1e81783c5642a8db8eaa5a3.jpeg,0.018676640714212198
868,廣三大時代挑高南北向三房二衛廚房飯廳客廳平面停車,,23000,40.0,0.0,7,3,台中市,台中市南區工學一街/廣三大時代大廈,,電梯大廈,3房2廳2衛 - 4陽台1廚房,,有對外窗;有中庭;陽台,https://www.rakuya.com.tw/rent/rent_item?ehid=07439d29402240a,76ea1bce04000949b20fb89a2aa7fc3c.jpeg,0.5474137036729795
869,幸福就是你❤️可租補❤️有電梯❤️陽台獨洗,,14399,16.0,0.0,3,0,台中市,台中市西屯區中工三路,,透天厝,開放式格局,,有對外窗;陽台,https://www.rakuya.com.tw/rent/rent_item?ehid=0457f8294015469,de92033611d7fcaca75848a3434ae993.jpeg,0.4889539035397615
870,可租補❤️太平區可寵物限小型全新完工未住,,9000,10.0,0.0,1,0,台中市,台中市太平區宜欣十街,,公寓,開放式格局,,,https://www.rakuya.com.tw/rent/rent_item?ehid=06db11294025750,65fb1ce949cbc82ee68660fa304b75ec.jpeg,0.4721103681316442
871,幸福就是你❤️可租補❤️有電梯❤️陽台獨洗,,11499,14.5,0.0,7,0,台中市,台中市龍井區遊園南路,,透天厝,開放式格局,,有對外窗;陽台,https://www.rakuya.com.tw/rent/rent_item?ehid=0025dc294015306,1bfe6ce847f812fbd9c63c3013bece8c.jpeg,0.25918527053779783
872,J2D79）捷運文德5分【超值2房2廳】補助★可寵,,25000,20.0,20.0,6,2,台北市,台北市內湖區陽光街,,公寓,2房2廳1衛,,,https://www.rakuya.com.tw/rent/rent_item?ehid=04b85e293307809,53a2cccbdd2cbd58dd1ee7b8286153d7.jpeg,0.8043280720068089
873,J1B69）三民國中【正1房1廳】補助★可寵★短租,,18000,9.0,20.0,1,1,台北市,台北市內湖區內湖路二段,,公寓,1房1廳1衛,,,https://www.rakuya.com.tw/rent/rent_item?ehid=0ee964293303795,6bef87b0b2f684ca5fdf1b36e7861c55.jpeg,1.0550066122069577
874,可租補正一房一廳可寵物限小型,,14000,12.0,0.0,1,0,台中市,台中市太平區宜欣十街,,公寓,開放式格局,,,https://www.rakuya.com.tw/rent/rent_item?ehid=02f820294025788,7ced01930fd998e29456b1a8dfffb66a.jpeg,0.44844704489915765
875,G2D45）捷運民權西路4分【超值2房】寵★傢俱洽,,23500,7.0,20.0,1,2,台北市,台北市大同區民權西路,,公寓,2房1廳1衛,,,https://www.rakuya.com.tw/rent/rent_item?ehid=02ce4529334003a,bbe1b07d7dd871f327e83bcb4303d3ee.jpeg,1.9579700133010036
876,J3E92）捷運港墘【精緻3房2衛】可補助★採光優,,38000,32.0,20.1,5,3,台北市,台北市內湖區港華街,,公寓,3房2廳2衛 - 1陽台1廚房,,,https://www.rakuya.com.tw/rent/rent_item?ehid=027b3c292522729,bd8e71685f5fb05d93e5c4425c1593e7.jpeg,0.8398087848489563
877,J0J06）近捷運葫洲【超值】陽台★獨洗★垃圾代收,,15000,5.0,20.0,5,1,台北市,台北市內湖區康寧路三段,,公寓,1房1衛,,,https://www.rakuya.com.tw/rent/rent_item?ehid=042cb7293450600,631afb36adb2836bf52c73118fcd9247.jpeg,0.6783345190715663
878,可租補❤️南屯/獨洗曬套房,,5500,15.0,0.0,4,0,台中市,台中市南屯區永春東路,,公寓,開放式格局,,,https://www.rakuya.com.tw/rent/rent_item?ehid=00d183294052531,cf8fdfda9ff207155fcf87d14cb5ca7f.jpeg,0.999522299777565
879,可雙租補⚡報稅入戶籍⚡台水電⚡電梯⚡百萬裝潢,,9999,13.0,0.0,2,1,台中市,台中市北區中清路一段,,電梯大廈,1房1廳1衛 - 1陽台,,有對外窗;陽台,https://www.rakuya.com.tw/rent/rent_item?ehid=051a2a293990111,17bf94c822994ec49fed4948888294b0.jpeg,0.8967411449833133
880,西區最秒殺✨可租補✨貓奴最愛✨現況超好✨高級木質地,,5999,10.0,0.0,3,1,台中市,台中市西區林森路,,透天厝,1房1衛,,有對外窗,https://www.rakuya.com.tw/rent/rent_item?ehid=00c0c4293991690,7fe8e3943ef762adfc1b62a5c08e3e5e.jpeg,1.1241147087646877
881,✨全新整理✨可貓✨可租補✨忠孝夜市✨獨洗獨曬✨,,7999,14.0,0.0,4,1,台中市,台中市南區國光路,,公寓,1房1衛,,有對外窗;陽台,https://www.rakuya.com.tw/rent/rent_item?ehid=0758bd29400641a,891626cc5b94aa38a2955a390fe701db.jpeg,0.7197627744521619
882,可雙租補⚡報稅入戶籍⚡台水電⚡電梯⚡百萬裝潢⚡,,11799,15.0,0.0,2,1,台中市,台中市北區衛道路,,電梯大廈,1房1衛 - 1陽台,,有對外窗;陽台,https://www.rakuya.com.tw/rent/rent_item?ehid=09a81d29399014b,b5ac2d7147b28b4ba58ae565543a1e3b.jpeg,0.0
883,免仲介費✨陽台獨洗✨可租補✨情侶最愛✨小資快來,,5999,10.0,0.0,1,1,台中市,台中市東區自強街,,透天厝,1房1衛 - 1陽台,,有對外窗;陽台,https://www.rakuya.com.tw/rent/rent_item?ehid=0ea9ce29399164e,da865eb4ff6ddaa66d34a7a114f44ed2.jpeg,0.629208138960479
884,✨整棟超新✨可租補✨陽台獨洗✨一中商圈✨可短租✨,,8999,13.0,0.0,5,1,台中市,台中市北區進化路,,電梯大廈,1房1廳1衛 - 1陽台,,有對外窗;陽台,https://www.rakuya.com.tw/rent/rent_item?ehid=030d0f294006404,568633b227a2da1152769806a8268890.jpeg,0.0
885,家的感覺✨可租補✨陽台獨曬✨超大空間✨直接跟我預約,,7999,14.0,0.0,2,1,台中市,台中市南屯區大墩路,,透天厝,1房1衛 - 1陽台,,有對外窗;陽台,https://www.rakuya.com.tw/rent/rent_item?ehid=02d696293991701,ffcb15a1c2df0b857d26dab7dbba1197.jpeg,1.374185382145546
886,✨小資快搶✨可寵物✨獨洗曬✨衛浴窗✨,,6499,9.0,0.0,4,1,台中市,台中市北區榮華街,,透天厝,1房1衛 - 1陽台,,有對外窗;陽台,https://www.rakuya.com.tw/rent/rent_item?ehid=053dee293991933,505869075e3331bf5ddf417fadc41681.jpeg,2.5161345301961355
887,南屯新春價✨陽台獨洗✨衛浴開窗✨採光佳✨新春等你來,,8999,14.0,0.0,6,1,台中市,台中市南屯區嶺東路,,華廈,1房1衛 - 1陽台,,有對外窗;陽台,https://www.rakuya.com.tw/rent/rent_item?ehid=08a62229399035c,32b9c8363ea5acff413f759a8d53afe6.jpeg,0.22448188487898704
888,✨世貿中心✨榮總澄清✨陽台獨洗✨電梯上樓✨衛浴開窗,,10499,15.0,0.0,7,1,台中市,台中市西屯區福安七街,,電梯大廈,1房1廳1衛 - 1陽台,,有對外窗;陽台,https://www.rakuya.com.tw/rent/rent_item?ehid=096675294006421,3c4ab221bdaf72cba14d5509655a3c86.jpeg,0.6089095214748155
889,北區超秒殺✨採光超好✨可租補✨有電梯✨新春最搶手,,7799,14.0,0.0,2,1,台中市,台中市北區健行路,,華廈,1房1衛,,有對外窗,https://www.rakuya.com.tw/rent/rent_item?ehid=038206293990164,160da9ffc16084dd6cdf923dcb5f709e.jpeg,0.8571400687335469
890,✨松竹車站✨總站夜市✨可貓✨可租補✨獨洗✨,,7499,11.3,0.0,4,1,台中市,台中市北屯區松山街,,透天厝,1房1衛,,有對外窗,https://www.rakuya.com.tw/rent/rent_item?ehid=03692829400646e,6dfcfcc6b2e0833917e97f4419e66b87.jpeg,0.5659136846092567
891,✨小資精選✨新光遠百✨可租補✨獨洗曬✨SOGO✨,,5999,9.0,0.0,5,1,台中市,台中市西屯區天水中街,,公寓,1房1廳1衛,,有對外窗,https://www.rakuya.com.tw/rent/rent_item?ehid=085690294006506,99335f95f915033008ecfd3fd3377470.jpeg,0.9496284181285884
892,東區超大間✨可租補✨陽台獨洗✨小資最愛✨春節大禮包,,10499,15.0,0.0,2,1,台中市,台中市東區東英三街,,透天厝,1房1衛 - 1陽台,,有對外窗;陽台,https://www.rakuya.com.tw/rent/rent_item?ehid=0700c3293991665,38a81fa8906d68abf4224b7cf50f7e97.jpeg,0.4201080302383062
893,北屯文心✨台水台電✨電梯管理員✨可租補✨陽台獨洗,,7799,12.0,0.0,12,1,台中市,台中市北屯區天津路四段,,電梯大廈,1房1衛 - 1陽台,,有對外窗;陽台,https://www.rakuya.com.tw/rent/rent_item?ehid=0dd328293990109,b085b8432b1b71c656f9eb364e259a85.jpeg,2.244744361605657
894,✨超夯可寵✨雙租補✨總站夜市✨南興公園✨獨洗曬✨,,7699,11.8,0.0,4,1,台中市,台中市北屯區軍和街,,透天厝,1房1廳1衛,,有對外窗,https://www.rakuya.com.tw/rent/rent_item?ehid=0b2381294006486,a8f1c89078d69a868ed23902b887af46.jpeg,0.5712927592338066
895,✨小資首選✨可貓咪✨機車位✨陽台獨洗流理台✨,,7999,10.0,0.0,5,1,台中市,台中市太平區宜欣七街,,電梯大廈,1房1衛 - 1陽台,,有對外窗;陽台,https://www.rakuya.com.tw/rent/rent_item?ehid=07619d293991862,1e6a57c94b9576acf15c62ba1c2daca9.jpeg,0.4890303105852277
896,可租補⚡可貓⚡電梯24H管理員⚡近水湳市場,,20000,30.0,0.0,7,3,台中市,台中市西屯區中清西二街/萬紫千紅,,電梯大廈,3房2廳2衛 - 1陽台1廚房,,有對外窗;有中庭;陽台,https://www.rakuya.com.tw/rent/rent_item?ehid=05cfd629399005d,01b49ca4d63794251973a3aebd545302.jpeg,0.7083572671998057
897,✨逢甲可貓✨可短租✨可租補✨獨洗曬✨,,8499,12.0,0.0,2,1,台中市,台中市西屯區逢甲路,,公寓,1房1廳1衛,,有對外窗;陽台,https://www.rakuya.com.tw/rent/rent_item?ehid=033c86294006438,f6264330f8970e2a21af5a5a8d34b75c.jpeg,1.6206433399589235
898,很簡單也很乾淨✨可租補✨近科博館.中國醫✨電梯上樓,,8099,10.0,0.0,3,1,台中市,台中市北區中清路一段,,電梯大廈,1房1廳1衛,,有對外窗,https://www.rakuya.com.tw/rent/rent_item?ehid=00458529400626d,951be0e94ce211cf0d34effccb7b5691.jpeg,0.7594639279718032
899,大雅高品質✨可租補✨陽台獨洗✨採光佳✨高級木質地,,9499,14.0,0.0,2,1,台中市,台中市大雅區雅潭路四段,,透天厝,1房1衛 - 1陽台,,有對外窗;陽台,https://www.rakuya.com.tw/rent/rent_item?ehid=0a280b29399012b,33f91be10f0f693897ac65b8d8ff82d3.jpeg,0.34807210274333683
900,逢甲❤子母車✔飲水機❤CP高,,4999,10.0,0.0,2,1,台中市,台中市西屯區西屯路二段,,透天厝,1房1衛,,有對外窗,https://www.rakuya.com.tw/rent/rent_item?ehid=080bfb294005930,3bf5fcc36fc65b1b8fb0a943af141181.jpeg,1.0797805265781564
901,最高品質✨可雙租補✨陽台獨洗✨可報稅入籍✨超級方便,,8499,14.0,0.0,5,1,台中市,台中市豐原區豐社路,,透天厝,1房1衛 - 1陽台,,有對外窗;陽台,https://www.rakuya.com.tw/rent/rent_item?ehid=083eee293990310,ff05b983db61ab5a6daffb67a98b5761.jpeg,0.12263780121014994
902,D0K88）捷運南京三民【大空間】可養貓★獨洗衣機,,19000,10.0,20.0,1,1,台北市,台北市松山區市民大道五段,,公寓,1房1衛,,,https://www.rakuya.com.tw/rent/rent_item?ehid=0205d529344273e,442fd10ffe700d18f634b385c7a5a586.jpeg,1.786949334626426
903,✨黃金地段✨新光遠百✨可租補✨獨洗曬✨24H管理員,,12999,13.3,0.0,6,1,台中市,台中市西屯區惠中一街,,電梯大廈,1房1衛,,有對外窗,https://www.rakuya.com.tw/rent/rent_item?ehid=0c1ceb294006456,5e1cb692be0cac72e427ec1603f1820c.jpeg,0.9517816089089485
904,✨人人都愛✨可租補✨陽台獨洗✨衛浴開窗✨中友中國醫,,8499,12.0,0.0,5,1,台中市,台中市北區育祥街,,電梯大廈,1房1衛 - 1陽台,,有對外窗;陽台,https://www.rakuya.com.tw/rent/rent_item?ehid=00578529400621c,da215930ee45a1cba70e0d5ee804852a.jpeg,0.8797488549620673
905,✨新整理２房✨一中商圈✨可租補✨陽台獨洗✨,,22999,22.0,0.0,2,2,台中市,台中市北區中清路一段,,透天厝,2房1廳,,有對外窗;陽台,https://www.rakuya.com.tw/rent/rent_item?ehid=03c72a294006440,5e27aede46e0cc90891b12f1281e14b0.jpeg,0.8161479228433219
906,現代輕奢風 屋況極佳 三房+車,,23800,23.0,0.0,4,3,台南市,台南市安平區府平路,,電梯大廈,3房1廳2衛 - 1陽台1廚房,,有對外窗;有中庭;陽台,https://www.rakuya.com.tw/rent/rent_item?ehid=01458929400595d,e82635277b75ef2c67ddbc6effcc77c3.jpeg,0.26412959257229535
907,D3C66）南京三民4分【超值3房1廳】補助★可寵,,41900,21.0,20.0,3,3,台北市,台北市松山區南京東路五段,,公寓,3房1廳1衛 - 1陽台1廚房,,,https://www.rakuya.com.tw/rent/rent_item?ehid=0933c929330719d,b933d0575effb0d8bd20dbdfe4cc88e7.jpeg,1.3366380401733549
908,B0V24）捷運麟光【超值租案】附傢俱★對外窗,,14000,13.0,20.0,2,1,台北市,台北市大安區樂業街,,公寓,1房1衛,,,https://www.rakuya.com.tw/rent/rent_item?ehid=02e297293126610,f6416405a12dc6e9439e06414669f2fd.jpeg,1.2382493030797637
909,近斗六火車站，民生路三角窗超大面寬，40~120坪,,45000,40.0,26.0,1,0,雲林縣,雲林縣斗六市民生路,,透天厝,,,,https://www.rakuya.com.tw/rent/rent_item?ehid=098d2c293992031,3c99ebeeeb7a95f96f94af97f0d9da4c.jpeg,0.42065572233572096
910,復興二路超值金店面,,50000,122.0,40.0,0,0,高雄市,高雄市苓雅區復興二路,,透天厝,,,有對外窗,https://www.rakuya.com.tw/rent/rent_item?ehid=0a373b293991787,a5be1174468b3647a180448c562c5fef.jpeg,0.6997218590328054
911,A0R57）捷運永春3分【超值租案】洗衣機★小廚房,,14000,7.0,20.0,2,1,台北市,台北市信義區虎林街,,公寓,1房1衛,,,https://www.rakuya.com.tw/rent/rent_item?ehid=068406293443147,5651edd94c9b86b8b7f5c2c542afcddd.jpeg,1.2707593233922825
912,A0R56）捷運象山【超值大空間】採光優★乾溼分離,,15500,9.0,20.0,4,1,台北市,台北市信義區松仁路,,公寓,1房1衛,,,https://www.rakuya.com.tw/rent/rent_item?ehid=0a101a293308741,61e78a0dd6f199d5de4312b9af131632.jpeg,1.6683009116193919
913,C0D59）捷運中山國中【秒殺租案】採光優★免爬梯,,12000,5.0,20.0,1,1,台北市,台北市中山區興安街,,公寓,1房1衛,,,https://www.rakuya.com.tw/rent/rent_item?ehid=03d0d229345222c,1d05fbc32d46adefdb451f7aab88486e.jpeg,1.9232905493300388e-05
914,✨秒殺物件✨絕美採光✨住戶單純✨租屋補助✨電梯套房,,7799,13.0,0.0,2,1,台中市,台中市北區健行路,,電梯大廈,1房1衛,,,https://www.rakuya.com.tw/rent/rent_item?ehid=04f240293987424,cbfc1ad96dc262a7eb9576550210545e.jpeg,0.7137713595069083
915,可貓狗可租補陽台獨洗大空間,,11999,14.0,0.0,1,0,台中市,台中市北區陝西八街,,透天厝,開放式格局,,有對外窗;陽台,https://www.rakuya.com.tw/rent/rent_item?ehid=02fc4f293976053,ed9937e33cd87ca28cbe073628bf783f.jpeg,0.827260035425804
916,可雙租補陽台獨洗✨專屬機車格台水電,,15499,17.0,0.0,4,0,台中市,台中市北區臺灣大道一段,,電梯大廈,開放式格局,,有對外窗;陽台,https://www.rakuya.com.tw/rent/rent_item?ehid=04a07f29397568a,b563cef544ffb2ac8fa5c181deafd0ae.jpeg,1.1994839988728514
917,陽台獨洗第四台電梯含水費,,6999,9.0,0.0,4,0,台中市,台中市北屯區東山路一段,,電梯大廈,開放式格局,,有對外窗;陽台,https://www.rakuya.com.tw/rent/rent_item?ehid=0ade78293975789,1f73b761755528364e14ab717a3e9ff3.jpeg,0.6557690479872944
918,可貓可租補乾濕分離❤包水費第四台,,7799,10.0,0.0,5,0,台中市,台中市中區三民路二段,,透天厝,開放式格局,,有對外窗,https://www.rakuya.com.tw/rent/rent_item?ehid=05181529397570a,71ddbd36ef6bd1bd08e40afeb5334ead.jpeg,0.0
919,可貓可租補衛浴開窗陽台獨洗有電梯,,10499,12.0,0.0,3,0,台中市,台中市北區日進街,,電梯大廈,開放式格局,,有對外窗;陽台,https://www.rakuya.com.tw/rent/rent_item?ehid=0b25e329397574e,5d8f05f25ce2e27e24192a03f87eedc4.jpeg,0.9815700565332659
920,整棟新蓋❤陽台獨洗變頻冷氣可租補報稅,,8999,11.0,0.0,4,0,台中市,台中市南區台中路,,電梯大廈,開放式格局,,有對外窗;陽台,https://www.rakuya.com.tw/rent/rent_item?ehid=04035829397575a,2128fb89d16419c3f36f403a99213f72.jpeg,0.04831897073628421
921,蔡Sir力推龍井特登廠房招租-塑膠類,,65000,200.0,0.0,0,0,台中市,台中市龍井區中央路一段,,廠房,,,,https://www.rakuya.com.tw/rent/rent_item?ehid=0a961d293972891,7055fd8d02524fdc329594624c283b67.jpeg,0.04467803319564252
922,蔡Sir力推中工全新超挑高載重強美廠房,,300000,230.0,0.0,0,0,台中市,台中市西屯區工業區二十八路,,廠房,,,,https://www.rakuya.com.tw/rent/rent_item?ehid=03d03b29397300e,c13a8f4a2165bb201ca26792ffa47b0a.jpeg,0.04013504874167387
923,蔡Sir力推大肚隱藏版RC三照碼頭分租廠,,120000,300.0,0.0,3,0,台中市,台中市大肚區沙田路一段,,廠房,,,,https://www.rakuya.com.tw/rent/rent_item?ehid=09f193293972940,c1be8b907e5370011cf03549a3860e86.jpeg,0.02143451185054081
924,蔡Sir力推正雅潭路三照全新完工廠辦,,140000,180.0,0.0,0,0,台中市,台中市大雅區雅潭路,,廠房,,,,https://www.rakuya.com.tw/rent/rent_item?ehid=0db06e29397299d,14f15390200a6eabb7249b299fd23061.jpeg,0.0
925,蔡Sir力推關連挑高滴水三照好利用新廠房,,298000,450.0,0.0,0,0,台中市,台中市龍井區工業路,,廠房,,,,https://www.rakuya.com.tw/rent/rent_item?ehid=01aa0c293972924,eb595cf4d6a40a5176c74948712bd182.jpeg,0.0021136174956331018
926,蔡Sir力推關連大腹地即將完工三照鄰大路美廠房,,238000,700.0,0.0,0,0,台中市,台中市梧棲區自立路,,廠房,,,,https://www.rakuya.com.tw/rent/rent_item?ehid=099291293972983,dbfbad6e9700d1b8bfefc8833452a9af.jpeg,0.011500299105797133
927,蔡Sir力推關連千坪三照滴水美廠房,,650000,1000.0,0.0,0,0,台中市,台中市梧棲區港埠路一段,,廠房,,,,https://www.rakuya.com.tw/rent/rent_item?ehid=0e48d6293972970,ac42396da2590e2e5d7d1a0b2a884c0f.jpeg,0.11926538637363665
928,蔡Sir力推神清交界丁照大路旁三照廠,,280000,500.0,0.0,0,0,台中市,台中市神岡區和睦路,,廠房,,,,https://www.rakuya.com.tw/rent/rent_item?ehid=01d06029397305c,aecc64e3dccc15a5a6761e4f80e41f83.jpeg,0.0
929,蔡Sir力推神岡正中山路千坪絕版三照滴水高廠,,850000,1300.0,0.0,0,0,台中市,台中市神岡區中山路,,廠房,,,,https://www.rakuya.com.tw/rent/rent_item?ehid=04fcc1293973045,2ce1e41461e5f4eeb0ecf2ecdff86ab3.jpeg,0.05220069450386945
930,蔡Sir力推中清交流道旁全新完工三照美廠房,,398000,350.0,0.0,0,0,台中市,台中市大雅區中清路一段,,廠房,,,,https://www.rakuya.com.tw/rent/rent_item?ehid=005bc529397303a,05da0ac4e2049b3b6f9fdb7daf754db1.jpeg,0.22532399540460527
931,蔡Sir力推潭子正中山路三照區位優千坪美廠辦,,700000,1300.0,0.0,0,0,台中市,台中市潭子區中山路一段,,廠房,,,,https://www.rakuya.com.tw/rent/rent_item?ehid=0117a429397301a,90291255ee94d141c612e4a7dd2929f6.jpeg,0.13621265950215958
932,G0H64）捷運圓山【超值租案】獨立衛浴★水泥磚牆,,7000,5.0,20.0,4,1,台北市,台北市大同區重慶北路三段,,公寓,1房1衛,,,https://www.rakuya.com.tw/rent/rent_item?ehid=0beee5293974443,2ee105bd7948dd27ba8383bf81aa141b.jpeg,0.8549751082506027
933,南京三民，新整理，一房一廳，獨洗陽台，可寵物條款,,23800,10.0,0.0,5,1,台北市,台北市松山區南京東路五段,,公寓,1房1廳1衛 - 1陽台,,有對外窗;為邊間;陽台,https://www.rakuya.com.tw/rent/rent_item?ehid=008272293939101,36a7befa65ce4a67bc932276bc10e5a2.jpeg,1.1692016435708774
934,中山北路晶華鄰居，挑高4米2高樓景觀戶,,30000,14.0,0.0,13,1,台北市,台北市中山區中山北路二段/國賓藝術,,電梯大廈,1房2廳1衛 - 1陽台1廚房,,有對外窗;為邊間;樓中樓;陽台,https://www.rakuya.com.tw/rent/rent_item?ehid=0a5f67293973075,4529eb59db982d5927d1b26aed44e033.jpeg,1.759625498635673
935,西湖站，新裝潢套房，通風採光，可寵貓，台電，乾溼分,,18000,8.0,0.0,5,0,台北市,台北市內湖區環山路一段,,公寓,開放式格局,,有對外窗;為邊間,https://www.rakuya.com.tw/rent/rent_item?ehid=05a2e829393610e,731f66c79f3a9e5205da6990a585a710.jpeg,0.2054241949759803
936,R0B82）桃園車站5分【秒殺租案】可補助★低樓層,,6000,3.0,0.0,3,1,桃園市,桃園市桃園區大同路,,公寓,1房,,,https://www.rakuya.com.tw/rent/rent_item?ehid=0b177b293973203,889c5371e89ea0225948a7cd466fe137.jpeg,1.0278616095569104
937,總圓上品苑,,22000,28.0,2.5,4,2,彰化縣,彰化縣彰化市勝興街/總圓上品苑,,電梯大廈,2房2廳1衛 - 2陽台1廚房,,有對外窗;有中庭;陽台,https://www.rakuya.com.tw/rent/rent_item?ehid=04d920293975673,89471304e5c4b9323241bfb36ab33678.jpeg,0.24184870232399164
938,昆陽站，通風採光，大空間，洗脫烘，免治馬桶，新冷氣,,17500,9.0,0.0,3,0,台北市,台北市南港區昆陽街,,公寓,開放式格局,,有對外窗;為邊間,https://www.rakuya.com.tw/rent/rent_item?ehid=0a5236293936033,6370361c9b6b93a6b2a5440284cde3b0.jpeg,0.49232858355709
939,天母忠誠路一段黃金店面/辦公空間/工作室,,88000,42.82,32.0,1,3,台北市,台北市士林區忠誠路一段/蘭雅新城,,電梯大廈,3房2廳2衛 - 1陽台,,有對外窗;有中庭;陽台,https://www.rakuya.com.tw/rent/rent_item?ehid=07d778293973199,416c93437b67dcd736a4290c41f5327c.jpeg,1.0953127717732394
940,✨小資首選✨大空間✨共洗凸窗曬✨子母車管理員✨,,5999,8.5,0.0,2,1,台中市,台中市南區五權南路/南京大廈,,電梯大廈,1房1衛,,有對外窗,https://www.rakuya.com.tw/rent/rent_item?ehid=05aeb8293967061,5ab19d4d50863881b9693c32a2cbe0ff.jpeg,0.0
941,租補大空間❤️子母車❤️陽台獨洗獨曬❤️近火車站,,10499,10.0,0.0,2,1,台中市,台中市東區東英三街,,透天厝,1房1衛 - 1陽台,,有對外窗;陽台,https://www.rakuya.com.tw/rent/rent_item?ehid=04837a29396755d,51f1b07def280fc7b8c0c8076236b08c.jpeg,0.12257269588129403
942,我好便宜又可以作社宅有租補可以拿,,5500,8.84,35.0,3,1,新北市,新北市淡水區學府路/青春校園,,公寓,1房1衛 - 1陽台1廚房,,有對外窗;陽台,https://www.rakuya.com.tw/rent/rent_item?ehid=085c3b293971111,e6f8f56aa97da7e4d522b7be405cc773.jpeg,1.1865986660460932
943,太平洋麗緻花園看海的小家庭有租補可以給你拿要入社宅,,11000,10.17,26.0,12,1,新北市,新北市淡水區新民街/麗緻花園,,電梯大廈,1房1衛 - 1陽台1廚房,,有對外窗;陽台,https://www.rakuya.com.tw/rent/rent_item?ehid=0e780a293971157,1dffa42c808779d82dc8005bf6e049f8.jpeg,0.2860875985049075
944,喵咪友善新興國小社宅2房可租補,,19000,30.01,28.0,9,2,新北市,新北市淡水區新興街/書香大第,,電梯大廈,2房2廳1衛 - 1陽台1廚房,,有對外窗;為邊間;陽台,https://www.rakuya.com.tw/rent/rent_item?ehid=07a316293971107,23d2ebbdc9d7a47ab870ce2061bde853.jpeg,0.6634072503938852
945,大空間樓中樓❤️雙租補❤️陽台獨洗獨曬❤️子母車,,11799,12.0,0.0,3,1,台中市,台中市西屯區西屯路三段宏恩三巷,,透天厝,1房1廳1衛 - 1陽台,,有對外窗;陽台,https://www.rakuya.com.tw/rent/rent_item?ehid=03741d29396753c,35647d4e5253e86657a99fad15756d44.jpeg,0.47489393982597816
946,吳叔叔的度假屋水悅1房+車可社宅有租補,,18500,18.69,5.0,3,1,新北市,新北市淡水區新市三路一段/宏盛水悅,,電梯大廈,1房1廳1衛 - 1室1陽台1廚房,,有對外窗,https://www.rakuya.com.tw/rent/rent_item?ehid=0f366c293971076,c069a768b2744d3ee8a3541ca058354a.jpeg,0.10101009820629196
947,大空間一房一廳❤️租補❤️陽台獨洗獨曬❤️包水台電,,14999,15.0,0.0,5,1,台中市,台中市北區中清路一段,,公寓,1房1廳1衛 - 1陽台,,有對外窗;陽台,https://www.rakuya.com.tw/rent/rent_item?ehid=00f4a5293967565,71d60da1a8d293bc7ac6e85fca4175a5.jpeg,0.8557515387438787
948,蔡Sir力推關連唯有三千坪三照廠,,950000,3000.0,0.0,0,0,台中市,台中市龍井區台西南路,,廠房,,,,https://www.rakuya.com.tw/rent/rent_item?ehid=02821a293968947,26d28c6af0cb8758c55dcffa78cb95c8.jpeg,0.009579305405184724
949,蔡Sir力推太平產業園全新三照美挑高廠,,600000,1000.0,0.0,0,0,台中市,台中市太平區工業路,,廠房,,,,https://www.rakuya.com.tw/rent/rent_item?ehid=09907a293969086,1ab61feb7876ea447158573b94dd378e.jpeg,0.11011730277539794
950,蔡Sir力推 正關連可三照挑高低水腹地廠房,,248000,420.0,0.0,0,0,台中市,台中市龍井區台西南路,,廠房,,,,https://www.rakuya.com.tw/rent/rent_item?ehid=02c9a429396900f,bbbabd013f265b24c2899f4edd5957c9.jpeg,0.01074187146556322
951,蔡Sir力推神岡乙工全新整理美三照實惠廠,,120000,300.0,0.0,0,0,台中市,台中市神岡區大富路,,廠房,,,,https://www.rakuya.com.tw/rent/rent_item?ehid=002448293969256,2c2786679925a8051ce2f0a7ed58d4d6.jpeg,0.061241462430116606
952,蔡Sir力推大肚RC全新三照近交流道廠房,,460000,900.0,0.0,0,0,台中市,台中市大肚區沙田路一段,,廠房,,,,https://www.rakuya.com.tw/rent/rent_item?ehid=0549ef293969209,57f32634a340933d7c269edff0ea63dd.jpeg,0.018997044308729158
953,蔡Sir力推正西濱大路三照便宜實惠廠房,,200000,500.0,0.0,0,0,台中市,台中市龍井區西濱路三段,,廠房,,,,https://www.rakuya.com.tw/rent/rent_item?ehid=0915b829396918a,0c61e914027dc00e84ae3329d5406543.jpeg,0.01752341443538696
954,蔡Sir力推大里仁慈商圈乙工RC美廠房,,85000,160.0,0.0,6,0,台中市,台中市大里區仁慈街,,廠房,,,,https://www.rakuya.com.tw/rent/rent_item?ehid=03fdbd293969356,eeda0be19234cb096d0c568be8d9ee7d.jpeg,0.2745527227258759
955,蔡Sir力推中工美角地腹地三照天車挑高廠,,330000,500.0,0.0,0,0,台中市,台中市西屯區工業區二十八路,,廠房,,,,https://www.rakuya.com.tw/rent/rent_item?ehid=07052f293969155,def6352dd3c10d71facd2ccd647875be.jpeg,0.03840382106911061
956,蔡Sir力推中工大腹地廠況優三照廠房,,500000,900.0,0.0,0,0,台中市,台中市西屯區工業區二十八路,,廠房,,,,https://www.rakuya.com.tw/rent/rent_item?ehid=0015f6293969033,4a4b7d03fcca1d79cb285b3ea8667ced.jpeg,0.03839849934879264
957,蔡Sir力推中工挑高腹地三照大路重天車廠房,,700000,1200.0,0.0,0,0,台中市,台中市西屯區工業區二十八路,,廠房,,,,https://www.rakuya.com.tw/rent/rent_item?ehid=07ed63293969126,0b4ed090adc60aff09ef9fb596da841b.jpeg,0.018336319548367636
958,蔡Sir力推精科獨立三照RC美廠房,,500000,700.0,0.0,0,0,台中市,台中市南屯區精科路,,廠房,,,,https://www.rakuya.com.tw/rent/rent_item?ehid=048611293968983,f4d104a33d59ed26bf7f7071765559b5.jpeg,0.10509062979669566
959,蔡Sir力推精科挑高廠辦合一行情價美廠租,,468000,800.0,0.0,0,0,台中市,台中市南屯區精科路,,廠房,,,,https://www.rakuya.com.tw/rent/rent_item?ehid=07ea2c293969029,2746c275512351fc07b8f0aa8d09347c.jpeg,0.09145798657795022
960,免服務費丰悅夏宮2房可租補併社宅,,22000,22.92,11.0,5,2,新北市,新北市淡水區新春街/丰悅夏宮,,電梯大廈,2房1廳1衛 - 1陽台1廚房,,有對外窗,https://www.rakuya.com.tw/rent/rent_item?ehid=021018293971098,81702b15b14f7fa0d744103b6dbe27df.jpeg,0.496426283717667
961,蔡Sir力推沙田路旁三照滴水廠房-可環保產業,,240000,350.0,0.0,0,0,台中市,台中市沙鹿區沙田路,,廠房,,,,https://www.rakuya.com.tw/rent/rent_item?ehid=05f99529396923d,4baa5405060c4ac177c566f9b870f7e6.jpeg,0.1795574231369705
962,蔡Sir力推精科絕美全新三照挑高美廠,,1850000,2000.0,0.0,0,0,台中市,台中市南屯區精科路,,廠房,,,,https://www.rakuya.com.tw/rent/rent_item?ehid=06c6a929396905b,739183b9a368f447a791804d9f4f40d1.jpeg,0.09265344858811295
963,蔡Sir力推中工千坪挑高三照大腹地挑高廠房辦公室,,850000,1000.0,0.0,0,0,台中市,台中市西屯區工業區二十八路,,廠房,,,,https://www.rakuya.com.tw/rent/rent_item?ehid=0f7c71293969145,5bccb2526538eed1c06154f973a07d16.jpeg,0.034800463002579635
964,蔡Sir力推關連大路超挑高美三照低租金廠,,58000,75.0,0.0,0,0,台中市,台中市梧棲區港埠路一段,,廠房,,,,https://www.rakuya.com.tw/rent/rent_item?ehid=028bb2293969093,8be4ab5d1d64b5346fe1bcc569a5e55f.jpeg,0.07640967814646307
965,蔡Sir力推霧峰中正路旁三照腹地廠,,350000,800.0,0.0,0,0,台中市,台中市霧峰區中正路,,廠房,,,,https://www.rakuya.com.tw/rent/rent_item?ehid=005c5b293969336,081671f8151a0fbc4362077f6b9b2b1b.jpeg,0.28481478639736196
966,蔡Sir力推霧峰近市區三照丁建廠,,438000,650.0,0.0,0,0,台中市,台中市霧峰區錦州路,,廠房,,,,https://www.rakuya.com.tw/rent/rent_item?ehid=05f177293969315,65e6943fc37d0594c0934bcabb8948d4.jpeg,0.2302864673172144
967,整棟全新⏳質感裝潢⏳乾溼分離⏳陽台獨洗⏳流理台⏳,,10999,18.5,0.0,3,1,台中市,台中市南區忠孝路,,電梯大廈,1房1廳1衛 - 1陽台1廚房,,有對外窗;陽台,https://www.rakuya.com.tw/rent/rent_item?ehid=0ac5a4293956135,6436cabe9550fe5948d94114a552903a.jpeg,0.0
968,✨小資首選✨可貓咪✨共洗曬✨機車位子母車✨,,5699,8.0,0.0,4,1,台中市,台中市北區健行路,,透天厝,1房1衛,,有對外窗;陽台,https://www.rakuya.com.tw/rent/rent_item?ehid=038ade293958188,7a29e76e440eaa4f991ccabb4d75698c.jpeg,0.8907914390007161
969,✨秒殺物件✨陽台獨洗流理台✨超省租屋補助✨寵物天堂,,12999,17.0,0.0,2,1,台中市,台中市西屯區福上巷,,電梯大廈,1房1衛 - 1陽台,,,https://www.rakuya.com.tw/rent/rent_item?ehid=0a9ade293963406,59069903f5863445fd45249c0fd4b4a1.jpeg,1.6142678959610737
970,✨小資快搶✨走路到一中✨共洗曬✨衛浴窗,,5699,8.0,0.0,5,1,台中市,台中市北區精武路,,電梯大廈,1房1衛,,有對外窗,https://www.rakuya.com.tw/rent/rent_item?ehid=047c93293963378,c595abb0ba42f4a86f373df0d61d83ca.jpeg,1.0589456174500746
971,整棟全新⏳可租補⏳質感裝潢⏳陽台獨洗⏳衛浴開窗⏳,,8499,14.0,0.0,5,1,台中市,台中市北區育祥街,,電梯大廈,1房1衛 - 1陽台,,有對外窗;陽台,https://www.rakuya.com.tw/rent/rent_item?ehid=049d6229395688e,4c2079c4869598b7fe839d4f1fa0f1e9.jpeg,0.8635322862070062
972,可寵文藝中心⚡️整棟孝親5房⚡️可租補,,31000,56.0,0.0,0,5,台中市,台中市太平區大興三街,,透天厝,5房2廳3衛,,,https://www.rakuya.com.tw/rent/rent_item?ehid=06fda229396403a,542ae6f17834699956cf96908eb95424.jpeg,0.3119715273268357
973,整棟新蓋✨陽台獨洗流理台✨絕美採光✨秒殺電梯套房,,11999,17.0,0.0,3,1,台中市,台中市南區忠孝路,,電梯大廈,1房1衛 - 1陽台,,,https://www.rakuya.com.tw/rent/rent_item?ehid=039f3729396343d,e20333a2e146099fc26da3dc83e5265c.jpeg,0.0
974,烏日國圖館❤️精美爬梯套房❤️大空間❤️子母車,,8800,9.0,0.0,4,1,台中市,台中市烏日區中華路,,透天厝,1房1衛 - 1陽台,,,https://www.rakuya.com.tw/rent/rent_item?ehid=04a17d293964011,7093fc5919d62472fc144ed46ec26f14.jpeg,0.1867260846194587
975,幸福就是你❤️可租補❤️大坪數套房❤️陽台獨洗,,10999,14.0,0.0,5,0,台中市,台中市東區南京路,,透天厝,開放式格局,,有對外窗;陽台,https://www.rakuya.com.tw/rent/rent_item?ehid=0b7edc293958215,8efc0b86ebc5a4c3fdb0a62dd326032f.jpeg,0.025561362234623877
976,✨秒殺物件✨陽台獨洗流理台✨雙租屋補助✨寵物天堂✨,,16499,17.0,0.0,3,1,台中市,台中市中區民族路,,電梯大廈,1房1衛 - 1陽台,,,https://www.rakuya.com.tw/rent/rent_item?ehid=0e4c2a29396341c,425cea06b525ee903c2e0b6b5c6df889.jpeg,1.5008203357968186
977,南科善化全新完工&電梯大樓/2房2廳1衛,,19000,16.0,0.3,2,2,台南市,台南市善化區公園路/大任之翼,,電梯大廈,2房2廳1衛 - 1陽台,,,https://www.rakuya.com.tw/rent/rent_item?ehid=0e2bc4293954534,a9393625619fb9d297d66052cdd95996.jpeg,0.2984408661242687
978,幸福就是你❤️衛浴開窗❤️可貓可狗❤️陽台獨洗,,8999,12.0,0.0,3,0,台中市,台中市北區衛道路,,公寓,開放式格局,,有對外窗;陽台,https://www.rakuya.com.tw/rent/rent_item?ehid=03e902293937697,44c88459f23a3599e9a199460bd04139.jpeg,0.0
979,西屯中科✨超大坪數✨免爬梯✨一樓好停機車✨精華地段,,10499,13.0,0.0,7,1,台中市,台中市西屯區福安七街,,華廈,1房1衛 - 1陽台,,有對外窗;陽台,https://www.rakuya.com.tw/rent/rent_item?ehid=0f2c9829393670c,c1deb09ae420057cd5ea33cf1e7c3e55.jpeg,0.6089095214748155
980,庭院風⭐可雙租補⭐陽台獨洗⭐子母車⭐不能停汽車,,13999,15.0,0.0,1,1,台中市,台中市北區中清路一段,,別墅,1房1廳1衛 - 1陽台,,有對外窗;陽台,https://www.rakuya.com.tw/rent/rent_item?ehid=058ca3293936241,ed1ece2e74652bcb2ef4d6f373e68644.jpeg,0.8624787304187757
981,小資秒殺✔️可租補✔️獨洗曬✔️子母車✔️近中科大,,4299,4.0,0.0,5,1,台中市,台中市東區三賢街,,電梯大廈,1房1衛,,有對外窗,https://www.rakuya.com.tw/rent/rent_item?ehid=035d1429393977f,411cf7d9bf5c09edf74420c01393bd60.jpeg,0.0
982,小資秒殺✔️可租補✔️子母車✔️免費共洗✔️中科大,,5999,7.0,0.0,2,1,台中市,台中市北區太平路,,透天厝,1房1衛,,有對外窗,https://www.rakuya.com.tw/rent/rent_item?ehid=04d26f293948527,e75fee9fd0bace4dcb0ba08b18e17ee2.jpeg,1.3789704423604447
983,❤租屋補助❤室內大空間❤陽台獨洗曬❤近803❤勤益,,8999,16.0,0.0,3,0,台中市,台中市太平區中山路二段,,電梯大廈,開放式格局,,陽台,https://www.rakuya.com.tw/rent/rent_item?ehid=0b9fee293948573,0e90422f33cedd72a23d4294389d15b0.jpeg,0.3009869218781037
984,❤學生最愛❤有採光❤子母車❤走路逢甲❤生活機能方便,,3499,8.5,0.0,6,0,台中市,台中市西屯區文華路,,公寓,開放式格局,,有對外窗,https://www.rakuya.com.tw/rent/rent_item?ehid=051779293948487,1e43cff0528b8df78b00dd5f63e538a5.jpeg,2.1594164059553407
985,中科大✔️可租補✔️獨洗曬✔️小資首選✔️飲水機,,6999,8.0,0.0,5,1,台中市,台中市北區崇德路一段,,別墅,1房1衛,,有對外窗,https://www.rakuya.com.tw/rent/rent_item?ehid=0d1a25293948567,e48984ac4e97ee99c5a84f634372a9fc.jpeg,1.4184118490484674
986,可租補⛽有機械車位可租近中科,,9999,12.0,0.0,3,0,台中市,台中市西屯區福安一街,,電梯大廈,開放式格局,,有對外窗,https://www.rakuya.com.tw/rent/rent_item?ehid=012138293948931,302147be655cae36a6373585471cd493.jpeg,0.7356856400084831
987,Q2D81）捷運三和國中【超值2房1廳】可貓★廚房,,22500,20.0,20.0,3,2,新北市,新北市三重區三和路四段,,公寓,2房1廳1衛 - 1陽台1廚房,,,https://www.rakuya.com.tw/rent/rent_item?ehid=0c01da29361451e,8b83311e5b6d7c1344ba14258d51bc18.jpeg,0.0
988,可租補✔️陽台獨洗✔️子母車✔️台水電計算✔️小資,,7999,9.0,0.0,2,1,台中市,台中市北區梅亭街,,電梯大廈,1房1衛 - 1陽台,,有對外窗;陽台,https://www.rakuya.com.tw/rent/rent_item?ehid=03ea7c29394454f,8a1101d60f4480d2766c948c25ebce6c.jpeg,1.4140020462641762
989,Q0F98）格致中學【超值租案】獨洗★低樓層★獨曬,,8000,5.0,20.0,2,1,新北市,新北市三重區仁愛街,,公寓,1房1衛,,,https://www.rakuya.com.tw/rent/rent_item?ehid=097126293020292,b3ff6cee792baec3a91c8ae5eb5f0364.jpeg,0.8728906492090679
990,超新電梯✔️可租補✔️子母車✔️近中國醫✔️超秒殺,,7999,9.0,0.0,3,1,台中市,台中市北屯區中清路二段,,電梯大廈,1房1衛,,有對外窗,https://www.rakuya.com.tw/rent/rent_item?ehid=002ea1293948540,890c2da0b601c51e255dd01b3eff2188.jpeg,0.8749456705042592
991,可租補⭐流理臺⭐陽台獨洗⭐近愛買⭐水湳⭐小資秒殺,,10999,12.0,0.0,3,1,台中市,台中市北屯區中清路二段,,別墅,1房1衛 - 1陽台,,有對外窗;陽台,https://www.rakuya.com.tw/rent/rent_item?ehid=001653293939528,c37a19d7ac6de77c1229bd00bb7de590.jpeg,0.8425418244258717
992,貓狗的家⭐可雙租補⭐陽台獨洗⭐子母車⭐樹德商圈,,9999,11.0,0.0,3,1,台中市,台中市太平區新高路,,別墅,1房1衛 - 1陽台,,有對外窗;陽台,https://www.rakuya.com.tw/rent/rent_item?ehid=0bfe0829393617b,220c18d074678ebb7b8d315cb7c715e4.jpeg,0.606443568115101
993,可雙租補⭐子母車⭐流理臺⭐陽台獨洗⭐五臟俱全⭐秒殺,,10799,11.0,0.0,4,1,台中市,台中市北區健行路,,別墅,1房1衛 - 1陽台,,有對外窗;陽台,https://www.rakuya.com.tw/rent/rent_item?ehid=047a2829393632b,fa7e8846c62a91b08f511d964ae146ed.jpeg,0.8246434527423052
994,幸福就是你❤️可租補❤️可貓可狗❤️獨洗脫烘,,12799,18.0,0.0,2,0,台中市,台中市北屯區軍和街,,透天厝,開放式格局,,有對外窗,https://www.rakuya.com.tw/rent/rent_item?ehid=0314bf293946255,696307e9e8d33f5dececd62c425589e3.jpeg,0.5834854197270442
995,R0C01）捷運丹鳳1分【全新裝潢】垃圾代收★家具,,11500,5.0,20.0,2,1,新北市,新北市新莊區中正路,,公寓,1房1衛,,,https://www.rakuya.com.tw/rent/rent_item?ehid=082ef4293333378,51b75fe66c29a8dd31ca9d3553e2c4a5.jpeg,0.498804353231264
996,北區短租⭐流理臺⭐子母車⭐獨洗共曬⭐飲水機⭐超秒殺,,7799,8.0,0.0,3,1,台中市,台中市北區進化北路,,電梯大廈,1房1衛,,有對外窗,https://www.rakuya.com.tw/rent/rent_item?ehid=0da61429393636d,6d33aea983a1e1ebbd7d6aeea9bcbf15.jpeg,0.0
997,L0O64）近比漾廣場【景觀大空間】垃圾代收★可寵,,20500,9.0,20.0,11,1,新北市,新北市中和區中山路二段,,電梯大廈,1房1衛,,,https://www.rakuya.com.tw/rent/rent_item?ehid=097aeb29361459d,174983812784be92c7fdaccce1e58042.jpeg,1.3349916129225077
998,幸福就是你❤️可租補❤️有電梯❤️陽台獨洗,,11999,15.0,0.0,6,0,台中市,台中市西屯區福安六街,,透天厝,開放式格局,,有對外窗;陽台,https://www.rakuya.com.tw/rent/rent_item?ehid=0d2295293946167,076b787f7e8d8fe989e3c96bc2bb4b39.jpeg,0.610225932014093
999,Q0G07）正義國小【超值租案】凸窗曬衣★附傢俱,,9000,5.0,20.0,4,1,新北市,新北市三重區自強路一段,,公寓,1房1衛,,,https://www.rakuya.com.tw/rent/rent_item?ehid=0b0540293611798,95a1a014ae0cfe2af92c3a2b31e00194.jpeg,1.6236972788834587
1000,幸福就是你❤️可租補❤️小資首選❤️陽台獨洗,,8999,12.0,0.0,2,0,台中市,台中市東區十甲東路,,透天厝,開放式格局,,有對外窗;陽台,https://www.rakuya.com.tw/rent/rent_item?ehid=0ac3a929393761c,7cbfe6cccba50585d9b49d80b928aee4.jpeg,0.0
1001,Z2A20）芳洲公園【電梯2房1廳】車位洽★可辦公,,20000,27.0,20.1,2,2,新北市,新北市五股區芳洲一路,,電梯大廈,2房1廳1衛,,,https://www.rakuya.com.tw/rent/rent_item?ehid=005e2528997442d,786651f4a738ad8dd26bd390de3a4f46.jpeg,0.17364399935248157
1002,R0B98）捷運幸福【優質租案】獨洗★乾溼分離★寵,,15000,5.0,20.0,1,1,新北市,新北市新莊區福壽街,,公寓,1房1衛,,,https://www.rakuya.com.tw/rent/rent_item?ehid=0dad95293333922,38ed219fa6599648dda9113fa3ec2d30.jpeg,0.8348732542419277
1003,幸福就是你❤️可租補❤️有電梯❤️獨洗窗曬,,10999,14.0,0.0,7,0,台中市,台中市西屯區福中六街,,透天厝,開放式格局,,有對外窗,https://www.rakuya.com.tw/rent/rent_item?ehid=01739129394619b,c3402796efec9a6252aedf889cef03c1.jpeg,0.6852411337512632
1004,可代收包裹可雙租補可寵,,16999,19.0,0.0,2,0,台中市,台中市北屯區軍和街,,透天厝,開放式格局,,有對外窗;陽台,https://www.rakuya.com.tw/rent/rent_item?ehid=0d425c29394892c,d7bed5cbc26cd29c0568f70242d711d5.jpeg,0.5650228417119487
1005,小資嚴選✔️可租補✔️陽台獨洗✔️子母車✔️中國醫,,14000,12.0,0.0,5,1,台中市,台中市北屯區水湳路,,電梯大廈,1房1衛 - 1陽台,,有對外窗;陽台,https://www.rakuya.com.tw/rent/rent_item?ehid=0c2cca29394451f,7342a038c16278a1c97922fc2c37da8c.jpeg,0.9456591202670936
1006,逢甲小資✔️飲水機✔️子母車✔️共洗✔️樓梯好爬,,4999,6.0,0.0,2,1,台中市,台中市西屯區至善路,,別墅,1房1衛,,有對外窗,https://www.rakuya.com.tw/rent/rent_item?ehid=028786293948588,d1d711d5ecc5f975d4c1d4ca42cd8611.jpeg,1.2875138543366795
1007,L0O58）重慶國中【超值租案】獨洗衣機★一層３戶,,13800,6.0,20.0,5,1,新北市,新北市中和區市民街,,公寓,1房1衛,,,https://www.rakuya.com.tw/rent/rent_item?ehid=03f3e229345559f,21aa3be7e70a0dbbdb894e42ded97fe8.jpeg,0.7863095033259084
1008,N0D95）大坪林2分【秒殺租案】免爬梯★獨立衛浴,,9500,8.0,20.0,1,1,新北市,新北市新店區寶安街,,公寓,1房1衛,,,https://www.rakuya.com.tw/rent/rent_item?ehid=0b9d46293619105,2ec86b16624f4887c63987d935fcaee4.jpeg,1.918373497689385
1009,西區 寵可談 系統裝潢 電梯5房住家,,70000,100.0,0.0,18,5,台中市,台中市西區五權西三街/熊都國美館,,電梯大廈,5房2廳3衛,,有對外窗,https://www.rakuya.com.tw/rent/rent_item?ehid=0abe84293944398,678273687e705c7d23fec4ef0cb6edb2.jpeg,0.0
1010,N0G74）大坪林2分【秒殺租案】免爬梯★女性首選,,6000,5.0,20.0,6,1,新北市,新北市新店區中興路三段,,公寓,1房,,,https://www.rakuya.com.tw/rent/rent_item?ehid=0e27e5293619731,abab9fbd43bd33d090ed9bd46f055e17.jpeg,2.010251975069637
1011,幸福就是你❤️可租補❤️採光很好❤️陽台獨洗,,12999,16.0,0.0,2,0,台中市,台中市西屯區福中七街,,透天厝,開放式格局,,有對外窗;陽台,https://www.rakuya.com.tw/rent/rent_item?ehid=0cb6b029394618a,4c3272b68e1fdfc1204698078eda61f2.jpeg,0.6538074273964205
1012,全新高級家電日立冷暖冷氣好停車,,17799,18.0,0.0,6,0,台中市,台中市北屯區后庄七街,,電梯大廈,開放式格局,,有對外窗;陽台,https://www.rakuya.com.tw/rent/rent_item?ehid=07b4c829394888e,0da65ff97a33b1e54544c9d36621c5c9.jpeg,0.20009682134888915
1013,Q0G03）捷運菜寮5分【超值獨戶】補助★獨洗★寵,,17000,11.0,20.0,4,1,新北市,新北市三重區重新路三段,,公寓,1房1衛,,,https://www.rakuya.com.tw/rent/rent_item?ehid=06fc38293422208,563b2f7a8a0703003f04ff31ae509a93.jpeg,0.8783989407118618
1014,幸福就是你❤️可租補❤️有電梯❤️陽台獨洗,,9999,13.0,0.0,3,0,台中市,台中市西屯區福安一街,,透天厝,開放式格局,,有對外窗;陽台,https://www.rakuya.com.tw/rent/rent_item?ehid=05b7ed29394623e,a74c9aa6981011c5ac6d841b7389f3c0.jpeg,0.7356856400084831
1015,幸福就是你❤️可租補❤️有電梯❤️陽台獨洗,,11999,15.0,0.0,4,0,台中市,台中市南屯區惠心街,,透天厝,開放式格局,,有對外窗;陽台,https://www.rakuya.com.tw/rent/rent_item?ehid=0a37ec29393767b,e5e4723cc9df11a7cffadfe23961af08.jpeg,1.1007424706665698
1016,⚡沙鹿-中山路特區~二房二衛-子母大平車-稀有出租,,28000,42.8,6.0,4,2,台中市,台中市沙鹿區中山路/帝堡15,,電梯大廈,2房2廳2衛,,有對外窗;陽台,https://www.rakuya.com.tw/rent/rent_item?ehid=02af1b29393920f,d1b122c1c2df6607dc2f59cdb0155285.jpeg,0.058466215471536465
1017,N0B52）捷運新店站【超值租案】獨立洗衣★有陽台,,14500,7.0,20.0,2,1,新北市,新北市新店區秀山路,,公寓,1房1衛 - 1陽台,,,https://www.rakuya.com.tw/rent/rent_item?ehid=08ff5929341495d,f1d1384b387b4a93d2202dbef8c0e7a5.jpeg,0.8218957651604178
1018,西屯 緊鄰台灣大道 可輕食 可營登 店面出租,,30000,15.0,0.0,1,0,台中市,台中市西屯區台灣大道二段,,透天厝,,,有對外窗,https://www.rakuya.com.tw/rent/rent_item?ehid=0fccf7293944653,9a2e7deffac7fffab2dbc2c2a494a8b9.jpeg,1.0103996491416234
1019,Q2D83）捷運徐匯中學【超值2房2廳】採光★傢俱,,25000,20.0,20.0,3,2,新北市,新北市三重區永安北路一段,,公寓,2房2廳1衛,,,https://www.rakuya.com.tw/rent/rent_item?ehid=004c9a293758522,95d54c46a02f5eccd0d1c68c7736e3d5.jpeg,0.5514623905063406
1020,景安站700公尺❤永安市場站650公尺❤工作室一樓,,29000,22.0,53.1,1,3,新北市,新北市中和區保健路,,公寓,3房2廳1衛 - 2陽台1廚房,,有對外窗,https://www.rakuya.com.tw/rent/rent_item?ehid=0360e6293937557,588e336a7342d36ac648d10c62a37399.jpeg,0.0
1021,西屯 正七期 雙車位 電梯3房住家,,100000,35.0,0.0,22,3,台中市,台中市西屯區市政北七路/由鉅大謙,,電梯大廈,3房2廳3衛 - 1陽台,,有對外窗;陽台,https://www.rakuya.com.tw/rent/rent_item?ehid=06eae1293946942,041680a2b1058c9e059f859fa4f5271a.jpeg,0.770344476611301
1022,Q2D82）三重國小站3分【優質2房1衛】全新裝潢,,23000,11.0,20.0,3,2,新北市,新北市三重區仁愛街,,公寓,2房1廳1衛,,,https://www.rakuya.com.tw/rent/rent_item?ehid=07df23293758559,20059f1819b1fec6fe04222bef6ff3dc.jpeg,0.7736177134552025
1023,港墘站，內科，稀有露臺戶，通風採光，優質環境,,16000,7.0,0.0,5,1,台北市,台北市內湖區內湖路一段,,公寓,1房1衛 - 1室1陽台1廚房,,有對外窗;為邊間;陽台,https://www.rakuya.com.tw/rent/rent_item?ehid=09cf7829393658b,fd5d0e255590da58a5a0efd9d94a456b.jpeg,1.0077693175746556
1024,近彰濱工業區、台61線、中華路交叉彰192鄉道,,70000,1000.0,0.0,0,0,彰化縣,彰化縣線西鄉中華路交叉彰192鄉道,,其他,,,,https://www.rakuya.com.tw/rent/rent_item?ehid=05580a29393960e,1506af38023ca85e3962460001a62dff.jpeg,0.0
1025,忠孝敦化站，新電梯社區，精品套房，可報稅，前後陽台,,52900,23.65,0.0,3,1,台北市,台北市大安區敦化南路二段,,電梯大廈,1房1廳1衛 - 1室1陽台1廚房,,有對外窗;為邊間;陽台,https://www.rakuya.com.tw/rent/rent_item?ehid=073d3b293936460,eaf9ce7709509282f3b4eb1018d4b232.jpeg,1.7663024476720404
1026,C8B46）捷運松江南京【採光純辦】有電梯★新裝潢,,82000,54.0,20.0,6,0,台北市,台北市中山區長安東路一段,,電梯大廈,開放式格局,,,https://www.rakuya.com.tw/rent/rent_item?ehid=0a82d7293936302,5204d56a2df4134c3e63035f3fae1256.jpeg,5.93084880054519e-07
1027,可貓可狗整棟新蓋可租補樓下機能很好,,6999,9.0,0.0,4,0,台中市,台中市龍井區遊園北路,,電梯大廈,開放式格局,,有對外窗,https://www.rakuya.com.tw/rent/rent_item?ehid=08fd43293922571,16df78ed737eb27dbfe9ffffa1a58044.jpeg,0.199220976603735
1028,✨秒殺物件✨陽台獨洗✨住戶單純✨租屋補助✨電梯套房,,5599,11.0,0.0,1,1,台中市,台中市東區三賢街,,電梯大廈,1房1衛 - 1陽台,,,https://www.rakuya.com.tw/rent/rent_item?ehid=0a54b7293928733,13c050813184b8ca05d9072657d5abce.jpeg,0.0
1029,整棟新蓋✨陽台獨洗流理台✨租屋補助✨寵物天堂✨機車,,11999,16.0,0.0,2,1,台中市,台中市北區國強街,,電梯大廈,1房1衛 - 1陽台,,,https://www.rakuya.com.tw/rent/rent_item?ehid=0e8f1829392880b,8b4bd8ed208f7467dfc90c144de43219.jpeg,0.6559685457376375
1030,可嬰兒可貓狗獨洗曬全新完工,,8999,11.0,0.0,3,0,台中市,台中市北區衛道路,,透天厝,開放式格局,,有對外窗;陽台,https://www.rakuya.com.tw/rent/rent_item?ehid=0cfd9b29392872e,8d0189afb54807b6ac8f4fd1a9196024.jpeg,0.0
1031,小資首選✨住戶單純✨電梯套房✨秒殺可短租✨,,5499,12.0,0.0,6,1,台中市,台中市北區華中街,,電梯大廈,1房1衛,,,https://www.rakuya.com.tw/rent/rent_item?ehid=09147f293928914,3eb35b6d60a0971f1bd873e8c54a59a2.jpeg,1.964881114448857
1032,近新光遠百秒殺@電梯管理員@陽台獨洗@可租補汽車位,,14000,14.0,0.0,6,1,台中市,台中市西屯區青海路二段/喜來登,,電梯大廈,1房1衛 - 1陽台,,有對外窗;陽台,https://www.rakuya.com.tw/rent/rent_item?ehid=0e3812293923264,d779f8f32a10891032d441ea520a2ed1.jpeg,1.1235080549179324
1033,全新超大套房流理台陽台獨洗有電梯,,9999,12.0,0.0,2,0,台中市,台中市中區三民路二段,,電梯大廈,開放式格局,,有對外窗;陽台,https://www.rakuya.com.tw/rent/rent_item?ehid=0077fe29392875e,bce3143676f1de5aedbe85df97364234.jpeg,0.0
1034,近逢甲全新整理@台水台電@家具自選@陽台獨洗,,9000,10.0,0.0,3,1,台中市,台中市西屯區華夏巷西五弄,,公寓,1房1衛 - 1陽台,,有對外窗;陽台,https://www.rakuya.com.tw/rent/rent_item?ehid=08e37b293922615,a110bbfe1006c429a24c8e0e2ad9b85f.jpeg,1.8944812640165338
1035,可租補大坪數獨洗曬大面採光,,12999,15.0,0.0,2,0,台中市,台中市北區育德路,,電梯大廈,開放式格局,,有對外窗;陽台,https://www.rakuya.com.tw/rent/rent_item?ehid=05ebe329392241d,7f804843e755b8b3646f94c175669260.jpeg,0.8071339479805368
1036,✨秒殺物件✨獨洗獨曬流理台✨超神祕優惠✨騎樓機車位,,7799,14.0,0.0,3,1,台中市,台中市北區進化北路,,電梯大廈,1房1衛,,,https://www.rakuya.com.tw/rent/rent_item?ehid=091e8429392877b,af90049532e2adaf07fd1c23fef6c36f.jpeg,0.0
1037,✨秒殺物件✨陽台獨洗流理台✨超省雙租屋補助✨機車位,,10799,15.0,0.0,4,1,台中市,台中市北區健行路,,透天厝,1房1衛 - 1陽台,,,https://www.rakuya.com.tw/rent/rent_item?ehid=0ca519293928799,e189fa3a79e9a5954ffe16606831e086.jpeg,0.8246434527423052
1038,全新未住@德鑫G7@可寵物@高樓層@可租補,,20500,18.0,0.0,9,1,台中市,台中市北區北平四街/德鑫G7首綻/德鑫雙捷奏,,電梯大廈,1房1廳1衛 - 1陽台1廚房,,有對外窗;有中庭;陽台,https://www.rakuya.com.tw/rent/rent_item?ehid=0a7e22293923500,d00bf355ea75807940115deb0033f256.jpeg,0.8548710877533972
1039,✨秒殺物件✨陽台獨洗✨住戶單純✨寵物天堂✨可短租,,5999,12.0,0.0,3,1,台中市,台中市北區尚德街,,透天厝,1房1衛 - 1陽台,,,https://www.rakuya.com.tw/rent/rent_item?ehid=04813d29392889b,a79a8a5b0990e4f0ecbc9cec8b2b7f93.jpeg,4357.39289881647
1040,樓中樓專屬機車人臉辨識可租補,,14499,16.0,0.0,2,0,台中市,台中市西屯區工業區三十八路,,樓中樓,開放式格局,,有對外窗;陽台,https://www.rakuya.com.tw/rent/rent_item?ehid=0656a4293923251,2f35e7fc3f885be7a2a7a85496b0fc27.jpeg,0.3219037576465502
1041,近好市多⭐可貓⭐可租補⭐子母車⭐陽台獨洗⭐乾溼分離,,10999,14.0,0.0,3,1,台中市,台中市南屯區大墩東街,,透天厝,1房1衛 - 1陽台,,有對外窗;陽台,https://www.rakuya.com.tw/rent/rent_item?ehid=0daff1293929062,fb785b72790666fa069ca934301d8680.jpeg,1.0411339464025648
1042,北區近科博館@類一房一廳@獨洗陽台@可租補,,10800,12.0,0.0,4,1,台中市,台中市北區健行路,,透天厝,1房1衛 - 1陽台,,有對外窗;陽台,https://www.rakuya.com.tw/rent/rent_item?ehid=0137b7293922702,e9df60ffef7304417213547458c26298.jpeg,0.8246345330385274
1043,超大空間變頻冷氣獨洗曬第四台,,8999,11.0,0.0,2,0,台中市,台中市東區十甲東路,,透天厝,開放式格局,,有對外窗;陽台,https://www.rakuya.com.tw/rent/rent_item?ehid=095e0929392853f,2ae7cd217a230aef9330690e1194fa20.jpeg,0.0
1044,✨電梯美屋✨租屋補助✨陽台獨洗✨小資首選✨加賴約看,,7499,13.0,0.0,2,1,台中市,台中市北區進化北路,,透天厝,1房1衛 - 1陽台,,有對外窗;陽台,https://www.rakuya.com.tw/rent/rent_item?ehid=0f40e9293920419,62568c91ef77dcf53de6b7e3c92f59f1.jpeg,0.0
1045,⭐電梯⭐可寵⭐可雙租補⭐兩房⭐獨洗烘⭐電磁爐,,21999,40.0,0.0,4,2,台中市,台中市南屯區大英街,,華廈,2房1廳1衛,,有對外窗,https://www.rakuya.com.tw/rent/rent_item?ehid=00a055293929089,a23c932f07edd167427b14a5de532433.jpeg,1.2983521037570058
1046,⭐近中國醫⭐可租補⭐飲水機⭐獨立陽台⭐全新整理,,4199,6.0,0.0,3,1,台中市,台中市北區學士路,,公寓,1房1衛 - 1陽台,,有對外窗;陽台,https://www.rakuya.com.tw/rent/rent_item?ehid=04a48c293929178,d2485d97e996b6d0bb92faa8532b7947.jpeg,0.14935495975477162
1047,小資首選✨住戶單純✨絕美採光✨租屋補助✨寵物天堂,,6799,12.0,0.0,5,1,台中市,台中市南區合作街,,透天厝,1房1衛,,,https://www.rakuya.com.tw/rent/rent_item?ehid=07763929392881f,1766205e9a73bcf2bdf8823fb4361fa7.jpeg,1.3807570567872485
1048,洗脫烘戶數少類一房一廳變頻冷氣,,12499,15.0,0.0,4,0,台中市,台中市北區崇德路一段,,電梯大廈,開放式格局,,有對外窗,https://www.rakuya.com.tw/rent/rent_item?ehid=06a755293928562,521a372c338b4106bf9833cf3e56648d.jpeg,1.3241774117704932
1049,昌平夜市✨捷運站✨總站夜市✨陽台獨洗✨可租補,,6499,10.0,0.0,2,1,台中市,台中市北屯區昌平路二段,,透天厝,1房1衛 - 1陽台,,有對外窗;陽台,https://www.rakuya.com.tw/rent/rent_item?ehid=01433729392925c,dbe892bd17cddbb768969f3235edf6e2.jpeg,0.22512231543577577
1050,⭐可貓⭐可租補⭐陽台獨洗⭐乾溼分離⭐木質地板,,15999,19.0,0.0,3,1,台中市,台中市北屯區崇德六路一段,,公寓,1房1衛 - 1陽台,,有對外窗;陽台,https://www.rakuya.com.tw/rent/rent_item?ehid=09f8b929392899c,47f8469a74d941f0138b943c9ff40a88.jpeg,1.741475289914726
1051,全新裝潢✨陽台獨洗✨租屋補助✨貓奴首選✨秒殺可短租,,9999,14.0,0.0,4,1,台中市,台中市西屯區中清路二段,,透天厝,1房1衛 - 1陽台,,,https://www.rakuya.com.tw/rent/rent_item?ehid=088a0c293928769,2d11bb538a355a4a04057d546617a47f.jpeg,0.17199137259657782
1052,北區中國醫@全新完工@兩房一廳@可租補@獨洗陽台,,20000,20.0,0.0,4,2,台中市,台中市北區中清路一段,,透天厝,2房1廳1衛 - 1陽台,,有對外窗;陽台,https://www.rakuya.com.tw/rent/rent_item?ehid=00a6ab293922498,ec35f3385091873fcabac33060eb2e86.jpeg,0.8287136900314199
1053,⭐近中國醫大⭐電梯⭐可寵⭐可雙租補⭐流理台⭐子母車,,12499,15.0,0.0,5,1,台中市,台中市北區美德街,,透天厝,1房1衛,,有對外窗,https://www.rakuya.com.tw/rent/rent_item?ehid=0bc16929392914f,e7d6014a5270bb6d68528b6a152deade.jpeg,0.4349346436612666
1054,⭐近市政府⭐電梯⭐可寵⭐可雙租補⭐獨洗曬⭐流理台,,13499,16.0,0.0,3,1,台中市,台中市南屯區大昌街,,透天厝,1房1衛,,有對外窗,https://www.rakuya.com.tw/rent/rent_item?ehid=08244229392901a,cfb30b769f0aad878eb2fcb0034ffecd.jpeg,1.5535389167271287
1055,全新未住@類一房一廳@可寵物@可租補@室內機車位,,15000,15.0,0.0,3,1,台中市,台中市北屯區天津路四段,,透天厝,1房1廳1衛 - 1陽台,,有對外窗;陽台,https://www.rakuya.com.tw/rent/rent_item?ehid=0492b3293923385,8bcc647f6f9a5fb4d561121feee52927.jpeg,2.0795933787480747
1056,C0D55）捷運松江南京【超值大空間】採光★低樓層,,15000,10.0,20.0,2,1,台北市,台北市中山區新生北路三段,,公寓,1房1衛,,,https://www.rakuya.com.tw/rent/rent_item?ehid=01d0b6293443616,de7c3069bd96386e0d2868c16253d297.jpeg,0.8804117953823964
1057,可租補流理台獨洗曬️近文心公園,,11999,14.0,0.0,4,0,台中市,台中市南屯區惠心街,,電梯大廈,開放式格局,,有對外窗;陽台,https://www.rakuya.com.tw/rent/rent_item?ehid=07aa6829392864d,4a2a958a2d208424c1f00ff01366ea03.jpeg,1.1007424706665698
1058,⭐可貓⭐可雙租補⭐流理台⭐陽台獨洗⭐室內機車位,,14999,18.0,0.0,2,1,台中市,台中市北屯區天津路四段,,透天厝,1房1衛 - 1陽台,,有對外窗;陽台,https://www.rakuya.com.tw/rent/rent_item?ehid=07c81629392898b,c5141154d16413056be8a3128d160dbf.jpeg,2.079609060894215
1059,西屯近文華@獨洗陽台@可租補@電梯套房@機車位,,8200,10.0,0.0,5,1,台中市,台中市西屯區漢成六街,,透天厝,1房1衛 - 1陽台,,有對外窗;陽台,https://www.rakuya.com.tw/rent/rent_item?ehid=089eba293924907,aabbe33684c07380107dfdc4a5067568.jpeg,1.0026287329687433
1060,⭐近中國醫⭐可雙租補⭐兩房⭐傢俱齊全⭐衛浴開窗,,22999,40.0,0.0,2,2,台中市,台中市北區中清路一段,,透天厝,2房1廳1衛 - 1陽台,,有對外窗;陽台,https://www.rakuya.com.tw/rent/rent_item?ehid=04e0af293929122,ff7699a906f95d231fdaa3c8e3b982a6.jpeg,0.8161479228433219
1061,C0D55）捷運松江南京【超值大空間】低樓層★採光,,10000,7.0,20.0,2,1,台北市,台北市中山區新生北路三段,,公寓,1房1衛,,,https://www.rakuya.com.tw/rent/rent_item?ehid=019dcc293307381,111e5238113a560af6d074147811d593.jpeg,0.9225786983526195
1062,豐原車站✨廟東夜市✨葫蘆墩夜市✨監理站✨可租補,,22499,30.0,0.0,5,2,台中市,台中市豐原區豐東路,,電梯大廈,2房1廳1衛 - 1陽台,,有對外窗;陽台,https://www.rakuya.com.tw/rent/rent_item?ehid=037a42293929280,25abe7325b1a0c8d9c71b135a5828a4e.jpeg,0.5333077331007975
1063,逢甲大學✨文心櫻花✨水湳中國醫✨陽台獨洗✨台水台電,,4999,10.0,0.0,4,1,台中市,台中市西屯區櫻城三街,,電梯大廈,1房1衛 - 1陽台,,有對外窗;陽台,https://www.rakuya.com.tw/rent/rent_item?ehid=092103293929240,c68d4896d8513e2614c152122c6bff62.jpeg,1.7105541207615886
1064,【合康嘉年華】可租補。含車含管。大四房平車八樓,,36000,51.64,9.4,8,4,新北市,新北市淡水區新市一路一段/合康嘉年華/慕夏,,電梯大廈,4房2廳2衛 - 2陽台1廚房,,有對外窗;有中庭;陽台,https://www.rakuya.com.tw/rent/rent_item?ehid=0d9005293913005,8a73c33e28d8c3611ea4f6ade06f4336.jpeg,0.20617709740673656
1065,光華商圈近竹科台大醫院巨城百貨(含大樓管理費),,13500,16.0,0.0,8,1,新竹市,新竹市北區光華南街/格瑞絲,,電梯大廈,1房1廳1衛,,,https://www.rakuya.com.tw/rent/rent_item?ehid=003548293917677,d2113be2879510a12dcf9a2c9642654f.jpeg,0.848774275352762
1066,【元寶地】電梯三房兩位前後陽台大空間,,22500,32.79,30.8,5,3,新北市,新北市淡水區新春街/新春街85巷華廈,,華廈,3房2廳2衛 - 2陽台1廚房,,有對外窗;為邊間;陽台,https://www.rakuya.com.tw/rent/rent_item?ehid=07163429391722e,098f9b30a34a2f621d0765028a9dfc0a.jpeg,0.4952119273287128
1067,✨分租雅房 ✨ 洗衣免投幣✨ 85度C ✨,,3200,5.0,0.0,2,5,台中市,台中市太平區中山路一段,,透天厝,5房1廳2衛 - 1室,,有對外窗,https://www.rakuya.com.tw/rent/rent_item?ehid=00f38729392884d,,0.2384592534837242
1068,可租補⛽陽台獨洗代收包裹近逢甲大學,,7349,10.0,0.0,4,0,台中市,台中市西屯區西屯路二段上石北二巷,,電梯大廈,開放式格局,,有對外窗;陽台,https://www.rakuya.com.tw/rent/rent_item?ehid=07a168293928492,6b77fdce8fc75e540d6ad5fb8b2370be.jpeg,0.0
1069,【耘萃】可租補.含車含管.全配家具大三房平車,,28000,41.33,4.3,14,3,新北市,新北市淡水區濱海路二段/頤昌耘萃,,電梯大廈,3房2廳1衛 - 1陽台1廚房,,有對外窗;為邊間;有中庭;陽台,https://www.rakuya.com.tw/rent/rent_item?ehid=0f5c7e293914771,96c9d8e0c57450816ca7139e516fe9c8.jpeg,0.18159960866159053
1070,【宏盛水悅】兩房面中庭高樓層頂級公設,,23000,27.05,5.9,11,2,新北市,新北市淡水區新市三路一段/宏盛水悅,,電梯大廈,2房2廳2衛 - 1陽台1廚房,,有對外窗;有中庭;陽台,https://www.rakuya.com.tw/rent/rent_item?ehid=064b46293913121,5ebc74755c0c02efaf70a91e60c0d55a.jpeg,0.0986249482650492
1071,【麗陽花園】一樓三房捷運區便利性高,,26000,42.35,24.5,1,3,新北市,新北市淡水區鄧公路/麗陽花園,,電梯大廈,3房1廳3衛 - 1陽台1廚房,,有對外窗,https://www.rakuya.com.tw/rent/rent_item?ehid=085a48293919712,0370da2d1d7ea34b9e38037290c14e8b.jpeg,0.568783338361603
1072,全新整修，高科大楠梓校區都會公園，四面採光,,16000,30.0,0.0,5,3,高雄市,高雄市楠梓區加仁路,,公寓,3房2廳2衛 - 1陽台1廚房,,,https://www.rakuya.com.tw/rent/rent_item?ehid=05a9d4293917124,753c327083d35b1b6508797bf3ea1f35.jpeg,0.3823872363881404
1073,⭐近中國醫⭐電梯⭐可短租⭐共洗曬⭐子母車⭐全新整理,,5499,8.0,0.0,6,1,台中市,台中市北區華中街,,華廈,1房1衛,,有對外窗,https://www.rakuya.com.tw/rent/rent_item?ehid=0f26db293929168,a676854319ff7aea96c9d0fc80d297d0.jpeg,1.964881114448857
1074,【丰悅夏宮】精巧雅致一房一廳。氛圍非常棒,,20000,10.0,10.8,17,1,新北市,新北市淡水區新春街/丰悅夏宮,,電梯大廈,1房1廳1衛,,有對外窗;陽台,https://www.rakuya.com.tw/rent/rent_item?ehid=00d7c3293917644,5aea387c637ea102579849b7cae6eb90.jpeg,0.5016382203516134
1075,【清淞】精緻裝潢景觀兩房,,27000,35.47,16.3,9,2,新北市,新北市淡水區淡金路/清淞,,電梯大廈,2房2廳1衛 - 1陽台1廚房,,有對外窗;為邊間;有中庭;陽台,https://www.rakuya.com.tw/rent/rent_item?ehid=0bac9129391461f,4a2e56f966ae66069412b5bb651c078e.jpeg,0.1751925613869639
1076,J0J14）捷運西湖4分【超值租案】採光★獨立陽台,,14500,6.0,20.0,6,1,台北市,台北市內湖區內湖路一段,,公寓,1房1廳1衛,,,https://www.rakuya.com.tw/rent/rent_item?ehid=066e2f293307202,6b65035035c0792e2b384a5f52d6e18e.jpeg,1.019036464335628
1077,D3C68）近民生社區【秒殺3房2衛】可補助★入籍,,36000,33.0,20.0,2,3,台北市,台北市松山區新東街,,公寓,3房2廳2衛 - 2陽台,,,https://www.rakuya.com.tw/rent/rent_item?ehid=012fd729391735d,404da16b40387cf09178083d50608132.jpeg,0.6694285673122492
1078,P0B43）泉源公園【大空間】可補助★獨洗★有警衛,,17000,12.0,20.0,6,1,台北市,台北市北投區泉源路,,電梯大廈,1房1衛,,,https://www.rakuya.com.tw/rent/rent_item?ehid=097ef429391776c,6cd0fa24e5bb79c9fcedecd0658ccde2.jpeg,0.23199460840952257
1079,B7C42）捷運六張犁4分【電梯辦公】採光優★方正,,38000,33.0,20.0,2,0,台北市,台北市大安區和平東路三段,,電梯大廈,開放式格局,,,https://www.rakuya.com.tw/rent/rent_item?ehid=0b90c429391980f,c69a86c3f5aa1db7be1208bc5e0a738f.jpeg,1.42655976425313
1080,B9B23）捷運六張犁4分【黃金店面】餐飲★有人潮,,130000,33.0,20.0,1,0,台北市,台北市大安區和平東路三段,,電梯大廈,,,,https://www.rakuya.com.tw/rent/rent_item?ehid=045fe9293915587,49e69c7349d2efbb5c3462a9ec19ca06.jpeg,1.2634979152340453
1081,小型辦公室,,53000,13.5,43.0,10,1,高雄市,高雄市鹽埕區府北路/金鹽埕大廈,,電梯大廈,1房1廳1衛 - 1廚房,,有對外窗;為邊間,https://www.rakuya.com.tw/rent/rent_item?ehid=05eb74293878510,d908e7bfaf9e6c58e939a378d7ed3173.jpeg,0.7453536070320205
1082,✨全新完工✨可雙租補✨乾溼衛浴✨流理台✨,,12999,15.0,0.0,8,1,台中市,台中市北區山西路二段,,電梯大廈,1房1廳1衛 - 1陽台,,有對外窗;陽台,https://www.rakuya.com.tw/rent/rent_item?ehid=02c72d293894261,fddc0bc9463eaf8acc2fb3b067813d65.jpeg,1.1976826324872483
1083,雙租屋補助✅可寵✅小家庭✅子母車✅汽車位可租✅,,13000,21.0,0.0,4,1,台中市,台中市北區榮華街,,電梯大廈,1房1衛 - 1陽台,,,https://www.rakuya.com.tw/rent/rent_item?ehid=0d04f429391124b,c275050e0cad47bf950087d1e629fda3.jpeg,2.3172350834946323
1084,可貓可狗可租補⛽第四台,,8999,11.0,0.0,5,0,台中市,台中市西屯區文心路三段,,電梯大廈,開放式格局,,有對外窗,https://www.rakuya.com.tw/rent/rent_item?ehid=0568be293904713,bdee0ac7c9369061f9b947b92b0449a0.jpeg,1.0952300033557754
1085,樓中樓可貓包水費第四台陽台獨洗,,13999,16.0,0.0,2,0,台中市,台中市北區自強街,,電梯大廈,開放式格局,,有對外窗;樓中樓;陽台,https://www.rakuya.com.tw/rent/rent_item?ehid=0cfb6b293906187,29de367cf6bf34258eafd6f75370b48a.jpeg,0.6157830403433386
1086,⛅可貓⛅可租補⛅共洗窗曬⛅電梯上樓⛅衛浴開窗⛅,,5999,11.0,0.0,7,1,台中市,台中市北區進化北路,,電梯大廈,1房1衛,,有對外窗,https://www.rakuya.com.tw/rent/rent_item?ehid=0cfaab293889315,346fbc62e7c9a964c9c436dbf9833ce0.jpeg,0.0
1087,⛅忘記了擁抱⛅樓梯四樓⛅陽台獨洗⛅衛浴開窗⛅大坪數,,6499,11.0,0.0,4,1,台中市,台中市北區榮華街,,透天厝,1房1衛 - 1陽台,,有對外窗;陽台,https://www.rakuya.com.tw/rent/rent_item?ehid=07b6b3293888833,70e0eb8a0bc8ba95a56a35aa0ac45254.jpeg,2.5161345301961355
1088,西屯家樂福旁✨獨洗曬大陽台✨乾溼分離✨子母車✨,,10499,16.0,0.0,7,1,台中市,台中市西屯區福安七街,,電梯大廈,1房1衛 - 1陽台,,,https://www.rakuya.com.tw/rent/rent_item?ehid=0b6aa7293882505,d4a7396a810c736a18d1915a38141086.jpeg,0.6089095214748155
1089,東區平價小資套房 附機車位 可租補 陽台獨洗,,6800,8.0,0.0,1,1,台中市,台中市東區自強街,,透天厝,1房1廳1衛 - 1陽台,,陽台,https://www.rakuya.com.tw/rent/rent_item?ehid=0d6111293910979,9aa3784deec314b6334adf6846247633.jpeg,0.619559313127937
1090,雙租補❤️電梯大空間❤️洗脫烘洗衣機❤️子母車❤️,,11499,10.0,0.0,7,1,台中市,台中市北區學士路,,電梯大廈,1房1衛,,有對外窗,https://www.rakuya.com.tw/rent/rent_item?ehid=0fb7ac293911503,18c04dfe1a093d2a9601e46b7e50da5f.jpeg,0.13203777933057625
1091,租屋補助✅樓中樓✅乾溼分離✅陽台獨洗曬✅公設健身房,,15999,22.0,0.0,4,1,台中市,台中市東區長福東街,,電梯大廈,1房1廳1衛 - 1陽台,,,https://www.rakuya.com.tw/rent/rent_item?ehid=0f06aa293911287,7d27b10ec83e30c9d0fac06b8641fd6d.jpeg,0.28255413032688903
1092,全新未住✨租屋補助✨報稅✨流理台✨陽台獨洗曬✨,,9999,16.0,0.0,5,1,台中市,台中市北區原子街,,電梯大廈,1房1衛 - 1陽台,,,https://www.rakuya.com.tw/rent/rent_item?ehid=0a74f5293882574,c23ed1678fd11bb3a5fc9ac87b0f60f3.jpeg,0.8271492601176459
1093,漂亮整層兩房❤️可貓咪❤️有電梯❤️獨洗脫烘,,16799,19.5,0.0,10,2,台中市,台中市中區自由路二段,,公寓,2房1廳1衛,,有對外窗,https://www.rakuya.com.tw/rent/rent_item?ehid=0d8af429388533b,7ecc8646fcdc13e5a4af97da3f4017dc.jpeg,1.3975671321785217
1094,整棟新蓋 精緻裝潢 陽台獨洗 可租補 室內機車位,,11999,15.0,0.0,3,1,台中市,台中市北區自強街,,電梯大廈,1房1廳1衛 - 1陽台,,有對外窗;陽台,https://www.rakuya.com.tw/rent/rent_item?ehid=0c7a0329391090b,424e31d2ac0126e799c0ff789d3ecc7e.jpeg,0.6267711327226091
1095,⛅小資最愛⛅樓梯四樓⛅獨洗窗曬⛅限女生⛅強採光,,4599,10.0,0.0,4,1,台中市,台中市北區梅豐街,,透天厝,1房1衛,,有對外窗,https://www.rakuya.com.tw/rent/rent_item?ehid=0349cf293888691,88191569067f572ca469282c29e94774.jpeg,0.8244849404889197
1097,✨全新完工✨可雙租補✨流理台✨乾溼衛浴,,13999,15.0,0.0,8,1,台中市,台中市北區山西路一段,,電梯大廈,1房1廳1衛 - 1陽台,,有對外窗;陽台,https://www.rakuya.com.tw/rent/rent_item?ehid=0ee999293894332,7ac392288cc0aa1e5de9421820e694f5.jpeg,1.8903774390664294
1098,可租補✨科博館旁✨全新整理✨管理員✨獨洗曬電梯大套,,6999,12.0,0.0,7,1,台中市,台中市北區篤行路,,電梯大廈,1房1衛 - 1陽台,,,https://www.rakuya.com.tw/rent/rent_item?ehid=067355293911480,574e2519ecd2dc5f5f5bd68c415b04f1.jpeg,1.151746270990343
1099,工業風樓中樓兩房❤️陽台獨洗獨曬❤️可寵❤️子母車,,15499,16.0,0.0,1,2,台中市,台中市西屯區漢成街,,樓中樓,2房1廳1衛 - 1陽台,,有對外窗;陽台,https://www.rakuya.com.tw/rent/rent_item?ehid=08049c29390792b,b8dab66a03d23b82befc35cfd40e7c2f.jpeg,0.9215893608361152
1100,整棟全新⛅可租補⛅大坪數強採光⛅衛浴開窗⛅陽台獨洗,,11499,15.5,0.0,5,1,台中市,台中市北區雙十路二段,,電梯大廈,1房1衛 - 1陽台,,有對外窗;陽台,https://www.rakuya.com.tw/rent/rent_item?ehid=089f7f293889232,4e480746d1c5bba23cb22d3930af99ff.jpeg,0.8870982655765383
1101,租屋補助✨可貓✨聯網電視✨變頻空調✨陽台獨洗,,11999,20.0,0.0,5,1,台中市,台中市北屯區軍榮一街,,電梯大廈,1房1衛 - 1陽台,,,https://www.rakuya.com.tw/rent/rent_item?ehid=0cd7de293911226,88a70a67e51eeb67a18767c252bc8526.jpeg,0.5508578588835353
1102,整棟全新⛅可租補⛅衛浴開窗⛅陽台獨洗⛅近台體中科大,,9999,13.5,0.0,5,1,台中市,台中市北區雙十路二段,,電梯大廈,1房1衛 - 1陽台,,有對外窗;陽台,https://www.rakuya.com.tw/rent/rent_item?ehid=0f6515293889203,8138ed86f52569fa822506d14c4ac166.jpeg,0.9017119939022895
1103,小資雙租補套房❤️可寵❤️飲水機❤️子母車❤️,,7499,8.0,0.0,2,1,台中市,台中市北區五常街,,透天厝,1房1衛,,有對外窗;陽台,https://www.rakuya.com.tw/rent/rent_item?ehid=0af8ca293911420,74bd3fcbfb23cf6b28916dc02b1f4253.jpeg,0.0
1104,全東區最秒殺物件！稀有可寵✨子母車✨,,21000,22.0,0.0,2,2,台中市,台中市東區振興路,,透天厝,2房1廳1衛 - 1陽台,,陽台,https://www.rakuya.com.tw/rent/rent_item?ehid=0949fe293887431,ad9f265a86a9cda936ec29f64ddc4dde.jpeg,1.5526172107413558
1105,近太原車站極新裝潢 乾濕分離陽台獨洗,,11499,14.5,0.0,1,1,台中市,台中市北屯區南京東路三段,,電梯大廈,1房1廳1衛 - 1陽台,,有對外窗;陽台,https://www.rakuya.com.tw/rent/rent_item?ehid=0cccf7293905416,3bee0c5ac63cc5c69fc24dd7415cb71d.jpeg,0.8959007841985767
1106,可租補✨精美樓中樓✨近逢甲商圈✨子母車✨大空間,,9000,12.0,5.0,1,1,台中市,台中市西屯區至善路,,透天厝,1房1廳1衛,,有對外窗;樓中樓,https://www.rakuya.com.tw/rent/rent_item?ehid=071369293891340,2ac49e45f9f5d60d4470b5f09afed7ba.jpeg,1.1978919788414852
1107,小資首選❤️租補電梯套房❤️台水台電❤️子母車❤️,,7499,8.0,0.0,9,1,台中市,台中市西屯區河南路二段,,電梯大廈,1房1衛,,有對外窗;陽台,https://www.rakuya.com.tw/rent/rent_item?ehid=025c96293911042,e4022d54e909b44443035b675c8282c7.jpeg,1.3139486822654924
1108,東海商圈✨租屋補助✨陽台獨洗曬✨乾溼分離✨子母車,,13999,21.0,0.0,7,1,台中市,台中市西屯區福中三街,,電梯大廈,1房1廳1衛 - 1陽台,,,https://www.rakuya.com.tw/rent/rent_item?ehid=0587ca29391112a,fc721b207dddeeea16dc3a7b8a092b54.jpeg,0.71618244909497
1109,超俗✨租屋補助✨可寵✨台水電計✨陽台獨洗曬✨子母車,,5999,12.0,0.0,1,1,台中市,台中市龍井區遠東街,,透天厝,1房 - 1陽台,,,https://www.rakuya.com.tw/rent/rent_item?ehid=0354b2293884929,f54930709342cb8c9a7b02eee18ecd16.jpeg,0.20832605609279722
1110,可租補大坪數獨洗曬️流理台,,14999,16.0,0.0,1,0,台中市,台中市北區中清路一段,,透天厝,開放式格局,,有對外窗;陽台,https://www.rakuya.com.tw/rent/rent_item?ehid=05d1c6293905472,9665f737fa4055256d10539a1b55d10e.jpeg,0.8557515387438787
1111,台水電 木質地板 獨洗 可雙租補,,9999,13.0,0.0,9,1,台中市,台中市南區復興路三段,,電梯大廈,1房1廳1衛,,有對外窗,https://www.rakuya.com.tw/rent/rent_item?ehid=039f79293909585,805a13b6c1ea9bb5ffb5977b16a238a5.jpeg,0.5557409091415434
1112,雙租補電梯大空間❤️陽台獨洗獨曬❤️台水電❤️可貓,,9499,10.0,0.0,12,1,台中市,台中市西屯區至善路,,電梯大廈,1房1衛 - 1陽台,,有對外窗;陽台,https://www.rakuya.com.tw/rent/rent_item?ehid=0e4bd5293905627,3d97d074294d55cf861520e17c3e1878.jpeg,1.1902465582315254
1113,幸福就是你❤️可雙租補❤️全新完工❤️陽台獨洗,,13999,17.0,0.0,1,1,台中市,台中市北區中清路一段,,透天厝,1房1廳1衛 - 1陽台,,有對外窗;陽台,https://www.rakuya.com.tw/rent/rent_item?ehid=0612bb29389114c,59a9caa11ae28c284d032d72ecb532d6.jpeg,0.8624787304187757
1114,可小議✅中國醫走路就到✅專屬機車位✅下樓即公園✅,,5499,10.0,0.0,7,1,台中市,台中市北區學士路,,電梯大廈,1房1衛,,,https://www.rakuya.com.tw/rent/rent_item?ehid=0b301b293882523,cf5567dc80a011e83a8a9b6ae642a6a9.jpeg,0.14431934192088994
1115,幸福就是你❤️可租補❤️有電梯❤️共洗共曬,,7499,10.5,0.0,9,0,台中市,台中市西屯區河南路二段,,華廈,開放式格局,,有對外窗,https://www.rakuya.com.tw/rent/rent_item?ehid=0fe8bd293897394,c5d81a436bc06dab33bbf428d27b16be.jpeg,1.3139486822654924
1116,可租補⛽陽台獨洗衛浴開窗可租車位,,8799,10.0,0.0,6,0,台中市,台中市龍井區遊園北路,,電梯大廈,開放式格局,,有對外窗;陽台,https://www.rakuya.com.tw/rent/rent_item?ehid=05304f293904802,87bde890a5cb790fe5e616b6e5d8ba6f.jpeg,0.19379402229764128
1117,租補類一房一廳❤️陽台獨洗獨曬❤️可貓咪❤️飲水機,,10999,10.0,0.0,1,1,台中市,台中市西屯區西屯路三段,,透天厝,1房1衛 - 1陽台,,有對外窗;陽台,https://www.rakuya.com.tw/rent/rent_item?ehid=085f41293910926,605845149cb50d17021a9924c475bfda.jpeg,0.5456367707775481
1118,豐邑菁科城✨含平車機車✨可貓✨,,29000,30.0,0.0,14,3,台中市,台中市南屯區春安路/豐邑菁科城,,電梯大廈,3房2廳2衛 - 1陽台1廚房,,陽台,https://www.rakuya.com.tw/rent/rent_item?ehid=099e7d29388735f,13787dbbf089d1219471f4bcbffc75e1.jpeg,0.13414692939804224
1119,可租汽車位⛅超大坪數⛅樓梯三樓⛅洗衣自理⛅益民商圈,,6999,12.0,0.0,3,1,台中市,台中市北區一中街,,透天厝,1房1衛,,有對外窗,https://www.rakuya.com.tw/rent/rent_item?ehid=04d57e29388877b,2313d374da999e183c9eecf592d2ac5d.jpeg,0.0
1120,小資首選❤️租補套房❤️飲水機❤️近一中中科中國醫,,4999,6.0,0.0,3,1,台中市,台中市北區學士路,,公寓,1房1衛,,有對外窗;陽台,https://www.rakuya.com.tw/rent/rent_item?ehid=0b2c8129391088f,6399296ffe630c9d09fc7502102bc7d1.jpeg,0.14606249608021155
1121,雙租補電梯❤️陽台獨洗獨曬❤️代收包裹❤️子母車,,9499,9.0,0.0,3,1,台中市,台中市西屯區逢甲路,,電梯大廈,1房1衛 - 1陽台,,有對外窗;陽台,https://www.rakuya.com.tw/rent/rent_item?ehid=0006ec29391132e,f346df1a1dbb1113ee85fd93119f4c3c.jpeg,1.5993312996741251
1122,小資首選❤️租補電梯❤️陽台獨洗獨曬❤️台水電,,8499,9.0,0.0,4,1,台中市,台中市北區山西路二段,,電梯大廈,1房1衛 - 1陽台,,有對外窗;陽台,https://www.rakuya.com.tw/rent/rent_item?ehid=080d09293911376,0bc2919bc858f92b5064700dcdccbd4a.jpeg,1.2588111496116217
1123,幸福就是你❤️可租補❤️有電梯❤️共喜共曬,,7999,11.0,0.0,8,0,台中市,台中市西屯區河南路二段,,華廈,開放式格局,,有對外窗,https://www.rakuya.com.tw/rent/rent_item?ehid=0316a3293896069,004b40688122c430167d0663255a8bf3.jpeg,1.3037405148587387
1124,幸福就是你❤️全新完工❤️一房一廳❤️陽台獨洗,,11999,15.0,0.0,4,0,台中市,台中市北區育強街,,公寓,開放式格局,,有對外窗;陽台,https://www.rakuya.com.tw/rent/rent_item?ehid=0125c2293897521,4353edd8add174d15be240e2c496c864.jpeg,1.0131502316214847
1125,幸福就是你❤️可租補❤️有電梯❤️共喜共曬,,6499,9.0,0.0,6,0,台中市,台中市西屯區河南路二段,,華廈,開放式格局,,有對外窗,https://www.rakuya.com.tw/rent/rent_item?ehid=04bf69293895084,6a655d0af2e1a941589b967e7acb88e1.jpeg,1.337121845634817
1126,逢甲科大首選❗❗台水台電❗❗租補可談✨超大空間✨,,9999,15.0,0.0,2,1,台中市,台中市西屯區文華路,,電梯大廈,1房1衛,,,https://www.rakuya.com.tw/rent/rent_item?ehid=026d5329391134e,c49a27413f1c7191821753f87e0997b5.jpeg,1.8948876079137418
1127,超級俗✅租屋補助✅可寵物✅流理台✅獨洗✅汽車位可租,,6799,11.0,0.0,5,1,台中市,台中市南區學府路,,電梯大廈,1房1衛,,,https://www.rakuya.com.tw/rent/rent_item?ehid=0baf1e293882532,755b0bf76a577f330d125f832b8cf8fa.jpeg,0.0
1128,可租補陽台獨洗衛浴開窗⭐全新完工,,14499,16.0,0.0,6,0,台中市,台中市西區三民路一段,,電梯大廈,開放式格局,,有對外窗;陽台,https://www.rakuya.com.tw/rent/rent_item?ehid=05ced329390563f,a85486c8dc3670f97b784b331296b706.jpeg,0.0
1129,可租補報稅⛽整棟新蓋衛浴開窗台電包水,,15999,18.0,0.0,2,0,台中市,台中市西屯區順平路,,電梯大廈,開放式格局,,有對外窗;陽台,https://www.rakuya.com.tw/rent/rent_item?ehid=001f54293905396,0ba7f17c2747fd78ed9c9d3ed892fdbc.jpeg,0.6640022062681892
1130,幸福就是你❤️可雙租補❤️全新完工❤️陽台獨洗,,14999,18.0,0.0,1,0,台中市,台中市北區中清路一段,,透天厝,開放式格局,,有對外窗;陽台,https://www.rakuya.com.tw/rent/rent_item?ehid=0440ba29389109b,a8256d875642e0c2cb8f4ff36de8271a.jpeg,0.8557515387438787
1131,租補大空間一房一廳❤️可寵❤️包水台電❤️子母車,,11999,13.0,0.0,3,1,台中市,台中市龍井區新興路,,透天厝,1房1衛,,有對外窗,https://www.rakuya.com.tw/rent/rent_item?ehid=0a7e2f293911461,f12f713c03dac3966601ef5ac5860879.jpeg,0.340636485175331
1132,⛅太想愛你的衝動⛅可雙租補⛅陽台獨洗⛅衛浴開窗,,10299,15.0,0.0,2,1,台中市,台中市霧峰區民生路,,電梯大廈,1房1衛 - 1陽台,,有對外窗;陽台,https://www.rakuya.com.tw/rent/rent_item?ehid=03c0ed293888526,545bad945ef630c81ae80b4636055450.jpeg,0.25461536058600426
1133,可租補⛽可貓狗代收包裹飲水機,,12499,14.0,0.0,10,0,台中市,台中市南區公理街,,電梯大廈,開放式格局,,有對外窗,https://www.rakuya.com.tw/rent/rent_item?ehid=0616bc293909143,ca6582ab11a5f06c953a79394ba34a07.jpeg,0.06490116063542285
1134,幸福就是你❤️可租補報稅❤️有電梯❤️陽台獨洗,,15999,18.5,0.0,2,0,台中市,台中市西屯區順平路,,透天厝,開放式格局,,有對外窗;陽台,https://www.rakuya.com.tw/rent/rent_item?ehid=0f98eb293890887,374df293a80414038e5ff7a43e670a8f.jpeg,0.6640022062681892
1135,雙租屋補助✨可貓✨台水電計費✨流理臺陽台獨洗曬✨,,9499,15.0,0.0,12,1,台中市,台中市西屯區至善路,,電梯大廈,1房1衛 - 1陽台,,,https://www.rakuya.com.tw/rent/rent_item?ehid=07a16e293911202,b1b715a849a5fac99d73e93ac2b8471e.jpeg,1.1902465582315254
1136,嶺東科大學生首選✨陽台獨洗曬✨衛浴開窗✨子母車✨,,8999,16.0,0.0,6,1,台中市,台中市南屯區文山二街,,電梯大廈,1房1衛 - 1陽台,,,https://www.rakuya.com.tw/rent/rent_item?ehid=03db4d29391101f,318cba78fb4eb92fb3598818d959d0dc.jpeg,0.22649517532633223
1137,獨立筒床墊捷運站旁獨洗曬乾濕分離,,13999,16.0,0.0,3,0,台中市,台中市南屯區向心路,,透天厝,開放式格局,,有對外窗;陽台,https://www.rakuya.com.tw/rent/rent_item?ehid=05723a29390516e,672f7e4038c9faadfd921e2f95f561a6.jpeg,1.123517193173017
1138,向上市場旁✅一房一廳✅陽台獨洗曬✅子母車✅,,10499,16.0,0.0,3,1,台中市,台中市西區向上北路,,透天厝,1房1廳1衛 - 1陽台,,,https://www.rakuya.com.tw/rent/rent_item?ehid=0f4a7b293884506,e66485621b460deb75ed3cc06ee30020.jpeg,1.6201342624954913
1139,電梯大空間三房❤️台水台電❤️陽台獨洗獨曬❤️,,21999,22.0,0.0,7,3,台中市,台中市南區復興路二段,,電梯大廈,3房1廳2衛 - 1陽台1廚房,,有對外窗;陽台,https://www.rakuya.com.tw/rent/rent_item?ehid=0da876293911496,938f63cab7760f709d3a34194c9a206c.jpeg,0.5046116369643826
1140,租屋補助✨系統櫃✨乾溼分離✨陽台獨洗曬✨大落地窗,,11499,16.0,0.0,3,1,台中市,台中市烏日區信義街,,電梯大廈,1房1衛 - 1陽台,,,https://www.rakuya.com.tw/rent/rent_item?ehid=067642293911135,ffe11868c83510957a45c1ace1f64f93.jpeg,0.19072123681083236
1141,高採光一房一廳❤️陽台獨洗獨曬❤️可貓咪❤️飲水機,,16499,15.0,0.0,3,1,台中市,台中市西屯區西屯路三段,,電梯大廈,1房1廳1衛 - 1陽台,,有對外窗;陽台,https://www.rakuya.com.tw/rent/rent_item?ehid=04f2f1293910943,2cd1f8b4756edf3f526141e977c6f844.jpeg,0.5209226306236612
1142,幸福就是你❤️超大坪數❤️乾溼分離❤️陽台獨洗,,13999,17.0,0.0,3,0,台中市,台中市南屯區向心路,,透天厝,開放式格局,,有對外窗;陽台,https://www.rakuya.com.tw/rent/rent_item?ehid=0162ec293897770,d0f77827cb19694d2350a1fcf0f94774.jpeg,1.123517193173017
1143,雙租補小資套房❤️可寵❤️飲水機❤️子母車,,7499,8.0,0.0,4,1,台中市,台中市北屯區軍和街,,透天厝,1房1衛,,有對外窗;陽台,https://www.rakuya.com.tw/rent/rent_item?ehid=06c514293911390,aeb462f12d197e38d8d40219f80ba420.jpeg,0.6214761190981656
1144,租補小資套房❤️可貓咪❤️陽台獨洗獨曬❤️飲水機,,7999,9.0,0.0,4,1,台中市,台中市南區國光路,,公寓,1房1衛 - 1陽台,,有對外窗;陽台,https://www.rakuya.com.tw/rent/rent_item?ehid=0a92b6293911535,62752ffd6fc77c297e4c9b8e385cfbce.jpeg,0.7197627744521619
1145,✨電梯新屋✨雙租屋補助✨陽台獨洗✨加賴約看✨超新✨,,12699,15.0,0.0,3,1,台中市,台中市南屯區五權西路二段,,電梯大廈,1房1衛 - 1陽台,,有對外窗;陽台,https://www.rakuya.com.tw/rent/rent_item?ehid=0cb5df29388963d,d1178270da707c2d2e25ae00264139f2.jpeg,0.0
1146,✨逢甲秒殺✨台水電✨可租補✨共洗曬✨,,7999,10.0,0.0,8,1,台中市,台中市西屯區河南路二段,,電梯大廈,1房1衛,,有對外窗,https://www.rakuya.com.tw/rent/rent_item?ehid=0ac442293894395,58f26ad9a6718c0549797ff6dd17f01b.jpeg,1.3037405148587387
1147,勇建薪傳✨黃金地段近新光遠百✨現況出租✨乖狗可談,,32000,33.0,0.0,12,3,台中市,台中市西屯區惠來路三段/勇建薪傳,,電梯大廈,3房2廳2衛 - 1陽台1廚房,,有對外窗;陽台,https://www.rakuya.com.tw/rent/rent_item?ehid=0fc256293885884,cae1b1e06e634617f343576b2915a138.jpeg,1.4035397717891738
1148,兩房含平車稀有釋出✨前後陽台✨子母車✨管理員代收✨,,22499,40.0,0.0,4,2,台中市,台中市北屯區遼寧路一段,,電梯大廈,2房2廳1衛 - 2陽台,,,https://www.rakuya.com.tw/rent/rent_item?ehid=0f01aa293911305,e8ac5756b0cfe235b19f251d2bcad160.jpeg,1.4303168284012884
1149,總太心之所向✨可寵✨台水電✨含平車可雙租補,,24000,25.0,0.0,10,2,台中市,台中市北屯區環太東路/總太心之所向,,電梯大廈,2房2廳1衛 - 1陽台,,陽台,https://www.rakuya.com.tw/rent/rent_item?ehid=05946229388597b,8e13add73c3ef208555af08b93870d5c.jpeg,0.3494521237547451
1150,近沙鹿車站0年新屋 家具全配雙租補 寵可談,,18999,22.0,0.0,3,2,台中市,台中市梧棲區青年路,,電梯大廈,2房2廳1衛 - 1陽台,,有對外窗;陽台,https://www.rakuya.com.tw/rent/rent_item?ehid=00216329390703d,f2914883d60251505d078b2c58661034.jpeg,0.18017432711329567
1151,雙租補❤️超大空間兩房❤️陽台獨洗獨曬❤️子母車,,21499,22.0,0.0,4,2,台中市,台中市北區中清路一段,,透天厝,2房1廳1衛 - 1陽台,,有對外窗;陽台,https://www.rakuya.com.tw/rent/rent_item?ehid=0dadf6293905722,741ced7ebd09310510f8514641a79590.jpeg,0.8221693529319594
1152,幸福就是你❤️可租補❤️有電梯❤️陽台獨洗,,13499,16.5,0.0,6,0,台中市,台中市南區和昌街,,透天厝,開放式格局,,有對外窗;陽台,https://www.rakuya.com.tw/rent/rent_item?ehid=0aa2aa293894920,38f6e23bc74c69941a2185a17af60e34.jpeg,0.5847374538237462
1154,幸福就是你❤️可租補可寵❤️有電梯❤️獨洗脫烘,,12499,15.5,0.0,10,0,台中市,台中市南區公理街,,華廈,開放式格局,,有對外窗,https://www.rakuya.com.tw/rent/rent_item?ehid=0107f0293892353,1f8d4695053d761541b82fc3bf49ba22.jpeg,0.06490116063542285
1155,幸福就是你❤️可租補❤️有電梯❤️陽台獨洗,,14499,17.5,0.0,6,0,台中市,台中市西區三民路一段,,華廈,開放式格局,,有對外窗;陽台,https://www.rakuya.com.tw/rent/rent_item?ehid=037bcd293897620,5f8fd6fc42d4add760cba342c5f1d0a2.jpeg,0.0
1156,可租補大坪數獨洗️近五權車站,,13499,15.5,0.0,6,0,台中市,台中市南區和昌街,,電梯大廈,開放式格局,,有對外窗;陽台,https://www.rakuya.com.tw/rent/rent_item?ehid=0eae5e29390787e,0c14844f1f82dc5da3929981cdc62922.jpeg,0.5847374538237462
1157,全新完工✨台積電工程師首選✨子母車✨陽台獨洗曬✨,,9499,15.0,0.0,4,1,台中市,台中市大雅區中科路,,電梯大廈,1房1衛 - 1陽台,,,https://www.rakuya.com.tw/rent/rent_item?ehid=08066529388474e,982e41cfd8c4b1d5c4ef29307878d4a9.jpeg,0.0890184400694166
1158,夢幻兩房❤️可租補❤️有電梯❤️可寵物陽台獨洗,,27999,30.0,0.0,5,2,台中市,台中市烏日區高鐵路二段,,電梯大廈,2房2廳2衛 - 1陽台,,有對外窗;陽台,https://www.rakuya.com.tw/rent/rent_item?ehid=0aa26529388528b,d20b7fc6308fa54da7c657ede8929ef8.jpeg,0.16211148807912504
1159,幸福就是你❤️可租補❤️有電梯❤️陽台獨洗,,11499,14.5,0.0,2,0,台中市,台中市南區和昌街,,透天厝,開放式格局,,有對外窗;陽台,https://www.rakuya.com.tw/rent/rent_item?ehid=0bff2529389494e,75ca3d622a90d6786843ce014e226864.jpeg,0.5956370934245996
1160,全新完工✨雙租屋補助✨子母車✨陽台獨洗曬✨,,22999,33.0,0.0,2,2,台中市,台中市北區中清路一段,,透天厝,2房1廳1衛 - 1陽台,,,https://www.rakuya.com.tw/rent/rent_item?ehid=05d5f2293911178,43a15775a3e02cd0ab60ae0e29822d9e.jpeg,0.8161479228433219
1161,幸福就是你❤️可雙租補❤️全新兩房❤️陽台獨洗,,21999,25.0,0.0,2,2,台中市,台中市北區中清路一段,,透天厝,2房1廳1衛 - 1陽台,,有對外窗;陽台,https://www.rakuya.com.tw/rent/rent_item?ehid=026ce5293891461,1ae6f1857bdfdb25f6cadfa8d5ac464d.jpeg,0.8201075613367083
1162,小資首選⛅可租補⛅樓梯四樓⛅共洗共曬⛅可短租,,4199,10.0,0.0,4,1,台中市,台中市大里區東榮路,,透天厝,1房1衛,,,https://www.rakuya.com.tw/rent/rent_item?ehid=0c2721293884972,d3e73287e7a7179253ff60e6822b12eb.jpeg,1.4426582779275718
1163,光興路一樓店舖,,16000,15.0,0.0,1,0,台中市,台中市太平區光興路,,透天厝,,,,https://www.rakuya.com.tw/rent/rent_item?ehid=0d12d9293888269,be25576981599241a69e0832f780d044.jpeg,0.07628907918088515
1164,雙租屋補助嶺東科大首選全新電梯獨洗曬,,12499,18.0,0.0,6,1,台中市,台中市南屯區文山一街,,電梯大廈,1房1衛 - 1陽台,,,https://www.rakuya.com.tw/rent/rent_item?ehid=0b6e8c29391133b,7c3a7b2cc7c29b17d777659e0a180aab.jpeg,0.2218263550076393
1165,電梯大空間兩房一廳❤️雙陽台獨洗獨曬❤️平面車位,,28999,30.0,0.0,4,2,台中市,台中市北屯區四平路,,電梯大廈,2房1廳1衛 - 2陽台1廚房,,有對外窗;陽台,https://www.rakuya.com.tw/rent/rent_item?ehid=0f973529391136a,d6c3b3363dba5f347b62f452516b23fd.jpeg,0.0
1166,幸福就是你❤️可租補❤️有電梯❤️陽台獨洗,,13499,16.5,0.0,1,0,台中市,台中市南區和昌街,,透天厝,開放式格局,,有對外窗;陽台,https://www.rakuya.com.tw/rent/rent_item?ehid=097bf9293894968,e6625cc427ef392bafd677d651336643.jpeg,0.5847374538237462
1167,L3J92）近比漾廣場【景觀3房2衛】警衛★可寵物,,38000,28.0,20.0,12,3,新北市,新北市中和區中山路二段,,電梯大廈,3房2廳2衛 - 1廚房,,,https://www.rakuya.com.tw/rent/rent_item?ehid=0e02ec29361485a,d8b500c97c90fa160b2c2fb89ba1eb96.jpeg,1.2498482119764345
1168,幸福就是你❤️可雙租補❤️全新兩房❤️陽台獨洗,,21499,25.0,0.0,4,2,台中市,台中市北區中清路一段,,透天厝,2房1廳1衛 - 1陽台,,有對外窗;陽台,https://www.rakuya.com.tw/rent/rent_item?ehid=078726293891487,b5bd686e83b99addeaad03393b557e3a.jpeg,0.8221693529319594
1169,夢幻誠✨含平面車位/機車位✨✨,,30000,30.0,0.0,5,2,台中市,台中市烏日區高鐵路二段/夢幻誠,,電梯大廈,2房2廳2衛 - 1陽台1廚房,,有對外窗;有中庭;陽台,https://www.rakuya.com.tw/rent/rent_item?ehid=0c5721293885657,7948e3f67c788172a904ec6cc59cd1e1.jpeg,0.16092527048991911
1170,梧棲 寵物可談 可租補 電梯2房住家,,20000,15.0,0.0,3,2,台中市,台中市梧棲區青年路,,電梯大廈,2房1廳1衛 - 1陽台,,有對外窗;陽台,https://www.rakuya.com.tw/rent/rent_item?ehid=01735429390470c,bc3d14f2a65257318873774ad1076886.jpeg,0.17915650726843335
1171,營登我談✨臨路18米✨角間店面✨車水馬龍✨八方來財,,26999,40.0,0.0,1,0,台中市,台中市西區忠明南路,,透天厝,,,,https://www.rakuya.com.tw/rent/rent_item?ehid=0b44b629388245e,ab35484313af79b88b62621d91e3a2e1.jpeg,0.6563077312259018
1172,大慶夜市旁❄️小家庭&學生合租首選❄️台水電計,,21999,38.0,0.0,7,3,台中市,台中市南區復興路二段,,電梯大廈,3房2廳2衛 - 1陽台,,,https://www.rakuya.com.tw/rent/rent_item?ehid=0518c2293884606,0d10a9331595887e71785104f56569fe.jpeg,0.5046116369643826
1173,租補超大空間一房一廳❤️可寵❤️台電❤️可工作室,,19585,19.0,0.0,2,1,台中市,台中市北屯區太原路三段,,電梯大廈,1房1廳1衛,,有對外窗;陽台,https://www.rakuya.com.tw/rent/rent_item?ehid=00726d29391115a,556022b2003eb49c659f1342d681fe08.jpeg,0.24679483808540326
1174,鄰火車站電梯獨立套房，可開伙,,8500,6.5,30.3,9,1,屏東縣,屏東縣屏東市自由路/彩虹新天地,,電梯大廈,1房1廳1衛,,有對外窗,https://www.rakuya.com.tw/rent/rent_item?ehid=01dfa429389753d,92eaf8e5241f87448b5394f2b70fcef4.jpeg,0.4500034465226592
1175,【海洋都心3】可租補超寬廣客餐廳四房平車高級家電,,33000,69.48,5.0,24,4,新北市,新北市淡水區新市五路三段/達欣海都/海洋都心3中央花園,,電梯大廈,4房2廳2衛 - 1陽台1廚房,,有對外窗;為邊間;有中庭;陽台,https://www.rakuya.com.tw/rent/rent_item?ehid=0790a3293897823,942d85f3a88bb030a8a77f89da3591dc.jpeg,0.11752634415016729
1176,一樓40坪開放空間水碓商圈黃金店面整棟出租,,97000,40.0,49.0,3,0,新北市,新北市淡水區中山北路一段,,透天厝,,,有對外窗,https://www.rakuya.com.tw/rent/rent_item?ehid=0b035929390153d,cc1e00728986f23cec49a0226666caf3.jpeg,0.5046500751598355
1177,台糖家樂福旁輕屋齡四樓金店住,,30000,70.0,20.5,4,4,屏東縣,屏東縣屏東市廣東南路,,透天厝,4房2廳4衛 - 2陽台,,陽台,https://www.rakuya.com.tw/rent/rent_item?ehid=09d77429389489a,b38b807247452a6204d7feaa8d4c7cd8.jpeg,0.4493596350838725
1178,石牌雅房分租,,4800,34.0,0.0,4,0,台北市,台北市北投區承德路七段,,公寓,開放式格局,,,https://www.rakuya.com.tw/rent/rent_item?ehid=05aace293906174,aed63c278908e6ce22b838ba50ef1fde.jpeg,0.38825011551521926
1179,幸福是你❤️可租補可貓❤️小資首選❤️獨洗窗曬,,6999,10.0,0.0,2,0,台中市,台中市北區錦新街,,透天厝,開放式格局,,有對外窗,https://www.rakuya.com.tw/rent/rent_item?ehid=01338a293877419,05ec49e4a037568ca81a7942fb43d507.jpeg,1.0811888417765203
1180,北區秒殺物件✨可租補✨陽台獨洗✨台水電✨優質可小議,,8499,14.0,0.0,4,1,台中市,台中市北區山西路二段,,華廈,1房1衛 - 1陽台,,有對外窗;陽台,https://www.rakuya.com.tw/rent/rent_item?ehid=07bdcf29383119a,8f35dc52b37ca7ce47a7a7d70fe660fd.jpeg,1.2588111496116217
1181,大空間⭐可租補⭐飲水機⭐獨曬共洗⭐小資首選⭐近中科,,6499,10.0,0.0,4,1,台中市,台中市東區練武路,,透天厝,1房1衛 - 1陽台,,有對外窗,https://www.rakuya.com.tw/rent/rent_item?ehid=0aca5029386762f,20126b3de25ceaafe7de05d0fd5aa812.jpeg,1.5433967114062022
1182,前三個月⛅租金半價⛅可雙租補⛅可貓⛅獨洗⛅子母車⛅,,6999,8.0,0.0,5,1,台中市,台中市龍井區台灣大道五段,,透天厝,1房1衛,,有對外窗,https://www.rakuya.com.tw/rent/rent_item?ehid=0e171f29384981f,c6acc606329361bcb720fdf470f7b05b.jpeg,0.409855654992059
1183,幸福就是你❤️可租補❤️可貓咪❤️陽台獨洗,,12999,16.0,0.0,3,0,台中市,台中市北區錦新街,,透天厝,開放式格局,,有對外窗;陽台,https://www.rakuya.com.tw/rent/rent_item?ehid=07404f29387739a,5489a33cfd2fb788fd211d65636a9cd0.jpeg,1.0048190845826994
1184,北區高質感✨有電梯✨陽台獨洗✨貓奴限定✨絕美風景,,10499,14.0,0.0,4,1,台中市,台中市北區武昌路,,電梯大廈,1房1衛,,有對外窗,https://www.rakuya.com.tw/rent/rent_item?ehid=0b349a293830145,e6fdb8fea0b0b1d7283f3ac27bc09d7e.jpeg,0.0
1185,整棟全新⏳可租補⏳陽台獨洗⏳衛浴開窗⏳流理台子母車,,8999,16.0,0.0,3,1,台中市,台中市北區原子街,,電梯大廈,1房1廳1衛 - 1陽台1廚房,,有對外窗;陽台,https://www.rakuya.com.tw/rent/rent_item?ehid=02d43c293871174,d7b65fd0c22cdd8064592709da2038ec.jpeg,0.837528826095593
1186,超俗✨租屋補助✨可貓咪✨陽台獨洗✨子母車✨包裹代收,,5999,12.0,0.0,4,1,台中市,台中市西屯區大弘街,,透天厝,1房1衛,,,https://www.rakuya.com.tw/rent/rent_item?ehid=05e034293878171,be509f0349e237b8d520270e37fde92b.jpeg,1.2161165711000854
1187,幸福就是你❤️可貓咪❤️小資首選❤️共洗共曬,,5499,8.0,0.0,6,0,台中市,台中市西屯區天水西二街,,公寓,開放式格局,,有對外窗,https://www.rakuya.com.tw/rent/rent_item?ehid=04cb8529387787b,497b45778ce304fe09d500cb7b473d45.jpeg,1.025201843719507
1188,✨蛇來運轉五常街✨寵物天堂✨可補助✨生活機能便捷✨,,7499,10.0,0.0,2,0,台中市,台中市北區五常街,,透天厝,開放式格局,,有對外窗,https://www.rakuya.com.tw/rent/rent_item?ehid=0f563829383744b,09381062ced2fac0d47262712cdd4fe4.jpeg,0.0
1189,全新未住✨雙租屋補助✨可貓狗✨流理台✨子母車✨,,15999,21.0,0.0,5,1,台中市,台中市北區美德街,,電梯大廈,1房1廳1衛 - 1陽台,,,https://www.rakuya.com.tw/rent/rent_item?ehid=09a80329387808a,84df8588c4e9640de95e2f5395f81cee.jpeg,1.0040090097615457
1190,可寵物✨可租補✨電梯管理員✨獨洗獨曬✨採光佳,,10000,10.0,3.0,9,1,台中市,台中市南區復興路三段/老爺大廈,,電梯大廈,1房1衛 - 1陽台,,有對外窗;有中庭,https://www.rakuya.com.tw/rent/rent_item?ehid=080bd0293836402,0f04e126d007e18665297fc9db8c27f4.jpeg,0.5557343667878387
1191,慈濟好市多可貓電梯✅全新未住✅汽車位✅大陽台,,12000,14.0,0.0,3,1,台中市,台中市北屯區軍功路,,電梯大廈,1房1衛 - 1陽台,,有對外窗;陽台,https://www.rakuya.com.tw/rent/rent_item?ehid=0eca3f293821704,9056959727dbe668ed657e40c5628e94.jpeg,0.33187406414165915
1192,幸福就是你❤️可雙租補❤️有電梯❤️陽台獨洗,,12999,16.0,0.0,2,0,台中市,台中市北區大誠街,,透天厝,開放式格局,,有對外窗;陽台,https://www.rakuya.com.tw/rent/rent_item?ehid=089e84293877353,a5be9d24db14b4aa96a4cfadf784d93b.jpeg,1.0048190845826994
1193,超大空間✨可租補✨全新電梯✨流理台電磁爐✨超大陽台,,12999,16.0,0.0,7,1,台中市,台中市西屯區福安六街,,華廈,1房1衛 - 1陽台,,有對外窗;陽台,https://www.rakuya.com.tw/rent/rent_item?ehid=0f7955293835628,35b8d264468e4a35ec3736bd0ee3362c.jpeg,0.6046272226807606
1194,可貓補助/全新獨洗曬/走路興大/木地板,,7999,12.0,1.0,4,1,台中市,台中市南區忠明南路,,公寓,1房1衛 - 1陽台,,,https://www.rakuya.com.tw/rent/rent_item?ehid=058966293877927,24aa66df1f1c9f1c2692505fd81bcaa7.jpeg,0.517616633542193
1195,年前簽約屋主大優惠✨雙租屋補助✨可貓✨陽台獨洗曬✨,,15999,21.0,0.0,3,1,台中市,台中市北區漢口路三段,,電梯大廈,1房1廳1衛 - 1陽台,,,https://www.rakuya.com.tw/rent/rent_item?ehid=05d31e293878145,b9705db3f8571f856968d127e24437d1.jpeg,0.8118722011392612
1196,近草悟道✨陽台獨洗✨可養貓咪✨高級木質調✨小資最愛,,6999,12.0,0.0,3,1,台中市,台中市西區向上路一段,,公寓,1房1衛 - 1陽台,,有對外窗;陽台,https://www.rakuya.com.tw/rent/rent_item?ehid=0b2a6e29384811d,e4f7d47e43ce826babf8532b5091e841.jpeg,1.6114071701333357
1197,**在西屯秒殺價格***可寵最後三間!!,,5999,8.0,0.0,5,1,台中市,台中市西屯區西安街,,透天厝,1房1衛,,有對外窗,https://www.rakuya.com.tw/rent/rent_item?ehid=0e184c293783350,ff5af6674008b5e265806baa0cd4dc7f.jpeg,1.7956225545460391
1198,東區好大間✨可租補✨台水台電✨貓奴首選✨陽台獨洗,,7999,14.0,0.0,4,1,台中市,台中市東區復興路五段,,透天厝,1房1衛 - 1陽台,,有對外窗;陽台,https://www.rakuya.com.tw/rent/rent_item?ehid=044f2a293835548,1da4028f3bd52c7d9d2b5ed6cd1931c7.jpeg,1.5998131454844506
1199,中興大✔喵喵✨租補✔專屬洗衣機,,7999,10.0,0.0,4,1,台中市,台中市南區國光路,,公寓,1房1衛,,有對外窗,https://www.rakuya.com.tw/rent/rent_item?ehid=02dcf9293877985,5942430eb916897c95d1c3e17eadb971.jpeg,0.7197627744521619
1200,北屯葳格✨可雙租補✨可養貓狗✨獨洗獨曬✨採光超好,,7699,13.0,0.0,4,1,台中市,台中市北屯區軍和街,,透天厝,1房1衛,,有對外窗,https://www.rakuya.com.tw/rent/rent_item?ehid=07c47229383103c,2f6aa9f480281710724a86aefda9d003.jpeg,0.6194987909824402
1201,✨小資首選✨乾溼分離✨租屋補助✨加賴約看✨秒殺物件,,5999,13.0,0.0,4,1,台中市,台中市西屯區逢甲路,,透天厝,1房1衛,,,https://www.rakuya.com.tw/rent/rent_item?ehid=0ce2ed293860114,9a50f9c1946cf09cae5247a0f862d362.jpeg,1.6909307801643796
1202,稀有大套房,,15000,18.0,0.0,19,1,台中市,台中市南區學府路/京華大鎮京都特區,,電梯大廈,1房1廳1衛 - 1陽台1廚房,,有對外窗;陽台,https://www.rakuya.com.tw/rent/rent_item?ehid=0bb233293780671,50789d51cd3a0597889e648e9c2a6bf4.jpeg,0.0
1203,幸福就是你❤️可租補可寵❤️有電梯❤️陽台獨洗,,9999,13.0,0.0,9,0,台中市,台中市南區復興路三段,,公寓,開放式格局,,有對外窗,https://www.rakuya.com.tw/rent/rent_item?ehid=0e9cd4293877908,115bb1e80bbed9a23739749ad2f45aa7.jpeg,0.5557409091415434
1204,T0B22）近中原公園【秒殺租案】可補助★獨立衛浴,,5500,3.0,20.0,5,1,新北市,新北市蘆洲區長安街,,公寓,1房1衛,,,https://www.rakuya.com.tw/rent/rent_item?ehid=0b36db293837571,21dc88c063add1565b7118580ee9d47e.jpeg,0.5419869582751075
1205,超正一房一廳一衛*系統櫃*家的儀式感*陽台獨洗曬,,14999,12.0,0.0,3,1,台中市,台中市西屯區甘州街,,透天厝,1房1廳1衛 - 1陽台,,有對外窗;陽台,https://www.rakuya.com.tw/rent/rent_item?ehid=0c9dc0293826890,78ba8f17a02b9f3a1b81081a8a4a8fc7.jpeg,1.0084965473223315
1206,可租補⭐陽台獨洗⭐子母車飲水機⭐小資秒殺⭐近一中,,5599,6.0,0.0,1,1,台中市,台中市東區三賢街,,電梯大廈,1房1衛 - 1陽台,,有對外窗;陽台,https://www.rakuya.com.tw/rent/rent_item?ehid=023b3b293867691,b4fcb134ab795007d77086145850f4d4.jpeg,0.0
1207,整棟全新⏳可租補入籍⏳可短租⏳汽車位⏳秘書管理,,10499,16.0,0.0,3,1,台中市,台中市西屯區西安街,,電梯大廈,1房1衛 - 1陽台,,有對外窗;陽台,https://www.rakuya.com.tw/rent/rent_item?ehid=0f08b329385637c,035edeaa637e4b6cc016a2a9cde535ed.jpeg,1.6784551419873972
1208,T0B28）近捷運三民高中【超值】獨立衛浴★大空間,,12000,13.0,20.0,7,1,新北市,新北市蘆洲區民族路,,公寓,1房1衛,,,https://www.rakuya.com.tw/rent/rent_item?ehid=068fe3293853568,55c60b9ed2ac35099590b388edb0f351.jpeg,0.6102200534217604
1209,西屯超秒殺✨可雙租補✨變頻冷氣✨雙層冰箱✨省電電器,,9499,13.0,0.0,3,1,台中市,台中市西屯區逢甲路,,電梯大廈,1房1衛 - 1陽台,,有對外窗;陽台,https://www.rakuya.com.tw/rent/rent_item?ehid=0e4e1d29383498d,7d2d6b79f13590c0d30eae555ea2f9e9.jpeg,1.5993312996741251
1210,近中國醫✨可雙租補✨可養寵物✨獨洗窗曬✨有子母車,,7499,12.0,0.0,2,1,台中市,台中市北區五常街,,透天厝,1房1衛,,有對外窗;陽台,https://www.rakuya.com.tw/rent/rent_item?ehid=0cb3e8293827369,c8715879fb7fb14ae0a199edb461a3f3.jpeg,0.0
1211,南區三房、通風佳、採光好,,22000,30.0,30.0,3,3,台中市,台中市南區合作街/仕學吉第,,電梯大廈,3房2廳2衛 - 2陽台1廚房,,有對外窗;陽台,https://www.rakuya.com.tw/rent/rent_item?ehid=05c3b6293815497,c8b141c10a458ade985f14a3f5d6e84b.jpeg,1.20560668902862
1212,東山秒殺✨陽台獨洗✨一樓可停機車✨精緻套房✨秒殺,,6499,12.0,0.0,2,1,台中市,台中市北屯區東山路一段,,透天厝,1房1衛 - 1陽台,,有對外窗;陽台,https://www.rakuya.com.tw/rent/rent_item?ehid=07c608293831363,5442af092ba634a97b8bcec535b033b6.jpeg,0.6617548993274897
1213,烏日三鐵旁✨年後釋出先卡位✨短租✅貓咪✅獨洗曬✅,,9999,15.0,0.0,2,1,台中市,台中市烏日區新興路,,電梯大廈,1房1衛,,,https://www.rakuya.com.tw/rent/rent_item?ehid=0540af29387769c,e33f7081d4d74bdb45d63e23b88fbb2d.jpeg,0.22667071070531644
1214,中國醫旁✨雙租屋補助✨可寵✨子母車✨獨洗曬✨,,7499,12.0,0.0,2,1,台中市,台中市北區五常街,,透天厝,1房1衛,,,https://www.rakuya.com.tw/rent/rent_item?ehid=0502f9293878093,8e3da2fd4240bd52ea5dadc7370796c7.jpeg,0.0
1215,全新裝潢✨租屋補助✨短租✨子母車✨年繳優惠✨,,11299,16.0,0.0,2,1,台中市,台中市西屯區四川三街,,電梯大廈,1房1衛,,,https://www.rakuya.com.tw/rent/rent_item?ehid=067318293877828,ef4f3aeee14362ca50c02b26d21d716f.jpeg,0.0
1216,三房兩廳適合好友合租✨小家庭✨最省台水電✨採光明亮,,22000,30.0,0.0,7,3,台中市,台中市南區復興路二段,,電梯大廈,3房2廳2衛,,有對外窗;陽台,https://www.rakuya.com.tw/rent/rent_item?ehid=0a2056293835595,12c89b8a8be1aaf2a7a5b95b09dc661a.jpeg,0.504609134548178
1217,明德中學❤一房一廳✔飲水機子母車,,11499,12.0,0.0,4,1,台中市,台中市南區南門路,,透天厝,1房1廳1衛 - 1陽台,,有對外窗;陽台,https://www.rakuya.com.tw/rent/rent_item?ehid=031bcc293878025,5f7ca98c763f9565ff2a96ccff19edd7.jpeg,0.0
1218,O0S90）板橋運動中心【超值租案】限女★格局方正,,9500,5.0,20.0,1,1,新北市,新北市板橋區中正路,,公寓,1房1衛,,,https://www.rakuya.com.tw/rent/rent_item?ehid=0acbae293835614,513db919b2b8d25c7d6049733d1f85cb.jpeg,1.0672077799971709
1219,全新裝潢 全聯就在你家樓下,,12000,10.0,35.0,5,1,台北市,台北市大同區南京西路,,電梯大廈,1房1廳1衛,,,https://www.rakuya.com.tw/rent/rent_item?ehid=02397029387714f,1971b5e70077280ea088e60b2546b06e.jpeg,2.773843229087908e-05
1220,幸福就是你❤️可租補❤️有電梯❤️陽台獨洗,,11499,14.5,0.0,2,0,台中市,台中市南區和昌街,,透天厝,開放式格局,,有對外窗;陽台,https://www.rakuya.com.tw/rent/rent_item?ehid=06f92629387801d,54c077be6516869e153acb5a5db733d5.jpeg,0.5956370934245996
1221,O0S89）捷運江子翠4分【超值】附傢俱★女性專屬,,9500,6.0,20.0,4,1,新北市,新北市板橋區江寧路三段,,公寓,1房1衛,,,https://www.rakuya.com.tw/rent/rent_item?ehid=069cff29383370e,5f13af201ac513bd4c99f7e52214d59d.jpeg,0.6621289131753768
1222,逢甲商圈✨陽台獨洗✨可養狗✨可租補✨水湳中國醫,,12999,15.0,0.0,2,1,台中市,台中市西屯區福上巷,,透天厝,1房1衛 - 1陽台,,有對外窗;陽台,https://www.rakuya.com.tw/rent/rent_item?ehid=0cd429293850006,76c5c26c28e44f2b648651e486459b28.jpeg,1.6142678959610737
1223,M0K23）福和橋【超值租案】可寵★入籍★附傢俱,,14500,6.0,20.0,3,1,新北市,新北市永和區永利路,,公寓,1房1衛,,,https://www.rakuya.com.tw/rent/rent_item?ehid=05adc5293844301,824fdb005ccd0601e2bbc9040a6a7ac3.jpeg,0.736182417692935
1224,整棟全新⏳可雙租補⏳陽台獨洗⏳衛浴開窗⏳機車位⏳,,11999,16.0,0.0,6,1,台中市,台中市南屯區文山一街,,電梯大廈,1房1衛 - 1陽台,,有對外窗;陽台,https://www.rakuya.com.tw/rent/rent_item?ehid=01d91d293854520,69518cf44f93f2d9134a6a689f0a07c7.jpeg,0.2228735860147166
1225,昌平路二段金蛇送福✨可租屋補✨陽台獨洗✨生活機能佳,,6499,10.0,0.0,2,0,台中市,台中市北屯區昌平路二段,,透天厝,開放式格局,,有對外窗;陽台,https://www.rakuya.com.tw/rent/rent_item?ehid=01a9cd293836738,afdf9d27c8f9d1eec0330c4a6603055f.jpeg,0.22512231543577577
1226,✨租屋補助✨小資首選✨加賴約看✨運動爬梯✨,,3999,8.0,0.0,5,1,台中市,台中市太平區大源路,,透天厝,1房1衛,,,https://www.rakuya.com.tw/rent/rent_item?ehid=099fe6293848202,751b572884bc0c1a7b55f9f154537bd7.jpeg,0.5054574803931728
1227,外商首選七期夏朵頂級裝潢豪宅,,95000,57.1,13.0,7,2,台中市,台中市西屯區市政北一路/順天夏朵,,電梯大廈,2房2廳2衛 - 2陽台,,有對外窗;陽台,https://www.rakuya.com.tw/rent/rent_item?ehid=0897e5293837308,af03d4671d7d3ffa80d50891c23c0483.jpeg,0.7898031494586627
1228,烏日高鐵特區優質大樓美三房,,25000,20.0,11.0,6,3,台中市,台中市烏日區健行南路/世界都心世紀區,,電梯大廈,3房2廳2衛 - 2陽台1廚房,,有對外窗,https://www.rakuya.com.tw/rent/rent_item?ehid=0f2c6a29387722d,45bc9312a7278ad7704fb95fe065d89a.jpeg,0.11029247810126812
1229,R0C10）捷運幸福5分【超值租案】獨立洗衣★補助,,11500,6.0,20.0,1,1,新北市,新北市新莊區福壽街,,公寓,1房1衛,,,https://www.rakuya.com.tw/rent/rent_item?ehid=08a7d2293832161,996ee79117723085f7373727237d764d.jpeg,0.8606820212617888
1230,全新完工台積電首選✨機車位✨多間可選✨快來電預約,,9499,10.0,0.0,2,0,台中市,台中市大雅區中科路,,透天厝,開放式格局,,有對外窗;陽台,https://www.rakuya.com.tw/rent/rent_item?ehid=05812f293839092,c796e36ca2800c72a4a08355dec6654d.jpeg,0.0890184400694166
1231,可雙租補⭐可工作室⭐可寵⭐可營登⭐台水電⭐可入戶籍,,13999,15.0,0.0,11,1,台中市,台中市北區漢口路四段,,電梯大廈,1房1衛,,有對外窗;陽台,https://www.rakuya.com.tw/rent/rent_item?ehid=074205293868087,660dc9c6b44cdec48f0a07c391314b22.jpeg,1.5251148281795421
1232,Q1B20）捷運徐匯中學4分【優質1房1廳】附傢俱,,19500,17.0,0.0,3,1,新北市,新北市三重區三和路四段,,公寓,1房1廳1衛,,,https://www.rakuya.com.tw/rent/rent_item?ehid=042363293834899,f963917ac4632e92e6a985e15277d764.jpeg,0.0
1233,可補助．永安路大套房有獨立陽台洗衣機機車位,,11000,10.0,0.0,3,1,桃園市,桃園市桃園區永安路,,公寓,1房1衛 - 1陽台,,有對外窗;陽台,https://www.rakuya.com.tw/rent/rent_item?ehid=0c320d293812304,9640c35967026ac52ea00741866ad964.jpeg,0.09732877062538091
1234,G0G18）台北車站5分【大空間】垃圾代收★有電梯,,15000,7.0,20.0,6,1,台北市,台北市大同區華陰街,,電梯大廈,1房1衛,,,https://www.rakuya.com.tw/rent/rent_item?ehid=0ab2b629385003e,b86a7fe4aeecfcdd23abd808a2d8bc16.jpeg,1.9552948408865736e-05
1235,一房一廳⏳可寵可租補⏳可營登報稅⏳精美廚房⏳儲藏室,,19585,30.0,0.0,2,1,台中市,台中市北屯區太原路三段/總太明日,,電梯大廈,1房1廳1衛 - 1室1廚房,,有對外窗,https://www.rakuya.com.tw/rent/rent_item?ehid=0023c7293860467,66a2d6d63fd1b99c0e3ab14a9b9a105f.jpeg,0.24679483808540326
1236,Q2D83）捷運徐匯中學【優質2房2廳】廚房★陽台,,25000,19.0,20.0,3,2,新北市,新北市三重區永安北路一段,,公寓,2房2廳1衛 - 1陽台1廚房,,,https://www.rakuya.com.tw/rent/rent_item?ehid=032290293836853,576a005d468964a75f37ef0a114c6444.jpeg,0.5514623905063406
1237,崇德昌平✨一房一廳✨超大空間✨可短租✨陽台獨洗曬,,13999,16.0,0.0,3,1,台中市,台中市北區柳陽西街,,透天厝,1房1衛 - 1陽台,,有對外窗;陽台,https://www.rakuya.com.tw/rent/rent_item?ehid=0241e3293834429,606c700d1949e5e6c89ffc15568dc850.jpeg,2.1619339351184608
1238,Q0G10）捷運三重國小【超值租案】獨洗衣機★陽台,,22999,9.0,20.0,4,1,新北市,新北市三重區雙園街,,公寓,1房1衛 - 1陽台1廚房,,,https://www.rakuya.com.tw/rent/rent_item?ehid=0b470629383407b,3dd4608e0af192fb69bc3f535fd30a17.jpeg,1.417853431369718
1239,P0B42）捷運石牌5分【超值租案】採光★獨立衛浴,,10000,5.0,20.0,4,1,台北市,台北市北投區石牌路二段,,公寓,1房1衛,,,https://www.rakuya.com.tw/rent/rent_item?ehid=0ba985293853471,c7410ba5ac7185d12eb2baacbcb6c041.jpeg,0.8251512065007265
1240,A2E44）捷運六張犁【優質2房2廳】可補助★可寵,,25000,22.0,20.0,2,2,台北市,台北市信義區富陽街,,公寓,2房2廳1衛 - 2陽台1廚房,,,https://www.rakuya.com.tw/rent/rent_item?ehid=0db4cf293848950,bc1c01cfe438af0a2e38373efb0c0a1d.jpeg,1.2571549129916901
1241,O9C45）重慶國小【優質店面】營登★車位★可餐飲,,48999,49.0,20.0,1,0,新北市,新北市板橋區和平路安樂巷,,公寓,,,,https://www.rakuya.com.tw/rent/rent_item?ehid=0e6ca9293835879,3db036fc530f27b30a6236b48e34a522.jpeg,0.5381967643937673
1242,美麗國賓1+1房,,28000,11.8,25.0,11,1,台北市,台北市中山區中山北路二段/美麗國賓花園廣場,,電梯大廈,1房1衛 - 1室1陽台1廚房,,有對外窗;陽台,https://www.rakuya.com.tw/rent/rent_item?ehid=014fe0293821637,bfbaea1a1cfcb3f77a061243a30986de.jpeg,1.7725893508870374
1243,P1A14）捷運關渡站1分【採光1房1廳】獨立陽台,,18000,14.0,20.0,4,1,台北市,台北市北投區中央北路四段,,公寓,1房1廳1.5衛 - 1陽台,,,https://www.rakuya.com.tw/rent/rent_item?ehid=0c6055293853332,cb79513df6cb8160394e268a3e3f903a.jpeg,0.37366754018255244
1244,V314）近捷運景美站【景觀3房2廳】採光優★電梯,,38000,38.0,20.0,14,3,台北市,台北市文山區辛亥路六段,,電梯大廈,3房2廳2衛 - 2陽台1廚房,,,https://www.rakuya.com.tw/rent/rent_item?ehid=05da1429383674f,,0.9436053762347824
1245,K0C76）士林站3分【超值大空間】獨洗★一層2戶,,20000,9.0,20.0,2,1,台北市,台北市士林區福壽街,,公寓,1房1衛,,,https://www.rakuya.com.tw/rent/rent_item?ehid=0952de29383590a,eed503e7bab0b8bbd05ef43492a70783.jpeg,1.7107149565837072
1246,（租）♦️鄭仔寮♦️文元及第♦️三房平車♦️,,30000,23.0,2.3,6,3,台南市,台南市北區文成二路/文元及第太學樓,,電梯大廈,3房2廳2衛 - 1陽台1廚房,,,https://www.rakuya.com.tw/rent/rent_item?ehid=08bc0f293878035,e985a8cc34097cbfa3e90af51e062933.jpeg,0.2901931107195263
1247,D7A84）台北大巨蛋【優質辦公】黃金地段★可停車,,45000,22.0,20.0,1,0,台北市,台北市松山區八德路四段,,公寓,開放式格局,,,https://www.rakuya.com.tw/rent/rent_item?ehid=08e003293848459,6b9265c68a81203fb4a5d9bc56e96add.jpeg,0.0
1248,市中心全新透天店面&5套房,,50000,72.27,0.0,0,4,高雄市,高雄市路竹區中和街,,透天厝,4房2廳4衛 - 4陽台,,,https://www.rakuya.com.tw/rent/rent_item?ehid=0bcd85293783470,b4c543c27ee3b1b8f5e3e9aafcc8e3a4.jpeg,0.1934868549411333
1249,近86快速道路開放空間大型店面,,100000,400.0,0.0,1,0,台南市,台南市仁德區民安路二段,,廠房,,,,https://www.rakuya.com.tw/rent/rent_item?ehid=023a86293812705,28b4f3ff649784babcaf5076ae2f7c75.jpeg,0.04439801331329035
1250,美術館景觀頂級辦公室，嚴謹管理刷卡進出,,56732,87.28,0.0,7,0,高雄市,高雄市鼓山區明誠四路/美邦ONE MORE,,辦公,,,有對外窗;為邊間;有中庭;陽台,https://www.rakuya.com.tw/rent/rent_item?ehid=065875293783179,c5f4a5ede32d20a02efe2b5c7d3abc82.jpeg,0.47841433770761094
1251,B7C40）近捷運東門【優質辦公】採光優★住辦皆宜,,65000,31.0,20.0,2,0,台北市,台北市大安區金華街,,公寓,開放式格局,,,https://www.rakuya.com.tw/rent/rent_item?ehid=08015929383732b,9736ae54aa09266c437755a328fa0092.jpeg,1.8740404105881328
1252,市中心全新透天店面&5套房,,50000,72.27,0.0,0,0,高雄市,高雄市路竹區中和街,,透天厝,,,,https://www.rakuya.com.tw/rent/rent_item?ehid=0ae99729378503f,765f7cd680c64896b04d519a8bc7cfec.jpeg,0.1934868549411333
1253,彰化大城鄉甲建優質出租廠房,,36000,110.0,0.3,0,0,彰化縣,彰化縣大城鄉吳厝巷,,廠房,,,,https://www.rakuya.com.tw/rent/rent_item?ehid=054829293877067,473719c648942fba3ed564cd26b3f64a.jpeg,0.009489322474787037
1254,小資首選✨陽台獨洗✨台水台電✨電梯管理員✨可貓,,6999,14.0,0.0,12,1,台中市,台中市西區忠明南路,,電梯大廈,1房1衛 - 1陽台,,,https://www.rakuya.com.tw/rent/rent_item?ehid=082bb629374036f,0abe5e25c07c307e58ed4a92864841ea.jpeg,0.7657556288206064
1255,✨超秒殺✨台水台電✅可租補✨陽台獨洗曬✨子母車✨,,8499,13.0,0.0,4,1,台中市,台中市北區山西路二段,,電梯大廈,1房1衛 - 1陽台,,有對外窗;陽台,https://www.rakuya.com.tw/rent/rent_item?ehid=08047a29377218f,5078247452ae88f802cea732109dcaa9.jpeg,1.2588111496116217
1256,全新完工未住✨租屋補助✨可貓✨陽台獨洗曬✨子母車✨,,16999,22.0,0.0,4,1,台中市,台中市北區三民路三段,,電梯大廈,1房1衛 - 1陽台,,,https://www.rakuya.com.tw/rent/rent_item?ehid=016194293778490,a01a9e05415459fe63005e10a9d2ea99.jpeg,0.0
1257,全新完工✨租屋補助✨流理台✨陽台獨洗曬✨室內機車✨,,11099,16.0,0.0,5,1,台中市,台中市北區山西路一段,,電梯大廈,1房1衛 - 1陽台,,,https://www.rakuya.com.tw/rent/rent_item?ehid=09e63329377880b,5b1e94be8fa5c2e1580b359cd8394921.jpeg,1.941597528033474
1258,雙租屋補助✅可貓✅陽台獨洗曬✅子母車✅精裝小豪宅✨,,11999,16.0,0.0,5,1,台中市,台中市東區二聖街,,電梯大廈,1房1衛 - 1陽台,,,https://www.rakuya.com.tw/rent/rent_item?ehid=08e195293778209,2bedac86218ae52b9b344ac1004d06a5.jpeg,0.0
1259,健身陽光套房✨金蛇喜迎春樂群街✨陽台獨洗✨生活機能,,6199,12.0,0.0,5,0,台中市,台中市西區樂群街,,公寓,開放式格局,,有對外窗;陽台,https://www.rakuya.com.tw/rent/rent_item?ehid=0d4576293749332,b34c01a7ce9e6d4eae784ae25f963bf3.jpeg,1.0700553435147904
1260,✨年前優惠✨可租補✅可貓✨陽台獨洗✨台電分算✨,,7999,12.0,0.0,4,1,台中市,台中市東區復興路五段,,公寓,1房1衛 - 1陽台,,有對外窗;陽台,https://www.rakuya.com.tw/rent/rent_item?ehid=018bc329373659c,147fe384c3ce7daed40ddb931ce6c286.jpeg,1.5998131454844506
1261,✨廣三SOGO✨台水台電✨可貓✨子母車✨電梯,,6999,13.0,0.0,8,1,台中市,台中市西區忠明南路,,電梯大廈,1房1衛 - 1陽台,,有對外窗;陽台,https://www.rakuya.com.tw/rent/rent_item?ehid=0f3395293740066,32e1701c7e13584bf001441cfdd1b5a3.jpeg,0.7657556288206064
1262,整棟新蓋✨冷暖空調可租補室內機車位,,11999,14.0,0.0,3,0,台中市,台中市北區自強街,,電梯大廈,開放式格局,,有對外窗;陽台,https://www.rakuya.com.tw/rent/rent_item?ehid=0fabd429374529b,cc653a9018f524b94dac09e1ff03c788.jpeg,0.6267711327226091
1263,✨精武車站✅可租補✨整棟三戶✨子母車✨飲水機✨,,7499,13.0,0.0,2,1,台中市,台中市北區東光路,,電梯大廈,1房1衛,,有對外窗,https://www.rakuya.com.tw/rent/rent_item?ehid=014b46293772627,54823b725d7fd43775b5b518802c0b8c.jpeg,0.9990948868283424
1264,超大空間✨可租補✨陽台獨洗✨管理員✨子母車,,9999,12.0,0.0,8,0,台中市,台中市中區自由路二段,,電梯大廈,開放式格局,,有對外窗;陽台,https://www.rakuya.com.tw/rent/rent_item?ehid=0e96a4293737360,e9773778cf4be590e85fa1868be9d93f.jpeg,1.4833013174225094
1265,中科大旁✨電梯小豪宅✨租屋補助✨子母車✨陽台獨洗曬,,10999,15.0,0.0,5,1,台中市,台中市北區進化路,,電梯大廈,1房1衛 - 1陽台,,,https://www.rakuya.com.tw/rent/rent_item?ehid=0dc2d8293778771,8464151b65d1875d1dbaf75ec6b7c1e1.jpeg,0.0
1266,可租補⭐可貓狗⭐陽台獨洗⭐飲水機⭐等垃圾車⭐小資,,5699,6.0,0.0,4,1,台中市,台中市西屯區天水西二街,,公寓,1房1衛 - 1陽台,,有對外窗,https://www.rakuya.com.tw/rent/rent_item?ehid=0858d9293771870,e0fee11373f6afa044c5abb1623cc060.jpeg,1.020632007170474
1267,可雙租補陽台獨洗✨流理台衛浴開窗,,12499,14.0,0.0,3,0,台中市,台中市西區向上路一段,,電梯大廈,開放式格局,,有對外窗;陽台,https://www.rakuya.com.tw/rent/rent_item?ehid=0a7915293745424,f063fb51c3f09e229be96d2f061d4785.jpeg,1.5043507830867417
1268,健身陽光套房✨好運蛇進健行路✨獨洗獨曬✨生活機能佳,,6499,10.0,0.0,5,0,台中市,台中市北區健行路,,透天厝,開放式格局,,有對外窗,https://www.rakuya.com.tw/rent/rent_item?ehid=0ebda2293732647,92892b6dd319efa91dc12317231fee55.jpeg,0.8764064093941596
1269,新光遠百✨金蛇送財河南路二段✨可租補助✨最省台水電,,6499,10.0,0.0,6,0,台中市,台中市西屯區河南路二段,,電梯大廈,開放式格局,,有對外窗,https://www.rakuya.com.tw/rent/rent_item?ehid=030a3c293723876,4218a07c46cc6b63c920ef887befc56f.jpeg,1.337121845634817
1270,✨電梯新屋✨租屋補助✨陽台獨洗✨百萬裝潢✨加賴約看,,11499,13.0,0.0,6,1,台中市,台中市北屯區后庄北路,,電梯大廈,1房1衛 - 1陽台,,有對外窗;陽台,https://www.rakuya.com.tw/rent/rent_item?ehid=0f46a429374799a,375de84b9e459682ef19237d8e68000e.jpeg,0.2083262740549092
1271,家具全換新的❤️可租補❤️可貓可狗❤️獨洗曬,,8999,12.0,0.0,5,0,台中市,台中市西屯區文心路三段,,透天厝,開放式格局,,有對外窗,https://www.rakuya.com.tw/rent/rent_item?ehid=05a2a5293746054,68295f7f23b74d25994842439390d920.jpeg,1.0952300033557754
1272,代收包裹免投共洗❤採光好大空間,,5999,8.0,0.0,2,0,台中市,台中市南區五權南路,,電梯大廈,開放式格局,,有對外窗,https://www.rakuya.com.tw/rent/rent_item?ehid=0e1f14293745683,bc8ec57b7d41396f164fec5a87e2a1ed.jpeg,0.0
1273,✨曉明女中✅可租補✨陽台獨洗✨台水電✨子母車✨社宅,,8499,12.0,0.0,12,1,台中市,台中市北區漢口路四段,,電梯大廈,1房1衛 - 1陽台,,有對外窗;陽台,https://www.rakuya.com.tw/rent/rent_item?ehid=0773f029374026d,141f185a75c1c2610c6dad2dfe0662b6.jpeg,1.6165891977701583
1274,國美館⭐小資套房⭐流理台⭐搶租,,6199,10.0,0.0,5,1,台中市,台中市西區樂群街,,透天厝,1房1衛,,有對外窗,https://www.rakuya.com.tw/rent/rent_item?ehid=07b14029377712b,e1cdb7709774d12fac865d89ffdfcb6e.jpeg,1.0700553435147904
1275,✨租金降價✅可雙租補✨可貓✨地下機車位✨垃圾處理,,15999,15.0,0.0,4,1,台中市,台中市北區漢口路三段,,電梯大廈,1房1衛 - 1陽台,,有對外窗;陽台,https://www.rakuya.com.tw/rent/rent_item?ehid=0ec38e293775163,d4ecda03504870690ffdac442de87522.jpeg,0.8118722011392612
1276,青海商圈旁✨子母車✨室內機車位✨室內精裝潢✨流理台,,11499,15.0,0.0,2,1,台中市,台中市西屯區河南路二段,,別墅,1房1衛 - 1陽台,,,https://www.rakuya.com.tw/rent/rent_item?ehid=058d3229377879d,359fbfe302f2c887bd95d935304ec385.jpeg,1.2489795867047844
1277,✨中興大學✅可租補✨陽台獨洗✨流理臺✨全新家具✨,,6999,12.0,0.0,12,1,台中市,台中市南區五權南路,,電梯大廈,1房1衛 - 1陽台,,有對外窗;陽台,https://www.rakuya.com.tw/rent/rent_item?ehid=0b0ab6293764644,3214990dde535a0e3a5c1b9f9d6f0786.jpeg,0.0
1278,陽台獨洗✨專屬機車位可雙租補有子母車飲水機,,5799,7.0,0.0,1,0,台中市,台中市東區自強街,,透天厝,開放式格局,,有對外窗;陽台,https://www.rakuya.com.tw/rent/rent_item?ehid=06bf53293745169,8beea9cd4e7331c3579022e08a76d655.jpeg,0.6318667912974616
1279,✨水湳中國醫✅陽台獨洗✅子母車✨室內機車位✨飲水機,,7999,13.0,0.0,5,1,台中市,台中市西屯區長安路二段,,電梯大廈,1房1衛 - 1陽台,,有對外窗;陽台,https://www.rakuya.com.tw/rent/rent_item?ehid=09572229377607e,359013e59e5a955780077eb5f52fbf56.jpeg,0.8545268683921412
1280,✨新光三越✨小資最愛✅可雙租補✨可寵✨投幣共洗✨,,5499,8.0,0.0,4,1,台中市,台中市西區大隆路,,透天厝,1房1衛,,有對外窗,https://www.rakuya.com.tw/rent/rent_item?ehid=0153c029377479c,43470df7aa3554bca5e7946322d5cf10.jpeg,1.5917888897792971
1281,⭐電梯⭐三房⭐可貓⭐可雙租補⭐子母車⭐現況出租,,23999,40.0,0.0,4,3,台中市,台中市北屯區遼陽北二街,,華廈,3房1廳1衛 - 1陽台,,有對外窗;陽台,https://www.rakuya.com.tw/rent/rent_item?ehid=01162f29377834c,8fa8aebb86c374436e9fff591a2f2a7a.jpeg,1.8715587316311375
1282,租屋補助✅柳川河畔旁✅陽台獨洗曬✅乾濕分離✅,,10999,16.0,0.0,3,1,台中市,台中市西區柳川東路二段,,電梯大廈,1房1衛 - 1陽台,,,https://www.rakuya.com.tw/rent/rent_item?ehid=047055293739998,4e9102047f5ecb3b27af6e86f17aa1c6.jpeg,1.1404300073909115
1283,✨逢甲超美套房✅可雙租補✨陽台獨洗✨汽機車位,,11999,12.0,0.0,2,1,台中市,台中市西屯區西安街,,電梯大廈,1房1衛 - 1陽台,,有對外窗;陽台,https://www.rakuya.com.tw/rent/rent_item?ehid=0cb975293765469,80104f0e8474141b4dd2117a6756605b.jpeg,1.652573576650606
1284,✨中國醫藥✨陽台獨洗曬✨飲水機✨停車格✨,,7499,10.0,0.0,1,1,台中市,台中市北區進化北路,,電梯大廈,1房1衛 - 1陽台,,有對外窗;陽台,https://www.rakuya.com.tw/rent/rent_item?ehid=00cea4293774654,e24f29d9541e63bb97cd21984a0a118e.jpeg,0.0
1285,超小資超大間⭐獨洗窗曬✨管理員✨子母車,,6299,8.0,0.0,8,0,台中市,台中市東區大勇街,,電梯大廈,開放式格局,,有對外窗,https://www.rakuya.com.tw/rent/rent_item?ehid=0fdb8e293736112,9501f7413919c004085ac0d4b8b0473d.jpeg,0.1250836523100512
1286,✨小資超大間⭐陽台獨洗✨管理員✨子母車,,8499,10.0,0.0,12,0,台中市,台中市北區漢口路四段,,透天厝,開放式格局,,有對外窗;陽台,https://www.rakuya.com.tw/rent/rent_item?ehid=0c242d293734342,54a2b306dd633b4f086390f3797c92b5.jpeg,1.6165891977701583
1287,小資電梯✨可租補✨對外窗✨台水電✨子母車,,7499,10.0,0.0,9,0,台中市,台中市西屯區河南路二段,,透天厝,開放式格局,,有對外窗,https://www.rakuya.com.tw/rent/rent_item?ehid=066e69293737556,e46e6fb16981ff79fdc29494839900d8.jpeg,1.3139486822654924
1288,✨全新釋出✨可租補✨陽台獨洗✨流理臺✨飲水機,,12999,15.0,0.0,6,1,台中市,台中市西屯區福安六街,,電梯大廈,1房1衛 - 1陽台,,有對外窗;陽台,https://www.rakuya.com.tw/rent/rent_item?ehid=03e107293736879,5266c62d565e14f22c8d0b11dc2def4b.jpeg,0.6046272226807606
1289,好運蛇進來✨三大房適合好友合租✨最省台水電✨快來電,,18499,30.0,0.0,13,3,台中市,台中市北屯區松竹路二段,,電梯大廈,3房1廳2衛 - 2陽台1廚房,,有對外窗,https://www.rakuya.com.tw/rent/rent_item?ehid=030b6c29374252e,4a1193dadf8adc32cda9c2866616b8d9.jpeg,0.5903102586616877
1290,⭐電梯⭐可寵⭐管理員⭐台水電⭐陽台獨洗⭐全新整理,,7999,11.0,0.0,13,1,台中市,台中市北屯區天津路四段,,電梯大廈,1房1衛 - 1陽台,,有對外窗;陽台,https://www.rakuya.com.tw/rent/rent_item?ehid=0701f029377797f,a319e3e9c1dc7b9c6cdd06645eae5d33.jpeg,2.23790071148814
1291,✨五權車站✨小資最愛✨流理臺✨採光佳✨共洗窗曬,,6499,10.0,0.0,5,1,台中市,台中市西區樂群街,,公寓,1房1衛,,有對外窗,https://www.rakuya.com.tw/rent/rent_item?ehid=02baef293774450,0e561007b1e3134d5c512cec73b04e8a.jpeg,1.0638338255011544
1292,雙租屋補助✨可寵物✨台水台電✨管理員代收✨子母車✨,,9999,15.0,0.0,9,1,台中市,台中市南區復興路三段,,電梯大廈,1房1衛 - 1陽台,,,https://www.rakuya.com.tw/rent/rent_item?ehid=049afe293778727,90f14f653eed4234c2cd3b477c663c46.jpeg,0.5557409091415434
1293,興大學生首選✨租屋補助✨可寵✨子母車✨陽台獨洗曬,,9999,15.0,0.0,2,1,台中市,台中市南區南門路,,電梯大廈,1房1衛 - 1陽台,,,https://www.rakuya.com.tw/rent/rent_item?ehid=01c73a293778660,e38b7e3539fad86e85f7175d61b0c5fd.jpeg,0.0
1294,逢甲☄️CP值高⭐️機車位✨洗衣機,,3999,10.0,0.0,10,1,台中市,台中市西屯區福星路,,電梯大廈,1房1衛,,有對外窗,https://www.rakuya.com.tw/rent/rent_item?ehid=05372629373702a,03c5c5c6f0b4700ba100845b5f153874.jpeg,2.030736661315302
1295,✨電梯新屋✨租屋補助✨陽台獨洗✨加賴約看✨百萬裝潢,,12999,15.0,0.0,7,1,台中市,台中市西屯區福安六街,,電梯大廈,1房1衛 - 1陽台,,有對外窗;陽台,https://www.rakuya.com.tw/rent/rent_item?ehid=055213293756525,18c9be974c42af08e9ecb9cdb777979f.jpeg,0.6046272226807606
1296,⭐免仲介費⭐近中國醫⭐可寵⭐陽台獨洗⭐乾溼分離,,10999,14.0,0.0,4,1,台中市,台中市北屯區中清路二段,,透天厝,1房1衛 - 1陽台,,有對外窗;陽台,https://www.rakuya.com.tw/rent/rent_item?ehid=019d3e293778260,684add423a4c130411c8314f7151ced7.jpeg,0.8425418244258717
1297,勤美草悟道✨SOGO✨美術館✨陽台獨洗✨可租補,,6999,10.0,0.0,5,1,台中市,台中市西區美村路一段,,公寓,1房1衛 - 1陽台,,有對外窗;陽台,https://www.rakuya.com.tw/rent/rent_item?ehid=0333f6293776738,af13d0a34771e23e2f12b35acca538fa.jpeg,0.9961048830186751
1298,超級小資✨近中國醫✨對外窗✨乾淨明亮,,3999,6.0,0.0,2,0,台中市,台中市北區尚德街,,透天厝,開放式格局,,有對外窗,https://www.rakuya.com.tw/rent/rent_item?ehid=094f9e293737804,d7153745d0cbd804f15d657f9be0f3c5.jpeg,6536.634158539635
1299,近中國醫⭐電梯⭐子母車⭐飲水機⭐陽台獨洗⭐衛浴開窗,,9499,12.0,0.0,3,1,台中市,台中市北屯區雷中街,,透天厝,1房1衛 - 1陽台,,有對外窗;陽台,https://www.rakuya.com.tw/rent/rent_item?ehid=06f35529377788f,e397440036faf4d458c235d9591d680e.jpeg,0.38507976883961115
1300,✨松竹車站✨可租補✨可貓✨陽台獨洗✨流理臺✨子母車,,8999,13.0,0.0,2,1,台中市,台中市北屯區松竹路二段,,電梯大廈,1房1衛 - 1陽台,,有對外窗;陽台,https://www.rakuya.com.tw/rent/rent_item?ehid=0293c1293772960,76616a72707f360f0e0c8db20cde3399.jpeg,0.6412330074794383
1301,✨葳格國際✅可雙租補✨可寵✨陽台獨洗✨子母車✨飲水,,7699,13.0,0.0,4,1,台中市,台中市北屯區軍和街,,透天厝,1房1衛 - 1陽台,,有對外窗;陽台,https://www.rakuya.com.tw/rent/rent_item?ehid=09f86829377621e,b724019ca09ff46b8c970880d334bb41.jpeg,0.6194987909824402
1302,可租補⭐逢甲小資⭐代收包裹⭐子母車飲水機⭐共洗曬,,7999,8.0,0.0,10,1,台中市,台中市西屯區福星路,,電梯大廈,1房1衛,,有對外窗,https://www.rakuya.com.tw/rent/rent_item?ehid=058ea129377170b,81f6a785c087912c35340eff59035b9b.jpeg,1.8621947526251679
1303,可貓⭐可短租⭐流理台⭐陽台獨洗⭐雙人沙發⭐全新整理,,13999,17.0,0.0,3,1,台中市,台中市北屯區柳陽西街,,公寓,1房1衛 - 1陽台,,有對外窗;陽台,https://www.rakuya.com.tw/rent/rent_item?ehid=0d1932293777909,c5ac67cdc41032b80f9c81888d0bce17.jpeg,2.1619339351184608
1304,✨電梯新屋✨租屋補助✨陽台獨洗✨流理台✨加賴約看✨,,14000,13.0,0.0,4,1,台中市,台中市南屯區黎明路二段,,電梯大廈,1房1衛 - 1陽台,,有對外窗;陽台,https://www.rakuya.com.tw/rent/rent_item?ehid=01f0db29376156d,b358a1f34f2f4b124412e75bfe2018d1.jpeg,0.5651006471970196
1305,✨逢甲大學✅可雙租補✨子母車✨陽台獨洗曬✨機車位✨,,9499,12.0,0.0,3,1,台中市,台中市西屯區逢甲路,,電梯大廈,1房1衛 - 1陽台,,有對外窗;陽台,https://www.rakuya.com.tw/rent/rent_item?ehid=075f1929373978c,64e781dbb6424ed55f79a4ae198c79f3.jpeg,1.5993312996741251
1306,好運金蛇來太原路一段✨超合適好友合租✨可租補✨車位,,28000,28.0,0.0,9,2,台中市,台中市北區太原路一段,,電梯大廈,2房2廳1衛 - 1廚房,,有對外窗,https://www.rakuya.com.tw/rent/rent_item?ehid=059aa229374298a,38dbbf203ba7b726e268c0175420c6cc.jpeg,1.6281955157073336
1307,✨超大套房✅可租補✨陽台獨洗曬✨流理臺✨可外籍✨,,9999,17.0,0.0,2,1,台中市,台中市大肚區育樂街,,透天厝,1房1衛 - 1陽台,,有對外窗;陽台,https://www.rakuya.com.tw/rent/rent_item?ehid=02e726293732887,debe7b6fd0798a40d781f2c839bd5f0e.jpeg,0.14713712800169662
1308,✨南區精選✨可租補✨陽台獨洗✨中興大✨,,8100,12.0,0.0,12,1,台中市,台中市南區五權南路,,電梯大廈,1房1衛 - 1陽台,,有對外窗;陽台,https://www.rakuya.com.tw/rent/rent_item?ehid=0dd98929374327b,128a75dae904affd0cb45e2b34da0a6d.jpeg,0.0
1309,✨超秒殺✨台水電✨可租補✨陽台獨洗曬✨可入戶籍✨,,9999,15.0,0.0,5,1,台中市,台中市中區臺灣大道一段,,電梯大廈,1房1衛 - 1陽台,,有對外窗;陽台,https://www.rakuya.com.tw/rent/rent_item?ehid=09705929377423c,70a93451e995ad540e6a5bed23ce02cf.jpeg,1.261601455636169
1310,東海大學首選✨租屋補助✨子母車✨獨洗精裝潢✨,,8999,15.0,0.0,2,1,台中市,台中市西屯區中工二路,,透天厝,1房1衛 - 1陽台,,,https://www.rakuya.com.tw/rent/rent_item?ehid=083253293778752,cc78ae629dfa02cebf03de1447b818dc.jpeg,0.5617080348093039
1311,✨水湳商圈✅可租補✨台電分算✨子母車✨固定機車位,,14999,13.0,0.0,2,1,台中市,台中市西屯區順平路,,電梯大廈,1房1衛 - 1陽台,,有對外窗;陽台,https://www.rakuya.com.tw/rent/rent_item?ehid=05c9d1293775882,6588906bb3343b1d23ad5f4e450f2fb3.jpeg,0.6688523667565792
1312,✨中國醫✅可短租✨子母車✨投幣洗衣✨全新變頻冷氣,,6499,12.0,0.0,4,1,台中市,台中市北區華中街,,電梯大廈,1房1衛,,有對外窗,https://www.rakuya.com.tw/rent/rent_item?ehid=0950f1293776505,f3b435b30213bf662c8a88b38ef144ec.jpeg,1.924534026841655
1313,✨東海精挑細選✨可租補✨陽台獨洗✨電梯上樓✨,,11000,14.0,0.0,3,1,台中市,台中市龍井區新興路,,電梯大廈,1房1廳1衛 - 1陽台,,有對外窗;陽台,https://www.rakuya.com.tw/rent/rent_item?ehid=098454293745628,2a6342e762718149650305a457b3b68e.jpeg,0.3440916133220537
1314,✨東海大學✨可租補✨可貓✨獨洗窗曬✨子母車✨飲水機,,6799,11.0,0.0,2,1,台中市,台中市西屯區台灣大道四段,,透天厝,1房1衛,,有對外窗,https://www.rakuya.com.tw/rent/rent_item?ehid=0eb0a1293774343,dc7841c619e32ccfcbac2712fdd2f8e0.jpeg,0.6456028470649277
1315,✨中興大學✨可租補✨可寵✨陽台獨洗✨子母車✨飲水機,,8999,12.0,0.0,3,1,台中市,台中市南區南門路,,電梯大廈,1房1衛 - 1陽台,,有對外窗;陽台,https://www.rakuya.com.tw/rent/rent_item?ehid=00462e293762939,241feaf6d43494bdede3ccf8d3dfa3d8.jpeg,0.0
1316,貓奴首選✨可短租✨全新裝潢✨一房一廳小豪宅✨,,13999,20.0,0.0,3,1,台中市,台中市北屯區柳陽西街,,電梯大廈,1房1廳1衛 - 1陽台,,,https://www.rakuya.com.tw/rent/rent_item?ehid=0b6eb2293778789,a91549d561ca90f080193c25f077c37a.jpeg,2.1619339351184608
1317,小資可租補✨台水台電✨陽台獨洗✨子母車✨文心中清,,8499,12.0,0.0,4,1,台中市,台中市北區山西路二段,,電梯大廈,1房1衛 - 1陽台,,有對外窗;陽台,https://www.rakuya.com.tw/rent/rent_item?ehid=0eed5f293769303,c66ed5a88fbd7b32f834ad8f9fc9a4aa.jpeg,1.2588111496116217
1318,全新質感⭐陽台獨洗✨衛浴開窗✨子母車,,13999,15.0,0.0,2,0,台中市,台中市北屯區中清路二段,,透天厝,開放式格局,,有對外窗;陽台,https://www.rakuya.com.tw/rent/rent_item?ehid=030777293737052,44dea528f874c4d7c564641c0d070ab9.jpeg,0.7094891551781946
1319,✨近一中商圈✨可貓✨可租補✨可短租✨陽台獨洗✨,,7799,12.5,0.0,3,1,台中市,台中市北區瑞祥街,,透天厝,1房1衛 - 1陽台,,有對外窗;陽台,https://www.rakuya.com.tw/rent/rent_item?ehid=033d2829376287c,a581a6c9c1e5b8d2260a7d991090d01a.jpeg,0.8540678821072618
1320,⭐電梯⭐可租補⭐機車位⭐木質地⭐陽台獨洗⭐衛浴開窗,,11499,14.0,0.0,6,1,台中市,台中市北屯區后庄北路,,透天厝,1房1衛 - 1陽台,,有對外窗;陽台,https://www.rakuya.com.tw/rent/rent_item?ehid=0573d6293777919,c575e29ead6228d61a9b2ca6ad392422.jpeg,0.2083262740549092
1321,✨把妳給擁有✨逢甲商圈✨子母車✨電梯上樓✨,,5999,9.0,0.0,10,1,台中市,台中市西屯區福星路,,電梯大廈,1房1衛,,有對外窗,https://www.rakuya.com.tw/rent/rent_item?ehid=0262b1293746195,b38b5bd667271bc4ef6571b4a7118cff.jpeg,1.9288666310317877
1322,✨洲際W✨精裝兩房✨家具全配✨含平車位✨美景,,29999,25.0,0.0,4,2,台中市,台中市北屯區四平路/總太洲際W,,電梯大廈,2房2廳1衛 - 2陽台,,有對外窗;陽台,https://www.rakuya.com.tw/rent/rent_item?ehid=0adac029376416b,4d0277810e10673026a4d3e9dd387286.jpeg,0.0
1323,馬上看✨雙租屋補助✨高檔傢俱✨管理員代收✨子母車,,9499,15.0,0.0,3,1,台中市,台中市西屯區逢甲路,,電梯大廈,1房1衛 - 1陽台,,,https://www.rakuya.com.tw/rent/rent_item?ehid=06b86a29377874e,b6bc10c5155a10bbc9adc4c61f765062.jpeg,1.5993312996741251
1324,水湳中國醫✨租屋補助✨台電計✨子母車✨固定機車位✨,,14999,20.0,0.0,2,1,台中市,台中市西屯區順平路,,電梯大廈,1房1衛 - 1陽台,,,https://www.rakuya.com.tw/rent/rent_item?ehid=0e3b26293778692,72d1462b97f537da9ba791a6883fc2ce.jpeg,0.6688523667565792
1325,獨洗曬♥️可雙租補✨子母車✨機車位,,9499,13.0,0.0,3,1,台中市,台中市西屯區逢甲路,,電梯大廈,1房1衛 - 1陽台,,,https://www.rakuya.com.tw/rent/rent_item?ehid=0e0f4629373972c,ab4902d7b68b51b88d741f81a7c25ac4.jpeg,1.5993312996741251
1326,S0A23）清水高中【超值租案】大空間★附傢俱,,7000,10.0,20.0,3,1,新北市,新北市土城區延吉街,,公寓,1房1衛,,,https://www.rakuya.com.tw/rent/rent_item?ehid=081e6f293754256,89e6a408ddea0230a73ec0c571d7e62e.jpeg,0.2936382956734473
1327,電梯/木質調/超美/可租補,,13800,9.0,0.0,8,1,台中市,台中市西區柳川東路二段,,透天厝,1房1衛 - 1陽台,,有對外窗;陽台,https://www.rakuya.com.tw/rent/rent_item?ehid=0bc9a9293775735,19bbeb613555006a51c39d37c30fb1ca.jpeg,1.1109854127381897
1328,L3J93）捷運中和5分【超值3房1廳】可寵★補助,,26000,27.0,20.0,3,3,新北市,新北市中和區福美路,,公寓,3房1廳1衛 - 2陽台1廚房,,,https://www.rakuya.com.tw/rent/rent_item?ehid=0c2531293740159,915b2fbb22fd356a8593071d8cd67def.jpeg,0.9205896732351847
1329,水湳低公設漂亮華廈三房,,25000,35.0,30.0,2,3,台中市,台中市北屯區雷中街,,華廈,3房2廳2衛 - 1陽台1廚房,,有對外窗;為邊間;有中庭;陽台,https://www.rakuya.com.tw/rent/rent_item?ehid=0f730929358281e,,0.3452244233251075
1330,⭐可寵⭐可雙租補⭐獨洗曬⭐子母車⭐飲水機⭐木質地板,,7699,10.0,0.0,4,1,台中市,台中市北屯區軍和街,,透天厝,1房1衛,,有對外窗,https://www.rakuya.com.tw/rent/rent_item?ehid=0d733b293777854,90bb841bd3ec5055edfb2e18f765ce0e.jpeg,0.6194987909824402
1331,福蛇迎春逢甲路✨可雙租補助✨陽台獨洗✨生活機能便捷,,9499,12.0,0.0,3,0,台中市,台中市西屯區逢甲路,,電梯大廈,開放式格局,,有對外窗;陽台,https://www.rakuya.com.tw/rent/rent_item?ehid=04ca6829374658b,a44bad6e0ebacf686b26a7dc2c2a09c0.jpeg,1.5993312996741251
1332,雙租屋補助✨短租✨貓奴✨流理台✨子母車✨乾溼分離✨,,10499,16.0,0.0,3,1,台中市,台中市北屯區瀋陽北路,,透天厝,1房1衛 - 1陽台,,,https://www.rakuya.com.tw/rent/rent_item?ehid=05f5b629377864b,a68e7c9560cd64f31ec43a14cea4ef91.jpeg,1.1031542629316462
1333,金蛇送福✨全新電梯獨洗曬✨台積電首選✨機車位✨採光,,8999,14.0,0.0,5,0,台中市,台中市大雅區中科路,,電梯大廈,開放式格局,,有對外窗;陽台,https://www.rakuya.com.tw/rent/rent_item?ehid=037dbb29374539a,04a70c807be3547df678e78dc9c4b802.jpeg,0.0895914249068603
1334,⭐電梯⭐兩房⭐乾溼分離⭐傢俱齊全⭐附平面車位,,29999,40.0,0.0,4,2,台中市,台中市北屯區四平路,,電梯大廈,2房2廳1衛 - 2陽台1廚房,,有對外窗;陽台,https://www.rakuya.com.tw/rent/rent_item?ehid=0e62b029377786b,7e0dd1c3a205ed71f4cfdc4b38bcbd43.jpeg,0.0
1335,陽台獨洗♥️子母車✨浴室開窗✨網路第四台,,9499,13.0,0.0,3,1,台中市,台中市北屯區雷中街,,透天厝,1房1衛 - 1陽台,,,https://www.rakuya.com.tw/rent/rent_item?ehid=084b8129373992d,45adce6b4869578a2e0002b69d1e95bf.jpeg,0.38507976883961115
1336,O0S88）致理科大【超值租案】附傢俱★對外窗,,8500,5.0,20.0,2,1,新北市,新北市板橋區幸福路,,公寓,1房1衛,,,https://www.rakuya.com.tw/rent/rent_item?ehid=06ca8b293754905,4640eec3169fdb0bb28e46cae9a1615b.jpeg,0.9719669036379058
1337,✨全新完工✨實拍無釣魚✨可貓✨中科園區✨陽台獨洗✨,,11999,17.0,0.0,3,1,台中市,台中市大雅區月祥路,,透天厝,1房1廳1衛 - 1陽台,,有對外窗;陽台,https://www.rakuya.com.tw/rent/rent_item?ehid=01a250293748295,4be18ec631abbd07f3f965a2fb12869e.jpeg,0.0700737912360681
1338,四維捷運✨台水電✨全新傢俱✨陽台獨洗✨可寵+可租補,,9999,12.0,0.0,13,0,台中市,台中市北屯區天津路四段,,透天厝,開放式格局,,有對外窗,https://www.rakuya.com.tw/rent/rent_item?ehid=0c0b3c293726316,66105205cd829887d369f5340a35ad5a.jpeg,2.1792201660791823
1339,秒殺小資族♥️可雙租補♥️獨洗曬✨子母車✨,,6500,8.0,0.0,3,1,台中市,台中市沙鹿區鎮南路二段,,透天厝,1房1衛 - 1陽台,,,https://www.rakuya.com.tw/rent/rent_item?ehid=0f3359293739062,2e017595fc2419dcf947ec3eb0858e77.jpeg,0.13402377083899827
1340,✨一中商圈✅可租補✅可貓✅陽台獨洗✨子母車✨可短租,,7799,12.0,0.0,3,1,台中市,台中市北區瑞祥街,,透天厝,1房1衛 - 1陽台,,有對外窗;陽台,https://www.rakuya.com.tw/rent/rent_item?ehid=03cb36293775659,bcc33f048cdfcca7fd79cfb327f4a6d6.jpeg,0.8540678821072618
1341,✨東海大學✨可租補✨大空間✨子母車✨獨洗窗曬,,9999,13.0,0.0,2,1,台中市,台中市西屯區中工二路,,透天厝,1房1衛,,有對外窗;陽台,https://www.rakuya.com.tw/rent/rent_item?ehid=02b2a8293739964,8a752145b64e0322646fe3d19bf0c7c5.jpeg,0.5547467393577481
1342,S0A93）近清水高中【超值租案】低樓層★變頻冷氣,,9500,6.0,20.0,2,1,新北市,新北市土城區延安街,,公寓,1房1衛,,,https://www.rakuya.com.tw/rent/rent_item?ehid=0478e929375651f,c3f45e6c667f29910ba585af3df5f6bd.jpeg,0.3490679617797681
1343,康寧中興2房出租,,16500,12.0,0.0,1,2,新北市,新北市汐止區康寧街,,公寓,2房1廳1衛 - 1陽台,,有對外窗;為邊間;陽台,https://www.rakuya.com.tw/rent/rent_item?ehid=0559d0293737343,5cc24fef1c4bc014ce21302c83a865e6.jpeg,0.5781732624319444
1344,超秒殺⭐雙租補⭐陽台獨洗⭐子母車⭐機車位⭐變頻冷暖,,9499,10.0,0.0,3,1,台中市,台中市西屯區逢甲路,,電梯大廈,1房1衛 - 1陽台,,有對外窗,https://www.rakuya.com.tw/rent/rent_item?ehid=07b3e0293771653,5e195a1980c6454780445de37569afde.jpeg,1.5993312996741251
1345,租屋補助✅短租✅流理臺✅子母車✅獨洗曬✅超大露臺✅,,15999,23.0,0.0,8,1,台中市,台中市南屯區保安一街,,電梯大廈,1房1廳1衛 - 1陽台1廚房,,,https://www.rakuya.com.tw/rent/rent_item?ehid=0d410e293778392,79387fa9306d6a25e144108c391abf47.jpeg,0.2128574448462564
1346,✨中科園區✨台積電✨全新可貓✨獨洗曬✨衛浴開窗✨,,7999,12.0,0.0,3,1,台中市,台中市大雅區月祥路,,透天厝,1房1衛,,有對外窗,https://www.rakuya.com.tw/rent/rent_item?ehid=02e075293748925,6155879e817695840ae6de9c5c2fa39f.jpeg,0.07350768760362504
1347,逢甲商圈旁✨雙租屋補助✅報稅✅入籍✅短租✅,,11499,15.0,0.0,2,1,台中市,台中市西屯區西安街,,電梯大廈,1房1衛 - 1陽台,,,https://www.rakuya.com.tw/rent/rent_item?ehid=06213f29377876c,ae9302b8601550df0b4111bdbd99a194.jpeg,1.660741846691248
1348,國軍醫✨中國醫✨科博館✨SOGO✨捷運站✨平面車位,,28499,30.0,0.0,9,2,台中市,台中市北區太原路一段,,電梯大廈,2房2廳1衛 - 1陽台,,有對外窗;陽台,https://www.rakuya.com.tw/rent/rent_item?ehid=06b153293777206,222c589043e65f71278bad79ec25a2fc.jpeg,1.6251313390058164
1349,✨蛇麼都順✨可寵✨雙租補✨獨洗曬✨可短租✨近中國醫,,11000,14.0,0.0,1,1,台中市,台中市北區太原七街,,透天厝,1房1廳1衛,,有對外窗,https://www.rakuya.com.tw/rent/rent_item?ehid=0d534f29374942b,5d779dacdfbc28fcd6b17b5ee1cd1429.jpeg,0.7363560525091949
1350,電梯套房✨可租補✨全新家具✨流理臺✨中興大中山醫,,7499,11.2,0.0,12,1,台中市,台中市南區五權南路,,電梯大廈,1房1衛 - 1陽台,,有對外窗;陽台,https://www.rakuya.com.tw/rent/rent_item?ehid=0ab3fe293770936,2a72cb739fd36784e935d2a9d0592a16.jpeg,0.0
1351,✨一房一廳✨可貓✨陽台獨洗✨流理臺✨可短租,,13999,17.0,0.0,2,1,台中市,台中市北屯區柳陽西街,,公寓,1房1廳1衛 - 1陽台,,有對外窗;陽台,https://www.rakuya.com.tw/rent/rent_item?ehid=06d803293734300,ea8e28cb1d4a264a8c13241691b8489d.jpeg,2.1619339351184608
1352,水湳秒殺✨可雙租補✨可貓✨陽台獨洗✨流理台✨乾溼衛,,10499,13.0,0.0,3,1,台中市,台中市北屯區山西路二段,,透天厝,1房1衛 - 1陽台,,有對外窗;陽台,https://www.rakuya.com.tw/rent/rent_item?ehid=01ae1b293737614,32afc47d567c89494740a9b72dc62ea1.jpeg,1.1426938422481927
1353,可寵⭐可雙租補、可工作室⭐流理台⭐子母車⭐投幣共洗,,13499,16.0,0.0,3,1,台中市,台中市北屯區興安路一段,,透天厝,1房1衛,,有對外窗,https://www.rakuya.com.tw/rent/rent_item?ehid=07228929377816d,f062ad78432b6b279d606dfbdae96fa3.jpeg,1.948164686056455
1354,L2I72）自強公園【全新2房1廳】貓★補助★獨洗,,24499,16.0,20.0,1,2,新北市,新北市中和區國光街,,公寓,2房1廳1衛 - 1陽台1廚房,,,https://www.rakuya.com.tw/rent/rent_item?ehid=0b4698293742928,016749840207ba76e2e58255fb87fe28.jpeg,0.6047901167782405
1355,✨精選中精選✨可寵✨可租補✨陽台獨洗✨忠孝夜市✨,,9999,13.0,0.0,2,1,台中市,台中市南區南門路,,電梯大廈,1房1衛 - 1陽台,,有對外窗;陽台,https://www.rakuya.com.tw/rent/rent_item?ehid=067d3f293761457,c340f9d4bb5550a424ea088bb5ebbafc.jpeg,0.0
1356,整棟超新✨可租補✨乾溼分離✨採光佳✨共洗烘衣,,7499,10.0,0.0,3,1,台中市,台中市清水區漁港路,,透天厝,1房1衛,,有對外窗,https://www.rakuya.com.tw/rent/rent_item?ehid=0a078829376943b,3b8aa8e90de1956f60d42a7f771028f5.jpeg,0.04938883065680786
1357,R0C08）捷運輔大【優質1房1廳】大空間★附傢俱,,20000,19.0,20.0,4,1,新北市,新北市新莊區建國一路,,公寓,1房1廳1衛 - 1廚房,,,https://www.rakuya.com.tw/rent/rent_item?ehid=0557a7293741908,043509efc8a3113a9502748c4103223f.jpeg,0.4860194479230833
1358,✨全新完工✨可貓✨陽台獨洗✨衛浴開窗✨超大電視✨,,11499,14.0,0.0,1,1,台中市,台中市大雅區月祥路,,透天厝,1房1廳1衛 - 1陽台,,有對外窗;陽台,https://www.rakuya.com.tw/rent/rent_item?ehid=07514d293747851,28d843973e6d31bfb21f5979575546b6.jpeg,0.07042014897630734
1359,奢華系統裝潢✨類一房一廳✨陽台獨洗✨台水電✨管理員,,22999,32.0,0.0,4,1,台中市,台中市西屯區文華路,,電梯大廈,1房1廳1衛 - 1陽台,,,https://www.rakuya.com.tw/rent/rent_item?ehid=065277293741871,1d428372446fb179124bf748974631c6.jpeg,1.7245875176711438
1360,C0D69）捷運中山國中【超值租案】獨洗★女性首選,,12000,6.0,20.0,4,1,台北市,台北市中山區錦州街,,公寓,1房1衛,,,https://www.rakuya.com.tw/rent/rent_item?ehid=084e50293754583,71f78ab43b1af8e6531e168fe290d9b4.jpeg,2.253045332809211
1361,舒榆推好地~國道一號旁近青海路廠房出租,,85000,97.0,0.0,1,0,台中市,台中市西屯區青海路二段,,廠房,,,,https://www.rakuya.com.tw/rent/rent_item?ehid=0bf6fd29377101f,0392cf0c0c1fc306ecc5345d6f98d2ca.jpeg,0.9296814098066403
1362,✨東海.世貿中心✨可租補✨子母車✨大空間滿足妳✨,,89999,13.0,0.0,2,1,台中市,台中市西屯區中工二路,,透天厝,1房1廳1衛,,有對外窗,https://www.rakuya.com.tw/rent/rent_item?ehid=024a31293745842,82e90eb7474b42e423c0c7ba00fce1cc.jpeg,0.4390627234236543
1363,台中TOP1環球經貿中心✨全新裝修✨歡迎來電預約✨,,330000,45.58,0.0,3,0,台中市,台中市西屯區臺灣大道三段,,辦公,,,有對外窗,https://www.rakuya.com.tw/rent/rent_item?ehid=04260a293754178,3ae1df16837e8df2295da8cc32203d40.jpeg,0.7715676778430404
1364,智能家電✨電梯管理員✨可雙租補✨變頻冷暖✨機車位,,9499,12.0,0.0,3,1,台中市,台中市西屯區逢甲路,,電梯大廈,1房1衛 - 1陽台,,有對外窗;陽台,https://www.rakuya.com.tw/rent/rent_item?ehid=082e9e29373913f,d33ea7a0b8b4aae4b8be6a7235b918bf.jpeg,1.5993312996741251
1365,"永吉路套房出租，近捷運,公車,火車站交通極便利",,10000,6.0,0.0,3,1,台北市,台北市信義區永吉路,,透天厝,1房1衛,,有對外窗,https://www.rakuya.com.tw/rent/rent_item?ehid=0d74b2293722564,7b16664b91b53ca29079b57099876118.jpeg,1.399774576810871
1366,C0D68）近捷運行天宮【大空間】可補助★精緻裝潢,,22000,10.0,20.0,5,1,台北市,台北市中山區松江路,,公寓,1房1衛,,,https://www.rakuya.com.tw/rent/rent_item?ehid=0e8343293753994,29a19e5bc68042d0977d80e0f3ccadfc.jpeg,0.9637579867046283
1367,E0L14）近台北車站【超值租案】短租洽★獨立衛浴,,11000,6.0,20.0,2,1,台北市,台北市中正區中華路一段,,公寓,1房1衛,,,https://www.rakuya.com.tw/rent/rent_item?ehid=0a2647293750086,819d2e65df22210e078b65709c022b37.jpeg,3290.0
1368,170坪臨路大廠房可住辦規劃,,160000,170.0,0.0,1,0,台中市,台中市烏日區學田路,,廠房,,,,https://www.rakuya.com.tw/rent/rent_item?ehid=0ae03329376940e,1636e0f6e2078f7f8f60158c9cbd4697.jpeg,0.09538825552342388
1369,L8A33）捷運中原【電梯辦公】貨梯★可營登★車位,,65000,69.0,20.0,2,0,新北市,新北市中和區中山路二段,,電梯大廈,開放式格局,,,https://www.rakuya.com.tw/rent/rent_item?ehid=08df31293748890,50b4cf272c61ae0ee1e9109b6f550f94.jpeg,0.7806470891093175
1370,K0F26）海光公園【超值大空間】可補助★獨洗衣機,,17000,15.0,20.0,4,1,台北市,台北市士林區延平北路五段,,公寓,1房1衛,,,https://www.rakuya.com.tw/rent/rent_item?ehid=05de2a29251845e,826d86497b144ef2ff1cc8fe8b9c3b04.jpeg,0.27596132855164984
1371,R3B43）新莊高中【電梯3房2衛】有車位★有廚房,,35000,38.0,20.0,15,3,新北市,新北市新莊區幸福路,,公寓,3房2廳2衛 - 1陽台1廚房,,,https://www.rakuya.com.tw/rent/rent_item?ehid=038956293745287,eeca05c73f45a05350b7fcea48813d33.jpeg,0.4135698244764614
1372,M9B41）捷運頂溪2分【超值店面】可營登★可輕食,,33000,29.0,20.0,1,0,新北市,新北市永和區復興街,,公寓,,,,https://www.rakuya.com.tw/rent/rent_item?ehid=0333d8293739826,a11179ac505c0cb156dd0bc4463ef27a.jpeg,0.6572769617287133
1373,H0J63）捷運西門4分【電梯租案】補助★垃圾代收,,17000,6.0,20.0,8,1,台北市,台北市萬華區西寧南路,,電梯大廈,1房1衛,,,https://www.rakuya.com.tw/rent/rent_item?ehid=0b81a529374769f,e3cb7b843a4e2275641641800b9139c2.jpeg,1.0344803689722316e-05
1374,L8A33）捷運中原【電梯辦公】貨梯★營登★有車位,,65000,69.0,20.0,2,0,新北市,新北市中和區中山路二段,,辦公,,,,https://www.rakuya.com.tw/rent/rent_item?ehid=0a533b293749023,d110bd3ede99344a1124bf66b33da4b7.jpeg,1.1835617157463847
1375,F3D67）捷運萬隆站【優質3房2衛】可補助★獨戶,,32000,29.0,20.0,5,3,台北市,台北市文山區羅斯福路五段,,公寓,3房2廳2衛,,,https://www.rakuya.com.tw/rent/rent_item?ehid=02c38d293756370,e62eb42223fd6a2b4a34fb4bd4cff5b9.jpeg,1.2498229081706955
1376,L8A33）捷運中原【優質】可營登★貨梯★可拆租,,130000,149.0,20.0,10,0,新北市,新北市中和區中山路二段,,公寓,開放式格局,,,https://www.rakuya.com.tw/rent/rent_item?ehid=0b176029374945a,7bc712b789fc0a2ad65b825a8595f530.jpeg,1.0515220172482975
1377,R3B42）自強公園【優質3房2廳】寵物★獨立洗衣,,30000,27.0,20.0,5,3,新北市,新北市新莊區福樂街,,公寓,3房2廳1衛 - 2陽台1廚房,,,https://www.rakuya.com.tw/rent/rent_item?ehid=023d9429374328e,4f02218220b3bfad6c2182c99c0c944d.jpeg,0.21896389263382438
1378,H3C60）近捷運龍山寺站【稀有3房4衛】整棟出租,,35000,24.0,20.0,2,3,台北市,台北市萬華區大埔街,,透天厝,3房1廳4衛 - 1廚房,,,https://www.rakuya.com.tw/rent/rent_item?ehid=087b8329374858c,6b9593d96eb291c761db6078304b1881.jpeg,0.5035515436094153
1379,同德十一街透天住辦✦近同安國小 生活商業機能佳,,15000,6.0,37.0,2,0,桃園市,桃園市桃園區同德十一街,,透天厝,1衛,,有對外窗,https://www.rakuya.com.tw/rent/rent_item?ehid=0d85ee293768942,025fb78ec89620ceca46da509892f9ec.jpeg,0.7058473876772662
1380,可入籍租補．大業機能便利美三房含車位管理費,,26000,40.0,0.0,3,3,桃園市,桃園市桃園區大業路一段/臻愛歐洲,,電梯大廈,3房2廳2衛 - 1陽台1廚房,,有對外窗;有中庭;陽台,https://www.rakuya.com.tw/rent/rent_item?ehid=00acbd293739082,de64d75b76c9bbe0fc442c2929e6dd3e.jpeg,0.6911119370359194
1381,D0K91）松江南京站4分【採光2房1廳】可補助,,30900,9.0,20.0,9,2,台北市,台北市中山區新生北路一段,,電梯大廈,2房1廳1衛 - 1陽台,,,https://www.rakuya.com.tw/rent/rent_item?ehid=0922e429375446a,5b5785631e83a7cb7946aebb29b23757.jpeg,3.6130504601632915e-06
1382,松山站，貓可談，新整理，有陽台天然瓦斯，垃圾代收,,24500,9.0,0.0,3,0,台北市,台北市信義區虎林街,,公寓,1廳1衛 - 1室1陽台1廚房,,為邊間;陽台,https://www.rakuya.com.tw/rent/rent_item?ehid=02454929347251d,84ac2ed217fd7ad915f2d769a9c31788.jpeg,1.1942979512631433
1383,勝旺雲詠✦近華泰名品城 生活便利 機能美宅,,28000,40.0,0.0,8,2,桃園市,桃園市大園區領航北路三段/勝旺雲詠,,華廈,2房2廳1衛 - 1陽台1廚房,,有對外窗;有中庭;陽台,https://www.rakuya.com.tw/rent/rent_item?ehid=003e08293770992,f03450a06d1bc957ec38555bf67a838b.jpeg,0.2560111556253642
1384,中路特區溫馨舒適漂亮美居含車位管理費,,28000,29.0,0.0,14,2,桃園市,桃園市桃園區慈文路/合展悦禾,,電梯大廈,2房2廳1衛 - 1陽台1廚房,,有對外窗;陽台,https://www.rakuya.com.tw/rent/rent_item?ehid=0b748f29374841c,8d89b977131321db9bc7dbd92eec2d2a.jpeg,0.31979248159431306
1385,高大森河畔｜質感３房+平車｜一卡皮箱入住,,28000,43.49,3.1,8,3,高雄市,高雄市楠梓區援中路/都市森河畔,,電梯大廈,3房2廳2衛 - 2陽台,,有對外窗;有中庭;陽台,https://www.rakuya.com.tw/rent/rent_item?ehid=02e95129373696c,133df6cac5a87456a335259ce2e90c74.jpeg,0.3127056675977632
1386,可入籍補助．南崁精華地段超值三房輕鬆入住,,22000,37.0,0.0,3,3,桃園市,桃園市蘆竹區聯福街,,公寓,3房2廳2衛 - 1陽台1廚房,,有對外窗,https://www.rakuya.com.tw/rent/rent_item?ehid=073baf293749205,78abf1f175568d1adac0cd78901732a9.jpeg,0.355499408303311
1387,K0F40）近捷運芝山站【優質租案】獨洗★天母商圈,,11999,8.0,20.0,5,1,台北市,台北市士林區克強路,,公寓,1房1衛,,,https://www.rakuya.com.tw/rent/rent_item?ehid=06a97b293749227,7e68f548d20766e4b4b21ac0b8a56596.jpeg,1.382010882711343
1388,A3E23）信義國中【優質3房2衛】有警衛★可補助,,55000,40.0,20.1,5,3,台北市,台北市信義區莊敬路,,電梯大廈,3房2廳2衛 - 3陽台,,,https://www.rakuya.com.tw/rent/rent_item?ehid=001150292144473,7d98ffb9ed3099954042ea04be02b2ff.jpeg,1.2200055626583632
1389,A3E28）捷運永春站5分【精緻3房】採光優★電梯,,58000,36.0,20.0,7,3,台北市,台北市信義區虎林街,,電梯大廈,3房1廳1衛 - 1陽台1廚房,,,https://www.rakuya.com.tw/rent/rent_item?ehid=081fad29375450b,7062310efbd4ce2b696bfccf3eec5b8b.jpeg,1.0919189489962302
1390,B1C23）捷運六張犁站4分【電梯1房1廳】採光優,,38000,27.0,20.0,2,1,台北市,台北市大安區和平東路三段,,電梯大廈,1房1衛,,,https://www.rakuya.com.tw/rent/rent_item?ehid=0deaf529374823d,4cca515d95e867d32909835dcf6007c1.jpeg,1.42655976425313
1391,仁武全新獨棟辦公透天★仁雄路店面,,42000,49.12,1.1,3,0,高雄市,高雄市仁武區仁雄路,,透天厝,,,有對外窗;陽台,https://www.rakuya.com.tw/rent/rent_item?ehid=02102b293739907,8c90f1602d4dc17e60e364eff7a27fd0.jpeg,0.12649948060934876
1392,小檜溪全新第一手入住雙陽台美三房含車位管理費,,35600,46.0,0.0,3,3,桃園市,桃園市桃園區青溪一路/德友秀川,,電梯大廈,3房2廳2衛 - 2陽台1廚房,,有對外窗;為邊間;有中庭;陽台,https://www.rakuya.com.tw/rent/rent_item?ehid=03e22c29373134f,2f2a924459c29f54beb0698f7fd94d83.jpeg,0.6874834795145137
1393,摩天金融大樓✦黃金地段 近藝文圖書館 高樓層採光佳,,36000,46.0,33.0,13,0,桃園市,桃園市桃園區中正路/摩天金融大樓,,電梯大廈,開放式格局,,有對外窗;有中庭,https://www.rakuya.com.tw/rent/rent_item?ehid=036315293826995,c112b5a774a6094a8db9eb59f2fefbc5.jpeg,0.6262952833359445
1394,高大藍田公園｜永久棟距｜景觀三房平車｜一卡皮箱入住,,30000,41.59,0.11,5,3,高雄市,高雄市楠梓區大學十一街/藍田玉,,電梯大廈,3房2廳2衛 - 2陽台,,有對外窗;有中庭;陽台,https://www.rakuya.com.tw/rent/rent_item?ehid=0018bc29373787e,bbb13ec9e58083e6b0a0f3c6f66b2342.jpeg,0.1749952394945022
1395,新崛江商圈｜捷運｜好停車｜百坪店面✨黃金地段✨,,420000,171.77,22.2,4,0,高雄市,高雄市前金區五福三路,,透天厝,,,有對外窗;為邊間;陽台,https://www.rakuya.com.tw/rent/rent_item?ehid=096e6429373371d,4988a04ce17ca9b3ecd49cc7b298ef8a.jpeg,0.0
1396,D9A62）捷運忠孝敦化【黃金店面】三角窗★有人潮,,58800,14.0,20.0,1,0,台北市,台北市松山區八德路三段,,公寓,,,,https://www.rakuya.com.tw/rent/rent_item?ehid=0a527029374593c,d0cd04868d698743eef31ca1ea8b9fb7.jpeg,0.0
1397,大業大興精華地段１＋２樓金店面．Ｇ３店鋪,,85000,60.0,0.0,2,0,桃園市,桃園市桃園區大業路一段/昇捷麗舍,,電梯大廈,,,有對外窗;陽台,https://www.rakuya.com.tw/rent/rent_item?ehid=08f03429374876a,6801cf4b7ad1ad20997885d24752dcea.jpeg,0.5807541742962331
1398,大業寶山．精華地段．金店面商辦工作室,,48000,24.0,0.0,1,0,桃園市,桃園市桃園區大業路一段,,透天厝,,,,https://www.rakuya.com.tw/rent/rent_item?ehid=023c33293731271,f5f985b3daae9efa64cb9d522b40addb.jpeg,0.6481955716944338
1399,竹北租辦 台元科技園區廠辦,,72000,72.96,0.0,7,0,新竹縣,新竹縣竹北市台元街,,廠房,,,,https://www.rakuya.com.tw/rent/rent_item?ehid=0e7b36293729182,a4342afa1f895bf5fa08a683ab573096.jpeg,0.7752093072715348
1400,170坪臨路廠房全新規劃,,70000,190.0,0.0,1,0,彰化縣,彰化縣伸港鄉中興二街,,廠房,,,,https://www.rakuya.com.tw/rent/rent_item?ehid=0de947293765184,a772c8ed7de62fefc0255728b1d4d816.jpeg,0.03225575653610085
1401,北區 可貓 獨洗套房,,7800,8.0,0.0,6,1,台中市,台中市北區榮華街,,透天厝,1房1衛,,有對外窗,https://www.rakuya.com.tw/rent/rent_item?ehid=0bb98d29366372c,c63e1d1a926f227c8b73e19397c7b544.jpeg,2.1648339950123425
1402,東區大空間✨可租補✨陽台獨洗衛浴開窗✨電梯電磁爐,,11500,12.0,3.0,2,1,台中市,台中市東區練武路,,透天厝,1房1衛 - 1陽台,,有對外窗;陽台,https://www.rakuya.com.tw/rent/rent_item?ehid=039a0c293663194,98b6bd58e88241066b4ac4b655981fd0.jpeg,0.7110407152924096
1403,龍井小資最秒殺可租補✨陽台獨洗曬,,5299,7.0,0.0,3,0,台中市,台中市龍井區新興路,,透天厝,開放式格局,,有對外窗;陽台,https://www.rakuya.com.tw/rent/rent_item?ehid=01463c293699739,ea651050a7d96998a91e7e89cef88bef.jpeg,0.322204822624011
1404,北區近一中✨可狗貓✨可租補雙租補✨陽台獨洗衛浴開窗,,13000,12.0,3.0,6,1,台中市,台中市北區榮華街,,電梯大廈,1房1衛 - 1陽台,,有對外窗;陽台,https://www.rakuya.com.tw/rent/rent_item?ehid=0283c1293670088,3425107f5ee3fb0345b2fcb628cc9e6a.jpeg,2.3172350834946323
1405,龍井小資大坪數可租補✨可報稅可寵,,7299,9.0,0.0,3,0,台中市,台中市龍井區台灣大道五段,,透天厝,開放式格局,,有對外窗,https://www.rakuya.com.tw/rent/rent_item?ehid=0be021293699872,c6d4ef3fc7ff7cc617cac541b68cf476.jpeg,0.40776500638519453
1406,順和八街金蛇添彩✨陽台獨洗✨可租屋補助✨機車位✨,,6599,10.0,0.0,4,0,台中市,台中市西屯區順和八街,,電梯大廈,開放式格局,,有對外窗;陽台,https://www.rakuya.com.tw/rent/rent_item?ehid=08ebf3293680287,86ed9b5f6f2590c5164afe128f9b4046.jpeg,0.3218957777371028
1407,近火車站秒殺✨台水電可貓可狗✨可租補浴缸流理臺,,12000,13.0,10.0,11,1,台中市,台中市中區成功路,,電梯大廈,1房1廳1衛 - 1廚房,,有對外窗,https://www.rakuya.com.tw/rent/rent_item?ehid=0630a3293653647,a93f32ea32d998171be48a2ac88cb122.jpeg,0.49148505100157736
1408,幸福就是你❤️可租補❤️有電梯❤️陽台獨洗,,11999,15.0,0.0,3,0,台中市,台中市北區自強街,,透天厝,開放式格局,,有對外窗,https://www.rakuya.com.tw/rent/rent_item?ehid=022789293693422,b5c096deb282184057e1f6e6c9c7077f.jpeg,0.5148477161650004
1409,北區 可租補 陽台獨洗 電梯套房,,12000,8.0,0.0,6,1,台中市,台中市北區國強街,,透天厝,1房1衛 - 1陽台,,有對外窗;陽台,https://www.rakuya.com.tw/rent/rent_item?ehid=0a6c9d293704862,e62a3f4f977799b8243be7798f23ac7c.jpeg,0.5761567330553145
1410,東海龍井套房首選可租補✨陽台獨洗曬全新完工,,8799,10.0,0.0,3,0,台中市,台中市龍井區遊園北路,,電梯大廈,開放式格局,,有對外窗;陽台,https://www.rakuya.com.tw/rent/rent_item?ehid=031060293700047,6e4f026f4b449c565ab5fbae47fa2ee9.jpeg,0.19379402229764128
1411,中國醫✨可凸窗曬✨租屋補助✨小資首選,,3699,11.0,0.0,3,0,台中市,台中市北區學士路,,公寓,開放式格局,,有對外窗,https://www.rakuya.com.tw/rent/rent_item?ehid=0389be29368225d,154fbee5017eb3eaaa03e33eaafffd72.jpeg,0.1518367329380015
1412,寵物的窩雙租屋補助✨可貓狗✨聯網電視✨暖心小窩,,13999,20.0,0.0,7,1,台中市,台中市南區合作街,,電梯大廈,1房1衛 - 1陽台,,,https://www.rakuya.com.tw/rent/rent_item?ehid=0c2dce293700150,643821df50d2435ebb6a4d77ff0112be.jpeg,1.2679011048063153
1413,龍井大肚最秒殺可租補✨整棟全新可寵,,7999,10.0,0.0,5,0,台中市,台中市龍井區遊園南路,,電梯大廈,開放式格局,,有對外窗;陽台,https://www.rakuya.com.tw/rent/rent_item?ehid=048c2a293698387,d1075ea52752f30cd9124c7b577d5c2f.jpeg,0.2705491279855644
1414,全新整理✨超省租屋補助✨獨洗獨曬✨貓奴首選✨秒殺,,8499,15.0,0.0,1,1,台中市,台中市北屯區文昌二街,,透天厝,1房1衛 - 1陽台,,,https://www.rakuya.com.tw/rent/rent_item?ehid=044f4629367583c,0d8a422b6830d2f56322f9ef3148c883.jpeg,3053.3003882809744
1415,一中台體★共洗獨曬★可租屋補助★小資首選,,6999,10.0,0.0,2,1,台中市,台中市北區育才北路,,公寓,1房1廳1衛,,有對外窗,https://www.rakuya.com.tw/rent/rent_item?ehid=0aae8d293715484,cc1d5cca2c47e6b8e12bdc46916ca65b.jpeg,0.5592713874448603
1416,東海小資最秒殺全新完工✨獨洗窗曬可租補,,7999,10.0,0.0,3,0,台中市,台中市龍井區新興路,,電梯大廈,開放式格局,,有對外窗,https://www.rakuya.com.tw/rent/rent_item?ehid=0d2aea293700136,052ad1d74953354aa77658a5a0427f0b.jpeg,0.3573290369620662
1417,秒殺✨陽台獨洗流理台✨絕美採光✨機車位✨電梯套房,,9499,15.0,0.0,5,1,台中市,台中市北區三民路三段,,電梯大廈,1房1衛 - 1陽台,,,https://www.rakuya.com.tw/rent/rent_item?ehid=0b098f293675318,ba961dcc0cc1660bbcc916b220a0f031.jpeg,0.0
1418,❤獨立套房❤流理臺可租補✨獨立洗衣機✨子母車,,5499,8.0,0.0,3,1,台中市,台中市東區七中路,,透天厝,1房1衛 - 1室,,,https://www.rakuya.com.tw/rent/rent_item?ehid=039ae5293683221,07e8ec518b6b6df0fa08150ced189e24.jpeg,0.0
1419,中區 可寵 可租補 流理臺 台水電計費 電梯套房,,12000,8.0,0.0,11,1,台中市,台中市中區成功路/東協廣場(地上權),,電梯大廈,1房1衛,,有對外窗,https://www.rakuya.com.tw/rent/rent_item?ehid=09314c29366993e,fb351d85806acac4873c90eeb3163311.jpeg,0.49148505100157736
1420,東區 可寵 可租補 電梯3房住家,,26000,25.0,0.0,5,3,台中市,台中市東區自強街,,電梯大廈,3房2廳2衛 - 1陽台1廚房,,有對外窗;陽台,https://www.rakuya.com.tw/rent/rent_item?ehid=0d771f293664767,c8a9367a6cf2fc8841548c0e35e3a7fc.jpeg,0.5312811402278709
1421,東海❤共洗獨曬❤機車位❤小資首選❤子母車,,5499,10.0,0.0,3,1,台中市,台中市龍井區遊園南路,,透天厝,1房1廳1衛,,有對外窗,https://www.rakuya.com.tw/rent/rent_item?ehid=07d652293715472,72cb3bac593291dd17a63b5ab2da4729.jpeg,0.283293523029895
1422,當月限定✨台水台電✨可租補✨超級秒殺✨月底前秒殺,,7499,12.0,0.0,9,1,台中市,台中市西屯區河南路二段,,電梯大廈,1房1衛,,有對外窗,https://www.rakuya.com.tw/rent/rent_item?ehid=0e0d2229370458a,b7aca84d2d2a0a1e8b658f0b91881117.jpeg,1.3139486822654924
1423,下樓逛一中  電梯獨洗套房,,11500,8.0,0.0,7,1,台中市,台中市北區一中街,,電梯大廈,1房1衛 - 1陽台,,有對外窗;陽台,https://www.rakuya.com.tw/rent/rent_item?ehid=0dfaf329365886c,3aef4fc2f7f69dd49bf762e418c714bd.jpeg,0.0
1424,經貿園區旁✨租屋補助✅陽台獨洗曬✅垃圾子母車✅,,14999,20.0,0.0,5,1,台中市,台中市北屯區中清路二段,,電梯大廈,1房1衛 - 1陽台,,,https://www.rakuya.com.tw/rent/rent_item?ehid=0b4137293714674,161c2ed3a2201a8f57a2581eb535fef2.jpeg,0.7305196062447745
1425,東區超秒殺✨獨洗獨曬✨誰不愛?✨還有電梯✨別再等了,,6099,12.0,0.0,5,1,台中市,台中市東區玉皇街,,華廈,1房1衛,,有對外窗,https://www.rakuya.com.tw/rent/rent_item?ehid=0a4d59293704701,bc29b53ac5c2debb7b60638c21168a8f.jpeg,0.8790871746284523
1426,東海大學首選✨租屋補助✅可貓✅可租室內機車位✅,,8500,13.0,0.0,6,1,台中市,台中市龍井區台灣大道五段,,電梯大廈,1房1廳1衛 - 1陽台,,,https://www.rakuya.com.tw/rent/rent_item?ehid=0feeef293694747,7ce3407a69017f68c579dcdc85191d79.jpeg,0.4003409040010144
1427,西屯榮總秒殺✨可狗可貓✨電磁爐流理臺✨陽台獨洗曬,,8000,9.0,3.0,4,1,台中市,台中市西屯區永福路,,透天厝,1房1衛 - 1陽台,,有對外窗;陽台,https://www.rakuya.com.tw/rent/rent_item?ehid=0066cb29366554b,1b132bbe717e77f5dece79572aa1b19b.jpeg,0.6462453578354853
1428,小資最愛✨可租補✨電梯管理員✨採光極佳✨衛浴開窗,,7999,12.0,0.0,10,1,台中市,台中市西屯區福星路,,電梯大廈,1房1衛,,有對外窗,https://www.rakuya.com.tw/rent/rent_item?ehid=091b9e293704392,5871b5c5a62b8145dea872157c1d607b.jpeg,1.8621947526251679
1429,小資的愛✨獨洗獨曬✨木質地面✨精緻套房✨有電梯免爬,,6299,12.0,0.0,8,1,台中市,台中市東區大勇街,,華廈,1房1衛,,有對外窗,https://www.rakuya.com.tw/rent/rent_item?ehid=0d0f8c293704719,5081f968c8aeafb3e4f32a8b8e832ce6.jpeg,0.1250836523100512
1430,租屋補助✨台水電計✨子母車✨木地板✨景觀戶✨,,7499,13.0,0.0,9,1,台中市,台中市西屯區河南路二段,,電梯大廈,1房1衛,,,https://www.rakuya.com.tw/rent/rent_item?ehid=035618293684261,28ae3b4c84977ae3bb6c6373bf650d5b.jpeg,1.3139486822654924
1431,✨電梯美屋✨全新裝潢✨採光通風✨加賴約看✨,,5999,10.0,0.0,10,1,台中市,台中市西屯區福星路,,電梯大廈,1房1衛,,有對外窗,https://www.rakuya.com.tw/rent/rent_item?ehid=0d85f2293684371,6b1eba1d102e2ceb192001ae6147b0c6.jpeg,1.9288666310317877
1432,大空間⚡可貓寵⚡管理員⚡台電計⚡獨洗曬⚡台中公園,,9999,14.0,0.0,8,1,台中市,台中市中區自由路二段,,電梯大廈,1房1衛 - 1陽台,,有對外窗;陽台,https://www.rakuya.com.tw/rent/rent_item?ehid=0be666293664359,ccc0cb9fee0564e4f556345e496d76f3.jpeg,1.4833013174225094
1433,秒殺可租補@2房2衛1室@電梯管理員@汽機車位,,23000,28.0,0.0,4,2,台中市,台中市西屯區台灣大道三段/興富發上城,,電梯大廈,2房1廳2衛 - 1室1陽台1廚房,,有對外窗;有中庭;陽台,https://www.rakuya.com.tw/rent/rent_item?ehid=04d265293688327,010703cdd9f0055d1d4f2056c7b5b2c0.jpeg,0.9998217232374254
1434,租屋補助✨可寵✨中興大學學生首選✨陽台獨洗曬✨,,12999,17.0,0.0,5,1,台中市,台中市南區仁和路,,透天厝,1房1衛 - 1陽台,,,https://www.rakuya.com.tw/rent/rent_item?ehid=0ea3a0293701393,f474e5f06448d82a6a90c58c065362eb.jpeg,0.09932472717084265
1435,勤美綠園✨可貓貓✨陽台獨洗✨小資首選,,6999,13.0,0.0,3,0,台中市,台中市西區向上路一段,,公寓,開放式格局,,有對外窗;陽台,https://www.rakuya.com.tw/rent/rent_item?ehid=0a735429368075c,65d789a46a0abaab7b7d4e986fe1eea9.jpeg,1.6114071701333357
1436,✨新興路金蛇添翼✨可雙租屋補助✨陽台獨洗✨近東海✨,,12499,16.0,0.0,1,0,台中市,台中市龍井區新興路,,電梯大廈,開放式格局,,有對外窗;陽台,https://www.rakuya.com.tw/rent/rent_item?ehid=05f4de29367893d,64da9ebbe476c3b7c9ff11ff12c6f5da.jpeg,0.14820712801820443
1437,✨電梯美屋✨租屋補助✨大面採光✨加賴約看✨秒殺物件,,7999,15.0,0.0,10,1,台中市,台中市西屯區福星路,,電梯大廈,1房1衛,,有對外窗,https://www.rakuya.com.tw/rent/rent_item?ehid=0d15e7293684586,0b5c610817ad9939d66dc0939154a241.jpeg,1.7805195441766957
1438,近中國醫✨陽台獨洗✨可租補✨冷氣有換✨,,6499,11.0,0.0,5,1,台中市,台中市北區健行路,,公寓,1房1衛 - 1陽台,,有對外窗;陽台,https://www.rakuya.com.tw/rent/rent_item?ehid=0e5591293715545,8a9ac80f11e143d0d2dcbf07b6257385.jpeg,0.8764064093941596
1439,新興路蛇財進寶✨最省台電計✨可租補✨貓貓天堂✨採光,,12499,16.0,0.0,3,0,台中市,台中市龍井區新興路,,透天厝,開放式格局,,有對外窗,https://www.rakuya.com.tw/rent/rent_item?ehid=0cb96729368300e,aaae131c59207a75398a10d66d74990a.jpeg,0.3390359137671343
1440,幸福就是你❤️可租補❤️台水台電❤️陽台獨洗,,7999,11.0,0.0,7,0,台中市,台中市西屯區西安街,,電梯大廈,開放式格局,,有對外窗;陽台,https://www.rakuya.com.tw/rent/rent_item?ehid=04a18129369042f,7e18fad51b2c595b9cc43d5476dd9e4e.jpeg,1.733556299318824
1441,文華高中❤共洗獨曬❤可貓咪❤小資首選❤子母車,,4999,10.0,0.0,4,1,台中市,台中市西屯區天水西二街,,電梯大廈,1房1衛,,有對外窗,https://www.rakuya.com.tw/rent/rent_item?ehid=0b32c929371486b,f3ff27e39207d85073e8f930727fbc03.jpeg,0.885030531804541
1442,雙租屋補助✅世貿旁✅陽台獨洗曬✅乾溼分離✅子母車✅,,14399,20.0,0.0,3,1,台中市,台中市西屯區中工三路,,電梯大廈,1房1衛 - 1陽台,,,https://www.rakuya.com.tw/rent/rent_item?ehid=0e9391293693821,15967ee3020c28716ca70eb27982fcae.jpeg,0.4889539035397615
1443,馬上入住✅租屋補助✅陽台獨洗曬✅系統櫃✅子母車✅,,11500,14.0,0.0,2,1,台中市,台中市南區五權南路,,電梯大廈,1房1衛 - 1陽台,,,https://www.rakuya.com.tw/rent/rent_item?ehid=09cf21293699713,47927851120feaf6ae009b5607a5dcda.jpeg,0.0
1444,東海情侶家庭大套房可租補✨採光佳可寵,,11999,14.0,0.0,2,0,台中市,台中市龍井區新興路,,透天厝,開放式格局,,有對外窗,https://www.rakuya.com.tw/rent/rent_item?ehid=089b52293699072,13b821b5e979a71bfd9d96a6791183e7.jpeg,0.340636485175331
1445,整棟新蓋✨神秘優惠✨絕美採光✨陽台獨洗✨電梯套房,,8999,15.0,0.0,3,1,台中市,台中市北屯區天津路四段,,電梯大廈,1房1衛 - 1陽台,,,https://www.rakuya.com.tw/rent/rent_item?ehid=0214e7293655655,da061ec46752c373d4739a6f49b44e6c.jpeg,2.206566330290312
1446,飯店式管理✨可雙租補✨高品質貓貓愛✨採光佳✨你會愛,,6499,10.0,0.0,3,1,台中市,台中市龍井區台灣大道五段,,電梯大廈,1房1衛,,有對外窗,https://www.rakuya.com.tw/rent/rent_item?ehid=01fb01293704501,1e450bbfc5f974bb550c423aeaa461a4.jpeg,0.4135968120796811
1447,東海情侶套房首選可雙租補✨乾濕分離,,10499,12.0,0.0,2,0,台中市,台中市龍井區新興路,,電梯大廈,開放式格局,,有對外窗;陽台,https://www.rakuya.com.tw/rent/rent_item?ehid=0c9575293699806,e67013a52cd93d5cba8d4c2f68c0ce4f.jpeg,0.3400403821222996
1448,可租補大空間✨近新光遠百✨衛浴乾溼分離流理台,,13799,20.0,0.0,3,1,台中市,台中市西屯區青海路二段,,透天厝,1房1衛 - 1陽台,,陽台,https://www.rakuya.com.tw/rent/rent_item?ehid=0663e4293715525,d09449991d7b2d1434f913d2638c2af3.jpeg,1.125360902311944
1449,學府路金蛇報喜✨陽光套房✨包裹管理員代收✨生活機能,,6499,10.0,0.0,3,0,台中市,台中市南區學府路,,電梯大廈,開放式格局,,有對外窗,https://www.rakuya.com.tw/rent/rent_item?ehid=0ad923293670091,22e4c02d2367e4274e79e13cead00d5a.jpeg,0.0
1450,幸福就是你❤️小資首選❤️有電梯❤️共洗窗曬,,5999,9.0,0.0,2,0,台中市,台中市南區五權南路,,電梯大廈,開放式格局,,有對外窗,https://www.rakuya.com.tw/rent/rent_item?ehid=0cb31d293690566,a03ea79fc4dab06ecaced23a08ab016b.jpeg,0.0
1451,出來就勤益科大可雙租補✨陽台獨洗曬台電,,8999,11.0,0.0,7,0,台中市,台中市太平區坪林路,,電梯大廈,開放式格局,,有對外窗;陽台,https://www.rakuya.com.tw/rent/rent_item?ehid=02c37429370247f,1b677899ed64847afccf027fe35a16ac.jpeg,0.15301007399823333
1452,租屋補助✅超大陽台使用空間✅採光超好✅兒童公園旁✅,,7999,13.0,0.0,4,1,台中市,台中市太平區中山路二段,,電梯大廈,1房1衛 - 1陽台,,,https://www.rakuya.com.tw/rent/rent_item?ehid=08194c29365555d,693c06a6fbe3ca35737c009d39a247f6.jpeg,0.296072630625712
1453,西區質感裝潢✨獨洗曬子母車飲水機✨近美術館五權車站,,12500,13.0,5.0,9,1,台中市,台中市西區公館路,,電梯大廈,1房1衛,,有對外窗,https://www.rakuya.com.tw/rent/rent_item?ehid=0ddb86293658914,b481fc9e8f19f5dd637df8e11934e75f.jpeg,0.0
1454,幸福就是你❤️可租補❤️有電梯❤️陽台獨洗,,11499,11499.0,0.0,6,0,台中市,台中市西區向上路一段,,透天厝,開放式格局,,有對外窗;陽台,https://www.rakuya.com.tw/rent/rent_item?ehid=0104a6293693311,281e351d6a66d9d5ff97f760b8390ddd.jpeg,1.5189234911139624
1455,晚來只能哭哭哦!**逢甲第一省**寵物也友善,,5999,8.0,0.0,4,1,台中市,台中市西屯區西安街,,華廈,1房1衛,,有對外窗,https://www.rakuya.com.tw/rent/rent_item?ehid=0948b6293650522,2da7414bfd75ec9c38600cd0568d6970.jpeg,1.7956225545460391
1456,西屯最秒殺✨可租補✨台水台電✨有電梯✨機能超好,,7999,12.0,0.0,8,1,台中市,台中市西屯區河南路二段,,電梯大廈,1房1衛,,有對外窗,https://www.rakuya.com.tw/rent/rent_item?ehid=07089b29370456e,2b0c9c568cf26bc9032730476429cefc.jpeg,1.3037405148587387
1457,澄清工業大套房✨福蛇迎春中工三路✨租屋補助✨陽台獨,,14399,18.0,0.0,3,0,台中市,台中市西屯區中工三路,,電梯大廈,開放式格局,,有對外窗;陽台,https://www.rakuya.com.tw/rent/rent_item?ehid=0b9e3a29366724f,2abdf9bbe7644ee42b47b00a718179a6.jpeg,0.4889539035397615
1458,小資爬樓梯✨可租補✨多間選✨機車好停✨中國醫,,4999,10.0,0.0,5,1,台中市,台中市北區大德街,,公寓,1房1衛,,有對外窗,https://www.rakuya.com.tw/rent/rent_item?ehid=03360e293664726,dea476915417df6062e59d2b5a0971c8.jpeg,1.1273860808561513
1459,✨小資首選✨絕美採光✨租屋補助✨電梯管理員,,7999,13.0,0.0,10,1,台中市,台中市西屯區福星路,,電梯大廈,1房1衛,,,https://www.rakuya.com.tw/rent/rent_item?ehid=03997a293680078,d68d77ba562c27796eb902a81a50977f.jpeg,1.8621947526251679
1460,O3L97）樹林車站【秒殺3房1廳】可寵★租屋補助,,16000,29.0,0.0,4,3,新北市,新北市板橋區篤行路三段,,公寓,3房1廳2衛 - 1陽台1廚房,,,https://www.rakuya.com.tw/rent/rent_item?ehid=0517d629369023d,ab3db8da6c7dd0651e560de7c2c6dcf4.jpeg,1.1904863714152942
1461,租補電梯兩房❤️陽台獨洗獨曬❤️可貓咪❤️子母車,,21999,23.0,0.0,4,2,台中市,台中市太平區中山路四段,,電梯大廈,2房1廳1衛 - 1陽台,,有對外窗;陽台,https://www.rakuya.com.tw/rent/rent_item?ehid=0e5a5e29365226c,92d4528a16daa51ec872ad8d4650f587.jpeg,0.5527997752690893
1462,三房⚡台水電⚡管理員⚡子母車⚡陽台獨洗⚡平面車位,,22500,25.0,0.0,12,3,台中市,台中市烏日區三榮路二段/富都匯,,電梯大廈,3房2廳2衛 - 2陽台1廚房,,有對外窗;陽台,https://www.rakuya.com.tw/rent/rent_item?ehid=0f219329367011f,997a6e3a04ac16774aebd42ed73382e5.jpeg,0.0
1463,南屯路二段蛇來運轉✨大面採光✨可租補✨陽台獨洗✨貓,,9999,10.0,0.0,4,0,台中市,台中市南屯區南屯路二段,,透天厝,開放式格局,,有對外窗;陽台,https://www.rakuya.com.tw/rent/rent_item?ehid=0c266129367264a,68ab01be307168efa6694469ef83cdcb.jpeg,0.7466215076302309
1464,嶺東科大金蛇繞福環中路陽台獨洗視野遼闊,,11999,12.0,0.0,3,0,台中市,台中市南屯區環中路四段,,電梯大廈,開放式格局,,有對外窗;陽台,https://www.rakuya.com.tw/rent/rent_item?ehid=0570dd29367442c,a0243e474cd61098e45c36aa6386dc7a.jpeg,0.1956226672006901
1465,龍井小資大套房可租補可寵,,4699,6.0,0.0,4,0,台中市,台中市龍井區新興路,,透天厝,開放式格局,,有對外窗,https://www.rakuya.com.tw/rent/rent_item?ehid=03e35a29369916b,10fac6a81a5f28c46f895580d56eac4e.jpeg,0.3816693262033817
1466,租屋補助✨陽台獨洗✨乾溼分離✨超大空間✨,,13799,17.0,0.0,3,1,台中市,台中市西屯區青海路二段,,透天厝,1房1衛 - 1陽台,,有對外窗;陽台,https://www.rakuya.com.tw/rent/rent_item?ehid=0075de293715580,45e0f4c6a3cbd478ae23825309854956.jpeg,1.125360902311944
1467,水湳園區✨租屋補助✨騎樓停車✨陽台獨洗曬✨,,11499,16.0,0.0,6,1,台中市,台中市北屯區后庄北路,,電梯大廈,1房1衛 - 1陽台,,,https://www.rakuya.com.tw/rent/rent_item?ehid=0b288229370007e,216f6c4d886a35780583e0cd6395a32c.jpeg,0.2083262740549092
1468,東大學生首選✨租屋補助✨可寵✨工業風一房一廳✨,,12499,18.0,0.0,2,1,台中市,台中市龍井區新興路,,透天厝,1房1廳1衛 - 1陽台,,,https://www.rakuya.com.tw/rent/rent_item?ehid=0c8e51293714637,959efc10707960939561e06d60616e0b.jpeg,0.3390359137671343
1469,中蔗路金蛇添彩✨雙租屋補助+入戶籍✨傢俱全配✨,,9999,13.0,0.0,3,0,台中市,台中市大肚區中蔗路,,透天厝,開放式格局,,有對外窗;陽台,https://www.rakuya.com.tw/rent/rent_item?ehid=0404fa293678405,e9ba6f93f84f4e1d109fb472d72b7150.jpeg,0.08549860140639129
1470,L0O63）比漾廣場【採光大空間】可寵★垃圾代收,,22800,10.0,20.0,11,1,新北市,新北市中和區中山路二段,,電梯大廈,1房1衛,,,https://www.rakuya.com.tw/rent/rent_item?ehid=06061d29361445b,72530cd9adccf18da09ef55ed667972a.jpeg,1.3195690534967524
1471,租屋補助✅黎明商圈✅陽台獨洗曬✅子母車✅,,14000,20.0,0.0,4,1,台中市,台中市南屯區黎明路二段,,電梯大廈,1房1衛 - 1陽台,,,https://www.rakuya.com.tw/rent/rent_item?ehid=0e7a2b293714753,23bb31b10fc46159d5299cf56cee2f46.jpeg,0.5651006471970196
1472,✨電梯美屋✨台水台電✨租屋補助✨加賴約看✨秒殺物件,,7499,13.0,0.0,9,1,台中市,台中市西屯區河南路二段,,電梯大廈,1房1衛,,有對外窗,https://www.rakuya.com.tw/rent/rent_item?ehid=0b474d29368424b,a0d2a7af624d56cb914680cc1360355b.jpeg,1.3139486822654924
1473,西屯 可租補 流理臺 陽台獨洗 一房一廳,,14800,8.0,0.0,3,1,台中市,台中市西屯區青海路二段,,透天厝,1房1廳1衛 - 1陽台,,有對外窗;陽台,https://www.rakuya.com.tw/rent/rent_item?ehid=0d1b2a29366586d,0f39446bb821e68bdf34535d881b6deb.jpeg,1.1164404127778478
1474,雙租屋補助✅可寵✅陽台獨洗曬✅流理臺1房1廳小豪宅,,22499,30.0,0.0,2,1,台中市,台中市西區忠仁街,,透天厝,1房1廳1衛 - 1陽台,,,https://www.rakuya.com.tw/rent/rent_item?ehid=0df58e29369542f,34ecb35a3a09522c09f1fe82471e0212.jpeg,1.0829412131332519
1475,機車好停✨租補可貓✨獨洗曬衣✨大空間✨文心崇德捷運,,10499,17.0,0.0,4,1,台中市,台中市北屯區文昌二街,,透天厝,1房1衛,,有對外窗,https://www.rakuya.com.tw/rent/rent_item?ehid=0b4d11293664903,aafde49eff1ea8d35fbe1e071c1da8df.jpeg,2.5651302081609515
1476,北屯兩房含平車✨可狗可貓✨可租補雙租補✨乾溼分離,,24000,25.0,1.0,10,2,台中市,台中市北屯區環太東路/總太心之所向,,電梯大廈,2房1廳1衛 - 1陽台1廚房,,有對外窗;陽台,https://www.rakuya.com.tw/rent/rent_item?ehid=0e0ba929365527a,596f841b0dc5c289a0bf834148b9c367.jpeg,0.3494521237547451
1477,S0A92）捷運永寧1分【超值租案】可補助★附傢俱,,10000,5.0,20.0,3,1,新北市,新北市土城區中央路三段,,公寓,1房1衛,,,https://www.rakuya.com.tw/rent/rent_item?ehid=04914229367745d,2afbf7e6b9d7a58dfe6cc7c41f4321fc.jpeg,0.18491340290257244
1478,L0O65）比漾廣場【電梯大空間】可寵★垃圾代收,,21000,8.0,20.0,11,1,新北市,新北市中和區中山路二段,,電梯大廈,1房1衛,,,https://www.rakuya.com.tw/rent/rent_item?ehid=09eeea29361473b,62b23215753fc4bda407d548ac8f209d.jpeg,1.3314674962037407
1479,雙租屋補助✅可貓狗✅可短租✅獨洗曬陽台✅精誠商圈✅,,9999,14.0,0.0,3,1,台中市,台中市西區大隆路,,透天厝,1房1衛 - 1陽台,,,https://www.rakuya.com.tw/rent/rent_item?ehid=01a550293699786,27387caae90285e71d3d8eda9284c61d.jpeg,1.4634179217466043
1480,雙租屋補助✅烏日三鐵旁✅陽台獨洗曬✅乾溼分離✅,,13999,19.0,0.0,1,1,台中市,台中市烏日區新興路,,透天厝,1房1衛 - 1陽台,,,https://www.rakuya.com.tw/rent/rent_item?ehid=057788293693970,20cd277fbd6813c5bceaea68788390b1.jpeg,0.21801014471782798
1481,整棟新蓋✨陽台獨洗✨系統裝潢✨租屋補助✨電梯套房,,11499,15.0,0.0,6,1,台中市,台中市北屯區后庄北路,,電梯大廈,1房1衛 - 1陽台,,,https://www.rakuya.com.tw/rent/rent_item?ehid=0b6518293655268,5ce20bab1bff871da94a874a37699c80.jpeg,0.2083262740549092
1482,勤益小資最秒殺陽台獨洗✨可短租可貓貓,,7999,10.0,0.0,6,0,台中市,台中市太平區宜欣七街,,電梯大廈,開放式格局,,陽台,https://www.rakuya.com.tw/rent/rent_item?ehid=0402dd293700166,4e93fbe39a406bf8dd647e635aa398ef.jpeg,0.517616633542193
1483,上城最秒殺✨2+1搶✨租屋補助✨含車位全配✨,,22999,35.0,0.0,4,2,台中市,台中市西屯區台灣大道三段,,電梯大廈,2房1廳1衛 - 1室1陽台1廚房,,,https://www.rakuya.com.tw/rent/rent_item?ehid=0b979e293715531,f59d90342050bd85011cb6ab6910ee7d.jpeg,0.9998264464987481
1484,走路逢甲✨雙租屋補助✨陽台獨洗✨機車位✨,,9499,13.0,0.0,3,1,台中市,台中市西屯區逢甲路,,電梯大廈,1房1衛 - 1陽台,,有對外窗;陽台,https://www.rakuya.com.tw/rent/rent_item?ehid=00375b29371550c,a1f55a37e1bb27ed0a25e3188e1da5a4.jpeg,1.5993312996741251
1485,世界大空間✨貓奴首選✨可租補✨超值首選✨台電均分,,12499,15.0,0.0,2,1,台中市,台中市龍井區新興路,,透天厝,1房1衛,,有對外窗,https://www.rakuya.com.tw/rent/rent_item?ehid=02cfbc29370337d,a6afcd6ab66a8c88c2ecc32256567080.jpeg,0.3390359137671343
1486,大兩房平車位✨台水電季✨租屋補助✨高樓景觀戶✨,,26999,40.0,0.0,21,2,台中市,台中市北屯區四平路,,電梯大廈,2房1廳1衛 - 2陽台1廚房,,,https://www.rakuya.com.tw/rent/rent_item?ehid=0d9cdd293694077,5068a08d1464c337660601cbced25505.jpeg,0.0
1487,南區一房一廳✨✨陽台獨洗曬✨樓梯三樓,,12000,12.0,5.0,3,1,台中市,台中市南區五權南路,,透天厝,1房1廳2衛 - 1陽台,,有對外窗;陽台,https://www.rakuya.com.tw/rent/rent_item?ehid=052a6d293657968,05472ee2a2005388e0ed176a406bc224.jpeg,0.0
1488,大坪數兩房／可貓咪／廚房陽台獨洗／合租首選／機車位,,23500,40.0,0.0,3,2,台中市,台中市東區忠孝路,,透天厝,2房1廳1衛 - 1陽台1廚房,,有對外窗;陽台,https://www.rakuya.com.tw/rent/rent_item?ehid=0a64b9293664270,8f23cdf1831ffe995f5f24946f308581.jpeg,0.0
1489,S0A23）清水高中【超值租案】補助★獨洗★附傢俱,,11000,10.0,20.0,1,1,新北市,新北市土城區延吉街,,公寓,1房1衛,,,https://www.rakuya.com.tw/rent/rent_item?ehid=011c31293679001,52e4766f2cfe251fffcf712497a04545.jpeg,0.2782226473432606
1490,A0R59）捷運市府3分【秒殺電梯】限女★共用廚房,,15000,7.0,20.0,7,1,台北市,台北市信義區基隆路一段,,電梯大廈,1房1衛,,,https://www.rakuya.com.tw/rent/rent_item?ehid=05e9f9293688012,81309edd509f76de0b082d8c55602330.jpeg,1.7636697495860723
1491,即將空出✨水湳中國醫✨可租補✨陽台獨洗✨乾溼分離,,11499,13.0,0.0,4,1,台中市,台中市北屯區大連路一段,,電梯大廈,1房1衛 - 1陽台,,有對外窗;陽台,https://www.rakuya.com.tw/rent/rent_item?ehid=0dd74129366524e,6a7859b7a57259e3f446630df0ba32e0.jpeg,1.7565914939089997
1492,雙租補電梯套房❤️陽台獨洗獨曬❤️近一中商圈火車站,,8499,9.0,0.0,5,1,台中市,台中市中區成功路,,電梯大廈,1房1衛 - 1陽台,,有對外窗;陽台,https://www.rakuya.com.tw/rent/rent_item?ehid=0e912229365188b,26d49896e6baf9d6804e53e7b717a485.jpeg,0.5118354513316176
1493,南屯 可貓 可營登 工作室出租,,12000,8.0,0.0,3,0,台中市,台中市南屯區文心南三路/親家ONECITY,,電梯大廈,,,有對外窗,https://www.rakuya.com.tw/rent/rent_item?ehid=02f64029370263e,85e4ccc2dd398cf316a0d65a12e692c2.jpeg,0.47980619830451016
1494,可租補正夯新成屋三房兩衛含管含車2萬有找＾＾,,19500,24.0,0.0,4,3,台中市,台中市梧棲區八德路/和築好好窩,,電梯大廈,3房1廳2衛 - 2陽台1廚房,,,https://www.rakuya.com.tw/rent/rent_item?ehid=04f7e1293648256,4eef5b3db5f3f37c6d97a24d3b21d81b.jpeg,0.0
1495,**運河星鑽河景套房~,,6500,6.5,28.0,9,1,台南市,台南市中西區環河街/凱迪拉克大樓,,電梯大廈,1房1衛,,有對外窗,https://www.rakuya.com.tw/rent/rent_item?ehid=0b306c29367897c,264decec8fc16da5db397555e4e15a35.jpeg,1.2554257909059292
1496,福蛇來送喜大墩路✨超大間可工作室✨可租補✨活機能佳,,10999,15.0,0.0,2,0,台中市,台中市南屯區大墩路,,電梯大廈,開放式格局,,有對外窗,https://www.rakuya.com.tw/rent/rent_item?ehid=072211293675950,4eeb792f408b64da98f150b789db4d17.jpeg,1.3232920603001437
1497,太平 可營登 含車位 店面出租,,35000,15.0,0.0,1,0,台中市,台中市太平區樹孝路,,電梯大廈,,,有對外窗,https://www.rakuya.com.tw/rent/rent_item?ehid=031fba293654269,b3dcdb49191dbed126b3c9dcda03f965.jpeg,0.4966298729068804
1498,R3B41）新莊體育館【優質3房2衛】可寵★免爬梯,,30000,35.0,20.0,1,3,新北市,新北市新莊區泰順街,,公寓,3房1廳2衛 - 1廚房,,,https://www.rakuya.com.tw/rent/rent_item?ehid=09b18e293684830,203b13243be9416f125644c876013266.jpeg,0.743949611117331
1499,龍崗，每層只有1間房，18坪全新獨立套房,,12000,18.0,0.0,3,0,桃園市,桃園市中壢區中山東路四段,,透天厝,開放式格局,,,https://www.rakuya.com.tw/rent/rent_item?ehid=0f5074293679400,8cdd3a0de49f771677d5ad18af95b6a9.jpeg,0.25888123478498926
1500,沙鹿精華地段｜百坪辦公室出租｜裝潢完善、設備齊全｜,,150000,110.0,9.0,3,0,台中市,台中市沙鹿區鎮南路二段,,辦公,,,,https://www.rakuya.com.tw/rent/rent_item?ehid=060a74293653800,f3493fccf54eaa183084b7c16275d826.jpeg,0.09596008659648295
1501,Q9B68）捷運台北橋站【黃金店面】可營登★有人潮,,68800,20.0,20.0,1,0,新北市,新北市三重區重新路二段,,公寓,,,,https://www.rakuya.com.tw/rent/rent_item?ehid=0b131d293690605,ccd80d0406a19c3ec211de711590eb5c.jpeg,1.0048675592227407
1502,Q9B69）近重陽大橋【超值店面】可工作室★可倉庫,,17000,14.0,0.0,1,0,新北市,新北市三重區仁義街,,公寓,,,,https://www.rakuya.com.tw/rent/rent_item?ehid=09298d29367586e,a565eec88df5b26201d9ba1e10f92273.jpeg,0.5949539151147434
1503,建工商圈一樓店面辦公,,20000,17.0,0.0,1,0,高雄市,高雄市三民區建中路,,透天厝,,,,https://www.rakuya.com.tw/rent/rent_item?ehid=0bd649293504737,6bbdc02e472367edb9a4519148cb953b.jpeg,0.3601505171755173
1504,全新未住_高樓海景三房平車(傢俱電誠可議）,,27000,21.67,0.0,17,3,高雄市,高雄市楠梓區大學二十七街/文陽景漾,,電梯大廈,3房2廳2衛 - 2陽台1廚房,,有對外窗;陽台,https://www.rakuya.com.tw/rent/rent_item?ehid=0540d9293658028,2e9d879b25b2e33661f000fabe702ba9.jpeg,0.1494027934670555
1505,B2E95）捷運東門5分【秒殺2房2廳】傢俱★廚房,,32000,20.0,20.0,3,2,台北市,台北市大安區永康街,,公寓,2房2廳1衛 - 1廚房,,,https://www.rakuya.com.tw/rent/rent_item?ehid=0f047429368989a,5b95433f60c2bb530ef50de5416c8b3d.jpeg,1.826261146739989
1506,龍崗、忠貞、中原每層只有1間房，18坪全新獨立套房,,13000,18.0,0.0,2,0,桃園市,桃園市中壢區中山東路四段,,透天厝,開放式格局,,,https://www.rakuya.com.tw/rent/rent_item?ehid=02f15b293680671,3b3db6229210a27f3105cbb3664720f3.jpeg,0.2565062556011536
1507,B0V22）捷運忠孝復興【超值電梯】可補助★洗衣機,,20500,5.0,20.0,9,1,台北市,台北市大安區忠孝東路三段,,電梯大廈,1房1衛,,,https://www.rakuya.com.tw/rent/rent_item?ehid=0d73c929311704b,d7ca8a4438514679701596aed62ccf61.jpeg,2.077162653737354
1508,高大特區景觀明亮三房平車,,24000,19.88,8.2,8,3,高雄市,高雄市楠梓區大學五十街/文陽,,電梯大廈,3房2廳2衛 - 2陽台1廚房,,有對外窗;陽台,https://www.rakuya.com.tw/rent/rent_item?ehid=06ea9e29368071a,26d96317beeedad108815d349361a8ef.jpeg,0.12699162229231714
1509,可入籍補助．經國水岸特區高樓景觀戶,,29700,41.0,0.0,18,3,桃園市,桃園市桃園區經國一路/自遊人日上區/嘉璟F1日上區,,電梯大廈,3房2廳2衛 - 1陽台1廚房,,有對外窗;有中庭;陽台,https://www.rakuya.com.tw/rent/rent_item?ehid=00a7af293652464,ac43b2aa8a07f8d606cb206a41558eb3.jpeg,0.2702555947563234
1510,頭份上禾旺全新華廈出租,,25000,23.49,0.0,2,3,苗栗縣,苗栗縣頭份市昌隆一街/昌隆廣場上禾旺,,電梯大廈,3房2廳2衛 - 1陽台1廚房,,,https://www.rakuya.com.tw/rent/rent_item?ehid=0477ca29369810d,9b24731be60f91222847e306c97a335b.jpeg,0.22686176389935636
1511,高大特區 - 全屋超光亮 2+1房+車位,,23500,20.85,10.6,7,2,高雄市,高雄市楠梓區大學十七街/大學17,,電梯大廈,2房2廳2衛 - 1室2陽台1廚房,,有對外窗;為邊間;陽台,https://www.rakuya.com.tw/rent/rent_item?ehid=04d1a329370491e,3e30cb0461f86d00fb0add0a3fac9894.jpeg,0.23831446911547485
1512,傳家詠心✦生活機能一應俱合 近優質學區,,26500,39.0,2.0,2,3,桃園市,桃園市龜山區大同路/傳佳詠心,,電梯大廈,3房2廳2衛 - 2陽台1廚房,,有對外窗;有中庭;陽台,https://www.rakuya.com.tw/rent/rent_item?ehid=0b2b1829366527e,13794f193a2cf734025461c0d0186488.jpeg,0.2833651979933746
1513,明亮日光精美好屋,,34000,13.96,0.0,5,0,台北市,台北市中山區農安街,,電梯大廈,1廳1衛,,,https://www.rakuya.com.tw/rent/rent_item?ehid=053e20293768729,e63748c63903b0148399d9c46786b317.jpeg,1.5985615960730026
1514,H2E17）近捷運龍山站【溫馨2房2衛】垃圾代收★,,45000,20.0,20.0,7,2,台北市,台北市萬華區萬大路,,電梯大廈,2房2廳2衛 - 1陽台1廚房,,,https://www.rakuya.com.tw/rent/rent_item?ehid=089e62293689934,6f4c2610f967ea1e3680909be152abe0.jpeg,1.079036722624695
1515,A9A60）捷運市政府站5分【黃金店面】微風商圈,,90000,18.0,20.0,1,0,台北市,台北市信義區逸仙路,,公寓,,,,https://www.rakuya.com.tw/rent/rent_item?ehid=091b71293698189,80225acb8a3cf392d97e1ffde1202701.jpeg,0.0
1516,可雙租補✨洗脫烘✨可寵✨子母車✨,,14499,17.0,0.0,7,1,台中市,台中市北區北屯路,,電梯大廈,1房1廳1衛,,有對外窗,https://www.rakuya.com.tw/rent/rent_item?ehid=096dfa293600021,eda4eb3a3ba94eecf6b736f30dcf3062.jpeg,0.12095200361275703
1517,全新完工✨可租補✨陽台獨洗✨乾溼衛浴✨,,11999,15.0,0.0,4,1,台中市,台中市北區進化北路,,電梯大廈,1房1廳1衛 - 1陽台,,有對外窗;陽台,https://www.rakuya.com.tw/rent/rent_item?ehid=015e5e293602534,bb82e0bcaa240de1f834861309629f4f.jpeg,0.0
1518,電梯管理員✨可租補✨可貓✨代收包裹✨附近停車場✨,,9000,10.0,0.0,5,0,台中市,台中市北區武昌路,,電梯大廈,開放式格局,,有對外窗,https://www.rakuya.com.tw/rent/rent_item?ehid=09c300293619125,4b761befca2351de0811b7b908c625e3.jpeg,0.0
1519,全新未住有多多間/可雙租補/陽台獨洗/衛浴乾溼,,14000,15.0,0.0,7,0,台中市,台中市北區山西路二段,,電梯大廈,開放式格局,,陽台,https://www.rakuya.com.tw/rent/rent_item?ehid=0214bd293627133,81b3d44eb302f5a78bdb27bec2b44fa8.jpeg,1.187571918474955
1520,北區精緻套房採光好台電可租補,,14000,15.0,0.0,2,0,台中市,台中市北區大誠街,,電梯大廈,開放式格局,,陽台,https://www.rakuya.com.tw/rent/rent_item?ehid=0e039629362720b,56778b2f82652b7cfb0104d3afce6614.jpeg,0.9963365048719025
1521,新蓋透天✨乾溼分離✨機車位✨可租補✨大空間套房✨,,13999,17.0,0.0,4,1,台中市,台中市北區華興街,,透天厝,1房1衛 - 1陽台,,陽台,https://www.rakuya.com.tw/rent/rent_item?ehid=04b28629360036a,0c433c2bea66cf7e8552f1d1e4e070c4.jpeg,2.2977121831444767
1522,走路去中科✨可貓✨可租補✨獨洗曬✨,,12850,14.0,0.0,14,1,台中市,台中市北區一中街,,電梯大廈,1房1廳1衛,,有對外窗,https://www.rakuya.com.tw/rent/rent_item?ehid=0838cb293600784,eb355589895285c1c494dea274a392ab.jpeg,0.0
1523,可雙租補✨可貓狗✨陽台獨洗曬✨子母車垃圾無須煩惱✨,,14000,14.0,0.0,4,1,台中市,台中市北區榮華街,,透天厝,1房1衛 - 1陽台,,有對外窗;陽台,https://www.rakuya.com.tw/rent/rent_item?ehid=05284f293594335,b461fa635aeaa0bb99c914369af94fab.jpeg,2.2976934944406735
1524,雙租補✨管理室代收包裹✨流理台✨洗脫烘✨雙面採光,,11499,18.0,0.0,7,1,台中市,台中市北區學士路,,電梯大廈,1房1衛 - 1陽台,,,https://www.rakuya.com.tw/rent/rent_item?ehid=0b5684293632972,1bb3f0e32bebd8704c7486cc061b405e.jpeg,0.13203777933057625
1525,台電✨雙租補✨陽台獨洗曬✨騎樓機車位✨,,12999,15.0,0.0,8,1,台中市,台中市北區衛道路,,電梯大廈,1房1廳1衛 - 1陽台,,有對外窗;陽台,https://www.rakuya.com.tw/rent/rent_item?ehid=007084293602174,82a3cb7684a1ce30fd88623ddffd25c2.jpeg,0.0
1526,可租補✨可貓✨台電✨陽台獨洗✨,,12799,15.0,0.0,6,1,台中市,台中市北區衛道路,,電梯大廈,1房1廳1衛 - 1陽台,,有對外窗;陽台,https://www.rakuya.com.tw/rent/rent_item?ehid=0e839529360305e,e6b3c0d5d55bcfcd1d1ccf0cf4b58d3f.jpeg,0.0
1527,全新裝潢⏳陽台獨洗⏳質感採光⏳超大坪數,,8499,16.0,0.0,4,1,台中市,台中市北區太原八街,,公寓,1房1廳1衛 - 1陽台,,有對外窗;陽台,https://www.rakuya.com.tw/rent/rent_item?ehid=0b0593293627679,951ff628f3fbb44313f1d40d729f96d8.jpeg,0.7692734803182133
1528,幸福就是你❤️美樓中樓❤️有電梯❤️陽台獨洗,,15499,18.0,0.0,7,0,台中市,台中市北區進化北路,,透天厝,開放式格局,,有對外窗;樓中樓;陽台,https://www.rakuya.com.tw/rent/rent_item?ehid=0fb831293619138,43b406441d6faa0ef8b6787480f11573.jpeg,0.0
1529,西屯樓中樓不用破萬✨限女性✨陽台獨洗✨衛浴開窗✨,,8800,10.0,0.0,2,0,台中市,台中市西屯區何厝街,,公寓,開放式格局,,有對外窗;陽台,https://www.rakuya.com.tw/rent/rent_item?ehid=0fd9c2293619434,64d20cee285bc3dcf56a6f23a3a60280.jpeg,1.1445804322079252
1530,一中商圈✨陽台獨洗✨乾濕分離✨子母車✨精緻裝潢✨,,9999,13.0,0.0,7,1,台中市,台中市北區一中街,,電梯大廈,1房1衛 - 1陽台,,有對外窗;陽台,https://www.rakuya.com.tw/rent/rent_item?ehid=00667a293596272,d6f518eb356dd83dbdc5a7aaa6966ea7.jpeg,0.0
1531,剛退租馬上看✨陽台獨洗曬✨乾溼分離✨固定機車位✨,,9499,15.0,0.0,5,1,台中市,台中市北區三民路三段,,電梯大廈,1房1衛 - 1陽台,,,https://www.rakuya.com.tw/rent/rent_item?ehid=0ed46829363329a,1d07418dfd88e6a72043db087f93f5e9.jpeg,0.0
1532,整棟新蓋✨可租補✨陽台獨洗✨子母車✨飲水機✨,,9000,9.0,0.0,1,0,台中市,台中市北區德化街,,電梯大廈,開放式格局,,有對外窗;陽台,https://www.rakuya.com.tw/rent/rent_item?ehid=0aa4e4293618654,41b8fb25a6892a23b0b7b21d3920f0f9.jpeg,2904.4444444444443
1533,超小資✨可租補✨可貓咪✨陽台獨洗✨子母車,,5099,7.0,0.0,5,0,台中市,台中市西屯區西屯路二段,,透天厝,開放式格局,,有對外窗;陽台,https://www.rakuya.com.tw/rent/rent_item?ehid=02613829363318e,6c7a764a1f58e6fdb3f2f406443868ab.jpeg,1.0770792913829832
1534,雙租屋補助✨獨洗烘衣✨雙面採光✨管理員✨,,11499,16.0,0.0,7,1,台中市,台中市北區學士路,,電梯大廈,1房1廳1衛,,有對外窗,https://www.rakuya.com.tw/rent/rent_item?ehid=01105229360600a,219d9d163afd1bc2efa427573bc62fb2.jpeg,0.13203777933057625
1535,北區樓中樓/陽台獨洗/流理台電磁爐/,,16500,17.0,0.0,7,0,台中市,台中市北區進化北路,,透天厝,開放式格局,,樓中樓,https://www.rakuya.com.tw/rent/rent_item?ehid=0c102729362694b,a500a3e54595134943c9df33376b7bf1.jpeg,0.0
1536,蛇年運轉✨陽台獨洗✨飲水機✨子母車✨採光很好✨,,9000,10.0,0.0,3,0,台中市,台中市北區太平路,,電梯大廈,開放式格局,,有對外窗;陽台,https://www.rakuya.com.tw/rent/rent_item?ehid=048b86293621230,ed332e1f59c5af5481819808e9cfb785.jpeg,1.3126480171506696
1537,蛇來運轉✨質感裝潢✨可租補✨陽台獨洗✨衛浴開窗✨,,8500,8.0,0.0,2,0,台中市,台中市東區富台街,,電梯大廈,開放式格局,,有對外窗;陽台,https://www.rakuya.com.tw/rent/rent_item?ehid=0116b1293621511,f98aadab6cc9b9ddb7e277186f216da5.jpeg,0.0
1538,近SOGO✨全新完工✨陽台獨洗曬✨,,10999,12.0,0.0,3,1,台中市,台中市西屯區大有一街,,透天厝,1房1衛 - 1室1陽台,,有對外窗;陽台,https://www.rakuya.com.tw/rent/rent_item?ehid=0de87c293592034,dfd17f9ecd21fb6817ef0929f867cd9c.jpeg,1.3989930176872991
1539,全新超大套✨陽台獨洗✨子母車✨採光佳✨剩最後一間✨,,10000,10.0,0.0,5,0,台中市,台中市中區三民路二段,,電梯大廈,開放式格局,,有對外窗;陽台,https://www.rakuya.com.tw/rent/rent_item?ehid=09d75f29361977a,033c45b418f69ad9296b712b0ea93907.jpeg,0.0
1540,可租補✅台水電計費✅陽台獨洗曬✅子母車✅汽車位可租,,10000,15.0,0.0,3,1,台中市,台中市北區陜西路,,電梯大廈,1房1衛 - 1陽台,,,https://www.rakuya.com.tw/rent/rent_item?ehid=0430b529363311c,faab5d8a3f3bc18d21861c6d218c5781.jpeg,0.0
1541,逢甲商圈旁✨台水電✨管理員代收✨子母車✨限女,,5799,10.0,0.0,6,1,台中市,台中市西屯區西屯路二段上石北二巷,,電梯大廈,1房1衛,,,https://www.rakuya.com.tw/rent/rent_item?ehid=06de7529363319f,7788935ee4f06f5ba4cb0e31b1ed7a08.jpeg,0.0
1542,北區超大間✨可雙租補✨電梯管理員✨獨立洗脫烘✨秒殺,,11999,16.0,0.0,7,1,台中市,台中市北區學士路,,電梯大廈,1房1衛,,有對外窗;陽台,https://www.rakuya.com.tw/rent/rent_item?ehid=09a66c293598351,f0ae80553c77e3863ebfcaa2d04387fd.jpeg,0.13138835856762768
1543,整棟全新⏳質感採光⏳陽台獨洗⏳衛浴開窗⏳子母車⏳,,9499,16.0,0.0,5,1,台中市,台中市北區三民路三段,,電梯大廈,1房1廳1衛 - 1陽台,,有對外窗;陽台,https://www.rakuya.com.tw/rent/rent_item?ehid=065daf29363170a,359e2e1b5ce156c2b47e94ed22b4fc85.jpeg,0.0
1544,秒殺❤運動套房❤室內大空間❤採光充足❤小資學生歡迎,,4999,10.0,0.0,5,0,台中市,台中市北區美德街,,公寓,開放式格局,,有對外窗,https://www.rakuya.com.tw/rent/rent_item?ehid=0bf5e3293625370,ebcb55b46a8c549b7b61bea8eb2e29f1.jpeg,1.1533527468259668
1545,貓奴首選✅可租補✅台電計費✅衛浴開窗✅子母車,,5999,12.0,0.0,3,1,台中市,台中市東區復興路四段,,透天厝,1房1衛 - 1陽台,,,https://www.rakuya.com.tw/rent/rent_item?ehid=025ec929362769a,f54caeb1554ae0342837f6a82bc59acc.jpeg,1.977511293875791
1546,超新電梯❤️租補❤️陽台獨洗❤️系統櫃❤️飲水機,,9999,10.0,0.0,2,1,台中市,台中市北區中清路一段,,透天厝,1房1衛 - 1陽台,,有對外窗;陽台,https://www.rakuya.com.tw/rent/rent_item?ehid=01e523293586405,bc11cbf4eec800202010e06551867bc5.jpeg,0.8967411449833133
1547,陽台獨洗✨木質地板✨大空間✨採光佳✨,,8499,13.0,0.0,4,1,台中市,台中市北區太原八街,,公寓,1房1衛 - 1陽台,,有對外窗;陽台,https://www.rakuya.com.tw/rent/rent_item?ehid=04f69129360019e,0b858ccf54a97a787af6dbe9a82b72b6.jpeg,0.7692734803182133
1548,全新未住✨無敵雙租補✨機車好停車✨陽台獨洗曬 ✨,,8499,1000.0,0.0,5,1,台中市,台中市中區成功路,,電梯大廈,1房1衛 - 1陽台,,,https://www.rakuya.com.tw/rent/rent_item?ehid=0b9e8829363286b,6fa1406dbd460bd4be9fa2118b55d05c.jpeg,0.5118354513316176
1549,整棟全新⏳可租補⏳台電計⏳陽台獨洗⏳衛浴開窗子母車,,9499,16.0,0.0,4,1,台中市,台中市南區台中路,,電梯大廈,1房1廳1衛 - 1陽台,,有對外窗;陽台,https://www.rakuya.com.tw/rent/rent_item?ehid=0df2ad29362710d,fefd56f6fe99306e08435d56e0f8dca3.jpeg,0.04800994520597749
1550,全新一年屋✨系統櫃✨可租補✨陽台獨洗✨,,12499,15.0,0.0,2,1,台中市,台中市北屯區中清路二段,,透天厝,1房1廳1衛 - 1陽台,,有對外窗;陽台,https://www.rakuya.com.tw/rent/rent_item?ehid=0a68b5293601883,8591012549332ed737c201ab669f5af9.jpeg,0.8301536517098117
1551,租補✅全新完工✅陽台獨洗曬✅乾溼分離✅變頻冷暖✅,,12999,16.0,0.0,3,1,台中市,台中市東區精武東路,,透天厝,1房1衛 - 1陽台,,,https://www.rakuya.com.tw/rent/rent_item?ehid=0e1081293633052,2e8d60ef5ac96445baa156a3c7ebdbb2.jpeg,0.5380892986536913
1552,全新完工 系統裝潢✨可租補✨可貓✨2+1房2廳✨,,28000,35.0,0.0,3,3,台中市,台中市北屯區信平路/達麗創世紀,,電梯大廈,3房2廳1衛 - 1陽台,,有對外窗;陽台,https://www.rakuya.com.tw/rent/rent_item?ehid=03ec9e293606441,fa88ebecdbec260f6b63f8877e338157.jpeg,0.3348519613369816
1553,龍井區大空間/可貓狗/可租補/代收包裹/有兩間,,13000,14.0,0.0,2,0,台中市,台中市龍井區新興路,,透天厝,開放式格局,,,https://www.rakuya.com.tw/rent/rent_item?ehid=055e4f293626729,d575e8885486cb93cf90cf1881b6e7dd.jpeg,0.3375082310541495
1554,北屯小資/可租補/陽台獨洗/,,7700,8.0,0.0,6,0,台中市,台中市北屯區天津路四段,,公寓,開放式格局,,,https://www.rakuya.com.tw/rent/rent_item?ehid=023975293626623,eac938f1d6345ba8f7f0e847b6a08972.jpeg,2.2482119635561126
1555,雙租補不加價✨電梯✨陽台獨洗曬,,14400,10.0,0.0,3,1,台中市,台中市西屯區中工三路,,電梯大廈,1房1衛 - 1陽台,,有對外窗;陽台,https://www.rakuya.com.tw/rent/rent_item?ehid=0f9de6293626653,4a81f27514e89c9e4fb22cf4cb3992d0.jpeg,0.4889500475874569
1556,文心森林❤可雙租補❤可寵物❤共洗獨曬❤子母車,,7499,10.0,0.0,2,1,台中市,台中市南屯區大昌街,,電梯大廈,1房1衛,,有對外窗,https://www.rakuya.com.tw/rent/rent_item?ehid=04b27d29363171a,b21ac8c2d92f5ab8735b373b33cd0d3a.jpeg,1.6648151667232316
1557,貓奴套房✨可租補✨陽台獨洗✨超級秒殺✨立即帶看,,6099,12.0,0.0,4,1,台中市,台中市西屯區西屯路二段,,透天厝,1房1衛 - 1陽台,,有對外窗;陽台,https://www.rakuya.com.tw/rent/rent_item?ehid=08478029359655a,196c245de9d2852571e3f4b43469a898.jpeg,1.0532160867697424
1558,2分鐘到火車站✨可租補✨獨洗曬✨台電✨子母車,,5999,7.0,0.0,3,0,台中市,台中市東區復興路四段,,透天厝,開放式格局,,有對外窗,https://www.rakuya.com.tw/rent/rent_item?ehid=05069f293633150,ec2c34b202ea067c300aac216610f7a5.jpeg,1.977511293875791
1559,屋況極佳✨洗脫烘✨全新系統櫃✨可寵可租補✨,,21000,22.0,0.0,2,1,台中市,台中市西區忠仁街,,電梯大廈,1房1廳1衛 - 1陽台,,有對外窗;陽台,https://www.rakuya.com.tw/rent/rent_item?ehid=03413f293594681,f5089e252120853c6d193e87307e6fc1.jpeg,1.091127103958316
1560,電梯管理員✨可雙租補✨大空間✨洗脫烘衣✨子母飲水機,,11999,15.0,0.0,7,1,台中市,台中市北區學士路,,電梯大廈,1房1廳1衛,,有對外窗,https://www.rakuya.com.tw/rent/rent_item?ehid=0f438f29360810a,039688746c031fb09191bbb6d82aae3f.jpeg,0.13138835856762768
1561,南區舒適套房✨可租補✨陽台獨洗✨子母飲水,,15000,15.0,0.0,2,0,台中市,台中市南區復興路二段,,電梯大廈,開放式格局,,陽台,https://www.rakuya.com.tw/rent/rent_item?ehid=0bba8f293627649,6a05046ae657b5b48a763d6bd88d78ba.jpeg,0.5265393819366703
1562,可短租✅陽台獨洗曬✅一中旁✅精裝小豪宅✅機車位,,8999,14.0,0.0,6,1,台中市,台中市北區進化路,,電梯大廈,1房 - 1陽台,,,https://www.rakuya.com.tw/rent/rent_item?ehid=0f3d41293633448,2c9215e1b242d8be6f6eefdb07f69e26.jpeg,0.0
1563,中友百貨旁✨緊鄰一中商圈✨可租屋補助✨子母車✨,,6999,10.0,0.0,1,1,台中市,台中市北區育才北路,,電梯大廈,1房1衛,,,https://www.rakuya.com.tw/rent/rent_item?ehid=09e5cd293627783,88d0a794b02aecf86f9b20fb1d6c989a.jpeg,1.163159972774932
1564,電梯新屋✨陽台獨洗✨租屋補助✨衛浴開窗✨,,8200,11.0,0.0,5,1,台中市,台中市西屯區漢成六街,,電梯大廈,1房1衛 - 1陽台,,有對外窗;陽台,https://www.rakuya.com.tw/rent/rent_item?ehid=0a75ae293628194,885139c4b0f0a7e1e114998478182a8a.jpeg,1.0026287329687433
1565,可租屋補助✅陽台獨洗曬✅流理臺✅子母車✅,,10000,14.0,0.0,2,1,台中市,台中市東區富台街,,電梯大廈,1房1衛 - 1陽台,,,https://www.rakuya.com.tw/rent/rent_item?ehid=070e7129362756e,daa24b0c3c0dc07bc90f0a2947291b75.jpeg,0.0
1566,全新裝潢⏳可雙租補⏳陽台獨洗⏳子母車⏳近一中商圈,,8999,15.0,0.0,3,1,台中市,台中市東區精武路,,電梯大廈,1房1衛 - 1陽台,,有對外窗;陽台,https://www.rakuya.com.tw/rent/rent_item?ehid=022b55293632836,adf0c2c7268f5d0c764a9a17ef679aad.jpeg,0.02617277581548728
1567,太平區首選優質套房✨可寵✨可租補✨獨洗曬✨,,7999,11.0,0.0,4,1,台中市,台中市太平區新興路,,電梯大廈,1房1廳1衛 - 1陽台,,有對外窗;陽台,https://www.rakuya.com.tw/rent/rent_item?ehid=0b7a1a293603982,bc41fdc09f16554792c90a3477959221.jpeg,0.4063341620311496
1568,陽台獨洗曬✅浴缸✅台中車站旁✅第二市場✅電梯大套✅,,8999,14.0,0.0,5,1,台中市,台中市中區成功路,,電梯大廈,1房1衛 - 1陽台,,,https://www.rakuya.com.tw/rent/rent_item?ehid=0ec95a293626959,00903576e634df70249aaee78f93c012.jpeg,0.5083558379546568
1569,❤東海精科❤可租屋補助❤陽台獨洗❤子母車❤機車好停,,8999,13.0,0.0,5,0,台中市,台中市西屯區順和七街,,電梯大廈,開放式格局,,陽台,https://www.rakuya.com.tw/rent/rent_item?ehid=03f40b293625192,24503381b5f7f9398238b548e9963843.jpeg,0.30602014799646665
1570,幸福就是你❤️可租補❤️乾溼分離❤️陽台獨洗,,13799,16.0,0.0,3,0,台中市,台中市西屯區青海路二段,,透天厝,開放式格局,,有對外窗;陽台,https://www.rakuya.com.tw/rent/rent_item?ehid=0b075a29361849b,3a97409f4b3cb7d8a51b63e3d903034d.jpeg,1.125360902311944
1571,西區多間套房可雙租補陽台獨洗近好事多,,13500,14.0,0.0,5,0,台中市,台中市西區東興路三段,,電梯大廈,開放式格局,,陽台,https://www.rakuya.com.tw/rent/rent_item?ehid=01958929362749b,bdea5d97c13e50f0ab7a92d3499d5eb5.jpeg,1.5429640955790593
1572,全新完工電梯透天可貓流理臺獨洗曬子母車,,7999,14.0,0.0,6,1,台中市,台中市太平區宜欣七街,,電梯大廈,1房 - 1陽台,,,https://www.rakuya.com.tw/rent/rent_item?ehid=0dbb13293633171,11fd2e3ffba362b40ca2697f1dd6b69a.jpeg,0.517616633542193
1573,整棟全新⏳可短租⏳陽台獨洗⏳衛浴開窗⏳子母車機車位,,8999,15.0,0.0,6,1,台中市,台中市北區進化路,,電梯大廈,1房1廳1衛 - 1陽台1廚房,,有對外窗;陽台,https://www.rakuya.com.tw/rent/rent_item?ehid=0cc9cd293626842,07f57989500fe5c665901252a78ce39d.jpeg,0.0
1574,公寓套房/獨洗曬/子母車,,13000,14.0,0.0,5,0,台中市,台中市西區中美街,,公寓,開放式格局,,,https://www.rakuya.com.tw/rent/rent_item?ehid=04496d29362717e,810d1e6188c734526a872ebe2e14001d.jpeg,1.6701835891022483
1575,小資兩房✨全新整理✨陽台獨洗✨中國醫科博館✨,,15499,23.0,0.0,5,2,台中市,台中市北區德化街,,透天厝,2房1廳1衛 - 1陽台,,有對外窗;陽台,https://www.rakuya.com.tw/rent/rent_item?ehid=06a93b293595115,970de18e5ac6f7e8a906f92479838fb1.jpeg,2.4708047068980563
1576,文心森林✅陽台獨洗✅可租屋補助✅可貓咪✅子母車,,10999,15.0,0.0,3,1,台中市,台中市南屯區大墩東街,,透天厝,1房1廳1衛 - 1陽台,,有對外窗;樓中樓;陽台,https://www.rakuya.com.tw/rent/rent_item?ehid=009f98293604049,9d7c15ba87e483566249288a0173fdf2.jpeg,1.0411339464025648
1577,南區多間套房可租補中興大學/五權車站,,10500,11.0,0.0,3,0,台中市,台中市南區和昌街,,電梯大廈,開放式格局,,陽台,https://www.rakuya.com.tw/rent/rent_item?ehid=0d3983293627717,b29e8f69ec5172cb40a4028b85fe5071.jpeg,0.6019833787618311
1578,全新完工✨首月免租金✨可寵陽台獨✨洗類一房一廳✨,,10999,15.0,0.0,4,1,台中市,台中市北屯區中清路一段,,透天厝,1房1廳1衛 - 1陽台,,,https://www.rakuya.com.tw/rent/rent_item?ehid=0a2c7a293632929,278a6ab6823b7497ae03b215fa4aba28.jpeg,0.0
1579,屋況佳✨台電✨室內機車位✨獨洗曬✨大空間✨,,8999,13.0,0.0,3,1,台中市,台中市北屯區安順北一街,,透天厝,1房1衛 - 1陽台,,陽台,https://www.rakuya.com.tw/rent/rent_item?ehid=017c35293592858,b048669d1f949ba3779c5af65d2ecd47.jpeg,1.8180012739526934
1580,3房2廳家具全配✨可租補入籍✨貓可談✨平面車位✨,,33999,42.0,0.0,11,3,台中市,台中市北屯區崇德十六路/大毅讚幸福,,電梯大廈,3房2廳2衛 - 1陽台,,有對外窗;陽台,https://www.rakuya.com.tw/rent/rent_item?ehid=03c449293595043,febfaca1ce04b8f883ea02e7fa358a45.jpeg,0.16315445560423403
1581,柳川河岸旁✨可租補✨獨洗曬✨流理台✨電梯大套房,,10999,18.0,0.0,3,1,台中市,台中市西區柳川東路二段,,電梯大廈,1房1衛 - 1陽台,,有對外窗;陽台,https://www.rakuya.com.tw/rent/rent_item?ehid=081f2429360247f,d9b8c43d047975f337d8048256a3f2fe.jpeg,1.1404300073909115
1582,一房一廳✨寵物友善✨雙陽台獨洗✨流理臺飲水✨中教大,,11999,16.0,0.0,4,1,台中市,台中市西區五權路,,透天厝,1房1廳1衛 - 2陽台,,有對外窗;陽台,https://www.rakuya.com.tw/rent/rent_item?ehid=0cec85293596646,1ea15598d2a01884f5698d4da28db67c.jpeg,0.0
1583,近中科✨可雙租補✨可短租半年✨獨洗窗曬✨精緻裝潢✨,,9999,13.0,0.0,3,1,台中市,台中市北區太平路,,透天厝,1房1衛,,有對外窗,https://www.rakuya.com.tw/rent/rent_item?ehid=0105b429359324d,1c03bdec37abb50277ba14100cb1544e.jpeg,1.2963973980690027
1584,近逢甲商圈✨可租補✨生活機能佳✨學生族首選✨,,7299,10.5,0.0,3,1,台中市,台中市西屯區福星路,,電梯大廈,1房1廳1衛,,有對外窗,https://www.rakuya.com.tw/rent/rent_item?ehid=0cf622293604204,0dfb757d5f193c3db9f01cee3aed106f.jpeg,1.8829452446749235
1585,台中女中✨可租補✨陽台獨洗✨超新物件✨忠孝夜市,,9999,12.0,0.0,4,1,台中市,台中市南區台中路,,華廈,1房1衛 - 1陽台,,有對外窗;陽台,https://www.rakuya.com.tw/rent/rent_item?ehid=091eea29359632d,c3342ac1b1150dea2842c5f1742871be.jpeg,0.04772014962217188
1586,可短租✨陽台獨洗✨機車位✨子母車✨,,8999,12.0,0.0,6,1,台中市,台中市北區進化路,,電梯大廈,1房1衛 - 1陽台,,有對外窗;陽台,https://www.rakuya.com.tw/rent/rent_item?ehid=09e3ca29360664f,da0d231311eca76d370a4084f7fb1990.jpeg,0.0
1587,文華高中✨租屋補助✨陽台獨洗曬✨子母車✨室內機車位,,8200,11.0,0.0,5,1,台中市,台中市西屯區漢成六街,,電梯大廈,1房1衛 - 1陽台,,,https://www.rakuya.com.tw/rent/rent_item?ehid=06fe5329363313a,d39b3a3802f17d09011573626b79ca09.jpeg,1.0026287329687433
1588,可寵✅雙租補✅即將釋出✅木地板✅獨洗曬✅,,7699,11.0,0.0,4,1,台中市,台中市北屯區軍和街,,透天厝,1房1衛,,,https://www.rakuya.com.tw/rent/rent_item?ehid=0a623029360394b,54e8e7402bdf496c8883e2d86efab714.jpeg,0.6194987909824402
1589,走路到勤美✨陽台獨洗✨舒適入住✨子母車飲水機✨,,7499,12.0,0.0,3,1,台中市,台中市西區公正路,,透天厝,1房1衛 - 1陽台,,有對外窗;陽台,https://www.rakuya.com.tw/rent/rent_item?ehid=0ef28729360921b,57706b982e19f77ac2344ce8b9b2c896.jpeg,1.7440430825685276
1590,全新整理✨可雙租補✨獨洗獨曬✨流理臺子母車✨貓可談,,9999,12.0,0.0,3,1,台中市,台中市龍井區新興路,,電梯大廈,1房1衛,,有對外窗,https://www.rakuya.com.tw/rent/rent_item?ehid=0cabcc29359528e,856c54c4b8eb028d64a3e56ad8b4ab78.jpeg,0.34795942432833665
1591,全新裝潢✅可貓雙租補✅情侶✅小家庭首選✅子母車,,23999,35.0,0.0,4,2,台中市,台中市北屯區遼陽北二街,,電梯大廈,2房1廳1衛 - 1室1陽台1廚房,,,https://www.rakuya.com.tw/rent/rent_item?ehid=03f4ac293633090,d9db8acf81c97e759de1a9f5d2824c31.jpeg,1.8715587316311375
1592,北區大空間✨陽台獨洗✨飲水機✨文心中清✨科博館,,8499,12.0,0.0,4,1,台中市,台中市北區太原八街,,透天厝,1房1衛 - 1陽台,,有對外窗;陽台,https://www.rakuya.com.tw/rent/rent_item?ehid=0f9223293594947,232bed32bc3b2b1c3faefb3b23cb8ad5.jpeg,0.7692734803182133
1593,馬上約看✨愜意漫步就能到勤美✨陽台獨洗曬✨子母車✨,,7499,13.0,0.0,3,1,台中市,台中市西區公正路,,透天厝,1房1衛 - 1陽台,,,https://www.rakuya.com.tw/rent/rent_item?ehid=0a456529363314e,baac184ed689335f6c428adadba01bc3.jpeg,1.7440430825685276
1594,租屋補助✨陽台獨洗✨可貓搶✨採光佳✨機車位,,10999,14.0,0.0,3,1,台中市,台中市南屯區大墩東街,,透天厝,1房1衛 - 1陽台,,有對外窗;陽台,https://www.rakuya.com.tw/rent/rent_item?ehid=067d3a293606453,a262ac708cf514cff5f94a7208c53d60.jpeg,1.0411339464025648
1595,即將釋出✅中科工程師首選✅陽台獨洗曬✅,,8499,13.0,0.0,4,1,台中市,台中市西屯區黎明路三段,,電梯大廈,1房1衛 - 1陽台,,,https://www.rakuya.com.tw/rent/rent_item?ehid=01f3f2293627186,da884ecb2606d36bcecbb6ca911cb3c3.jpeg,0.267573384458509
1596,南屯捷運旁✨可貓✨可租補✨子母車✨陽台獨洗曬✨,,10999,16.0,0.0,3,1,台中市,台中市南屯區大墩東街,,透天厝,1房1衛 - 1陽台,,,https://www.rakuya.com.tw/rent/rent_item?ehid=0f8901293633064,4fbcf1eca36769d5f4637603c75e6f81.jpeg,1.0411339464025648
1597,太平大套多間看內文/可貓狗/可雙租補,,18000,19.0,0.0,3,0,台中市,台中市太平區宜欣十街,,透天厝,開放式格局,,陽台,https://www.rakuya.com.tw/rent/rent_item?ehid=04745c29362681f,33f3dbf43dd65c19fe12d0cb1c3f3ae9.jpeg,0.43594546354631114
1598,稀有台水電✨可寵物✨陽台獨洗✨下樓捷運站✨管理員,,7999,13.0,0.0,13,1,台中市,台中市北屯區天津路四段,,電梯大廈,1房1衛 - 1陽台,,有對外窗;陽台,https://www.rakuya.com.tw/rent/rent_item?ehid=05b2a5293626900,66328a63a1f566dc0a5031b3d4dd7b77.jpeg,2.23790071148814
1599,✨電梯新屋✨可短租✨陽台獨洗✨加賴約看✨,,8999,13.0,0.0,6,1,台中市,台中市北區進化路,,電梯大廈,1房1衛 - 1陽台,,有對外窗;陽台,https://www.rakuya.com.tw/rent/rent_item?ehid=0a6e17293618426,50bbb89668e16f2de12764f1ba946afa.jpeg,0.0
1600,"近逢甲商圈,學校✨可租補✨陽台獨洗曬✨貓可談✨",,7799,10.0,0.0,2,1,台中市,台中市西屯區至善路/真愛逢甲,,透天厝,1房1衛 - 1陽台,,陽台,https://www.rakuya.com.tw/rent/rent_item?ehid=0af50829359302f,e01a2fdfb9c7db6b8a03be6a09aaec20.jpeg,1.2186340284264288
1601,中山醫興大✨陽台獨洗✨機車位✨木質地板,,7999,12.0,0.0,7,1,台中市,台中市南區福平街,,電梯大廈,1房1衛 - 1陽台,,有對外窗;陽台,https://www.rakuya.com.tw/rent/rent_item?ehid=0bb6df293629231,ce9fd54b511c37e69c68b7fc5cf1d865.jpeg,0.06840298707559553
1602,C0D44）近花博公園【秒殺租案】飲水機★垃圾代收,,12000,7.0,20.0,4,1,台北市,台北市中山區吉林路,,公寓,1房1衛,,,https://www.rakuya.com.tw/rent/rent_item?ehid=0eec0c29360447d,2509b15a960619b4aab7030ff2dc89c4.jpeg,0.0
1603,✨獨立套房✨台積電首選✨陽台獨洗.✨機車位好停車✨,,10500,10.0,0.1,5,1,台中市,台中市大雅區東大路二段,,華廈,1房1衛 - 1陽台,,有對外窗;陽台,https://www.rakuya.com.tw/rent/rent_item?ehid=0a00e229363301d,a7bae402ae7a2234168bac69e66b5f78.jpeg,0.018781090634605566
1604,五權車站旁✨陽台獨洗曬✨類一房一廳✨木地板✨,,9499,15.0,0.0,1,1,台中市,台中市南區福平街,,電梯大廈,1房1廳1衛 - 1陽台,,,https://www.rakuya.com.tw/rent/rent_item?ehid=01594e293627418,01907402d33d2fad8387fd7d6307303b.jpeg,0.06701388185001024
1605,近沙鹿火車站✨台電✨全新未住✨乾溼分離✨可租補✨,,7999,11.0,0.0,5,1,台中市,台中市沙鹿區中正街/凱悅W,,電梯大廈,1房1廳1衛,,有對外窗,https://www.rakuya.com.tw/rent/rent_item?ehid=0acd5529360058a,7cde092f3e7c6ec3d10cbd066803ee37.jpeg,0.2797375889360175
1606,L3J88）近捷運南勢角【超值3房2廳】貓★雙陽台,,23000,25.0,20.0,5,3,新北市,新北市中和區景新街,,公寓,3房2廳2衛 - 2陽台,,,https://www.rakuya.com.tw/rent/rent_item?ehid=0fe3e329342031c,26be2dcdd120f5c3d7c69530f9426632.jpeg,0.5989882179033263
1607,幸福就是你❤️乾溼分離❤️系統裝潢❤️陽台獨洗,,12799,15.5,0.0,7,0,台中市,台中市北屯區東山路一段,,透天厝,開放式格局,,有對外窗;陽台,https://www.rakuya.com.tw/rent/rent_item?ehid=08410b293614553,b43fcc9ca8e300f48b035b1f6e0f3c10.jpeg,0.610534412694523
1608,兩房一廳大空間✅貓咪✅租補✅代收包裹✅陽台獨洗曬✅,,23499,40.0,0.0,3,2,台中市,台中市東區建成路,,透天厝,2房1廳1衛 - 1陽台1廚房,,,https://www.rakuya.com.tw/rent/rent_item?ehid=0ac8d5293632894,cc0a897c43d79ea228449e5bf19a6189.jpeg,0.037011130004425435
1609,西區第五市場☄️優質類一房一廳⚡️可租補⚡️入戶籍,,14500,17.0,0.0,2,1,台中市,台中市西區自立街,,透天厝,1房1衛 - 1陽台,,陽台,https://www.rakuya.com.tw/rent/rent_item?ehid=0a6d69293602451,734f9abb159e66205bb59ae49c24dcbb.jpeg,1.1704633781948477
1610,『遠雄之星8期』兩房加平車含管理,,17000,16.0,0.0,4,2,台中市,台中市清水區大勇路,,電梯大廈,2房2廳1衛 - 1陽台1廚房,,,https://www.rakuya.com.tw/rent/rent_item?ehid=0fc6b4293614583,2f103bb066312b75d1a924d0ed03e6b6.jpeg,0.33957275343813187
1611,電梯❤️子母車❤️陽台獨洗❤️機車位❤️飲水機,,9499,10.0,0.0,5,1,台中市,台中市北區三民路三段,,透天厝,1房1衛 - 1陽台,,有對外窗;陽台,https://www.rakuya.com.tw/rent/rent_item?ehid=0eafba29359347f,4c0f71dbc0cbc143c453e5e8c57062ce.jpeg,0.0
1612,✨電梯美屋✨台水電✨租屋補助✨大面採光✨加賴約看✨,,7999,13.0,0.0,8,1,台中市,台中市西屯區河南路二段,,電梯大廈,1房1衛,,有對外窗,https://www.rakuya.com.tw/rent/rent_item?ehid=0a1b58293618667,d1879afd0d02c5a31db40982211d3d3c.jpeg,1.3037405148587387
1613,(獨立套房)✨ 中科最愛✨ 獨立洗衣機 ✅機車位,,10500,10.0,1.0,3,1,台中市,台中市大雅區上山一路,,華廈,1房1衛 - 1陽台,,有對外窗;陽台,https://www.rakuya.com.tw/rent/rent_item?ehid=0ae98b293632957,,0.06721653490279887
1614,電梯✨可租補✨陽台洗曬✨系統櫃✨衛浴開窗✨台電均價,,9999,10.0,0.0,4,1,台中市,台中市南區台中路,,透天厝,1房1衛 - 1陽台,,有對外窗;陽台,https://www.rakuya.com.tw/rent/rent_item?ehid=08381329358581f,e021de54e6f6cafcd5435b62b6b10db5.jpeg,0.04772014962217188
1615,可寵✅雙租補補助✅可當工作室✅子母車✅流理臺✅,,13499,18.0,0.0,3,1,台中市,台中市北屯區興安路一段,,透天厝,1房1衛 - 1廚房,,,https://www.rakuya.com.tw/rent/rent_item?ehid=0c6d26293626807,9d8fa5440c5a3702ca1cd4cdb3b01200.jpeg,1.948164686056455
1616,太平勤益科大.車庫大別墅***,,30000,60.0,40.0,0,5,台中市,台中市太平區大興三街,,別墅,5房2廳3衛 - 3陽台1廚房,,有對外窗;陽台,https://www.rakuya.com.tw/rent/rent_item?ehid=03e3f229361950c,dd5cf59f6b8e775fdf145d655f0e0033.jpeg,0.3130568103519738
1617,全新電梯⛅可貓寵⛅陽台讀喜⛅子母車⛅流理臺⛅飲水機,,8499,12.0,0.0,6,1,台中市,台中市太平區宜欣七街,,透天厝,1房1衛 - 1陽台,,有對外窗;陽台,https://www.rakuya.com.tw/rent/rent_item?ehid=0bc85229360882f,b8f6d2e202a8b29cd402e0e050110303.jpeg,0.5138625224260002
1618,天津商圈✨漢口商圈✨陽台獨洗曬✨子母車✨,,8999,14.0,0.0,6,1,台中市,台中市北屯區天津路四段,,電梯大廈,1房1衛 - 1陽台,,,https://www.rakuya.com.tw/rent/rent_item?ehid=0b0187293628201,f62128d0c23365dc09d6d3ed13cd034a.jpeg,2.206566330290312
1619,近靜宜大學✨大空間套房✨陽台獨洗曬✨可租補✨,,8799,11.0,0.0,4,1,台中市,台中市沙鹿區東晉路,,透天厝,1房1衛 - 1陽台,,有對外窗;陽台,https://www.rakuya.com.tw/rent/rent_item?ehid=02d59029359451f,2c1047a76fceea48bf5c71042608c1ce.jpeg,0.18370058363630581
1620,全新未住✨中科園區✨陽台獨洗✨變頻冷暖✨台積首選,,8999,16.0,0.0,5,1,台中市,台中市大雅區東大路二段,,電梯大廈,1房1衛 - 1陽台,,有對外窗;陽台,https://www.rakuya.com.tw/rent/rent_item?ehid=02ce56293626978,add156859a6aa77013cf1587d83df712.jpeg,0.019126259249779166
1621,近中科✨可工作室✨可雙租補助/入戶籍✨台水電✨可寵,,8500,10.0,0.0,7,0,台中市,台中市西屯區福聯街,,電梯大廈,開放式格局,,有對外窗;陽台,https://www.rakuya.com.tw/rent/rent_item?ehid=056ff629358393e,254053d053cce9cbc1f9dedd2dff9631.jpeg,0.5746665634647473
1622,三芝景觀七樓,,20000,45.0,25.0,7,3,新北市,新北市三芝區埔尾/拾翠山莊B,,電梯大廈,3房2廳2衛 - 3陽台1廚房,,有對外窗;為邊間;陽台,https://www.rakuya.com.tw/rent/rent_item?ehid=005e80293621243,cefc7d051d5deaabe37fcd40333cb975.jpeg,0.03858755541166257
1623,小資爬樓梯✨大空間✨獨曬衣✨飲水機✨中國醫一中街,,4999,10.2,0.0,5,1,台中市,台中市北區美德街,,透天厝,1房1衛,,有對外窗,https://www.rakuya.com.tw/rent/rent_item?ehid=0b6558293609788,78470e4739f77534a2c839ac3f0a6bab.jpeg,1.1533527468259668
1624,R0C07）捷運幸福站【超值租案】可補助★獨立衛浴,,8500,6.0,20.0,2,1,新北市,新北市新莊區化成路,,公寓,1房1衛,,,https://www.rakuya.com.tw/rent/rent_item?ehid=077e8a29359520c,45f6204cfd075b219ab32d347cb6b0b2.jpeg,0.30202934023367667
1625,北屯 可寵 可租補 電梯2房住家,,24000,15.0,0.0,10,2,台中市,台中市北屯區環太東路/總太心之所向,,電梯大廈,2房1廳1衛 - 1陽台,,有對外窗;陽台,https://www.rakuya.com.tw/rent/rent_item?ehid=0ff407293632841,29c80276e1c38e437dd66f467a5e6abb.jpeg,0.3494521237547451
1626,整棟新蓋1~12樓可雙租補走路廟東多間,,10500,11.0,0.0,5,0,台中市,台中市豐原區源豐路,,電梯大廈,開放式格局,,陽台,https://www.rakuya.com.tw/rent/rent_item?ehid=0a7ae2293627221,cd1cf7b908d7ababe551632456e0d51c.jpeg,0.5812253312183197
1627,超甜租金✨雙租補✨乾溼分離✨流理台✨對外窗,,4499,6.0,0.0,1,0,台中市,台中市太平區中山路一段,,透天厝,開放式格局,,有對外窗,https://www.rakuya.com.tw/rent/rent_item?ehid=0fd5ff29363331f,15632107d5107e0dbdb76cde8f8240c4.jpeg,0.2280846316674355
1628,全新未住✨2房平車✨可租補✨乾溼分離✨歡迎家庭✨,,31999,35.0,0.0,26,2,台中市,台中市南屯區文心南路/文心愛悅,,電梯大廈,2房2廳1衛 - 2陽台,,有對外窗;陽台,https://www.rakuya.com.tw/rent/rent_item?ehid=0c7a4729359241a,d32e09887e11ff467d0826921d7bc84f.jpeg,0.4925942999668764
1629,全新完工✅可寵電梯✅雙租補✅短租✅台電✅近靜宜弘光,,9900,9.0,0.0,3,1,台中市,台中市沙鹿區台灣大道七段,,透天厝,1房1衛 - 1陽台,,有對外窗;陽台,https://www.rakuya.com.tw/rent/rent_item?ehid=01c77c29359273c,ad4d239d37478ff6f039f6251c6d750c.jpeg,0.15527234728867662
1630,文心河南✨水湳中國醫✨陽台獨洗✨可租補✨超級秒殺,,8200,12.0,0.0,5,1,台中市,台中市西屯區漢成七街,,透天厝,1房1衛 - 1陽台,,有對外窗;陽台,https://www.rakuya.com.tw/rent/rent_item?ehid=0d6d65293596087,94968c2a68561a3ae7293740db51c154.jpeg,0.9700560228621445
1631,台積電首選✨電梯透天✨整棟全新✨超大陽台✨眺望遠方,,9999,16.0,0.0,4,1,台中市,台中市大雅區月祥路,,華廈,1房1衛 - 1陽台,,有對外窗;陽台,https://www.rakuya.com.tw/rent/rent_item?ehid=0d1b3a293626822,18ca82ae27df05c51da82fe6469b5e16.jpeg,0.07158022443325782
1632,可寵電梯❤️系統櫃❤️流理臺❤️獨洗曬❤️採光棒,,8499,10.0,0.0,6,1,台中市,台中市太平區宜欣七街,,透天厝,1房1衛 - 1陽台,,有對外窗;陽台,https://www.rakuya.com.tw/rent/rent_item?ehid=01b8ee29359299d,3c4e97f6f96351baf9bb2e93f5e2a999.jpeg,0.5138625224260002
1633,整棟全新✨陽台獨洗✨多間可選✨台積首選✨中科園區,,8999,15.0,0.0,5,1,台中市,台中市大雅區東大路二段,,電梯大廈,1房1衛 - 1陽台,,有對外窗;陽台,https://www.rakuya.com.tw/rent/rent_item?ehid=0bc9ef293626935,c2e4f94ae3271f36fac84ec31deab986.jpeg,0.019126259249779166
1634,三芝庭院一樓,,15000,33.0,25.0,1,1,新北市,新北市三芝區埔尾/拾翠山莊B,,電梯大廈,1房2廳1.5衛 - 1陽台1廚房,,有對外窗;為邊間;有中庭;陽台,https://www.rakuya.com.tw/rent/rent_item?ehid=05f51e293623905,8a5e32ab3c8e0ec916f5e3cb5308d7a9.jpeg,0.039846223497910185
1635,1+2樓｜可餐飲｜文武百業｜可營登｜車水馬龍,,140000,99.0,0.0,2,0,台中市,台中市北屯區東山路一段,,透天厝,,,,https://www.rakuya.com.tw/rent/rent_item?ehid=0ed11329360904b,53836a2956a28d4e63083135bde906b4.jpeg,0.4768555734443948
1636,電梯套房✨可雙租補✨陽台獨洗✨子母飲水機✨中港澄清,,14399,15.0,0.0,3,1,台中市,台中市西屯區中工三路,,電梯大廈,1房1衛 - 1陽台,,有對外窗;陽台,https://www.rakuya.com.tw/rent/rent_item?ehid=0a12b629362708e,a1533ef00ab0fe87d8775a463ed8eccf.jpeg,0.4889539035397615
1637,120坪全新建築物❤️高採光❤️高級辦公室診所❤️,,250000,120.0,0.0,1,0,台中市,台中市西屯區馬龍潭路,,別墅,,,有對外窗;陽台,https://www.rakuya.com.tw/rent/rent_item?ehid=093768293585916,e3030a1559f8476c20d90fcf2ca1c806.jpeg,0.3227404954550058
1638,北屯⛅兩房兩廳一衛一陽台⛅可租補雙租補⛅可寵可貓狗,,24000,33.0,1.0,10,2,台中市,台中市北屯區環太東路/總太心之所向,,電梯大廈,2房2廳1衛 - 1陽台,,有對外窗;陽台,https://www.rakuya.com.tw/rent/rent_item?ehid=0a9024293594669,312c0985bd58e774e7eb6ef989041429.jpeg,0.3494521237547451
1639,北區 近科博館 店面出租,,25000,25.0,0.0,1,0,台中市,台中市北區忠明路,,透天厝,,,有對外窗,https://www.rakuya.com.tw/rent/rent_item?ehid=009a5c293627597,c9e31e871e8781da9d56c5bb9796120d.jpeg,1.008772665560379
1640,A3E27）捷運麟光3分【超值3房2衛】補助★可寵,,26000,29.0,20.0,5,3,台北市,台北市信義區和平東路三段,,公寓,3房1廳2衛 - 1陽台1廚房,,,https://www.rakuya.com.tw/rent/rent_item?ehid=0d738d29360235d,a262c0d3766121fc68e2539f8790fa6f.jpeg,0.9357691343845524
1641,近廟東夜市✨全新電梯套房✨雙租補✨採光佳✨子母車✨,,10500,11.0,0.0,12,0,台中市,台中市豐原區源豐路,,電梯大廈,開放式格局,,有對外窗;陽台,https://www.rakuya.com.tw/rent/rent_item?ehid=02108d29361572d,972cd737f59d4d5425f4d9afb40db9c3.jpeg,0.5812253312183197
1642,C0D60）實踐大學【超值租案】補助★免爬梯★採光,,10000,5.0,20.0,1,1,台北市,台北市中山區大直街,,公寓,1房1衛,,,https://www.rakuya.com.tw/rent/rent_item?ehid=029096293601924,3a9880eb2259a7428bc4db3ce1ba9919.jpeg,0.7963206221772071
1643,西區 可輕食 可營登 三角窗店面出租,,70000,60.0,0.0,1,0,台中市,台中市西區五權路,,透天厝,,,有對外窗,https://www.rakuya.com.tw/rent/rent_item?ehid=03c2cd29362921b,fa57c2a3f2851c6a79335ea11d19b681.jpeg,0.0
1644,A0R61）捷運麟光2分【超值】雙面採光★乾濕分離,,13500,6.0,20.0,3,1,台北市,台北市信義區和平東路三段,,公寓,1房1衛,,,https://www.rakuya.com.tw/rent/rent_item?ehid=03c5b229360993f,a1f23b3eb4340bba4f66f15ab57b4550.jpeg,1.0062391861648128
1645,C0D63）新喜公園【超值租案】女性專屬★獨立衛浴,,12000,5.0,20.0,2,1,台北市,台北市中山區德惠街,,公寓,1房1衛,,,https://www.rakuya.com.tw/rent/rent_item?ehid=0ca739293609831,36dcc05dbaf797aedb74f36ed260d863.jpeg,1.482241054802777
1646,A0R60）近捷運象山站【超值租案】獨洗★獨立陽台,,9000,7.0,20.0,3,1,台北市,台北市信義區吳興街,,公寓,1房1衛 - 1陽台,,,https://www.rakuya.com.tw/rent/rent_item?ehid=0b5cba293609734,3ecfa5764a208dd1aca358604f1e5c1c.jpeg,2.418936491727806
1647,K0F38）士林商圈【優質電梯】雙租補★台電★警衛,,15000,7.0,20.0,6,1,台北市,台北市士林區承德路五段,,電梯大廈,1房1衛,,,https://www.rakuya.com.tw/rent/rent_item?ehid=07f384293939655,4f7520f75e04806ac91aad9dcb2d9e16.jpeg,0.8234886189568105
1648,國賓大悅採光2房平車★傢俱齊全★租金便宜,,24000,19.54,9.0,9,2,新竹縣,新竹縣竹北市勝利八街一段,,電梯大廈,2房2廳1衛 - 1陽台1廚房,,有對外窗;有中庭;陽台,https://www.rakuya.com.tw/rent/rent_item?ehid=0463de293602360,1531993bf34f5e137d7075bd5602353c.jpeg,0.41069631039217463
1649,K0F37）捷運士林2分【超值租案】陽台★女性首選,,11000,5.0,20.0,3,1,台北市,台北市士林區美德街,,公寓,1房1衛 - 1陽台,,,https://www.rakuya.com.tw/rent/rent_item?ehid=06f5c6293607868,d284fbe14393bbd18b616d19bdec9320.jpeg,1.8748077331575899
1650,C0D61）捷運行天宮【女性專屬】陽台★獨立洗衣機,,18000,7.0,20.0,3,1,台北市,台北市中山區中原街,,電梯大廈,1房1衛 - 1陽台,,,https://www.rakuya.com.tw/rent/rent_item?ehid=01603b29360907e,165c23f8abcd9c3ecaa32461051d671c.jpeg,0.0
1651,L9C50）捷運景平3分【金店面】可住家★全新裝潢,,85000,49.0,20.0,1,0,新北市,新北市中和區大勇街,,公寓,,,,https://www.rakuya.com.tw/rent/rent_item?ehid=0ae7d729359602b,9cbede3845c32eb16c539c9ccf308bed.jpeg,0.5111269708383741
1652,H0L36）捷運西門5分【超值獨戶】補助洽★洗衣機,,23000,9.0,20.0,3,1,台北市,台北市萬華區隆昌街,,公寓,1房1衛,,,https://www.rakuya.com.tw/rent/rent_item?ehid=0b6b90293609679,4b3f39579086566f785d68a4c2cb2b33.jpeg,2.297327923348256
1653,G0H63）大龍商圈【秒殺大空間】可補助★獨洗衣機,,22000,8.0,20.0,3,1,台北市,台北市大同區重慶北路三段,,公寓,1房1衛,,,https://www.rakuya.com.tw/rent/rent_item?ehid=011985293612749,bf7dce9d4fbaf6a36795c7930b69eaed.jpeg,0.7491854538156734
1654,G0H61）台北車站1分【大空間】可補助★垃圾代收,,30000,10.0,20.0,8,1,台北市,台北市大同區市民大道一段,,電梯大廈,1房1衛 - 1陽台1廚房,,,https://www.rakuya.com.tw/rent/rent_item?ehid=0176a5293604282,b9789c221cd59589a57505dba3228fda.jpeg,4.8518987569140996e-06
1655,E0L13）善導寺1分【超值電梯】可補助★警衛管理,,15500,8.0,20.0,4,1,台北市,台北市中正區林森南路,,電梯大廈,1房1衛,,,https://www.rakuya.com.tw/rent/rent_item?ehid=037d17293609126,2555bfd91f43b1b8309ee4b63c2c36fd.jpeg,1.5265459960356983e-05
1656,K0F35）百齡橋【優質租案】可補助★陽台★洗衣機,,23500,5.0,20.0,2,1,台北市,台北市士林區重慶北路四段,,公寓,1房1衛 - 1陽台,,,https://www.rakuya.com.tw/rent/rent_item?ehid=07dc5229361273b,9be17d747c597a78bb654c316962fee1.jpeg,0.567802276794067
1657,採光佳  鄰近新竹火車站  附冷氣  木質地板,,13000,20.0,20.0,15,0,新竹市,新竹市北區中華路三段,,辦公,,,有對外窗,https://www.rakuya.com.tw/rent/rent_item?ehid=0341a6293589994,164d735eb08f922928611b29eac5de89.jpeg,0.71937468676113
1658,麻豆區平房,,12000,28.0,0.0,1,0,台南市,台南市麻豆區文昌路,,店面,,,,https://www.rakuya.com.tw/rent/rent_item?ehid=0c4e22293262675,8c7259e803839ccd4afe03784e5aa077.jpeg,0.18880811860258614
1659,高鐵特區全新邊間方正辦公室★全聯★711,,51000,34.63,1.0,3,0,新竹縣,新竹縣竹北市隘口六街,,辦公,,,有對外窗,https://www.rakuya.com.tw/rent/rent_item?ehid=0481ea293614436,44aa8881dc527b5be042e5eb0f304234.jpeg,0.27216954277423877
1660,大寮區新厝路（僅剩3間）秒殺！,,17000,35.0,0.0,1,0,高雄市,高雄市大寮區新厝路,,廠房,,,,https://www.rakuya.com.tw/rent/rent_item?ehid=060a2d293582763,7603e2b5bf7450f15376e922909a3d7b.jpeg,0.18709242613671176
1661,J9A28）捷運西湖3分【金店面】營登★285商圈,,60000,24.0,20.0,1,0,台北市,台北市內湖區內湖路一段,,公寓,,,,https://www.rakuya.com.tw/rent/rent_item?ehid=0e213d293603962,b0a91516569a8365d48510c8a1134d82.jpeg,0.8761455880982807
1662,小許✔︎內壢工業區✔︎宜誠麗都4房車✔可租補入戶籍,,32000,40.0,21.0,10,4,桃園市,桃園市中壢區元生三街/宜誠麗都大樓區,,電梯大廈,4房2廳2衛 - 2陽台1廚房,,有對外窗;為邊間;有中庭;陽台,https://www.rakuya.com.tw/rent/rent_item?ehid=051aae293619402,d95429d869e1d2e85c896daac050471f.jpeg,0.5362622401235548
1663,南投市大面寬雙倉庫出租臨8米路,,20000,60.0,0.0,1,0,南投縣,南投縣南投市大庄路,,廠房,,,,https://www.rakuya.com.tw/rent/rent_item?ehid=0cc55329359332b,e80765133003addc7d0f863b87acdae0.jpeg,0.03215629617638548
1664,三多商圈捷運辦公室,,15000,6.0,31.0,17,0,高雄市,高雄市前鎮區中山二路/中華經貿中心大樓,,辦公,,,,https://www.rakuya.com.tw/rent/rent_item?ehid=091205293623795,34940740c4bcd3e3830b5bbbfe7422b1.jpeg,0.8310783758135554
1665,高鐵稀有整層百坪辦公室★頂讓金350萬★,,130000,100.0,6.0,2,0,新竹縣,新竹縣竹北市隘口三街,,辦公,,,有對外窗,https://www.rakuya.com.tw/rent/rent_item?ehid=049fa929360695e,ec052da430cc34a9d83d6a8a9dd262e7.jpeg,0.27275751747986904
1666,B9B22）捷運台電大樓【金店面】地下室★台大商圈,,98000,45.0,20.0,1,0,台北市,台北市大安區新生南路三段,,公寓,,,,https://www.rakuya.com.tw/rent/rent_item?ehid=09bafd293600373,1efbd30f2c3f38f4d1a9f3c7d79d9050.jpeg,2.512962423849116
1667,悅家居（舊宗路）,,580000,370.0,20.0,3,0,台北市,台北市內湖區舊宗路一段,,電梯大廈,5陽台,,,https://www.rakuya.com.tw/rent/rent_item?ehid=07cfe9293596018,ac9c9fe8965787ba0633db6f9085f415.jpeg,0.3951590362345002
1668,C7B79）中山國小3分【電梯辦公】附OA★可隔間,,58000,31.0,20.0,2,0,台北市,台北市中山區新生北路三段,,電梯大廈,開放式格局,,,https://www.rakuya.com.tw/rent/rent_item?ehid=03ec28293599926,a89a6db92bd8b01ee761379ca2ab1182.jpeg,0.7624535625797605
1669,北區秒殺電梯大樓可租補附機車位,,12000,14.0,1.0,7,1,台中市,台中市北區永定一街,,電梯大廈,1房1廳1衛 - 1陽台,,有對外窗;陽台,https://www.rakuya.com.tw/rent/rent_item?ehid=067d5d293515905,e2819c232dd4e08aa867225f45dbd974.jpeg,1.2866202721269016
1670,北區秒殺質感裝潢✨可寵✨租補✨陽台獨洗曬✨有電梯✨,,10499,12.0,0.0,4,1,台中市,台中市北區衛道路,,電梯大廈,1房1廳1衛 - 1陽台,,有對外窗;陽台,https://www.rakuya.com.tw/rent/rent_item?ehid=0e7496293520225,25e5667537b6b25b1c903577277716a7.jpeg,0.0
1671,電梯套房✨可租補✨木質地面✨可租補✨採光超好,,5799,12.0,0.0,4,1,台中市,台中市北區五義街,,華廈,1房1衛,,有對外窗,https://www.rakuya.com.tw/rent/rent_item?ehid=05e6b3293563047,91474c2fa036cc3a3b3e914f82abfbb4.jpeg,0.0
1672,溫馨裝潢✨流理臺電磁爐✨小資最愛✨還在等什麼✨,,6999,12.0,0.0,1,1,台中市,台中市北區錦祥街,,華廈,1房1衛,,有對外窗,https://www.rakuya.com.tw/rent/rent_item?ehid=054b8b293552615,6badb9b350d3cb0daf33ab5c4ea793ce.jpeg,0.9099833150076855
1673,北區超大間✨可租補✨陽台獨洗✨超大空間✨電梯透天,,10999,14.0,0.0,5,1,台中市,台中市北區進化北路,,華廈,1房1衛 - 1陽台,,有對外窗;陽台,https://www.rakuya.com.tw/rent/rent_item?ehid=00f71129354118a,a07b91644b17c688b07027ede8baa87e.jpeg,0.0
1674,可租補⚡有電梯⚡陽台獨洗曬⚡飲水機⚡子母車⚡台電,,11800,10.0,0.0,2,0,台中市,台中市北區衛道路,,透天厝,開放式格局,,有對外窗;陽台,https://www.rakuya.com.tw/rent/rent_item?ehid=0fb23d293552775,c2f15c500fbb95eba951d25cb138bd41.jpeg,0.0
1675,小資最愛✨精緻套房✨可雙租補✨透天電梯✨陽台獨洗,,11999,14.0,0.0,2,1,台中市,台中市北區原子街,,華廈,1房1衛 - 1陽台,,有對外窗;陽台,https://www.rakuya.com.tw/rent/rent_item?ehid=016a6829354690a,ee88eaa487c2ab059dda17de3407bda2.jpeg,0.8097415876167869
1676,全新未住✨可貓可狗✨雙租屋補助✨陽台獨洗✨,,12999,15.0,0.0,4,1,台中市,台中市北區西屯路一段,,透天厝,1房1衛 - 1陽台,,有對外窗;陽台,https://www.rakuya.com.tw/rent/rent_item?ehid=00e086293546927,2e15dec27076971fa281921f5f781be9.jpeg,1.142716521334452
1677,西屯區獨立套房可寵提供子母車,,6000,9.0,0.0,4,1,台中市,台中市西屯區永福路,,電梯大廈,1房1廳1衛,,,https://www.rakuya.com.tw/rent/rent_item?ehid=02df6629351696a,44f8ffab974031008f56886c7d3572e7.jpeg,0.6693790111620621
1678,小資最愛✨可租補✨獨洗獨曬✨精緻套房✨有電梯,,6999,12.0,0.0,4,1,台中市,台中市北區益華街,,華廈,1房1衛,,有對外窗,https://www.rakuya.com.tw/rent/rent_item?ehid=03370329354224e,bfb5bad3e7bac26444b9f3f5fe481c54.jpeg,2.493375035306121
1679,超大空間✨獨立洗脫烘✨可養貓狗✨採光超好✨立即預約,,12499,14.0,0.0,4,1,台中市,台中市北區國強街,,透天厝,1房1衛,,有對外窗,https://www.rakuya.com.tw/rent/rent_item?ehid=05b68f29354620c,cbe5af20b17789c3e03965b5416a65ed.jpeg,0.6528863025115672
1680,東區近lalaport百貨✨可租補✨陽台獨洗✨,,9999,12.0,0.0,2,1,台中市,台中市東區練武路,,電梯大廈,1房1廳1衛 - 1陽台,,陽台,https://www.rakuya.com.tw/rent/rent_item?ehid=077937293527703,267c5c8cabc9ab8398aac7bd90280a4d.jpeg,1.465406261314195
1681,超級秒殺✨健身套房✨陽台獨洗✨小資最愛✨值得擁有,,6299,12.0,0.0,5,1,台中市,台中市北區美德街,,公寓,1房1衛 - 1陽台,,有對外窗,https://www.rakuya.com.tw/rent/rent_item?ehid=0e87a029356265f,7cce45a58a0cf2491cc8ca7f192682ac.jpeg,1.1204972551471812
1682,文心河南✨乖寵請進✨可租補✨獨洗獨曬✨採光超極好,,8499,13.0,0.0,5,1,台中市,台中市西屯區漢成七街,,公寓,1房1衛,,有對外窗,https://www.rakuya.com.tw/rent/rent_item?ehid=009029293564623,2581c88f59d751dcf4730263b849df6a.jpeg,0.9658993764733297
1683,小資首選✨絕美採光✨木質地板✨秒殺套房,,4999,12.0,0.0,5,1,台中市,台中市北區美德街,,透天厝,1房1衛,,,https://www.rakuya.com.tw/rent/rent_item?ehid=08d9a529354222b,cbd393802bcba071d9b14c61b9fbe699.jpeg,1.1533527468259668
1684,整棟新蓋✨包水費獨洗曬✨可租補,,9000,10.0,0.0,1,0,台中市,台中市北區德化街,,電梯大廈,開放式格局,,有對外窗;陽台,https://www.rakuya.com.tw/rent/rent_item?ehid=01ca54293542631,96649cea1ad4c81aedd4c5574e953cdf.jpeg,2904.4444444444443
1685,精緻套房✨可租補報稅✨陽台獨洗✨全新內裝✨高級裝潢,,12299,14.0,0.0,3,1,台中市,台中市北區自強街,,透天厝,1房1衛 - 1陽台,,有對外窗;陽台,https://www.rakuya.com.tw/rent/rent_item?ehid=02f1b3293544842,92890f1752148a8aa2d7a63ed28fa27d.jpeg,0.624986643401143
1686,可愛套房✨可租補✨可養貓咪✨採光佳✨衛浴開窗,,5999,12.0,0.0,3,1,台中市,台中市北區美德街,,透天厝,1房1衛,,有對外窗,https://www.rakuya.com.tw/rent/rent_item?ehid=07e5d729355978a,44d1bf48cccf097917097f86d8a47260.jpeg,1.127287186776253
1687,北區全新電梯套房✨可租補✨陽台獨洗✨,,8999,11.0,0.0,1,1,台中市,台中市北區梅豐街,,電梯大廈,1房1廳1衛 - 1陽台,,陽台,https://www.rakuya.com.tw/rent/rent_item?ehid=046fb0293522179,bd9e8339f717c066c97b95d79d290259.jpeg,0.7590104986491311
1688,中華夜市✨小資最愛✨陽台獨洗✨超級秒殺✨衛浴開窗,,5999,12.0,0.0,4,1,台中市,台中市北區中華路二段,,公寓,1房1衛 - 1陽台,,有對外窗;陽台,https://www.rakuya.com.tw/rent/rent_item?ehid=0339a7293560159,619f016e65e4d326735196e6f5a3aa90.jpeg,2.4851077757262616
1689,完美系統裝潢✨陽台獨洗✨租屋補助✨貓奴首選✨,,10999,16.0,0.0,1,1,台中市,台中市西屯區西屯路三段,,透天厝,1房1衛 - 1陽台,,,https://www.rakuya.com.tw/rent/rent_item?ehid=023a7f293541198,19b1f97a2e41368523287d7a8abc87c7.jpeg,0.5456367707775481
1690,北區超秒殺✨獨洗曬✨高級流理臺✨高級木質地✨採光佳,,11499,14.0,0.0,4,1,台中市,台中市北區中華路一段,,透天厝,1房1衛 - 1陽台,,有對外窗;陽台,https://www.rakuya.com.tw/rent/rent_item?ehid=0adb4c293543501,0e2d0814b86583ba6d1b10e739b08912.jpeg,2.152741020793952e-05
1691,超級甜甜價✨獨立洗脫烘✨採光超好✨生活機能佳✨,,6499,12.0,0.0,2,1,台中市,台中市北區進化路,,透天厝,1房1衛,,有對外窗,https://www.rakuya.com.tw/rent/rent_item?ehid=0318ac29355328c,92c4678ecc41e6033d0c82185f69c390.jpeg,0.0
1692,幸福就是你❤️超大空間❤️採光很好❤️陽台獨洗,,11999,15.0,0.0,4,0,台中市,台中市西屯區台灣大道四段,,透天厝,開放式格局,,有對外窗;陽台,https://www.rakuya.com.tw/rent/rent_item?ehid=01c5a3293559964,8bc4d27657d825859ea3a6b1d2b0d751.jpeg,0.6034132023105864
1693,系統櫃/流理台/採光/陽台獨洗曬/電梯,,15000,10.0,0.0,3,1,台中市,台中市北區五權路,,華廈,1房 - 1室1陽台,,陽台,https://www.rakuya.com.tw/rent/rent_item?ehid=00f53929355871d,2c4e63b71ec580feed61d65dd4af5976.jpeg,0.0
1694,電梯管理員✨超大陽台獨洗✨住戶單純✨高級落地窗✨,,8499,14.0,0.0,8,1,台中市,台中市北區太平路,,電梯大廈,1房1衛 - 1陽台,,有對外窗;陽台,https://www.rakuya.com.tw/rent/rent_item?ehid=0f5c8d293550923,98eb417c6ee671b97c9cb37fa1e958a2.jpeg,1.2861766093857874
1695,幸福就是你❤️高級裝潢❤️有電梯❤️陽台獨洗,,11499,14.5,0.0,5,0,台中市,台中市北屯區南京東路三段,,透天厝,開放式格局,,有對外窗;陽台,https://www.rakuya.com.tw/rent/rent_item?ehid=0680a3293573199,b6adaf3f8f083960a85c614657b59d89.jpeg,0.8959007841985767
1696,屋況 生活機能極佳✨可雙租補✨可貓✨大空間採光佳✨,,10000,14.0,0.0,4,1,台中市,台中市北區日進街,,透天厝,1房1廳1衛,,有對外窗,https://www.rakuya.com.tw/rent/rent_item?ehid=0cf760293518079,504f4c73c3f267a9e1bcf0207ff7cd40.jpeg,1.138311001738954
1697,全新透天大套房✨可租屋補助✨陽台獨洗✨衛浴乾溼分離,,9999,15.0,0.0,2,0,台中市,台中市龍井區遠東街,,透天厝,開放式格局,,陽台,https://www.rakuya.com.tw/rent/rent_item?ehid=0d1788293515888,b6319cfb4697dc41a93e6aebfe985bc8.jpeg,0.19585144740766375
1698,整棟全新⛅可雙租補⛅陽台獨洗⛅可貓⛅子母車⛅多戶選,,11999,14.0,0.0,2,1,台中市,台中市中區三民路三段,,透天厝,1房1衛 - 1陽台,,有對外窗;陽台,https://www.rakuya.com.tw/rent/rent_item?ehid=07f11b293554530,aca8f502cadae92b1f6981a1e28abc98.jpeg,0.0
1699,西屯區電梯大樓✨台水電✨天然氣✨陽台獨洗曬✨,,7999,10.0,0.0,4,1,台中市,台中市西屯區西屯路二段,,電梯大廈,1房1廳1衛 - 1陽台,,有對外窗;陽台,https://www.rakuya.com.tw/rent/rent_item?ehid=076599293521124,1ae2154af7a65af0f73e1550123489d2.jpeg,1.0188982253946917
1700,可雙租補♥️子母車✨高質感裝潢✨流理台,,17499,15.0,0.0,2,1,台中市,台中市龍井區東海街,,別墅,1房1廳1衛,,,https://www.rakuya.com.tw/rent/rent_item?ehid=0325e2293580545,2814adab337428bc5a1ab3e7f9c19452.jpeg,0.3450051820911966
1701,可租補大大間的套房⛪陽台獨洗✨代收包裹,,13999,16.0,0.0,6,0,台中市,台中市西屯區青海路二段,,電梯大廈,開放式格局,,有對外窗;陽台,https://www.rakuya.com.tw/rent/rent_item?ehid=089cf629354966f,7a020b5ae45400040ba83674c8cdbf41.jpeg,1.123517193173017
1702,幸福就是你❤️可租補❤️可貓咪❤️陽台獨洗,,13499,16.5,0.0,3,0,台中市,台中市北屯區大連北街,,透天厝,開放式格局,,有對外窗;陽台,https://www.rakuya.com.tw/rent/rent_item?ehid=0b297429356251a,69eadedcd5cb15ffc1daa45c23da4972.jpeg,0.7306817772740081
1703,幸福就是你❤️高級裝潢❤️有電梯❤️陽台獨洗,,15999,19.0,0.0,7,0,台中市,台中市北屯區南京東路三段,,透天厝,開放式格局,,有對外窗;陽台,https://www.rakuya.com.tw/rent/rent_item?ehid=03b9f3293573236,cecc004f475634b8dbce4ea9d80027f9.jpeg,0.8627319445981012
1704,幸福就是你❤️超大套房❤️採光很好❤️陽台獨洗,,10999,14.0,0.0,3,0,台中市,台中市西屯區台灣大道四段,,透天厝,開放式格局,,有對外窗;陽台,https://www.rakuya.com.tw/rent/rent_item?ehid=06cf62293559755,f6f1bed1cdc728188cef80b262c88452.jpeg,0.6095401763641078
1705,崇德捷運⭐新精裝大套房⭐陽台獨洗⭐乾溼衛浴,,13000,8.0,0.0,2,1,台中市,台中市北屯區旅順路二段,,電梯大廈,1房1衛 - 1陽台,,有對外窗;陽台,https://www.rakuya.com.tw/rent/rent_item?ehid=0d86d6293558852,4711582de2a942c830323e7eb60a8e36.jpeg,1.6778980629549147
1706,近興大✨可貓可狗✨陽台獨洗✨台電搶,,8499,11.0,0.0,3,1,台中市,台中市南區有恆街,,電梯大廈,1房1衛 - 1陽台,,有對外窗;陽台,https://www.rakuya.com.tw/rent/rent_item?ehid=0292dc293545692,2cea85714b40be32141b32f6939d5b6f.jpeg,0.7256914517889864
1707,學生最愛✨可租補✨陽台獨洗✨24H管理✨可租機車位,,6499,12.0,0.0,2,1,台中市,台中市西屯區甘肅路二段,,透天厝,1房1衛 - 1陽台,,有對外窗;陽台,https://www.rakuya.com.tw/rent/rent_item?ehid=0e74a729356496b,f065c8a462157144e9d29aa959f62155.jpeg,1.4460182214735178
1708,逢甲捷運｜系統櫃｜陽台獨洗｜流理台,,12500,8.0,0.0,2,1,台中市,台中市西屯區甘肅路一段,,公寓,1房1衛 - 1陽台,,有對外窗;陽台,https://www.rakuya.com.tw/rent/rent_item?ehid=0b0ffc293553421,a0c99a69088eba6b76e7b88ee6cd3857.jpeg,0.894077902860073
1709,近一中⛅電梯⛅可雙租補⛅陽台獨洗⛅子母車⛅飲水機,,8999,12.0,0.0,3,1,台中市,台中市東區精武路,,華廈,1房1衛 - 1陽台,,有對外窗;陽台,https://www.rakuya.com.tw/rent/rent_item?ehid=0677a829353665d,be8dd016a0dca8850960c58ad1bfcc28.jpeg,0.02617277581548728
1710,秒殺兩房✨可貓可狗✨陽台獨洗✨流理臺✨乾溼分離,,19999,28.0,0.0,2,2,台中市,台中市東區振興路,,透天厝,2房1廳1衛 - 1陽台1廚房,,有對外窗;陽台,https://www.rakuya.com.tw/rent/rent_item?ehid=0e2f85293550766,64456bc03eda7fb930193877e8314c82.jpeg,1.5609670823246578
1711,類兩房兩冷氣/陽台獨洗/便宜水湳市場,,8999,13.0,1.0,1,2,台中市,台中市西屯區中平路,,透天厝,2房1衛 - 1陽台,,,https://www.rakuya.com.tw/rent/rent_item?ehid=0c840f293548095,257a676c4c403b40e289314aec0a4f5f.jpeg,0.6603592667292175
1712,超級大空間✨陽台獨洗流理台✨乾溼分離✨可租屋補助,,13799,17.0,0.0,3,1,台中市,台中市西屯區青海路二段,,透天厝,1房1衛 - 1陽台,,,https://www.rakuya.com.tw/rent/rent_item?ehid=05f836293533009,76b271b195b1409186917d9b633b15ee.jpeg,1.125360902311944
1713,西區五權車站✨陽台獨洗✨可租補✨超新,,10999,14.0,0.0,9,1,台中市,台中市西區公館路,,電梯大廈,1房1廳1衛 - 1室1陽台,,有對外窗,https://www.rakuya.com.tw/rent/rent_item?ehid=0fa15c293515020,bd9e031b0a1a8d2ad225fcb793552bec.jpeg,0.0
1714,高級裝潢✨可租補✨陽台獨洗✨高級流理臺✨寬廣空間,,13999,14.0,0.0,2,1,台中市,台中市南區復興路二段,,透天厝,1房1衛 - 1陽台,,有對外窗;陽台,https://www.rakuya.com.tw/rent/rent_item?ehid=0f8274293566409,25777fc0363e2b5d5f0f20323a669f7b.jpeg,0.5306825891157655
1715,北區超秒殺✨一房一廳✨可租補✨陽台獨洗✨超級嚴選,,12499,12.0,0.0,2,1,台中市,台中市北區衛道路,,透天厝,1房1衛 - 1陽台,,有對外窗;陽台,https://www.rakuya.com.tw/rent/rent_item?ehid=02cd65293540617,3fc5a8cc7ea3971eb8b7031814b76052.jpeg,0.0
1716,可租補陽台獨洗✨乾溼分離雙層冰箱流理臺,,13799,15.0,0.0,3,0,台中市,台中市西屯區青海路二段,,透天厝,開放式格局,,有對外窗;陽台,https://www.rakuya.com.tw/rent/rent_item?ehid=00a8c3293547543,15ffd3ef2b079c124853529ec05e40d3.jpeg,1.125360902311944
1717,西區陽光健身四樓公寓套房,,7500,7.0,0.0,4,1,台中市,台中市西區五權路,,公寓,1房1衛 - 1陽台,,有對外窗;為邊間;陽台,https://www.rakuya.com.tw/rent/rent_item?ehid=06be55293516920,ccaa6e1d93477f3e142dcd8ae8cdd91d.jpeg,0.0
1718,租屋補助✨可短租✨衛浴開窗✨子母車✨機車位,,5499,8.0,0.0,1,1,台中市,台中市北區梅亭街,,透天厝,1房1衛,,有對外窗,https://www.rakuya.com.tw/rent/rent_item?ehid=0d6f4b293548798,4b8eab44671de458f7b8910df65d3dbd.jpeg,1.480609544892093
1719,全新建築❤️‍可停六車✨適合診所✨辦公室,,250000,120.0,0.0,1,0,台中市,台中市西屯區馬龍潭路,,透天厝,開放式格局,,,https://www.rakuya.com.tw/rent/rent_item?ehid=0269c7293541326,d673a7f0ff3cd661f205d0f2068254d5.jpeg,0.3227404954550058
1720,幸福就是你❤️大坪數❤️採光很好❤️陽台獨洗,,9999,13.0,0.0,4,0,台中市,台中市西屯區台灣大道四段,,透天厝,開放式格局,,有對外窗;陽台,https://www.rakuya.com.tw/rent/rent_item?ehid=075ae3293559873,626860c6a42b85e9374e431c0f2f3a4b.jpeg,0.6163852659530534
1721,精緻套房✨可租補短租✨超級乾淨✨現況超新✨生活機能,,6499,12.0,0.0,2,1,台中市,台中市北區青島路二段,,透天厝,1房1衛,,有對外窗,https://www.rakuya.com.tw/rent/rent_item?ehid=03b08729355994c,ba614c736dd4e15162097ad2982c907f.jpeg,1.4407828187889649
1722,近興大/忠孝夜市✨超省台電✨獨洗曬✨衛浴開窗✨可竉,,8499,12.0,0.0,3,0,台中市,台中市南區有恆街,,電梯大廈,開放式格局,,有對外窗,https://www.rakuya.com.tw/rent/rent_item?ehid=04b7da293536794,dea08e8e2110433476bfa17766c47b18.jpeg,0.7256914517889864
1723,全新完工⚡有電梯⚡陽台獨洗曬⚡機車位⚡可租補,,11000,10.0,0.0,1,0,台中市,台中市北屯區中清路二段,,透天厝,開放式格局,,有對外窗;陽台,https://www.rakuya.com.tw/rent/rent_item?ehid=08eac7293552106,99a9e7285cf20b3e2cb7a2a551bfbf0d.jpeg,0.8425328931914287
1724,租屋補助✨獨洗窗曬✨可短租✨機車位✨子母車,,6999,11.0,0.0,6,1,台中市,台中市北區進化北路,,電梯大廈,1房1衛,,有對外窗,https://www.rakuya.com.tw/rent/rent_item?ehid=07d53929355167c,2d38b470a76f4c2474d884a36c9a2874.jpeg,0.0
1725,東山商圈✨可雙租補✨寵物友善✨獨洗曬衣✨嚴選租客,,7699,14.0,0.0,4,1,台中市,台中市北屯區軍和街,,透天厝,1房1衛,,有對外窗,https://www.rakuya.com.tw/rent/rent_item?ehid=0dbf0029351690d,8a17044e30b0b1a7a5516b3d199111c7.jpeg,0.6194987909824402
1726,L0N24）捷運中和站【超值租案】獨立洗衣★附傢俱,,15000,12.0,20.0,1,1,新北市,新北市中和區中山路二段,,公寓,1房1衛,,,https://www.rakuya.com.tw/rent/rent_item?ehid=08ab9e29351982b,00a720b8d35debc96f487f605d9a4c15.jpeg,1.3822844675346462
1727,近樹林車站長壽公園旁與米蘭之星做鄰居,,13000,23.0,0.0,4,2,新北市,新北市樹林區長壽街,,公寓,2房1廳1衛 - 1陽台1廚房,,,https://www.rakuya.com.tw/rent/rent_item?ehid=030cfa29356499f,a42469183e2313c7faf7e869affc325c.jpeg,1.004810219309782
1728,超近中國醫✨可租補✨甜甜價格✨生活機能佳✨還在等啥,,4499,12.0,0.0,3,1,台中市,台中市北區英才路,,透天厝,1房1衛,,有對外窗,https://www.rakuya.com.tw/rent/rent_item?ehid=014e8529356336e,2c1a93d561da3dd64c81f61383945fcd.jpeg,0.42985180583478233
1729,電梯/可貓/近中山醫/三陽台/可租補,,13000,10.0,0.0,5,1,台中市,台中市南區三民西路,,透天厝,1房1衛 - 1陽台,,有對外窗;陽台,https://www.rakuya.com.tw/rent/rent_item?ehid=0d00bd29356378b,54254b62652889790f23e239ad19fd47.jpeg,0.0
1730,電梯兩房一廳❤️雙租補❤️可寵❤️洗脫烘洗衣機,,21999,20.0,0.0,4,2,台中市,台中市南屯區大英街,,電梯大廈,2房1廳1衛,,有對外窗,https://www.rakuya.com.tw/rent/rent_item?ehid=044d78293520543,29006b4cfe93fd49d6c560337fa549e2.jpeg,1.2983521037570058
1731,✨電梯美屋✨雙租屋補助✨獨洗凸窗✨加賴約看✨,,6999,12.0,0.0,6,1,台中市,台中市西區公館路,,電梯大廈,1房1衛,,有對外窗,https://www.rakuya.com.tw/rent/rent_item?ehid=0d9757293529683,c7ece4ff8a02d30c7105afe853d57fb8.jpeg,0.0
1732,即將釋出搶先預定✨獨洗獨曬✨雙租屋補助✨秒殺套房✨,,7699,14.0,0.0,4,1,台中市,台中市北屯區軍和街,,透天厝,1房1衛 - 1陽台,,,https://www.rakuya.com.tw/rent/rent_item?ehid=006beb29353374d,d537a1c9e58059df87ef5be2e66ca577.jpeg,0.6194987909824402
1733,全新完工⚡健康爬梯⚡獨洗曬⚡寵物的家⚡可租補,,16000,12.0,0.0,4,0,台中市,台中市大里區亞洲街,,公寓,開放式格局,,有對外窗;陽台,https://www.rakuya.com.tw/rent/rent_item?ehid=0dd3c1293550510,1e84b4ddaae8890b7e7d1c6837d31eca.jpeg,0.49540809443389616
1734,誠租大城活力館面公園大二房家具電可談,,18000,18.46,18.0,7,2,台中市,台中市南屯區保安五街/大城活力館/大城雪梨活力館,,電梯大廈,2房2廳1衛 - 1陽台1廚房,,有對外窗;有中庭;陽台,https://www.rakuya.com.tw/rent/rent_item?ehid=02fe6629350688f,e22e268df812a8d8f456e411ca3a4e44.jpeg,0.19334041880092265
1735,近勤美✨可貓✨獨曬窗✨可短租✨,,6999,10.0,0.0,4,1,台中市,台中市西區模範街,,透天厝,1房1衛,,有對外窗,https://www.rakuya.com.tw/rent/rent_item?ehid=01f03a29354458e,c831379beb068b2012a71488385eaaa5.jpeg,1.5782036740327132
1736,逢甲大學城✨可租補✨陽台獨洗,,5499,8.0,0.0,2,1,台中市,台中市西屯區福上巷,,電梯大廈,1房1廳1衛 - 1陽台,,陽台,https://www.rakuya.com.tw/rent/rent_item?ehid=0e889129352817c,e5dfc496670b26b944d48f79398c62ae.jpeg,1.789559839819035
1737,中興大學✨台電計✨寵物友善✨陽台獨洗✨輕鬆入住,,8499,12.0,0.0,3,1,台中市,台中市南區有恆街,,電梯大廈,1房1衛 - 1陽台,,有對外窗;陽台,https://www.rakuya.com.tw/rent/rent_item?ehid=033bbe293555421,6104d674ae1429790a3021c798cfda9c.jpeg,0.7256914517889864
1738,鄰近台中工業區  東海大學  東海夜市  3房住家,,13500,20.0,0.0,4,3,台中市,台中市西屯區順和一街,,透天厝,3房1廳1衛 - 1陽台,,有對外窗;陽台,https://www.rakuya.com.tw/rent/rent_item?ehid=0dbee7293519748,952b4e899d71ab13d93481a1a1cf36af.jpeg,0.32453134057605604
1739,獨立套房✨台積電首選✨陽台獨洗.✨機車位好停車,,10500,10.0,0.2,3,1,台中市,台中市大雅區東大路一段,,華廈,1房1衛 - 1陽台,,有對外窗;為邊間;陽台,https://www.rakuya.com.tw/rent/rent_item?ehid=0981c629355052d,c29c42f055902f7f0d6da5708b0f8d36.jpeg,0.0
1740,完美系統裝潢✨陽台獨洗流理台✨一房一廳✨貓奴首選,,16499,18.0,0.0,3,1,台中市,台中市西屯區西屯路三段,,透天厝,1房1廳1衛 - 1陽台,,,https://www.rakuya.com.tw/rent/rent_item?ehid=0855db293536353,b749986d8d9ff9d45c96a05645b89775.jpeg,0.5209226306236612
1741,太平全新✨可雙租補✨貓狗請進✨超大空間✨立馬帶看,,17999,15.0,0.0,3,1,台中市,台中市太平區宜欣十街,,透天厝,1房1衛 - 1陽台,,有對外窗;陽台,https://www.rakuya.com.tw/rent/rent_item?ehid=00f97e293567095,ec5d42cac85e0520a4db57b329004914.jpeg,0.4359481558706372
1742,可租補♥鄰近中科大、台體、一中街、中國醫、中友百貨,,6999,10.0,25.0,2,1,台中市,台中市北區育才北路,,公寓,1房1衛,,有對外窗,https://www.rakuya.com.tw/rent/rent_item?ehid=025a8a293527883,f583eb2e0cbe7727e044df0f2fcd2eee.jpeg,1.163159972774932
1743,水湳市場旁✨金蛇送福大鵬路✨類一廳兩房✨生活機能佳,,8999,12.0,0.0,1,0,台中市,台中市西屯區大鵬路,,透天厝,開放式格局,,有對外窗,https://www.rakuya.com.tw/rent/rent_item?ehid=04495a29352902e,7ecdd363110d43c886db5252b77ad62f.jpeg,1.3770906659841
1744,近中國醫✨木質地板✨室內機車位✨衛浴開窗✨,,5499,9.0,0.0,5,1,台中市,台中市北區健行路,,公寓,1房1衛,,有對外窗,https://www.rakuya.com.tw/rent/rent_item?ehid=047bf7293550331,71376472d367aeae4d8a521c9a946d81.jpeg,0.8947799199095176
1745,電梯/就是秒殺/可租補/系統櫃,,12500,9.0,0.0,2,1,台中市,台中市南區和昌街,,透天厝,1房1衛 - 1陽台,,有對外窗;陽台,https://www.rakuya.com.tw/rent/rent_item?ehid=051da1292288537,c6a340cd2c43d1ee1802016e4ad95a90.jpeg,0.5899170561666137
1746,逢甲秒殺✨台水台電✨可租補✨陽台獨洗曬✨衛浴開窗,,7399,12.0,0.0,8,1,台中市,台中市西屯區西屯路二段,,透天厝,1房1衛 - 1陽台,,有對外窗;陽台,https://www.rakuya.com.tw/rent/rent_item?ehid=0378df29356776e,8a4bf6cb32eeeac3bd5838863c5e4ef7.jpeg,1.028549990608146
1747,北屯⛅可租補⛅可貓⛅陽台獨洗⛅子母車⛅飲水機,,10499,12.0,0.0,3,1,台中市,台中市北屯區瀋陽北路,,透天厝,1房1衛 - 1陽台,,有對外窗;陽台,https://www.rakuya.com.tw/rent/rent_item?ehid=0b7a19293541803,39141a17e2e6f21d867d0ba676eb4b0e.jpeg,1.1031542629316462
1748,精緻套房✨小資最愛✨可短租✨超新建設✨要短租快來,,7899,12.0,0.0,5,1,台中市,台中市北屯區后庄北路,,電梯大廈,1房1衛,,有對外窗;陽台,https://www.rakuya.com.tw/rent/rent_item?ehid=05602a293565022,3c3ef0aff0f3954aed1e830720910673.jpeg,0.21779017004389709
1749,T0B27）徐匯中學【超值大空間】可補助★獨洗衣機,,12000,11.0,0.0,3,1,新北市,新北市蘆洲區中山二路,,公寓,1房1衛,,,https://www.rakuya.com.tw/rent/rent_item?ehid=09654929354209f,8303aef316397960610a386cf5a3dc87.jpeg,0.5012174282491334
1750,✨(獨立套房)✨台積電首選全新未住多間可選,,10500,10.0,0.7,2,1,台中市,台中市大雅區東大路二段,,華廈,1房1衛 - 1陽台,,有對外窗;陽台,https://www.rakuya.com.tw/rent/rent_item?ehid=0fab56293532477,38570f50c81436e76201bd7a5381a963.jpeg,0.018781090634605566
1751,逢甲必租❤租屋補助❤陽台獨洗❤管理員❤機車位❤秒殺,,6499,10.5,0.0,2,0,台中市,台中市西屯區福上巷,,透天厝,開放式格局,,陽台,https://www.rakuya.com.tw/rent/rent_item?ehid=0d981929355986f,447d5ffbf16109e51a99c9e37fb54381.jpeg,1.7528128187883192
1752,南屯 可寵 可租補 2房電梯住家,,23500,20.0,0.0,11,2,台中市,台中市南屯區春安路,,電梯大廈,2房1廳1衛 - 1陽台,,有對外窗;陽台,https://www.rakuya.com.tw/rent/rent_item?ehid=096f9e293518183,88d8eca192d9f4df86cba58f92ff0de5.jpeg,0.13721136100587947
1753,潭子電梯樓中樓⛅可租補可貓⛅陽台獨洗⛅國道車站,,12999,12.0,2.0,4,1,台中市,台中市潭子區興華一路,,透天厝,1房1衛 - 1陽台,,有對外窗;陽台,https://www.rakuya.com.tw/rent/rent_item?ehid=09485b29351412e,c64022886ed20d98184609fb92ab382a.jpeg,0.35294029266532434
1754,樹德商圈✨舒適空間✨獨洗獨曬✨變頻冷氣✨飲水機,,8799,12.0,0.0,2,1,台中市,台中市太平區樹德路,,透天厝,1房1衛,,有對外窗,https://www.rakuya.com.tw/rent/rent_item?ehid=08dd05293554467,4491ad22d1362a0e54e6352a3a23a58b.jpeg,0.5874381300897252
1755,北屯可租補✨貓狗天下✨一房一廳✨陽台獨洗✨流理臺,,12499,12.0,0.0,3,1,台中市,台中市北屯區瀋陽北路,,透天厝,1房1廳1衛 - 1陽台,,有對外窗;陽台,https://www.rakuya.com.tw/rent/rent_item?ehid=070d11293563995,6f3dc8f5710f1ce5a62ddfd2b1800d94.jpeg,1.081040227897491
1756,太平近市區✨獨洗獨曬✨可租補✨高級衛浴✨高級家具,,8799,12.0,0.0,2,1,台中市,台中市太平區樹德路,,透天厝,1房1衛 - 1陽台,,有對外窗;陽台,https://www.rakuya.com.tw/rent/rent_item?ehid=0db79c293564838,1afb304cc31a74aab53548fab35fc8f3.jpeg,0.5874381300897252
1757,樹德商圈⛅可租補⛅獨洗窗曬⛅衛浴開窗⛅飲水機,,8799,10.0,0.0,2,1,台中市,台中市太平區樹德路,,透天厝,1房1衛,,有對外窗,https://www.rakuya.com.tw/rent/rent_item?ehid=094401293540212,8f5f75ba059e42c2cad6343a18bbb3b6.jpeg,0.5874381300897252
1758,可小家庭/太陽能熱水器超省錢/大台雙層冰箱/電梯,,13000,10.0,0.0,4,1,台中市,台中市烏日區新興路,,透天厝,1房1衛 - 1陽台,,有對外窗;陽台,https://www.rakuya.com.tw/rent/rent_item?ehid=088c25293563142,d51ba96d3f374512e781830e26faeb50.jpeg,0.21986250480098882
1759,雙面採光/租金便宜/電梯/近東海大學/機能佳,,6800,6.0,0.0,9,1,台中市,台中市龍井區新興路,,華廈,1房1衛,,有對外窗,https://www.rakuya.com.tw/rent/rent_item?ehid=010fd6293564958,fae73294d09a2b07582fbaafc2d33309.jpeg,0.3644466547811394
1760,獨立套房✨台積電首選✨陽台獨洗✨,,10500,10.0,0.2,3,1,台中市,台中市大雅區東大路二段,,華廈,1房1衛 - 1陽台,,有對外窗;陽台,https://www.rakuya.com.tw/rent/rent_item?ehid=063a4f293541171,31a75fa13a40127254291179c3d001b3.jpeg,0.018781090634605566
1761,南屯  近捷運站  可租補  電梯2房住家,,33000,20.0,0.0,26,2,台中市,台中市南屯區文心南路/文心愛悅,,電梯大廈,2房1廳1衛 - 2陽台,,有對外窗;陽台,https://www.rakuya.com.tw/rent/rent_item?ehid=0bc7b4293520556,bbf63199c84c9e3cd78706e2b359416b.jpeg,0.4909989488940322
1762,西區電梯⛅可租補⛅雙層冰箱⛅中區南區⛅一中興大⛅,,11499,12.0,2.0,9,1,台中市,台中市西區公館路,,電梯大廈,1房1衛 - 1陽台,,有對外窗,https://www.rakuya.com.tw/rent/rent_item?ehid=0d6ce2293513800,5ef38c364f43c7d2aead81853a5af226.jpeg,0.0
1763,大里⛅電梯⛅陽台獨洗⛅子母車⛅多戶選⛅衛浴乾溼離,,7799,10.0,0.0,5,1,台中市,台中市大里區公園街,,透天厝,1房1衛 - 1陽台,,有對外窗;陽台,https://www.rakuya.com.tw/rent/rent_item?ehid=05d8a829356105e,bca99fa2977b060c197c3d1bd6f12998.jpeg,0.3174592847161285
1764,逢甲⛅台水電⛅陽台獨洗⛅小資秒殺⛅西屯⛅超便宜啦⛅,,4999,10.0,3.0,2,1,台中市,台中市西屯區華夏巷西五弄,,透天厝,1房1衛 - 1陽台,,有對外窗;陽台,https://www.rakuya.com.tw/rent/rent_item?ehid=010a49293513410,f8a9548dab1dfb98e41d142c0a17bbee.jpeg,2.03621938979969
1765,❤️豐原A+A❤️陽台獨洗❤️機車位❤️可貓可租補,,10499,10.0,0.4,11,1,台中市,台中市豐原區豐原大道七段/豐原A+A,,電梯大廈,1房1衛 - 1陽台,,有對外窗;陽台,https://www.rakuya.com.tw/rent/rent_item?ehid=0d15e429357526b,cd3ae749bd0a06e7afd42861a23020b0.jpeg,0.14333097502248093
1766,可寵電梯❤️兩房❤️獨洗烘❤️雙租補❤️可小孩,,20999,25.0,0.0,4,2,台中市,台中市南屯區大英街,,電梯大廈,2房1廳1衛,,有對外窗,https://www.rakuya.com.tw/rent/rent_item?ehid=0ab3e9293516518,bc2e716d86ce86032037e85012f1a833.jpeg,1.3049728930588427
1767,超近中科⛅全新電梯⛅陽台獨洗⛅子母車⛅機車位⛅,,8999,12.0,0.0,3,1,台中市,台中市大雅區中科路,,透天厝,1房1衛 - 1陽台,,有對外窗;陽台,https://www.rakuya.com.tw/rent/rent_item?ehid=09fb94293550460,d6c6d83710831c6800fee9646058bc8d.jpeg,0.0895914249068603
1768,豐原最秒殺✨陽台獨洗✨好停機車✨超大空間✨別再等了,,7499,12.0,0.0,1,1,台中市,台中市豐原區東洲路,,透天厝,1房1衛 - 1陽台,,有對外窗;陽台,https://www.rakuya.com.tw/rent/rent_item?ehid=05ad9829356491e,91b408d077efc049666a0a9aa452f39c.jpeg,0.029839085188488084
1769,烏日/可租補/大空間/屋齡新/大後院/電梯,,15000,10.0,0.0,1,1,台中市,台中市烏日區新興路,,透天厝,1房1衛 - 1陽台,,陽台,https://www.rakuya.com.tw/rent/rent_item?ehid=0c24c9293560015,280f446f4c4b782a4035467912054751.jpeg,0.21630807041722672
1770,西屯一房一廳⛅可租補⛅陽台獨洗⛅流理台電磁爐⛅,,15999,17.0,2.0,3,1,台中市,台中市西屯區青海路二段,,透天厝,1房1廳1衛 - 1陽台,,有對外窗;陽台,https://www.rakuya.com.tw/rent/rent_item?ehid=0b17b529351488c,dce5736f048caa04cd041dc2f8b0dbb6.jpeg,1.1066703437803154
1771,太平 可寵 可雙租補 可外籍人士 透天3房出租,,25000,30.0,0.0,2,3,台中市,台中市太平區鵬儀路,,透天厝,3房2廳2衛 - 2陽台1廚房,,有對外窗;陽台,https://www.rakuya.com.tw/rent/rent_item?ehid=040442293531317,1331e25febf410dfe529296be60ca065.jpeg,0.12194940668107694
1772,北區 可營登 店面出租,,30000,20.0,0.0,1,0,台中市,台中市北區進化北路,,透天厝,,,有對外窗,https://www.rakuya.com.tw/rent/rent_item?ehid=07c6a729352844f,e30ed1d6221e0b93884c9215817b3e8f.jpeg,0.0
1773,八德區美公寓,,13000,24.3,43.0,3,3,桃園市,桃園市八德區介壽路二段,,公寓,3房2廳1衛 - 1陽台,,有對外窗,https://www.rakuya.com.tw/rent/rent_item?ehid=0b60e3293532645,7b915739c38fd2f9c54aec0775d39b33.jpeg,0.12150296317949381
1774,N2E49）捷運景文科大【電梯1+1房】警衛★廚房,,18000,26.0,20.0,3,2,新北市,新北市新店區安成街,,公寓,2房1廳1衛 - 1陽台1廚房,,,https://www.rakuya.com.tw/rent/rent_item?ehid=03217c293528144,f6b30045cc34c2d44ffb822ae6a25345.jpeg,0.27606780953785587
1775,民族路金蛇送福✨可租屋補助✨可短租✨寵物天堂✨,,9499,15.0,0.0,2,0,台中市,台中市梧棲區民族路,,電梯大廈,開放式格局,,有對外窗,https://www.rakuya.com.tw/rent/rent_item?ehid=0a986a293532351,aab4a7a3a3efc27903525285ad8a6bf4.jpeg,0.09201906164479019
1776,Q2D79）捷運三重國小【電梯2房1廳】有垃圾代收,,27000,19.0,20.0,5,2,新北市,新北市三重區正義北路,,電梯大廈,2房1廳1衛 - 1陽台,,,https://www.rakuya.com.tw/rent/rent_item?ehid=09d53e293545702,85a422e47e3f58acfed7077e8eea6843.jpeg,1.3357321177828414
1777,秒殺出租✨可租補✨有管理員✨陽台獨洗✨逢甲水湳✨,,6499,11.8,0.0,2,1,台中市,台中市西屯區福上巷,,透天厝,1房1衛 - 1陽台,,有對外窗;陽台,https://www.rakuya.com.tw/rent/rent_item?ehid=0fc805293557258,2b16ee572355d0711b10b7229378482a.jpeg,1.7528128187883192
1778,L2I73）捷運永安市場【電梯2+1房】補助★可寵,,32000,29.0,20.0,5,2,新北市,新北市中和區宜安路,,電梯大廈,2房1廳1衛 - 1陽台1廚房,,,https://www.rakuya.com.tw/rent/rent_item?ehid=035f28293517032,7c1d74c5e7327a90f6e1e092c95f27ac.jpeg,0.9598570063449297
1779,倉儲物流倉庫♥7米活路♥近74環線,,60000,200.0,15.0,2,0,台中市,台中市太平區仁和街,,廠房,,,,https://www.rakuya.com.tw/rent/rent_item?ehid=06bd03293519687,24ef0f8d9361d2161c607d7b7fd7fd45.jpeg,0.21289518963135792
1780,安平雙主臥魔術大空間-可租補,,23800,50.52,27.0,14,2,台南市,台南市安平區建平八街/府城新象,,電梯大廈,2房2廳2衛 - 2陽台1廚房,,有對外窗;有中庭;陽台,https://www.rakuya.com.tw/rent/rent_item?ehid=03a686293504204,0e50bde17d5b9238c4c170b096032ee7.jpeg,0.3353454212863272
1781,N3G42）捷運七張站【優質3房2廳】可補助★廚房,,32000,25.0,20.0,3,3,新北市,新北市新店區建國路,,公寓,3房2廳1衛 - 1陽台10廚房,,,https://www.rakuya.com.tw/rent/rent_item?ehid=07643629352457a,688bbf62f168757ad5713043e286fc80.jpeg,0.0
1782,單元二~市政路旁全新企業總部、醫美診所,,250000,47.82,1.6,0,0,台中市,台中市西屯區馬龍潭路,,透天厝,,,有對外窗;有中庭,https://www.rakuya.com.tw/rent/rent_item?ehid=0bd3de293561045,1b1c3f7c1d09bb44d3231c6819d30282.jpeg,0.3227404954550058
1783,K2B80）近社子國小【超值2房1廳】可補助★廚房,,26000,11.0,20.0,2,2,台北市,台北市士林區永平街,,公寓,2房1廳1衛 - 1廚房,,,https://www.rakuya.com.tw/rent/rent_item?ehid=00cf7a293532087,8aa261885131a082a0801edacdbedeca.jpeg,0.2830523049617396
1784,R3B38）光華國小【超值3房2衛】可補助★有電梯,,28000,34.0,20.0,4,3,新北市,新北市新莊區民安西路,,公寓,3房2廳2衛 - 3陽台1廚房,,,https://www.rakuya.com.tw/rent/rent_item?ehid=0732a529355556f,75f10775489a1d35828e0b8542e40abe.jpeg,0.5775753407188148
1785,Q2D80）碧華國小【優質2房1廳】可補助★有廚房,,28500,15.0,20.0,4,2,新北市,新北市三重區五華街,,公寓,2房1廳1衛 - 1廚房,,,https://www.rakuya.com.tw/rent/rent_item?ehid=0b276a293550416,,0.0
1786,N3G41）近中央新村【電梯3房2衛】廚房★有車位,,41000,28.0,20.0,2,3,新北市,新北市新店區中央六街,,公寓,3房2廳2衛 - 1陽台1廚房,,,https://www.rakuya.com.tw/rent/rent_item?ehid=08427b293539979,96b9a589cee3bc3c84b0d39581066a51.jpeg,0.3515048320264988
1787,S9A36）捷運永寧【黃金店面】拆租★大空間★倉庫,,68000,100.0,20.0,1,0,新北市,新北市土城區中央路三段,,公寓,,,,https://www.rakuya.com.tw/rent/rent_item?ehid=07fa6029354200d,3034026823e0682b2ef74331d75797ac.jpeg,0.1504192234971619
1788,N3G40）捷運新和國小【超值3房2衛】廚房★陽台,,29500,29.0,20.0,5,3,新北市,新北市新店區永安街,,公寓,3房2廳2衛 - 1陽台1廚房,,,https://www.rakuya.com.tw/rent/rent_item?ehid=04eda629352116b,fcd703b0cea0d4b96953cfbfab5ea843.jpeg,0.39818634870083947
1789,同德十一街透天住辦✦適合個人工作室,,15000,6.0,37.0,2,0,桃園市,桃園市桃園區同德十一街,,透天厝,1衛,,有對外窗,https://www.rakuya.com.tw/rent/rent_item?ehid=01b49d293532892,f6a6df36f29d449cf8991d359d8a512d.jpeg,0.7058473876772662
1790,南京三民高樓套房,,32000,13.87,0.0,17,1,台北市,台北市松山區南京東路五段,,其他,1房1廳1衛,,,https://www.rakuya.com.tw/rent/rent_item?ehid=03c4e9293624017,bb7f3abf726327e70ef152387ec7ef71.jpeg,1.4096535106830905
1791,市政府站，全新整理，變頻冷暖，獨洗，採光，曬衣窗台,,22000,10.0,0.0,2,0,台北市,台北市信義區永吉路,,透天厝,開放式格局,,有對外窗,https://www.rakuya.com.tw/rent/rent_item?ehid=0e7c2a29355264e,6b967f4fea6553c5c147b2c41c3c7737.jpeg,1.2801615521510534
1792,六張犁/和平東路/富陽街女子公寓雅房出租,,8000,5.0,0.0,2,4,台北市,台北市信義區富陽街,,公寓,4房2衛 - 1室1陽台1廚房,,有對外窗,https://www.rakuya.com.tw/rent/rent_item?ehid=02478829338993a,2d750ad8d2e79f9ff5dd1599ec86c1de.jpeg,1.431336479755688
1793,高雄租屋~楠梓德民路1F+2F+B1大空間店面住家,,35000,28.95,0.0,2,0,高雄市,高雄市楠梓區德民路,,公寓,,,有對外窗;陽台,https://www.rakuya.com.tw/rent/rent_item?ehid=0b2538293527769,3e9a01afd49743f3c38ed71b00ce1757.jpeg,0.24225847458872216
1794,J3E97）內湖五期【稀有3房2衛】寵物洽★含車位,,53000,30.0,20.0,1,3,台北市,台北市內湖區民權東路六段,,電梯大廈,3房2廳2衛 - 2陽台1廚房,,,https://www.rakuya.com.tw/rent/rent_item?ehid=074d30293536691,ba8daf44a66f765dbc46e169f1fff422.jpeg,0.5198406135807306
1795,大寮區搶手廠房（僅剩2間）,,18000,35.0,0.0,1,0,高雄市,高雄市大寮區興隆路,,廠房,,,,https://www.rakuya.com.tw/rent/rent_item?ehid=0fab9c293554502,ac2798edc02c73dc3481ac2261b57947.jpeg,0.03532180728093779
1796,大業寶山市場靜巷住宅一樓,,25000,27.0,32.0,1,3,桃園市,桃園市桃園區福山街,,華廈,3房2廳1衛 - 1陽台1廚房,,有對外窗;為邊間;有中庭,https://www.rakuya.com.tw/rent/rent_item?ehid=0bbf3129356489d,c2b29c81a5830192887b06193e401be6.jpeg,0.7101759565545069
1797,A3E25）北醫學大學【超值3房2衛】入籍洽★廚房,,45000,31.0,20.0,1,3,台北市,台北市信義區吳興街,,公寓,3房2廳2衛 - 2陽台1廚房,,,https://www.rakuya.com.tw/rent/rent_item?ehid=02f22329355035f,97117e722c43683328f3cfc97d2139b5.jpeg,2.025722847239955
1798,台元竹北車站旁|站前之星|全新視野採光四房+平車,,39000,28.72,1.2,14,4,新竹縣,新竹縣竹北市中山路/站前之星,,電梯大廈,4房2廳2衛 - 2陽台,,有對外窗;為邊間;陽台,https://www.rakuya.com.tw/rent/rent_item?ehid=026b0e29350813f,79daf9e099e0074b5d40a4abf558d02e.jpeg,0.5595063489806416
1799,A17站前金店面,,70000,73.81,10.3,2,0,桃園市,桃園市大園區領航北路四段,,店面,,,,https://www.rakuya.com.tw/rent/rent_item?ehid=08515329361125b,325f545981aa3037179881091ba9d35d.jpeg,0.22982226531971855
1800,全新電梯套房❤️室內機車位❤️陽台獨洗曬❤️子母車,,10999,11.0,0.1,3,1,台中市,台中市北區梅川東路三段,,電梯大廈,1房1衛 - 1陽台,,有對外窗;陽台,https://www.rakuya.com.tw/rent/rent_item?ehid=0f7400292811401,e3b755e13544b1a330fa31c73506f18d.jpeg,0.8916982902616868
1801,大空間套房❤️可貓咪❤️陽台獨洗獨曬❤️子母車,,10499,10.0,0.1,4,1,台中市,台中市北區學士路,,透天厝,1房1衛 - 1陽台,,有對外窗;陽台,https://www.rakuya.com.tw/rent/rent_item?ehid=052b5c29278878f,7f163f4bbbecc35b9ef32f08b0c716e5.jpeg,0.1334460801933443
1802,全新未住大空間❤️可租補❤️洗脫烘洗衣機❤️可寵,,12499,10.0,0.1,4,1,台中市,台中市北區國強街,,公寓,1房1衛,,有對外窗,https://www.rakuya.com.tw/rent/rent_item?ehid=0f2f3429178906d,c61c547721f70d6670e5dd0f3f08329a.jpeg,0.6528863025115672
1803,電梯大空間套房❤️陽台獨洗曬❤️可租補❤️可貓,,11999,10.0,0.1,5,1,台中市,台中市東區二聖街,,電梯大廈,1房1衛 - 1陽台,,有對外窗;陽台,https://www.rakuya.com.tw/rent/rent_item?ehid=040dc6292001702,4d959e30a6ed7b3061f654604e60ac9b.jpeg,0.0
1804,全新大空間套房❤️雙租補❤️可寵❤️洗脫烘洗衣機,,14499,12.0,0.1,7,1,台中市,台中市北區北屯路,,電梯大廈,1房1衛,,有對外窗,https://www.rakuya.com.tw/rent/rent_item?ehid=06555c291789313,9699b1bb975dd94a1facfcca433f8d32.jpeg,0.12095200361275703
1805,超新透天✨近曉明女中✨陽台獨洗✨子母車,,8999,13.0,0.1,4,1,台中市,台中市北區武昌路,,透天厝,1房1衛 - 1陽台,,有對外窗;陽台,https://www.rakuya.com.tw/rent/rent_item?ehid=00e156291806002,f5da043fb7e67b41d31899bede8a5a1f.jpeg,0.0
1806,崇德麥當勞✨陽台獨洗✨流理台✨可貓新裝潢✨,,9999,13.0,0.1,5,1,台中市,台中市北區榮華街,,公寓,1房1衛 - 1陽台,,有對外窗;陽台,https://www.rakuya.com.tw/rent/rent_item?ehid=01718d29206547b,70ec0d09aa01f2bda58d616f802f8a6b.jpeg,2.38898999045998
1807,近台體✨租屋補助✨陽台獨洗✨大空間✨,,7999,11.0,0.1,3,1,台中市,台中市北區力行路,,透天厝,1房1衛 - 1陽台,,有對外窗;陽台,https://www.rakuya.com.tw/rent/rent_item?ehid=0b8e63291498552,1b0317b08de6236bddfc627ed9244925.jpeg,3740.4675584448055
1808,電梯套房⛅可雙租補⛅陽台獨洗⛅子母車⛅流理臺⛅,,12499,13.0,0.1,8,1,台中市,台中市東區練武路,,透天厝,1房1衛 - 1陽台,,有對外窗;陽台,https://www.rakuya.com.tw/rent/rent_item?ehid=0b6f46292931070,48ac60c2705f03973329fe2aa41056cc.jpeg,1.427825533979303
1809,前2個月半價⛅陽台獨洗⛅可寵⛅流理臺⛅子母車,,11999,10.0,0.1,2,1,台中市,台中市北區中清路一段,,透天厝,1房1衛 - 1陽台,,有對外窗;陽台,https://www.rakuya.com.tw/rent/rent_item?ehid=04bec6292945116,7cad5ac836dc59ca619f7eaf25e70fb3.jpeg,0.8778688846518531
1810,東區⛅採光大套房⛅可租補⛅陽台獨洗⛅子母車⛅,,12999,17.0,0.1,3,1,台中市,台中市東區精武東路,,透天厝,1房1廳1衛 - 1陽台,,有對外窗;陽台,https://www.rakuya.com.tw/rent/rent_item?ehid=0e1dc2291306746,270c3807ff6e4c22d51e02d5d11c5961.jpeg,0.5380892986536913
1811,可租補⭐流理台⭐子母車⭐多間可選⭐獨洗⭐先搶先贏,,11999,10.0,0.1,7,1,台中市,台中市北區青島東街,,電梯大廈,1房1衛,,有對外窗,https://www.rakuya.com.tw/rent/rent_item?ehid=04fa0029280363d,3dc8a086820370811d79f45bd7bc2295.jpeg,0.0
1812,可租補❤可寵大套房❤獨洗烘❤代收包裹❤子母車❤秒殺,,12499,13.0,0.1,4,1,台中市,台中市北區五常街,,電梯大廈,1房1衛,,有對外窗,https://www.rakuya.com.tw/rent/rent_item?ehid=0a3b51292430269,da5f4a98d52ab980c3a63015c0a94807.jpeg,0.0
1813,全新整理⭐雙租補⭐可貓⭐陽台獨洗⭐滿租倒數,,11999,12.0,0.1,4,1,台中市,台中市北區太原一街,,電梯大廈,1房1衛 - 1陽台,,有對外窗;陽台,https://www.rakuya.com.tw/rent/rent_item?ehid=02bca8292803764,06bb5c6e2982a8af5828418fcfa6a646.jpeg,0.8369925064308134
1814,爬上來秒殺❤️可租補❤️流理台❤️獨洗❤️垃圾自理,,6499,7.0,0.1,5,1,台中市,台中市北區西屯路一段,,透天厝,1房1衛,,有對外窗,https://www.rakuya.com.tw/rent/rent_item?ehid=0a16ba291331993,7c5e75ed550d3b2ec5270102472f6f56.jpeg,1.2407904362390432
1815,整棟超新⭐雙租補⭐陽台獨洗⭐流理台⭐子母車⭐超秒殺,,11099,12.0,0.0,3,1,台中市,台中市北區山西路一段,,電梯大廈,1房1衛 - 1陽台,,有對外窗;陽台,https://www.rakuya.com.tw/rent/rent_item?ehid=099c3c287920819,b668d70bb2f636738ebfd77f03b95aab.jpeg,1.941597528033474
1816,台水電⭐可租補⭐陽台獨洗⭐子母車⭐全新裝潢⭐秒殺,,11499,13.0,0.0,4,1,台中市,台中市北區忠太東路,,電梯大廈,1房1衛 - 1陽台,,有對外窗;陽台,https://www.rakuya.com.tw/rent/rent_item?ehid=09c7c428991847b,d99a889cd6fef7ba6863568d7fcc8c56.jpeg,0.0
1817,全新電梯⭐可貓⭐可租補⭐流理台⭐陽台獨洗⭐近停車場,,13999,13.0,0.1,4,1,台中市,台中市北區中清路一段,,電梯大廈,1房1衛 - 1陽台,,有對外窗;陽台,https://www.rakuya.com.tw/rent/rent_item?ehid=0b4490264240194,46b55c14269a845d2ae3cb86d09e7452.jpeg,0.8624787304187757
1818,✨電梯新屋✨雙租屋補助✨陽台獨洗✨加賴約看✨全新,,10999,13.0,0.1,3,1,台中市,台中市北屯區華美西街二段,,電梯大廈,1房1衛 - 1陽台,,有對外窗;陽台,https://www.rakuya.com.tw/rent/rent_item?ehid=02c56929230794f,19f448551a0ca7a101e25fd70e43919a.jpeg,0.8474574710094531
1819,✨可貓咪✨電梯新屋✨雙租屋補助✨陽台獨洗✨請加賴✨,,11999,13.0,0.1,5,1,台中市,台中市東區二聖街,,電梯大廈,1房1衛 - 1陽台,,有對外窗;陽台,https://www.rakuya.com.tw/rent/rent_item?ehid=00ce68290920974,9ec0dbc508a06ca52fd2c564a7ed0d97.jpeg,0.0
1820,✨可貓咪✨運動爬梯✨租屋補助✨陽台獨洗✨請加賴✨,,10999,15.0,0.1,5,1,台中市,台中市北區衛道路,,電梯大廈,1房1衛 - 1陽台,,有對外窗;陽台,https://www.rakuya.com.tw/rent/rent_item?ehid=0a3305291169717,7e7c995b2d5aae64ee289d92de7563bb.jpeg,0.0
1821,✨稀有可寵✨獨立洗脫烘✨雙租屋補助✨請加賴✨,,14500,15.0,0.1,7,1,台中市,台中市北區北屯路,,電梯大廈,1房1衛,,有對外窗;陽台,https://www.rakuya.com.tw/rent/rent_item?ehid=0a7429291797662,5354b47708fea36cd7f478cdc044cad7.jpeg,0.1209510569818923
1822,✨可貓咪✨採光陽台✨租屋補助✨精美裝潢✨加賴聯絡✨,,10999,13.0,0.1,2,1,台中市,台中市北區自強街,,透天厝,1房1衛 - 1陽台,,有對外窗;陽台,https://www.rakuya.com.tw/rent/rent_item?ehid=00e025291890175,ba3ecddf2795abd3905ee0e39319e6f4.jpeg,0.6331352799652991
1823,✨可貓咪✨租屋補助✨陽台獨洗✨加賴約看✨,,6999,12.0,0.1,1,1,台中市,台中市北區中清路一段,,透天厝,1房1衛 - 1陽台,,有對外窗;陽台,https://www.rakuya.com.tw/rent/rent_item?ehid=0a868129297031c,9103467c3449206a2cbe35c4bb43e9e9.jpeg,0.9359235463362967
1824,✨電梯美屋✨台水台電✨獨洗窗曬✨雙租屋補助✨加賴約,,13999,17.0,0.0,2,1,台中市,台中市中區成功路,,電梯大廈,1房1衛,,有對外窗,https://www.rakuya.com.tw/rent/rent_item?ehid=0f7174292183449,f576b010bf9875f7df5f7b820f447f22.jpeg,0.4828733468530839
1825,✨電梯美屋✨雙租屋補助✨台電✨陽台獨洗✨加賴約看✨,,10799,13.0,0.1,6,1,台中市,台中市東區玉皇街,,電梯大廈,1房1衛 - 1陽台,,有對外窗;陽台,https://www.rakuya.com.tw/rent/rent_item?ehid=01921429296977d,0e1e78d1064391c4a677912c0c3455f7.jpeg,0.820702504342103
1826,✨電梯新屋✨雙租屋補助✨陽台獨洗✨流理台✨加賴約看,,10799,15.0,0.1,4,1,台中市,台中市北區健行路,,透天厝,1房1衛 - 1陽台,,有對外窗;陽台,https://www.rakuya.com.tw/rent/rent_item?ehid=00c30129265559d,1b5d0dd39699ae8ac923b6dd07f6c54a.jpeg,0.8246434527423052
1827,✨租屋補助✨陽台獨洗✨採光通風✨請加賴✨,,12999,15.0,0.1,3,1,台中市,台中市東區精武東路,,透天厝,1房1衛 - 1陽台,,有對外窗;陽台,https://www.rakuya.com.tw/rent/rent_item?ehid=0e08f1291481547,8e6029d8d960888536d5f35da34bd1f5.jpeg,0.5380892986536913
1828,✨電梯新屋✨雙租屋補助✨乾溼分離✨陽台獨洗✨加賴✨,,11599,15.0,0.1,7,1,台中市,台中市北區健行路,,電梯大廈,1房1衛 - 1陽台,,有對外窗;陽台,https://www.rakuya.com.tw/rent/rent_item?ehid=06aa0b288467266,b724339a5733333e6337fb3641e75982.jpeg,0.8178121371131404
1829,✨電梯新屋✨雙租屋補助✨陽台獨洗✨百萬裝潢✨加賴✨,,12999,15.0,0.1,2,1,台中市,台中市北區大誠街,,電梯大廈,1房1衛 - 1陽台,,有對外窗;陽台,https://www.rakuya.com.tw/rent/rent_item?ehid=0f6ef728936938f,3f1abb5b5d443a3bc45c89cfb9a09c83.jpeg,1.0048190845826994
1830,⭐電梯新屋⭐格局方正⭐租屋補助⭐子母車⭐請加賴⭐,,7499,12.0,0.1,2,1,台中市,台中市北區東光路,,電梯大廈,1房1衛,,有對外窗,https://www.rakuya.com.tw/rent/rent_item?ehid=0c7b77284278010,9777d6c8a32c9b7a786fe3dcbdb0865b.jpeg,0.9990948868283424
1831,⭐請加賴⭐電梯新屋⭐陽台獨洗⭐租屋補助⭐秒殺物件⭐,,8499,13.0,0.1,3,1,台中市,台中市北區東光路,,電梯大廈,1房1衛 - 1陽台,,有對外窗,https://www.rakuya.com.tw/rent/rent_item?ehid=055d4b284278050,06512c8dc8def879e2777a172d59ba69.jpeg,0.9841430163227735
1832,✨電梯美屋✨陽台獨洗✨雙租屋補助✨加賴✨秒殺速洽✨,,12499,15.0,0.1,2,1,台中市,台中市北區北屯路,,電梯大廈,1房1衛 - 1陽台,,有對外窗,https://www.rakuya.com.tw/rent/rent_item?ehid=069db328583717e,96f63eb66dccb6f7efbb6ebe35cc9323.jpeg,0.12302160299550302
1833,可租補✨可貓咪✅電梯新屋✨獨洗曬✨美裝潢✨,,10500,12.0,5.9,8,1,台中市,台中市北區武昌路,,電梯大廈,1房1衛,,有對外窗,https://www.rakuya.com.tw/rent/rent_item?ehid=0e3645244088119,9e304832f576de7c0e9e6af4a6648806.jpeg,0.0
1834,可寵物✨台水電計✨可租補✨流理台✨獨洗獨曬✨,,11000,16.0,4.0,4,1,台中市,台中市北區成功路,,電梯大廈,1房1衛 - 1廚房,,有對外窗,https://www.rakuya.com.tw/rent/rent_item?ehid=03c0d925010162b,4341256799f5f4a3fbf32d55b71c0290.jpeg,0.1248560996911452
1835,勤美✨流理臺❤陽台✔可租補,,9499,10.0,0.1,6,1,台中市,台中市北區篤行路,,透天厝,1房1衛 - 1陽台,,有對外窗;陽台,https://www.rakuya.com.tw/rent/rent_item?ehid=05312b29160834d,334f102358b1c967702016d7428b0644.jpeg,1.1102299828882294
1836,整棟全新➕可雙租補➕陽台獨洗➕台電計費➕汽車好停,,13499,18.0,0.1,3,1,台中市,台中市北屯區崇德八路一段,,電梯大廈,1房1廳1衛 - 1陽台,,有對外窗;陽台,https://www.rakuya.com.tw/rent/rent_item?ehid=0a39b4291490758,8d022a3de27bb60a62a9997106892764.jpeg,1.0849808256499724
1837,整棟全新➕可雙租補➕質感採光➕陽台獨洗➕子母車➕,,10999,16.0,0.1,3,1,台中市,台中市北屯區華美西街二段,,電梯大廈,1房1廳1衛 - 1陽台,,有對外窗;陽台,https://www.rakuya.com.tw/rent/rent_item?ehid=0060b629245344d,f9a152a34b73377ec82fbfc2137c40bd.jpeg,0.8474574710094531
1838,全新質感⏳可雙租補⏳台水電⏳獨洗曬⏳流理台⏳管理員,,13999,18.5,0.1,2,1,台中市,台中市北區成功路,,電梯大廈,1房1廳1衛 - 1廚房,,有對外窗,https://www.rakuya.com.tw/rent/rent_item?ehid=02112d292974689,e27c7ad298bda684db18969161133fb6.jpeg,0.1214354753472112
1839,整棟全新➕可寵可雙租補➕平面車位➕陽台獨洗➕可家庭,,12999,18.0,0.1,6,1,台中市,台中市北區榮華街,,電梯大廈,1房1廳1衛 - 1陽台,,有對外窗;陽台,https://www.rakuya.com.tw/rent/rent_item?ehid=01ccb129148648b,1f0787228135f2b73a68e129dc848b0d.jpeg,2.3172555280731544
1840,整棟全新➕可貓可雙租補➕陽台獨洗➕衛浴開窗➕機車位,,11999,15.0,0.1,3,1,台中市,台中市北屯區建和路一段,,電梯大廈,1房1衛 - 1陽台,,有對外窗;陽台,https://www.rakuya.com.tw/rent/rent_item?ehid=07e5d329043098c,d713eead504a06dcb756678b7cf0f4fa.jpeg,0.305599589557297
1841,整棟新蓋✨陽台獨洗流理台✨系統裝潢✨租屋補助✨可貓,,13999,16.0,0.1,5,1,台中市,台中市北區中清路一段,,電梯大廈,1房1衛 - 1陽台,,,https://www.rakuya.com.tw/rent/rent_item?ehid=0ed980292448916,fd3fcaa90be1f594cc9e869fdc41da45.jpeg,0.8624787304187757
1842,秒殺物件✨超大空間✨絕美採光✨系統裝潢✨電梯套房,,7999,14.0,0.1,4,1,台中市,台中市北區青島西街,,電梯大廈,1房1衛,,,https://www.rakuya.com.tw/rent/rent_item?ehid=04af20291809792,6caa48576168216ec21aa30b3349ffe1.jpeg,0.9198670351509189
1843,即將釋出搶先定✨陽台獨洗流理台✨雙租屋補助✨機車位,,11999,15.0,0.1,4,1,台中市,台中市北區進化北路,,電梯大廈,1房1衛 - 1陽台,,,https://www.rakuya.com.tw/rent/rent_item?ehid=0c572729100105a,2c0e74e77bf05efb33c769740c9ad92b.jpeg,0.0
1844,➰整棟新蓋➰陽台獨洗➰電梯➰可報稅租屋補助➰機車位,,11599,16.0,0.1,3,1,台中市,台中市北區山西路一段,,透天厝,1房1衛 - 1陽台,,有對外窗,https://www.rakuya.com.tw/rent/rent_item?ehid=06ab33291001078,7f880f357cb5beb4dbfa88abc95da414.jpeg,1.9316781303138333
1845,秒殺✨陽台獨洗流理台✨台電計費✨雙租屋補助✨機車位,,12999,16.0,0.1,1,1,台中市,台中市北區大德街,,電梯大廈,1房1衛 - 1陽台,,,https://www.rakuya.com.tw/rent/rent_item?ehid=02b96b291605058,1304f0a3e9f8eff61a0a970b897d34f7.jpeg,1.0048190845826994
1846,絕美系統裝潢✨陽台獨洗✨超強採光✨秒殺套房✨,,8999,14.0,0.1,4,1,台中市,台中市北區武昌路,,透天厝,1房1衛 - 1陽台,,,https://www.rakuya.com.tw/rent/rent_item?ehid=0150df291809844,2c24c5b468b922fd869522514df42907.jpeg,0.0
1847,全新裝潢✨絕美採光✨陽台獨洗✨可租屋補助✨可家庭,,12999,16.0,0.1,3,1,台中市,台中市東區精武東路,,透天厝,1房1衛 - 1陽台,,,https://www.rakuya.com.tw/rent/rent_item?ehid=03828c29251761d,1fe4b3daa843afa4f505443869b6490c.jpeg,0.5380892986536913
1848,整棟新蓋✨陽台獨洗✨雙租屋補助✨住戶單純✨電梯套房,,10499,14.0,0.1,4,1,台中市,台中市北屯區遼陽四街,,電梯大廈,1房 - 1陽台,,,https://www.rakuya.com.tw/rent/rent_item?ehid=083821290751632,084b716f7bdb1ce65e660ffd6d6421ab.jpeg,2.58094603988757
1849,整棟新蓋✨陽台獨洗流理台✨雙租屋補助✨室內機車位,,12499,17.0,0.2,8,1,台中市,台中市東區練武路,,電梯大廈,1房1衛 - 1陽台,,,https://www.rakuya.com.tw/rent/rent_item?ehid=00ca1f29100104c,bde315bfb8bd93bdcbd7b3a8af4d1b28.jpeg,1.427825533979303
1850,全新秒殺✨獨洗獨曬✨超大空間✨絕美採光✨雙租屋補助,,10999,16.0,0.1,3,1,台中市,台中市東區自由路四段,,透天厝,1房1衛,,,https://www.rakuya.com.tw/rent/rent_item?ehid=0b26ee29127131c,7fd900e4fc58a26e814d890fd3d4a755.jpeg,0.47386833065725803
1851,整棟新蓋✨陽台獨洗✨租屋補助✨絕美採光✨電梯套房,,10999,15.0,0.1,5,1,台中市,台中市北屯區華美西街二段,,電梯大廈,1房1衛 - 1陽台,,,https://www.rakuya.com.tw/rent/rent_item?ehid=0c757d292324612,4ee70061079ceca2b28525d94177d9c6.jpeg,0.8474574710094531
1852,全新裝潢✨陽台獨洗✨系統裝潢✨雙租屋補助✨電梯套房,,11299,16.0,0.1,3,1,台中市,台中市北區自強街,,電梯大廈,1房1衛 - 1陽台,,,https://www.rakuya.com.tw/rent/rent_item?ehid=01dc1c29075129c,597b42d0a80077fa1b618fd4340d213d.jpeg,0.6311544669708394
1853,✨秒殺物件✨陽台獨洗✨絕美採光✨租屋補助✨機車位,,8499,14.0,0.1,2,1,台中市,台中市北區國豐街,,電梯大廈,1房1衛 - 1陽台,,,https://www.rakuya.com.tw/rent/rent_item?ehid=0942df28765391e,940eb0ed4747a7ffd5013a341c9ec42e.jpeg,0.0
1854,絕美系統裝潢⭕絕美採光⭕超省電3⭕可報稅可租屋補助,,7499,13.0,0.0,3,1,台中市,台中市北區中清路一段,,電梯大廈,1房1衛,,有對外窗,https://www.rakuya.com.tw/rent/rent_item?ehid=08324b26930915c,89f53f61c8d2ceacf63f75dfa97a7a86.jpeg,0.9280984427591811
1855,東區飯店宅@台電包水@陽台獨洗@可租補@流理台,,14000,14.0,0.1,3,1,台中市,台中市東區玉皇街,,別墅,1房1衛 - 1陽台,,有對外窗;陽台,https://www.rakuya.com.tw/rent/rent_item?ehid=023a4f291915655,5e2104fdd97dc81235c9a9cd86ca2df5.jpeg,0.7964954976567128
1856,電梯可租補❤️陽台洗曬❤️流理台❤️子母車飲水機,,13999,17.0,0.1,6,1,台中市,台中市北區育祥街,,透天厝,1房1衛 - 1陽台,,有對外窗;陽台,https://www.rakuya.com.tw/rent/rent_item?ehid=073031292952530,5cb516da0f7bb50c01cb6e1c5841eb08.jpeg,0.8299684456801522
1857,可租補❤️全新完工❤️獨洗烘❤️子母車❤️飲水機,,11999,12.0,0.1,3,1,台中市,台中市北區育德路,,透天厝,1房1衛 - 1陽台,,有對外窗;陽台,https://www.rakuya.com.tw/rent/rent_item?ehid=07dff7292308588,84066191c14880aed40818e10992926b.jpeg,0.8146078231192917
1858,電梯❤️雙租補❤️陽台獨洗❤️機車好停❤️全新整理,,7499,9.0,0.1,5,1,台中市,台中市北區成功路,,透天厝,1房1衛 - 1陽台,,有對外窗;陽台,https://www.rakuya.com.tw/rent/rent_item?ehid=0592a6291970581,482485cebfc910db4fa3d3802301792f.jpeg,0.13067461444613748
1859,❤️電梯❤️陽台獨洗❤️電磁爐❤️大空間❤️採光佳,,11999,15.0,0.1,5,1,台中市,台中市北區進化北路,,透天厝,1房1衛 - 1陽台,,,https://www.rakuya.com.tw/rent/rent_item?ehid=09f836289968506,210a335e45aebeb5fb1880573dbd0f49.jpeg,0.0
1860,管理員❤樓中樓❤租屋補助❤獨立洗衣機❤乾溼分離❤,,12499,16.0,0.0,6,1,台中市,台中市北區綏遠路一段,,透天厝,1房1廳1衛,,有對外窗;樓中樓,https://www.rakuya.com.tw/rent/rent_item?ehid=0622a3290131292,05c55a31869c8fbcd994036c4236ff68.jpeg,1.7804228842971226
1861,獨立洗衣機❤可租屋補助❤小資滿意❤木質地板❤愛了,,6499,8.0,0.0,2,1,台中市,台中市北區瑞祥街,,公寓,1房1廳1衛,,有對外窗,https://www.rakuya.com.tw/rent/rent_item?ehid=0e1bbd29013167d,0415ab0aed6e59c3d4482c857429517e.jpeg,0.8732651677834279
1862,全新完工⚡台電分算⚡陽台獨洗曬⚡飲水機⚡子母車租補,,14000,13.0,0.1,8,0,台中市,台中市北屯區華美西街二段,,透天厝,開放式格局,,有對外窗;陽台,https://www.rakuya.com.tw/rent/rent_item?ehid=024122291579247,9f91e5ef50943eb75e1970e5c713a224.jpeg,0.8242246326291555
1863,台電⚡電梯⚡陽台獨洗曬⚡飲水機⚡子母車,,13800,13.0,0.1,3,0,台中市,台中市中區成功路,,透天厝,開放式格局,,有對外窗;陽台,https://www.rakuya.com.tw/rent/rent_item?ehid=08e24729186509a,29b32c892f03eee32a702e81fd83d6ba.jpeg,0.48366175295929814
1864,可租補⚡電梯⚡陽台獨洗曬⚡寵物的家⚡子母車,,13500,12.0,0.1,6,0,台中市,台中市北屯區南京東路三段,,華廈,開放式格局,,有對外窗;陽台,https://www.rakuya.com.tw/rent/rent_item?ehid=0f87be29034196a,2a5fe5ac81696f7c32b49527974f5e9d.jpeg,0.8794991359990159
1865,全新完工⚡有電梯⚡陽台獨洗曬⚡流理臺⚡子母車,,13000,12.0,0.1,4,0,台中市,台中市北屯區昌平東二路,,透天厝,開放式格局,,有對外窗;陽台,https://www.rakuya.com.tw/rent/rent_item?ehid=038433284133920,5dd19ddb25e24853012267cb4f592172.jpeg,0.8640210714986227
1866,全新完工⚡電梯⚡陽台獨洗曬⚡飲水機⚡子母車,,11000,10.0,0.1,5,0,台中市,台中市北區雙十路二段,,透天厝,開放式格局,,有對外窗;陽台,https://www.rakuya.com.tw/rent/rent_item?ehid=05296029076657b,97fa1ab6eeff0239fc036a0064ef9fcd.jpeg,0.891688837951722
1867,大露台⚡可租補⚡有電梯⚡陽台獨洗曬⚡飲水機⚡子母車,,13500,12.0,0.1,7,0,台中市,台中市北區北屯路,,透天厝,開放式格局,,有對外窗;陽台,https://www.rakuya.com.tw/rent/rent_item?ehid=07e7e7242769018,5e806a93e746054fa6dce715f3d9ad4a.jpeg,0.12193929068981989
1868,可租補⚡電梯⚡獨洗⚡流理台⚡子母車⚡全新整理,,14000,8.0,0.1,8,0,台中市,台中市北區青島東街,,華廈,開放式格局,,有對外窗,https://www.rakuya.com.tw/rent/rent_item?ehid=03d1b5281410905,0b33754a546d881e6574fd4c688c1533.jpeg,0.0
1869,東區超秒殺✨舒適質感採光✨可雙租屋補助✨代收垃圾,,10999,12.0,0.2,3,0,台中市,台中市東區自由路四段,,透天厝,開放式格局,,有對外窗,https://www.rakuya.com.tw/rent/rent_item?ehid=0a167029126815c,0278350eb044487d66eec2a6da878f54.jpeg,0.47386833065725803
1870,東區秒殺大套房✨租補❗陽台獨洗曬✨全新完工✨,,12999,18.0,0.1,3,1,台中市,台中市東區精武東路,,透天厝,1房1廳1衛 - 1陽台,,有對外窗;陽台,https://www.rakuya.com.tw/rent/rent_item?ehid=0719c429130665e,3617769ff84991f0f958c4b837f7052b.jpeg,0.5380892986536913
1871,陽台獨洗曬✨北區秒殺件❗年輕人佳✨電梯式✨,,8499,10.0,0.1,3,1,台中市,台中市北區東光路,,電梯大廈,1房1衛 - 1陽台,,有對外窗;陽台,https://www.rakuya.com.tw/rent/rent_item?ehid=099ecc29131030d,a371e39c6ab06c9b2ffa7a18e37d3791.jpeg,0.9841430163227735
1872,北區便宜又大間✨可寵❗電梯式✨小資房✨,,5199,10.0,0.1,7,1,台中市,台中市北區德化街,,電梯大廈,1房1廳1衛,,有對外窗,https://www.rakuya.com.tw/rent/rent_item?ehid=0d701629146804c,d629575dadb19531dbf908701149b0d6.jpeg,5027.889978842085
1873,北區秒殺件✨可租補❗整棟新蓋✨採光佳✨,,11499,14.0,0.1,5,1,台中市,台中市北區山西路一段,,電梯大廈,1房1廳1衛 - 1陽台,,有對外窗;陽台,https://www.rakuya.com.tw/rent/rent_item?ehid=0305b2291308494,35183bae4d13c74adbe4587cb62052af.jpeg,1.933619923974439
1874,電梯可補助◕陽台可獨洗◕室內機車位,,7499,9.0,5.2,6,0,台中市,台中市東區長福東街,,透天厝,開放式格局,,有對外窗;陽台,https://www.rakuya.com.tw/rent/rent_item?ehid=02f64b11406246a,971b6003ab857602807e0decce0e957d.jpeg,0.3086801916050491
1875,超新❤️可租補✨獨洗✨流理台,,10999,14.0,0.1,5,1,台中市,台中市東區南京路,,別墅,1房1衛 - 1陽台,,陽台,https://www.rakuya.com.tw/rent/rent_item?ehid=06e312292280713,73b23dcf0fe4eb2d80e3ce506261d952.jpeg,0.025561362234623877
1876,可租補♥️獨洗曬✨流理台✨子母車✨台電計費,,12999,14.0,0.1,1,1,台中市,台中市北區大德街,,電梯大廈,1房1衛 - 1陽台,,,https://www.rakuya.com.tw/rent/rent_item?ehid=0dfc6c29281148c,0bb41dc64abdeb2e8a80fbbefeb8d426.jpeg,1.0048190845826994
1877,✨陽台獨洗✅系統裝潢✨雙衣櫃✅可租補✅乾濕分離,,11499,15.0,0.7,2,1,台中市,台中市北屯區大連路一段,,電梯大廈,1房1衛 - 1陽台,,有對外窗,https://www.rakuya.com.tw/rent/rent_item?ehid=0e6317276462382,2c156bc3019eb38d032cd96b392a0005.jpeg,1.7565914939089997
1878,✨可雙租補✨獨洗陽台✨變頻冷氣✨子母車,,10499,15.0,1.1,4,1,台中市,台中市北屯區遼陽四街,,電梯大廈,1房1衛 - 1陽台,,,https://www.rakuya.com.tw/rent/rent_item?ehid=0657a427937354e,556a915a8639cddb49f98e9a211dcb41.jpeg,2.58094603988757
1879,♥️陽台獨洗✨舒適空間✨可租補✨子母車✨,,12999,12.0,0.6,4,1,台中市,台中市北區梅亭街,,電梯大廈,1房1衛 - 1陽台,,有對外窗;陽台,https://www.rakuya.com.tw/rent/rent_item?ehid=0caa7c27594649f,31bcbe3b6561d54fbfb9fc4ea651cafa.jpeg,1.3355800692390007
1880,整棟新蓋✨陽台獨洗✨乾溼分離✨雙租屋補助✨貓奴首選,,13499,17.0,0.1,5,1,台中市,台中市北區成功路,,電梯大廈,1房1衛 - 1陽台,,,https://www.rakuya.com.tw/rent/rent_item?ehid=05b90629093010e,11ebfa104d8c89fb15c77a95337c2fcc.jpeg,0.12194032288278452
1881,✨精華地段佛心價美房✨可貓租補1/20可入住可,,8000,11.0,0.0,3,0,台中市,台中市北區太原四街,,電梯大廈,開放式格局,,有對外窗;陽台,https://www.rakuya.com.tw/rent/rent_item?ehid=0efa1227654700c,5e222380daa2d2d8ade2f9db4b042226.jpeg,0.7769237240328662
1882,小資首選✨可貓貓✨大坪數✨子母車✨飲水機✨機車位✨,,9000,9.0,0.1,3,0,台中市,台中市北區自強街,,透天厝,開放式格局,,有對外窗,https://www.rakuya.com.tw/rent/rent_item?ehid=08b90c29191571f,595e6949d876896b772264e75f1a5fae.jpeg,0.6482709532553921
1883,可雙租補⚡可寵⚡近中華夜市⚡近一中街,,13999,15.0,0.0,11,1,台中市,台中市北區臺灣大道一段,,電梯大廈,1房1衛 - 1陽台,,有對外窗;陽台,https://www.rakuya.com.tw/rent/rent_item?ehid=0d85f2283620868,079e7063a66d0e3a20e85ad7eb0384ab.jpeg,1.2133985686268582
1884,可租補⚡電梯⚡子母車⚡近一中商圈,,10799,15.0,0.0,2,1,台中市,台中市東區進德北路,,電梯大廈,1房1衛 - 1陽台,,有對外窗;陽台,https://www.rakuya.com.tw/rent/rent_item?ehid=0288a9283621700,09c65e7502f2a2a3b517e9d663a46711.jpeg,0.12709558590652015
1885,中興大學✨租屋補助✨超新電梯✨機車位,,11499,13.0,0.1,3,0,台中市,台中市東區建中街,,電梯大廈,開放式格局,,有對外窗;陽台,https://www.rakuya.com.tw/rent/rent_item?ehid=033f54292566594,5cf197c7fb6e2bacebb2808c07ae06a3.jpeg,1.3174436204317497
1886,近中科大✨陽台獨洗✨可雙租補報稅✨子母車✨飲水機,,11299,10.0,0.1,3,1,台中市,台中市東區自強街,,透天厝,1房1衛 - 1陽台,,有對外窗;陽台,https://www.rakuya.com.tw/rent/rent_item?ehid=059ad2292742717,18281f72738b2525d5ff8ba271af9e57.jpeg,0.5831318444839277
1887,❤可貓❤陽台獨洗❤質感裝潢❤流理臺系統櫃❤乾溼分離,,8999,13.0,0.1,4,0,台中市,台中市北區文昌東三街,,透天厝,開放式格局,,陽台,https://www.rakuya.com.tw/rent/rent_item?ehid=01f849292044354,1354cb46eb813c3e79efbda4194f7825.jpeg,1.9478585078064572
1888,秒殺❤可雙租補❤貓咪的家❤陽台獨洗流理台❤衛浴開窗,,11999,15.0,0.1,3,0,台中市,台中市北區德化街,,透天厝,開放式格局,,陽台,https://www.rakuya.com.tw/rent/rent_item?ehid=05690f292044678,b9b3caac1c46f9f370b486f9bd92625b.jpeg,2.5440679207094723
1889,整棟全新❤租屋補助❤室內機車位❤陽台獨洗❤衛浴開窗,,11499,15.0,0.1,2,0,台中市,台中市北屯區雷中街,,電梯大廈,開放式格局,,陽台,https://www.rakuya.com.tw/rent/rent_item?ehid=0ebc7529226487f,a38dcf1adcb7bde88c880cdcd2eb13db.jpeg,0.37655218549831004
1890,❤整棟全新❤雙人租補❤陽台獨洗❤機車位❤先搶先贏,,10999,15.0,0.1,4,0,台中市,台中市北屯區華美西街二段,,電梯大廈,開放式格局,,陽台,https://www.rakuya.com.tw/rent/rent_item?ehid=05a5a729226801e,6dbd830134896ae3d7bf54173b6f3f70.jpeg,0.8474574710094531
1891,❤整棟全新❤雙人租補❤陽台獨洗曬❤機車位❤先搶先贏,,10999,15.0,0.1,5,0,台中市,台中市北屯區華美西街二段,,電梯大廈,開放式格局,,陽台,https://www.rakuya.com.tw/rent/rent_item?ehid=03246d292270603,a79a0c0bfc58341181eb34902c0be778.jpeg,0.8474574710094531
1892,⭐近一中商圈⭐可租補加價⭐設備齊全⭐陽台獨洗⭐,,7799,11.0,0.1,1,1,台中市,台中市北區太原八街,,透天厝,1房1衛 - 1陽台,,有對外窗;陽台,https://www.rakuya.com.tw/rent/rent_item?ehid=08cbf129137006c,3a83e2bab4ffa9462f2b96a9950aa024.jpeg,0.777263216450134
1893,⭐可雙租補⭐獨洗烘⭐電梯套房⭐管理員⭐設備齊全,,13999,17.0,0.1,6,1,台中市,台中市北屯區旅順路一段,,電梯大廈,1房1衛 - 1陽台,,有對外窗;陽台,https://www.rakuya.com.tw/rent/rent_item?ehid=057685283441930,9246d00ebab00ed07f36a81d560b6a97.jpeg,2.257552419643824
1894,⭐近一中商圈⭐陽台獨洗曬⭐設備齊全⭐衛浴開窗⭐,,11999,15.0,0.1,2,1,台中市,台中市中區福音街,,透天厝,1房1衛 - 1陽台,,有對外窗;陽台,https://www.rakuya.com.tw/rent/rent_item?ehid=02ee1628343397c,d8b40c313fcb730ca2ba58d8ce4e56f4.jpeg,2.5440679207094723
1895,可雙租補✅台水電✅近一中✅有流理臺電梯,,13999,15.0,0.1,2,1,台中市,台中市北區成功路,,電梯大廈,1房1廳1衛 - 1廚房,,有對外窗,https://www.rakuya.com.tw/rent/rent_item?ehid=0cfd0429298057f,7ce2930e350a4d8caa414108ccd99e88.jpeg,0.1214354753472112
1896,⭐️近天津商圈⭐電梯大樓⭐有管理員⭐可貓⭐,,10499,14.0,0.1,5,1,台中市,台中市北區武昌路,,電梯大廈,1房1衛 - 1陽台,,有對外窗,https://www.rakuya.com.tw/rent/rent_item?ehid=067e89282512695,4ba4c765465856e4347079c2fa0287a8.jpeg,0.0
1897,頂級精裝潢 質感爆棚 北區 可貓 電梯新蓋,,12000,7.0,0.0,4,1,台中市,台中市北區原子街,,華廈,1房1衛 - 1陽台,,有對外窗;陽台,https://www.rakuya.com.tw/rent/rent_item?ehid=08dd67292164211,c4b97b9829127712739ed424e948f90e.jpeg,0.8097337869966582
1898,可租補｜小資首選｜乾溼分離｜代收包裹｜電梯管理員,,7000,8.0,0.1,3,1,台中市,台中市東區台中路,,電梯大廈,1房1衛,,,https://www.rakuya.com.tw/rent/rent_item?ehid=082c54292453450,497a3a6193dc416f3de54cdb8aa182b3.jpeg,0.12243575579316884
1899,便宜小資 可租補 陽台獨洗 電梯 子母車 飲水機,,6800,8.0,0.1,4,1,台中市,台中市北區太原路一段,,透天厝,1房1衛 - 1陽台,,有對外窗;陽台,https://www.rakuya.com.tw/rent/rent_item?ehid=077502291804637,d6c5f4eeb43a9beb2bb65562cbe072fa.jpeg,1.9138655756792406
1900,一中台體❤可租屋補助❤可貓咪❤陽台獨洗❤採光佳,,7999,10.0,0.0,4,1,台中市,台中市東區復興路四段,,公寓,1房1衛 - 1陽台,,有對外窗;陽台,https://www.rakuya.com.tw/rent/rent_item?ehid=03579e29047468c,487c26012f20288b224989e2e308830e.jpeg,1.9091579974830395
1901,整棟全新✨陽台獨洗流理臺✨超級大坪數✨可租補,,12499,15.0,0.0,3,1,台中市,台中市北區華興街,,透天厝,1房1衛 - 1陽台,,有對外窗;陽台,https://www.rakuya.com.tw/rent/rent_item?ehid=06370d285266497,c24c59dd45ad98a4348d5f5268c3b277.jpeg,2.3277237165212106
1902,整棟新蓋✨可雙租補✨陽台獨洗流理台✨飲水機子母車,,14499,13.0,0.0,2,0,台中市,台中市北區北屯路,,透天厝,開放式格局,,有對外窗;陽台,https://www.rakuya.com.tw/rent/rent_item?ehid=06ab2f270973292,74126d37dadd05d44581068a3444fbae.jpeg,0.12095200361275703
1903,《湖內挑高大腹地》獨立大電、消防、附辦公室附天車,,130000,540.0,0.0,1,0,高雄市,高雄市湖內區湖中路,,廠房,,,,https://www.rakuya.com.tw/rent/rent_item?ehid=0422ca293513395,fc569e0f71d7d3474a78bc9565ebf481.jpeg,0.04254713364588487
1904,竹北台元園區商辦,,78400,132.18,23.0,7,0,新竹縣,新竹縣竹北市台元街/台元科技園區BCDEF棟,,電梯大廈,開放式格局,,有對外窗,https://www.rakuya.com.tw/rent/rent_item?ehid=0e34a829356246e,05966bbe224d89198ffba7ac5e962c98.jpeg,0.7879020987782729
1905,北區可貓獨立精美大套✨陽台獨洗10000有找,,8000,12.0,0.1,5,0,台中市,台中市北區中清路一段,,透天厝,開放式格局,,有對外窗;陽台,https://www.rakuya.com.tw/rent/rent_item?ehid=0f2fc427644014f,18081028884df5c865c20f6c0f36600a.jpeg,0.9208741117971687
1906,教育大.全新完工.流理臺/,,12500,13.0,0.1,4,0,台中市,台中市中區中華路一段,,透天厝,開放式格局,,有對外窗;陽台,https://www.rakuya.com.tw/rent/rent_item?ehid=0633ac292008532,40979ea20095729631c31cf40bfe60d4.jpeg,1.8217885021802045e-05
1907,近拉拉.超新屋.機車位.雙租補/可貓,,10999,11.5,0.1,5,0,台中市,台中市東區二聖街,,透天厝,開放式格局,,有對外窗;陽台,https://www.rakuya.com.tw/rent/rent_item?ehid=05db8f292189270,7c3011dea781dd5cfc3272c73c4fb5f3.jpeg,0.0
1908,一中街中友.超新屋.機車位 限女生 汽車位可租,,8700,11.5,0.1,4,0,台中市,台中市北區自強街,,透天厝,開放式格局,,有對外窗;陽台,https://www.rakuya.com.tw/rent/rent_item?ehid=016d72292010237,23e36ff80959eee699791dc114aea5eb.jpeg,0.6508956728116392
1909,近拉拉.超新屋.雙租補.可貓機車位／雙陽台雙衛浴,,16999,14.0,0.1,3,1,台中市,台中市東區二聖街,,透天厝,1房1廳2衛 - 2陽台,,有對外窗;陽台,https://www.rakuya.com.tw/rent/rent_item?ehid=050aff292190699,d8b136da4b86b3baab425405978cdb57.jpeg,0.0
1910,一中台體/學生首選.租補,,8500,12.0,0.0,2,0,台中市,台中市東區練武路,,透天厝,開放式格局,,有對外窗;陽台,https://www.rakuya.com.tw/rent/rent_item?ehid=0fd110290675842,978ecfbca1c98f3495bf90d9cb4e9647.jpeg,1.4939303607531524
1911,廣三sogo/全新未住/雙租補/可家庭,,12500,11.5,0.0,2,0,台中市,台中市北區天津路一段,,透天厝,開放式格局,,有對外窗;陽台,https://www.rakuya.com.tw/rent/rent_item?ehid=0e05bd29072264b,a271030228885d0dc2541d9eb6d87566.jpeg,0.8233653493294281
1912,全新未住✨稀有可寵可租補✨系統櫃陽台獨洗曬,,13999,12.0,0.0,4,1,台中市,台中市北區太原一街,,電梯大廈,1房1衛 - 1陽台,,有對外窗;陽台,https://www.rakuya.com.tw/rent/rent_item?ehid=05b614289606182,0a7256d52f9d01df4960bf3ff3c70629.jpeg,0.8223189669181231
1913,電梯套房,,12999,15.0,0.1,5,1,台中市,台中市北區篤行路,,透天厝,1房1廳1衛 - 1室1陽台1廚房,,有對外窗,https://www.rakuya.com.tw/rent/rent_item?ehid=024508290792784,95ce11a1cb54d02267b0171eff648184.jpeg,1.070392690870246
1914,整棟全新✨陽台獨洗✨可租屋補助✨可貓,,10999,15.0,0.0,5,1,台中市,台中市北區雙十路二段,,電梯大廈,1房1衛 - 1陽台,,,https://www.rakuya.com.tw/rent/rent_item?ehid=027d0a285262471,6d77e630b03e3a32f48fc9862d9efe8d.jpeg,0.8916982902616868
1915,陽台獨洗✨衛浴開窗✨採光佳✨室內機車位,,10999,12.0,0.0,5,1,台中市,台中市北區梅川東路三段,,電梯大廈,1房1衛 - 1陽台,,有對外窗;陽台,https://www.rakuya.com.tw/rent/rent_item?ehid=0d109d28526293d,5b40dd7a7b6f0c487176257e4a3b362e.jpeg,0.8916982902616868
1916,超新優質舒適套房✨獨洗曬✨生活好自在好採光,,11000,10.0,0.1,5,0,台中市,台中市東區南京路,,電梯大廈,開放式格局,,有對外窗;陽台,https://www.rakuya.com.tw/rent/rent_item?ehid=00fcaf275817295,9e6c08a621bb2bb16d3ddbd35c0cf553.jpeg,0.02556109127535256
1917,台中車站✔可租補✨專屬洗衣機,,7999,10.0,0.1,4,1,台中市,台中市東區復興路四段,,透天厝,1房1衛,,有對外窗,https://www.rakuya.com.tw/rent/rent_item?ehid=0270d0288667529,bcad9f3a48556440650d13e04f0d943e.jpeg,1.9091579974830395
1918,❤️超新的✅租補✨陽台獨洗✨流理台✨有沙發,,10999,15.0,0.1,5,1,台中市,台中市東區南京路,,公寓,1房1衛 - 1陽台,,有對外窗;陽台,https://www.rakuya.com.tw/rent/rent_item?ehid=076a0429224754f,c2cd6726b1761609833ffef4e407b416.jpeg,0.025561362234623877
1919,✨電梯✅可雙租補報稅✅可寵❤️陽台獨洗✨,,11999,16.0,0.1,4,1,台中市,台中市北區太原一街,,電梯大廈,1房1廳 - 1陽台,,有對外窗;陽台,https://www.rakuya.com.tw/rent/rent_item?ehid=09ce00291084820,fe8a66effd93b138ff771ebb7e7f9a0f.jpeg,0.8369925064308134
1920,採光波棒✨全新完工✅可租補✨子母車❤️陽台獨洗,,12999,17.0,0.1,3,1,台中市,台中市東區精武東路,,透天厝,1房1廳1衛 - 1陽台,,有對外窗;陽台,https://www.rakuya.com.tw/rent/rent_item?ehid=048c6b29107482d,9473e75ff4295e7d164127c38b3a83c6.jpeg,0.5380892986536913
1921,可貓寵✨獨洗曬✨小資首選✨衛浴窗採光佳✨機車好停,,7999,9.0,0.1,7,1,台中市,台中市北區梅亭街,,電梯大廈,1房1衛,,,https://www.rakuya.com.tw/rent/rent_item?ehid=08a4b8291412093,bffe5e2c9431dc757368508fbe8d53df.jpeg,1.4140020462641762
1922,可雙租補✨機車位✨太空間採光✨可貓寵✨生活機能極佳,,11499,14.5,0.1,4,1,台中市,台中市北區日進街,,透天厝,1房1衛,,,https://www.rakuya.com.tw/rent/rent_item?ehid=0f935529141155a,0fa111fdb57800ea99f7e910b0b76d39.jpeg,1.1198759802482208
1923,陽台獨洗✨可租補✨室內機車位✨流理臺✨乾溼衛浴,,11999,12.0,0.1,4,1,台中市,台中市北區進化北路,,電梯大廈,1房1衛 - 1陽台,,,https://www.rakuya.com.tw/rent/rent_item?ehid=03a7d1291410891,2edd176e896273e97a099bff2900b356.jpeg,0.0
1924,電梯免爬✨極大空間✨陽台獨洗✨汽機車好停✨乾溼分離,,11999,13.0,0.0,2,0,台中市,台中市北區漢口路五段,,透天厝,開放式格局,,有對外窗;陽台,https://www.rakuya.com.tw/rent/rent_item?ehid=013fcb27834309f,43fa02d118841f95a450c9d5960c74e0.jpeg,2.1654747986146043
1925,可寵的家✨獨洗窗曬✨系統裝潢✨子母車✨機車好停,,8299,10.0,0.0,3,0,台中市,台中市北區五順街,,華廈,開放式格局,,有對外窗,https://www.rakuya.com.tw/rent/rent_item?ehid=04ffa4278342962,b3e9dcdef1e88f805fa3fb374e77a150.jpeg,0.0
1926,✨全新完工✨可寵的家✨陽台獨洗✨流理臺✨採光極佳,,13499,12.0,0.0,2,0,台中市,台中市北區中清路一段,,公寓,開放式格局,,有對外窗;陽台,https://www.rakuya.com.tw/rent/rent_item?ehid=02762c27834440e,881dc2237e703bc848395220b03fcbd1.jpeg,0.8660643404745798
1927,可寵首選✨全新未住✨陽台獨洗✨流理臺✨乾溼衛浴✨,,11499,10.0,0.0,5,0,台中市,台中市北區北平路二段,,公寓,開放式格局,,有對外窗;陽台,https://www.rakuya.com.tw/rent/rent_item?ehid=03562d278344181,ec6c917dc476c7557c7d586d6bf4b9f7.jpeg,1.722359477045517
1928,✨全新未住✨可寵首選✨流理臺陽台獨洗✨機車好停,,13499,11.0,0.0,2,0,台中市,台中市北區中清路一段,,公寓,開放式格局,,有對外窗;陽台,https://www.rakuya.com.tw/rent/rent_item?ehid=0b1045278344301,9934091fee131bb64bc5ffff5482ff6f.jpeg,0.8660643404745798
1929,可貓可狗✨獨洗曬✨流理台✨衛浴開窗✨採光佳子母車,,13499,10.0,0.0,5,0,台中市,台中市北區中山路,,電梯大廈,開放式格局,,有對外窗,https://www.rakuya.com.tw/rent/rent_item?ehid=05815827097348d,028dff587c7b9fa0e416fc0609841116.jpeg,0.0
1930,陽台獨洗✨可租補大空間✨流理台電磁爐✨衛浴開窗,,10999,12.0,0.0,5,0,台中市,台中市東區南京路,,透天厝,開放式格局,,有對外窗;陽台,https://www.rakuya.com.tw/rent/rent_item?ehid=018b5d270988902,ffdb4050930ab4105f95939a62174b8c.jpeg,0.025561362234623877
1931,近車站✨獨洗曬✨可租補✨流理台大空間✨系統櫃衛浴窗,,10999,12.0,0.0,4,0,台中市,台中市東區南京路,,透天厝,開放式格局,,有對外窗,https://www.rakuya.com.tw/rent/rent_item?ehid=038abb270989150,481113c7942f6c94ede16d2e04eeab2e.jpeg,0.025561362234623877
1932,可貓寵大坪數✨全新未住✨機車好停✨陽台獨洗✨流理臺,,13999,15.0,0.0,3,0,台中市,台中市北區瑞祥街,,透天厝,開放式格局,,有對外窗;陽台,https://www.rakuya.com.tw/rent/rent_item?ehid=03c2d0275236687,ef6ce44ad8987109c6212c02fca636de.jpeg,0.7974581609415287
1933,台電分算✨可貓貓✨可租補✨整棟新蓋✨陽台獨洗,,12799,13.0,0.1,6,1,台中市,台中市北區衛道路,,電梯大廈,1房1衛 - 1陽台,,,https://www.rakuya.com.tw/rent/rent_item?ehid=0e18b2291295824,54450af7ec099bc5f18530bcc868beec.jpeg,0.0
1934,整棟極新✨陽台獨洗✨台電計費✨可雙租補✨採光極佳,,13999,15.0,0.0,7,1,台中市,台中市北區大德街,,透天厝,1房1衛 - 1陽台,,,https://www.rakuya.com.tw/rent/rent_item?ehid=054ed928866544c,79158b4a8511c01cb39ba327e56166d8.jpeg,0.996344608754284
1935,可租補全新未住✨乾溼衛浴開窗✨採光極佳,,12499,14.0,0.0,3,1,台中市,台中市北區天津路一段,,透天厝,1房1衛 - 1陽台,,有對外窗;陽台,https://www.rakuya.com.tw/rent/rent_item?ehid=0b4101288991546,96f32f78bb6a7d0837449a2deb19694e.jpeg,0.823372933434469
1936,超級大空間✨陽台獨洗✨流理臺衛浴窗✨機車位採光超好,,13999,17.0,0.0,3,0,台中市,台中市中區三民路二段,,電梯大廈,開放式格局,,,https://www.rakuya.com.tw/rent/rent_item?ehid=0d21b728899798e,311d3446b188c6a8bffec65cfb2faad7.jpeg,0.0
1937,可租補✨機車位✨陽台獨洗✨子母車飲水機✨採光極佳,,10999,12.0,0.0,6,0,台中市,台中市北屯區大連北街,,電梯大廈,開放式格局,,有對外窗;陽台,https://www.rakuya.com.tw/rent/rent_item?ehid=018f54278342898,7bfffa12446320530d467b40abe0691a.jpeg,0.7481614100211065
1938,陽台獨洗曬☆流理臺☆子母車☆飲水機☆可寵☆乾溼分離,,13500,16.0,0.4,2,1,台中市,台中市北區中清路一段,,透天厝,1房1衛 - 1陽台,,有對外窗;陽台,https://www.rakuya.com.tw/rent/rent_item?ehid=068c0728414309f,830e7d1ff5da03c614463a616f97dfca.jpeg,0.8660570094662798
1939,全新裝潢透天☆獨洗曬☆沙發☆流理台☆飲水機☆子母車,,8800,10.0,1.3,2,1,台中市,台中市北區北屯路,,透天厝,1房1衛 - 1陽台,,有對外窗;陽台,https://www.rakuya.com.tw/rent/rent_item?ehid=0de174282522303,a76582397d50a21daed36859d5f0d9fe.jpeg,0.12818493376579054
1940,可貓可☆雙租補☆機車位☆秘書☆陽台獨洗曬☆多公設,,11000,15.0,0.5,2,1,台中市,台中市北區漢口路三段,,電梯大廈,1房1衛 - 1陽台,,有對外窗;陽台,https://www.rakuya.com.tw/rent/rent_item?ehid=05f38a28046578f,1802f21aa45507999c09c49483d7a6a8.jpeg,0.847448487667458
1941,全新完工電梯透天☆可雙租補☆台電☆陽台寬敞☆子母車,,14500,17.0,1.4,5,1,台中市,台中市北屯區崇德八路一段,,電梯大廈,1房1衛 - 1陽台,,有對外窗;陽台,https://www.rakuya.com.tw/rent/rent_item?ehid=0b9ac2279238025,99b4272a4aad723e654e2312141f7684.jpeg,1.0761786959806166
1942,全新裝潢☆獨洗陽台☆衛浴開窗☆可寵☆飲水機☆子母車,,11500,14.0,1.3,2,1,台中市,台中市北區西屯路一段,,透天厝,1房1衛 - 1陽台,,有對外窗;陽台,https://www.rakuya.com.tw/rent/rent_item?ehid=0acb5e28252270e,3076f822bd0ee1fd487a0a3078676c2e.jpeg,1.1589865854491135
1943,全新裝潢電梯大樓☆可雙租補☆可貓☆陽台獨洗☆子母車,,13000,15.0,1.3,11,1,台中市,台中市北區臺灣大道一段,,電梯大廈,1房1衛 - 1陽台,,有對外窗;陽台,https://www.rakuya.com.tw/rent/rent_item?ehid=049e33279943861,6af0009aac0cd76c67c60303773de506.jpeg,1.2237084148791877
1944,全新完工☆可寵☆陽台獨洗曬☆流理臺☆飲水機☆子母車,,12000,14.0,1.4,2,1,台中市,台中市北區中清路一段,,透天厝,1房1衛 - 1陽台,,有對外窗;陽台,https://www.rakuya.com.tw/rent/rent_item?ehid=0113cf279240973,d23d46cd3496e2036c3d0309de391dec.jpeg,0.8778604277295501
1945,全新完工☆可寵☆陽台獨洗曬☆流理臺☆子母車☆飲水機,,13500,15.0,1.4,2,1,台中市,台中市北區中清路一段,,透天厝,1房1衛 - 1陽台,,有對外窗;陽台,https://www.rakuya.com.tw/rent/rent_item?ehid=0b395427924019e,b64af75e75eb507f86b0d0102c343fc5.jpeg,0.8660570094662798
1946,超新透天☆陽台獨洗曬☆子母車☆飲水機,,9500,12.0,1.4,4,1,台中市,台中市北區武昌路,,透天厝,1房1衛 - 1陽台,,有對外窗;陽台,https://www.rakuya.com.tw/rent/rent_item?ehid=08c1f8279310314,497574eaf79d7ce00e4cd16dcfdee9d1.jpeg,0.0
1947,電梯大樓☆陽台獨洗曬☆台水電☆子母車☆可租補,,13000,16.0,6.4,7,1,台中市,台中市北區中清路一段,,電梯大廈,1房,,有對外窗;陽台,https://www.rakuya.com.tw/rent/rent_item?ehid=00f8a3277945076,8079004ded694f70027c8581dd133cb4.jpeg,0.8698069268881224
1948,電梯大樓☆飲水機☆流理臺☆子母車☆可租補☆可寵,,13000,14.0,3.4,11,1,台中市,台中市北區臺灣大道一段,,電梯大廈,1房1衛 - 1陽台,,有對外窗;陽台,https://www.rakuya.com.tw/rent/rent_item?ehid=0f9eaa27819324c,098aafd342cb8bdd1028e79e8e8937cd.jpeg,1.2237084148791877
1949,電梯透天☆可雙租補☆飲水機☆子母車☆陽台獨洗,,14500,18.0,5.4,2,1,台中市,台中市北屯區北屯路,,公寓,1房1衛 - 1陽台,,有對外窗;陽台,https://www.rakuya.com.tw/rent/rent_item?ehid=0cddfb277844646,bf8ea16488048020d94a66340b362180.jpeg,0.1209510569818923
1950,太原八街陽台獨洗浴室開窗機車好停可租補,,7799,8.0,4.4,3,1,台中市,台中市北區太原八街,,電梯大廈,1房1衛 - 1陽台,,有對外窗,https://www.rakuya.com.tw/rent/rent_item?ehid=08e552281091217,64c83659947ac7f892714c91a56305ad.jpeg,0.777263216450134
1951,罒划算❗北平天津CP套房獨洗曬可租補,,8000,8.0,45.1,3,1,台中市,台中市北屯區柳陽西街,,透天厝,1房1衛 - 1陽台,,有對外窗,https://www.rakuya.com.tw/rent/rent_item?ehid=0f0b4729074963c,b801c16c0cb2aabca6bf6d8fcf03231c.jpeg,2.308310827908424
1952,可雙租補可貓⚡1房1廳⚡近科學博物館,,18000,18.0,0.0,2,1,台中市,台中市北區博館路,,透天厝,1房1廳1衛 - 1陽台,,有對外窗;陽台,https://www.rakuya.com.tw/rent/rent_item?ehid=0fb02028871099d,b4c764971a22c2f92fc13f980caf0816.jpeg,0.0
1953,C0C59）中山國小2分【超值】垃圾代收★小資首選,,9800,6.0,20.2,5,1,台北市,台北市中山區新生北路二段,,公寓,1房1衛,,,https://www.rakuya.com.tw/rent/rent_item?ehid=04c65d288292648,cc6d3cb826d9aba8a3d4f4ca49d8d878.jpeg,3515.3061224489797
1954,可雙租補⚡可寵⚡台電⚡近SOGO百貨,,11999,13.0,0.0,3,1,台中市,台中市北區西屯路一段,,透天厝,1房1衛,,有對外窗,https://www.rakuya.com.tw/rent/rent_item?ehid=07a93a288263791,2ae9e40e5f7f0a72743e222aa853b3b9.jpeg,1.1532978140936208
1955,近一中⭐️可雙租補⭐️全新電梯陽台獨洗⭐️乾濕分離,,13999,15.0,0.0,3,1,台中市,台中市北區中山路,,電梯大廈,1房1廳1衛 - 1陽台1廚房,,有對外窗;陽台,https://www.rakuya.com.tw/rent/rent_item?ehid=0a093628162165a,57a65bb9f712d5495a79930464e568ad.jpeg,0.0
1956,租補可談✅近漢口路✅共洗窗曬✅多間可選請私,,8500,12.0,0.0,3,1,台中市,台中市北區陜西東三街,,電梯大廈,1房1衛,,有對外窗,https://www.rakuya.com.tw/rent/rent_item?ehid=00cb0727819514f,708ce32b9ed7036521f330f3205681cc.jpeg,0.8290604037286831
1957,北區⭐️電梯套房⭐️五臟俱全質感大空間開心,,12000,10.0,0.0,7,0,台中市,台中市北區進化路,,電梯大廈,開放式格局,,有對外窗;陽台,https://www.rakuya.com.tw/rent/rent_item?ehid=084025276161973,d746fa36c0ba38c353cd35fd599cb666.jpeg,0.0
1958,超好住✨租補✨陽台獨洗✨無限視野✨汽車位,,11400,9.0,0.0,3,0,台中市,台中市北區文祥街,,電梯大廈,開放式格局,,有對外窗;陽台,https://www.rakuya.com.tw/rent/rent_item?ehid=064eae27604820d,365f8a04a6f94de191fdc0f1b81c784c.jpeg,0.814561507441224
1959,抓住我✨北區舒服大空間強烈推薦✨租補汽車位,,13000,10.0,0.0,5,0,台中市,台中市北區榮華街,,電梯大廈,開放式格局,,有對外窗;陽台,https://www.rakuya.com.tw/rent/rent_item?ehid=0aa0b227604047c,ded7b03e9f5fa322870050939a2689eb.jpeg,2.3172350834946323
1960,超心熱呼呼✨雙租補✨可貓心曠神怡,,12500,9.0,0.0,5,0,台中市,台中市北屯區大連北街,,電梯大廈,開放式格局,,有對外窗;陽台,https://www.rakuya.com.tw/rent/rent_item?ehid=01e98e27569561a,cab6a366b533275c2ece353bef5447c5.jpeg,0.7371541539290527
1961,可貓❤秒殺絕✨佳地段喜歡都來談✨大空間✨,,10500,9.0,0.0,8,0,台中市,台中市北區武昌路,,電梯大廈,開放式格局,,有對外窗,https://www.rakuya.com.tw/rent/rent_item?ehid=0be209274506082,350d2b245589c4f3ef0ba74223d6928b.jpeg,0.0
1962,雙租補✨台水電!電梯管理員!超大間好停車,,12500,10.0,0.0,4,0,台中市,台中市北區福龍街,,電梯大廈,開放式格局,,有對外窗;陽台,https://www.rakuya.com.tw/rent/rent_item?ehid=0720e4276049211,ea403a39d1081b3f351adfe11ae573cf.jpeg,2.532090615467206
1963,可雙租補⚡電梯⚡陽台獨洗⚡近一中商圈⚡教育大學,,14499,17.0,0.0,6,1,台中市,台中市北區中山路,,電梯大廈,1房1衛 - 1陽台,,有對外窗;陽台,https://www.rakuya.com.tw/rent/rent_item?ehid=03cacd28599406c,675503da7eb5881427f94018b48ee1ac.jpeg,0.0
1964,可雙租補⚡可貓⚡電梯套房⚡近一中商圈,,10999,14.0,0.0,2,1,台中市,台中市北區雙十路二段,,電梯大廈,1房1衛 - 1陽台,,有對外窗;陽台,https://www.rakuya.com.tw/rent/rent_item?ehid=0b355528452748d,988bc7f556973eabbb4c4b0e7bb18428.jpeg,0.8916982902616868
1965,彰濱工業區全新完工電鍍區合法廠房,,373000,735.64,0.0,0,0,彰化縣,彰化縣鹿港鎮環工六路,,廠房,,,,https://www.rakuya.com.tw/rent/rent_item?ehid=0c189c279277331,dcb0cabcb48159ac00058ff2f6034db8.jpeg,0.0
1966,沙鹿交流道770坪廠房/9米高/有碼頭,,308000,770.0,0.0,0,0,台中市,台中市沙鹿區中清路七段,,廠房,,,,https://www.rakuya.com.tw/rent/rent_item?ehid=054b58277300035,d2568ad0dce824304a55b040a8d887af.jpeg,0.032314687882621124
1967,新裝潢套房❤️台水台電❤️管理員代收包裹❤️可租補,,11999,12.0,0.0,4,0,台中市,台中市北區忠太東路,,電梯大廈,開放式格局,,有對外窗;陽台,https://www.rakuya.com.tw/rent/rent_item?ehid=0708c327851005e,030556c74d5f5b4f64c035873ea08eea.jpeg,0.0
1968,北區秒殺❤️電梯❤️學生套房❤️陽台獨洗,,7799,8.0,0.0,6,1,台中市,台中市北區太原八街,,透天厝,1房1廳1衛 - 1陽台,,有對外窗;陽台,https://www.rakuya.com.tw/rent/rent_item?ehid=04ebf927762370a,94255fc635a2d623f6cf27a509499910.jpeg,0.777263216450134
1969,東區超級大空間❤️雙租補❤️電梯❤️,,10999,12.0,0.0,3,1,台中市,台中市東區精武路,,電梯大廈,1房1廳1衛 - 1陽台,,有對外窗;陽台,https://www.rakuya.com.tw/rent/rent_item?ehid=0754c127762020b,b8e57fb471384bd8bb2a0d744cfb0a96.jpeg,0.025561362234623877
1970,J0G46）內湖四期【秒殺景觀★獨戶】有警衛★精緻,,25000,15.0,20.7,9,1,台北市,台北市內湖區民權東路六段,,電梯大廈,1房1衛 - 1廚房,,,https://www.rakuya.com.tw/rent/rent_item?ehid=08a5db263779756,7a0e6846f5e8c4864708c1f1a6a349dc.jpeg,0.562222632272318
1971,可寵物❤近中醫❤獨洗獨曬❤可租屋補助❤子母車,,7499,10.0,0.0,2,1,台中市,台中市北區五常街,,透天厝,1房1衛,,有對外窗,https://www.rakuya.com.tw/rent/rent_item?ehid=0d0625241177157,e35fe25b65bc7ad87b80b15c43d4310d.jpeg,0.0
1972,全新完工❤獨洗曬陽台❤電梯精美套房❤機車位❤子母車,,12799,12.0,1.8,3,1,台中市,台中市北區大德街,,電梯大廈,1房1衛 - 1廚房,,有對外窗;陽台,https://www.rakuya.com.tw/rent/rent_item?ehid=047b6d22284732d,c1210285648053192b638a2535ec0005.jpeg,0.9950165270179726
1973,可貓/流理台/獨洗陽台/太原車站,,9999,15.0,0.1,5,0,台中市,台中市北區榮華街,,公寓,開放式格局,,,https://www.rakuya.com.tw/rent/rent_item?ehid=09104f292811394,70d0c2d9ca8df81dd5cfc36563037e96.jpeg,2.38898999045998
1974,可租補☆台水台電更省錢☆附近機能佳,,10000,15.0,3.3,2,1,台中市,台中市北區德化街,,公寓,1房1衛,,有對外窗,https://www.rakuya.com.tw/rent/rent_item?ehid=044a6a28030593a,0c6b30b8ec6a73e2a897267767fbfb30.jpeg,2.6134772784095407e-05
1975,✨秒殺物件✨獨洗獨曬流理台✨住戶單純✨電梯套房✨,,8999,16.0,0.1,2,1,台中市,台中市北區青島西街,,電梯大廈,1房1衛,,,https://www.rakuya.com.tw/rent/rent_item?ehid=047d2d290930219,ddb7deb1ccc0c1eaa344538a7251a8b6.jpeg,0.9069873465290015
1976,一中街小資電梯✨陽台獨洗✨環境乾淨秒殺✨✨✨,,10000,12.0,0.1,9,0,台中市,台中市北區一中街,,電梯大廈,開放式格局,,有對外窗;陽台,https://www.rakuya.com.tw/rent/rent_item?ehid=0215a4274968158,42470baa9e0e8154f489c4008931ebcd.jpeg,0.0
1977,整棟全新➕可貓可雙租補➕陽台獨洗➕衛浴開窗➕子母車,,11999,15.0,0.1,5,1,台中市,台中市東區二聖街,,電梯大廈,1房1衛 - 1陽台,,有對外窗;陽台,https://www.rakuya.com.tw/rent/rent_item?ehid=0d93cc29217067c,8e85e0c727f9206decb925e5f0addeca.jpeg,0.0
1978,獨立套房 可租補 中興大學 台中車站 忠孝夜市,,5499,8.0,20.6,1,1,台中市,台中市東區七中路,,透天厝,1房1衛,,,https://www.rakuya.com.tw/rent/rent_item?ehid=0e9bf6269693098,3244a37bce88807411e6199281a0e7ad.jpeg,0.0
1979,整棟全新➕可貓咪➕可雙租補➕陽台獨洗➕流理台機車位,,15499,18.0,0.2,2,1,台中市,台中市北屯區同平巷,,電梯大廈,1房1廳1衛 - 1陽台1廚房,,有對外窗;陽台,https://www.rakuya.com.tw/rent/rent_item?ehid=04f690291206690,8fd6df87e418b229c0dd8883067eb138.jpeg,0.4830073470638511
1980,等你的就是這個光✨可租補✨衛浴開窗✨生活機能便利✨,,6799,10.0,0.1,4,0,台中市,台中市北區梅川東路三段,,透天厝,開放式格局,,有對外窗,https://www.rakuya.com.tw/rent/rent_item?ehid=0497a6292248221,0606871cb4609f5445ec3be99dd06820.jpeg,0.9444544875611119
1981,⭐️電梯套房⭐️採光好⭐️情侶首選⭐️設備齊全,,7499,12.0,0.1,3,1,台中市,台中市北區陝西東三街,,華廈,1房1廳1衛,,有對外窗,https://www.rakuya.com.tw/rent/rent_item?ehid=0c1d7c278153984,b6678567a60354ed76959dfcb4463d63.jpeg,0.0
1982,免管理費✨房廳空間✨陽台獨洗✅精美時尚裝潢✨電梯,,11600,13.0,9.3,7,1,台中市,台中市北區健行路,,電梯大廈,1房1廳1衛 - 1陽台,,有對外窗;陽台,https://www.rakuya.com.tw/rent/rent_item?ehid=0dbc44151632025,a100da12bfdae7c23a12fe2638b569c3.jpeg,0.817803959703983
1983,可租補⚡ 可報稅⚡近文心崇德捷運⚡電梯,,11999,15.0,0.0,3,1,台中市,台中市北屯區遼陽四街,,透天厝,1房1衛 - 1陽台,,有對外窗;陽台,https://www.rakuya.com.tw/rent/rent_item?ehid=05da62284651094,0a993ea2003b59beddc90f32f2d7623e.jpeg,2.5411481794079696
1984,可貓⭐流理臺⭐陽台獨洗⭐視野超好⭐樓梯好爬⭐子母車,,10499,8.0,0.1,4,1,台中市,台中市北區學士路,,電梯大廈,1房1衛 - 1陽台,,有對外窗,https://www.rakuya.com.tw/rent/rent_item?ehid=026f72292980378,dfe868ea3dda741a4ced6c3ea360e9b5.jpeg,0.1334460801933443
1985,絕美系統裝潢♡陽台獨洗流理臺♡可寵♡汽車位可租,,10499,15.0,0.1,2,1,台中市,台中市北屯區大連北街,,透天厝,1房1衛 - 1陽台,,有對外窗,https://www.rakuya.com.tw/rent/rent_item?ehid=0693a7293385648,cfbd6515bf41795b5ff3cec4cb3f98b3.jpeg,0.7522404964972964
1986,曉明女中❤陽台獨洗❤採光佳❤大空間❤子母車,,8499,10.0,0.0,7,1,台中市,台中市北區陜西路,,電梯大廈,1房1衛 - 1陽台,,有對外窗;陽台,https://www.rakuya.com.tw/rent/rent_item?ehid=0def83290267030,647f4623a39dd791b9503a3a92616012.jpeg,0.0
1987,錯過就不在❤️西屯秒殺大套✨陽台獨洗包水魔術大空間,,10999,13.0,0.2,3,0,台中市,台中市西屯區台灣大道四段,,透天厝,開放式格局,,陽台,https://www.rakuya.com.tw/rent/rent_item?ehid=0813da291927879,aa4d4367156c20db200b1f1c2fc5269c.jpeg,0.6095401763641078
1988,整棟全新✨陽台獨洗流理臺✨超級大坪數✨可雙租補,,16899,19.0,0.0,5,1,台中市,台中市中區臺灣大道一段,,電梯大廈,1房1衛 - 1陽台,,有對外窗;陽台,https://www.rakuya.com.tw/rent/rent_item?ehid=0836f8285262156,854638b1ca89296d82699a22fc71663f.jpeg,1.1878925313563549
1989,北區精裝套房✨可小孩雙租補❗可寵❗平面車位✨,,13000,16.0,0.1,4,1,台中市,台中市北區榮華街,,電梯大廈,1房1廳1衛 - 1陽台,,有對外窗;陽台,https://www.rakuya.com.tw/rent/rent_item?ehid=0da4f0291473491,7fa4c306c917470f4e0b36eb2ceef090.jpeg,2.3172350834946323
1990,❤文心中清捷運❤超新透套❤陽台獨洗❤子母車❤飲水機,,9499,12.0,0.0,4,0,台中市,台中市北區武昌路,,透天厝,開放式格局,,陽台,https://www.rakuya.com.tw/rent/rent_item?ehid=0ed9d228765496f,6c9fffd166c49cb8d3f4a482f173b03f.jpeg,0.0
1991,⭐電梯套房⭐變頻冷氣⭐可雙租補加價⭐陽台獨洗曬,,8999,13.0,0.1,3,1,台中市,台中市東區精武路,,華廈,1房1衛 - 1陽台,,陽台,https://www.rakuya.com.tw/rent/rent_item?ehid=01b64727761267a,d010f06418dd37f6879e4f01c0587a7a.jpeg,0.02617277581548728
1992,文心捷運✅陽台獨洗✅可租屋補助✅可報稅✅子母車,,7200,10.0,2.0,2,1,台中市,台中市北區陝西路,,電梯大廈,1房1衛 - 1陽台,,有對外窗;陽台,https://www.rakuya.com.tw/rent/rent_item?ehid=09a8c721015304f,f2f0fbce5c43c6efb5bb4920b03c7d5a.jpeg,4443.055555555556
1993,錯過就不在✨東區租補採光家具全配大套✨陽台獨洗包水,,8999,11.0,0.2,3,0,台中市,台中市東區振福路,,透天厝,開放式格局,,有對外窗;陽台,https://www.rakuya.com.tw/rent/rent_item?ehid=007bbb291910963,8c0635415a8a0252a403617f434db37b.jpeg,0.0
1994,新民高中/超新屋.可貓.雙租補.機車位流理臺,,16500,14.0,0.1,3,0,台中市,台中市北區金龍街,,透天厝,開放式格局,,有對外窗;陽台,https://www.rakuya.com.tw/rent/rent_item?ehid=0c4d10292186230,3ad025b1c84418b9b7431f9736a1e2ef.jpeg,2.4713152597131653
1995,乾溼衛浴大空間✨陽台獨洗✨系統裝潢掀床✨近中華夜市,,12799,13.0,0.0,2,0,台中市,台中市中區中華路一段,,透天厝,開放式格局,,有對外窗;陽台,https://www.rakuya.com.tw/rent/rent_item?ehid=04e67f272696607,f93692e422ae7bd97d57d85e65a77164.jpeg,1.7376708984375024e-05
1996,近一中台體大✨可報稅租補✨衛浴窗✨機車好停✨,,7999,8.0,0.0,1,0,台中市,台中市北區自強一街,,透天厝,開放式格局,,,https://www.rakuya.com.tw/rent/rent_item?ehid=0183cb288666462,4fdc6bec6867750d4de3c3a76d2b41e6.jpeg,0.7677469594156394
1997,整棟新蓋全新未住電梯透天☆採光佳☆陽台獨洗☆好停車,,13000,15.0,0.5,3,1,台中市,台中市北屯區軍福十一路,,電梯大廈,1房1衛 - 1陽台,,有對外窗;陽台,https://www.rakuya.com.tw/rent/rent_item?ehid=0883c927966148a,151cb09bb42a4f62b1f52d682d28ffc0.jpeg,0.5737639927920541
1998,可雙租補⚡台電⚡電梯⚡百萬裝潢⚡近一中商圈,,10999,15.0,0.0,2,1,台中市,台中市東區玉皇街,,電梯大廈,1房1廳 - 1陽台,,有對外窗;陽台,https://www.rakuya.com.tw/rent/rent_item?ehid=0799cc28872494e,bbcf5e59adc0844491b1580ab12275df.jpeg,0.8189467208246803
1999,台水電秒殺⛅陽台獨洗⛅子母車⛅租屋補助⛅小資首選,,8499,10.0,0.0,4,1,台中市,台中市北區山西路二段,,電梯大廈,1房1衛 - 1陽台,,有對外窗;陽台,https://www.rakuya.com.tw/rent/rent_item?ehid=053b6f289104232,1841e93d2f4e72aadc7ca0a7c97c7f17.jpeg,1.2588111496116217
2000,整棟全新➕可雙租補➕陽台獨洗➕變頻冷氣➕子母車➕,,10499,15.0,0.1,4,1,台中市,台中市北屯區遼陽四街,,電梯大廈,1房1衛 - 1陽台,,有對外窗;陽台,https://www.rakuya.com.tw/rent/rent_item?ehid=032a38292190664,558b6a24f095ea2a01541836de73e8bb.jpeg,2.58094603988757
2001,全新未住♥️可租補✨陽台獨洗子母車✨好停車✨流理台,,8499,9.0,0.1,2,1,台中市,台中市北區原子街,,電梯大廈,1房1衛 - 1陽台,,,https://www.rakuya.com.tw/rent/rent_item?ehid=0048df291616584,8389c20ef495de8264aaa0782eb10e6c.jpeg,0.8432615752631798
2002,一中台體✅陽台獨洗✅機車位✅可租補✅子母車,,7999,10.0,0.0,1,1,台中市,台中市東區練武路,,電梯大廈,1房1廳1衛 - 1陽台,,有對外窗;陽台,https://www.rakuya.com.tw/rent/rent_item?ehid=081f3627261753f,02ea0aca25446780302ed538e5d988c0.jpeg,1.5048657156631016
2003,電梯套房⚡陽台獨洗⚡近台體大,,8499,12.0,0.0,3,1,台中市,台中市北區東光路,,電梯大廈,1房1衛 - 1陽台,,有對外窗;陽台,https://www.rakuya.com.tw/rent/rent_item?ehid=080bb728873275f,f6ce422b521058c0d7e8cf1a781137fc.jpeg,0.9841430163227735
2004,全新裝潢✨陽台獨洗✨絕美採光✨租屋補助✨可家庭,,12999,16.0,0.1,3,1,台中市,台中市東區精武東路,,透天厝,1房1衛 - 1陽台,,,https://www.rakuya.com.tw/rent/rent_item?ehid=0dbbe2291351978,cc20ef54c1a162d8f4d80b9991e7e53f.jpeg,0.5380892986536913
2005,北區電梯式套房✨可租補❗秒殺房✅陽台獨洗曬✨,,8499,11.0,0.1,3,1,台中市,台中市北區東光路,,電梯大廈,1房1衛 - 1陽台,,有對外窗;陽台,https://www.rakuya.com.tw/rent/rent_item?ehid=04d116292440579,495414127802ae1725232ae05e7f0c98.jpeg,0.9841430163227735
2006,可雙租補❤️子母車✨租金含網路含水✨,,10999,14.0,0.1,5,1,台中市,台中市北屯區華美西街二段,,電梯大廈,1房1衛 - 1陽台,,有對外窗;陽台,https://www.rakuya.com.tw/rent/rent_item?ehid=08d1a7292286088,80c852598bb707acbc5ac79fc110f515.jpeg,0.8474574710094531
2007,新透天☆新裝潢☆子母車☆浴室乾溼分離☆陽台獨洗曬,,13500,15.0,5.4,4,1,台中市,台中市北區太原路二段,,透天厝,1房1衛 - 1陽台,,有對外窗,https://www.rakuya.com.tw/rent/rent_item?ehid=0f0e26277116268,00cb7b43e4a70e67629183192fe2d8c5.jpeg,1.5160798425135873
2008,有陽台☆共洗共曬☆台電☆可貓☆,,14000,14.0,20.4,3,1,台中市,台中市北屯區綏遠路二段,,透天厝,1房1衛 - 1室1陽台,,有對外窗;陽台,https://www.rakuya.com.tw/rent/rent_item?ehid=03f5f927739433e,3880bb890172f9151dadd46e90cd21ac.jpeg,2.1552231113063995
2009,超便宜 可貓 小資首選 包水包網 沙發 室內機車位,,9000,11.0,0.1,3,1,台中市,台中市北區自強街,,透天厝,1房1衛,,有對外窗,https://www.rakuya.com.tw/rent/rent_item?ehid=0771b9291801187,cf26c045ed7e927ce399b5357705f1fc.jpeg,0.6482709532553921
2010,快搶✨租屋補助✨台水台電✨陽台獨洗✨電梯套房,,8499,15.0,0.1,4,1,台中市,台中市北區山西路二段,,電梯大廈,1房1衛 - 1陽台,,,https://www.rakuya.com.tw/rent/rent_item?ehid=015694282116091,390baca6c702d39463e6aa7d4e5c2511.jpeg,1.2588111496116217
2011,錯過就不在❤租補西屯電梯大套✨台積電大立光陽台獨洗,,14999,17.0,0.2,4,0,台中市,台中市西屯區工業區三十八路,,電梯大廈,開放式格局,,有對外窗;樓中樓;陽台,https://www.rakuya.com.tw/rent/rent_item?ehid=00f580291914033,0f478f0b52c8899fa6b1f4c7245aed98.jpeg,0.3206696453386153
2012,✨電梯✅可雙租補✅可寵❤️台水台電✨獨洗曬✨子母車,,8499,11.0,0.1,8,1,台中市,台中市北區北屯路,,電梯大廈,1房1廳1衛,,有對外窗,https://www.rakuya.com.tw/rent/rent_item?ehid=00de2b291068436,3f6acb952b33dc5989793ae20f9f9767.jpeg,0.12871901449329787
2013,全新完工｜獨洗｜全新衛浴｜進LaLaport,,8000,9.0,0.1,2,1,台中市,台中市東區進德路,,透天厝,1房1衛,,,https://www.rakuya.com.tw/rent/rent_item?ehid=0a9420292454451,60a0b1b86fe3ae3d18267785fecb1bf7.jpeg,0.0
2014,可租補 便宜小資首選 包水包網路 衛浴開窗,,7000,9.0,0.1,2,1,台中市,台中市北區太原路二段,,公寓,1房1衛,,有對外窗;陽台,https://www.rakuya.com.tw/rent/rent_item?ehid=0a1bd9291802893,f79117b087014289d6c94a7aefb25fbd.jpeg,1.6383564270967255
2015,透天電梯☆可貓☆子母車☆獨洗☆採光佳☆室內機車位,,11000,13.0,5.4,3,1,台中市,台中市東區力行路,,電梯大廈,1房1衛 - 1陽台,,有對外窗;陽台,https://www.rakuya.com.tw/rent/rent_item?ehid=067430277371839,cdae229688dfcc328b2e844d730698d3.jpeg,1.6703190029547692
2016,全新秒殺✅陽台獨洗✅租屋補助✅子母車飲水機✅中科大,,7799,10.0,0.0,5,1,台中市,台中市北區國強街,,電梯大廈,1房1衛 - 1陽台,,有對外窗,https://www.rakuya.com.tw/rent/rent_item?ehid=0ebbb3290367877,cee48d918bf08f5389223333daf05f3d.jpeg,0.690217928705389
2017,⭐近火車站⭐電梯套房⭐可租補⭐設備齊全⭐限女生⭐,,7999,11.0,0.11,3,1,台中市,台中市中區中山路,,透天厝,1房1衛,,有對外窗,https://www.rakuya.com.tw/rent/rent_item?ehid=079276286108880,01f8fbf475f385341a24a1977685c81e.jpeg,0.021439742217723972
2018,乾溼衛浴✨雙租補❗獨洗窗曬✨採光佳✨,,7499,12.0,0.1,2,1,台中市,台中市北區原子街,,電梯大廈,1房1衛,,有對外窗,https://www.rakuya.com.tw/rent/rent_item?ehid=0213b229130639a,45885fc70bceebcf21c1e5c7fa883856.jpeg,0.8560730647180029
2019,近一中✅可雙租補加價✅陽台獨洗有電梯✅多間可選,,8499,12.0,0.0,2,1,台中市,台中市北區梅亭街,,電梯大廈,1房1衛 - 1陽台,,有對外窗;陽台,https://www.rakuya.com.tw/rent/rent_item?ehid=007fba28556645b,776897bb758b446e1abf719c428b0ee4.jpeg,1.4037467328599806
2020,近台體一中❤️陽台獨洗❤️超大坪數❤️小資首選秒殺,,7499,12.0,0.0,4,1,台中市,台中市東區東英路,,透天厝,1房1廳1衛 - 1陽台,,有對外窗;陽台,https://www.rakuya.com.tw/rent/rent_item?ehid=0260b6283364824,52bdb0515e2d4e4e9b228b23d21d8019.jpeg,0.2757543045005106
2021,電梯大空間❤️雙租補❤️大陽台獨洗獨曬❤️子母車,,12499,15.0,0.1,2,1,台中市,台中市北屯區北屯路,,電梯大廈,1房1衛 - 1陽台,,有對外窗;陽台,https://www.rakuya.com.tw/rent/rent_item?ehid=065ad3279633556,379f44586e81709239e40313b2165e29.jpeg,0.12302160299550302
2022,全新⛅電梯⛅可雙租補⛅陽台獨洗⛅子母車⛅可貓寵,,10999,10.0,0.1,3,1,台中市,台中市北區雙十路二段,,透天厝,1房1衛 - 1陽台,,有對外窗;陽台,https://www.rakuya.com.tw/rent/rent_item?ehid=02a69a29296409a,cbf0bf4871a15f6db733fb8afc04f8b0.jpeg,0.8916982902616868
2023,✨秒殺物件✨獨洗獨曬✨絕美採光✨住戶單純✨租屋補助,,6999,13.0,0.0,5,1,台中市,台中市北區崇德路一段,,透天厝,1房1衛,,,https://www.rakuya.com.tw/rent/rent_item?ehid=00ac2f273767497,4c8cf033f70706df9c6c4708dbce09f2.jpeg,1.4184118490484674
2024,小資首選✅近台體一中✅獨洗窗曬✅有電梯管理員,,7799,11.0,0.0,7,1,台中市,台中市東區自由路三段,,電梯大廈,1房1衛,,有對外窗,https://www.rakuya.com.tw/rent/rent_item?ehid=06a29d27964052c,37c1be26eced9f3861b0d4103f25ee34.jpeg,1.620066414261017
2025,全新可貓狗⚡電梯⚡近捷運站⚡獨洗,,10499,13.0,0.0,4,1,台中市,台中市北屯區安順二街,,華廈,1房1衛,,有對外窗,https://www.rakuya.com.tw/rent/rent_item?ehid=017e5728453599f,ee2266ef3596680f47db705658ee8c6c.jpeg,2.3387661165737232
2026,✨超新電梯✨租屋補助✨陽台獨洗✨流理台✨請加賴✨,,13499,15.0,0.1,5,1,台中市,台中市北屯區雷中街,,電梯大廈,1房1衛 - 1陽台,,有對外窗;陽台,https://www.rakuya.com.tw/rent/rent_item?ehid=05ae7d29205808e,4f2b1b2d05cfcd01f250d0e3b4b0b245.jpeg,0.36966160873914994
2027,全新完工⚡可租補⚡台電⚡洗脫烘⚡健康爬梯⚡可寵物,,13000,8.0,0.0,3,0,台中市,台中市北區西屯路一段,,透天厝,開放式格局,,有對外窗,https://www.rakuya.com.tw/rent/rent_item?ehid=0e711b27352262a,72c90978c6f6166c7958c908be315b72.jpeg,1.1427064394261919
2028,機車位⚡有電梯⚡陽台獨洗曬⚡飲水機⚡子母車,,8300,10.0,0.0,1,0,台中市,台中市東區建成路,,透天厝,開放式格局,,有對外窗;陽台,https://www.rakuya.com.tw/rent/rent_item?ehid=03ee9b231688252,111eb9d41a0296d3ab41043f5be94422.jpeg,0.041673100925865875
2029,♥️天律電梯套房✨獨洗對外窗✨子母車,,13999,12.0,3.1,7,1,台中市,台中市北屯區天津路四段,,電梯大廈,1房1衛 - 1陽台,,有對外窗,https://www.rakuya.com.tw/rent/rent_item?ehid=06697527904794f,673dc0183ffd328c85348202fbcd55f1.jpeg,2.0959571807959603
2030,超秒殺✨❤️小資首選❤️室內機車位✨搶先預約,,7500,13.0,0.1,8,0,台中市,台中市東區長福東街,,電梯大廈,開放式格局,,有對外窗;陽台,https://www.rakuya.com.tw/rent/rent_item?ehid=0e67ea27433608d,822751eeef4fb4bfde1d434f1157816c.jpeg,0.308675201475152
2031,近台中公園✨可租補✨陽台獨洗✨子母車✨採光好,,9999,10.0,0.1,3,1,台中市,台中市東區練武路,,透天厝,1房1衛 - 1陽台,,有對外窗;樓中樓,https://www.rakuya.com.tw/rent/rent_item?ehid=096665292724145,648885b8c3a8a19a52d2240bc1da2e5e.jpeg,1.465406261314195
2032,天天念念著妳✨台電可貓✨一層三戶✨可租補✨陽台獨洗,,12799,15.0,0.1,6,1,台中市,台中市北區衛道路,,電梯大廈,1房1衛 - 1陽台,,有對外窗;陽台,https://www.rakuya.com.tw/rent/rent_item?ehid=0c8cf8290989336,8eddc3b332c62c9b9cd890c34c4c78f3.jpeg,0.0
2033,全新完工電梯大樓☆可租補☆陽台獨洗獨曬☆乾溼分離,,11500,13.0,0.6,2,1,台中市,台中市北屯區大連路一段,,電梯大廈,1房1衛 - 1陽台,,有對外窗;陽台,https://www.rakuya.com.tw/rent/rent_item?ehid=08609527674599d,143f7f128e1125890bda18ac453f589a.jpeg,1.7565737615751964
2034,北屯豪宅式全新裝潢✨可貓咪租補❗洗脫烘✨乾溼分離✨,,11499,14.0,0.1,3,1,台中市,台中市北屯區陳平路,,透天厝,1房1廳1衛 - 1陽台,,有對外窗;陽台,https://www.rakuya.com.tw/rent/rent_item?ehid=04732329221967a,d548c1b95a633a728eca2963f929c1d8.jpeg,0.27972448065588745
2035,可租補⚡健康爬梯⚡陽台獨洗曬⚡飲水機⚡子母車⚡電4,,10000,10.0,0.1,3,0,台中市,台中市東區練武路,,透天厝,開放式格局,,有對外窗;陽台,https://www.rakuya.com.tw/rent/rent_item?ehid=012843292538062,25cc896dbadd205e1f115e747834293a.jpeg,1.4653890100988805
2036,可雙租補⚡全新電梯套房⚡陽台獨洗⚡近衛道中學,,12999,15.0,0.0,2,1,台中市,台中市北屯區平德路,,電梯大廈,1房1衛 - 1陽台,,有對外窗;陽台,https://www.rakuya.com.tw/rent/rent_item?ehid=036d24287606461,886d29e0a004a4bb7bf275fb0996888b.jpeg,0.26518737836875467
2037,⭐近一中商圈⭐電梯套房⭐可租補⭐變頻冷暖冷氣⭐,,10999,14.0,0.1,5,1,台中市,台中市北區進化路,,透天厝,1房1衛 - 1陽台,,有對外窗;陽台,https://www.rakuya.com.tw/rent/rent_item?ehid=0970a3291661855,7e1d1adababb3f7aedd75d99f1f7ba08.jpeg,0.0
2038,❗優惠❤️貓咪的家✅租補✨多間可選✨陽台獨洗✨,,13999,17.0,0.1,4,1,台中市,台中市北屯區陳平路,,透天厝,1房1衛 - 1陽台,,陽台,https://www.rakuya.com.tw/rent/rent_item?ehid=021c0929224928a,5802fadec54b6044f9282d5f8880dfd6.jpeg,0.2734688657425386
2039,☆全新未住☆電梯透天☆可租補☆陽台獨洗獨曬☆,,13000,14.0,0.6,4,1,台中市,台中市北區梅亭街,,電梯大廈,1房1衛 - 1陽台,,有對外窗;陽台,https://www.rakuya.com.tw/rent/rent_item?ehid=0c69b727701913c,d8991e5e5ea468eea767d6ece420c148.jpeg,1.3355682857428488
2040,台中公園旁✨大間稀有電梯獨洗✨採光明亮✨生活便捷,,6799,10.0,0.2,8,0,台中市,台中市北區精武路,,電梯大廈,開放式格局,,有對外窗,https://www.rakuya.com.tw/rent/rent_item?ehid=0265f9291660125,20de94b10b5919f5814ac27e7497134c.jpeg,1.0360884400477468
2041,❤lalaport❤租屋補助❤室內大空間❤子母車❤,,7999,13.0,0.0,7,0,台中市,台中市東區東光園路,,電梯大廈,開放式格局,,陽台,https://www.rakuya.com.tw/rent/rent_item?ehid=0e8aeb287774859,adf602b6cf34fff50feda821a5640f08.jpeg,0.0
2042,⭐電梯套房⭐可租補⭐陽台獨洗⭐可貓⭐設備齊全⭐,,14999,18.0,0.1,2,1,台中市,台中市北屯區順平路,,透天厝,1房1廳1衛 - 1陽台,,陽台,https://www.rakuya.com.tw/rent/rent_item?ehid=035e46283140211,adaf56739740e148b30a7bb4a78741b3.jpeg,0.5901080455639607
2043,近一中✅採光超好✅小資首選爬梯✅共洗,,6199,10.0,0.0,4,1,台中市,台中市北區錦新街,,透天厝,1房1衛,,有對外窗,https://www.rakuya.com.tw/rent/rent_item?ehid=0a8a3f281850520,6895659785e91defe73fcda7e88f500f.jpeg,1.0974386495496178
2044,整棟新完工⏳可雙租補⏳大露台獨洗⏳質感裝潢⏳子母車,,12499,20.0,0.1,2,1,台中市,台中市北屯區北屯路,,電梯大廈,1房1廳1衛 - 1陽台,,有對外窗;陽台,https://www.rakuya.com.tw/rent/rent_item?ehid=08fb03290138216,53c1d7115029b441ff4694ec5d609519.jpeg,0.12302160299550302
2045,精裝北屯套房❤️可貓❤️流理臺獨洗❤️,,12499,12.0,0.0,10,1,台中市,台中市北屯區天津路三段,,電梯大廈,1房1廳1衛 - 1陽台1廚房,,有對外窗,https://www.rakuya.com.tw/rent/rent_item?ehid=0c3ee1278508426,6de2beb4c081ae3d5eff9716cb03f5b8.jpeg,2.0332468085634714
2046,可租補✨時尚新屋✨精美電梯套房✨陽台獨洗✨子母車✨,,12500,13.0,6.2,1,1,台中市,台中市西屯區西屯路二段,,電梯大廈,1房1衛 - 1陽台,,有對外窗;陽台,https://www.rakuya.com.tw/rent/rent_item?ehid=0c11b112479746c,aa26435d3eb465357a78c0328120b774.jpeg,0.9667277866244344
2047,♥️電梯✨可租補✨陽台獨洗✨子母車✨飲水機✨♥️,,8799,11.0,0.6,2,1,台中市,台中市北區梅亭街,,電梯大廈,1房1衛 - 1陽台,,,https://www.rakuya.com.tw/rent/rent_item?ehid=019b7328197440a,cedd29e072980803cecc1e763d102bfe.jpeg,1.3979412545949645
2048,近一中✨可凸窗曬✨乾溼分離✨小資首選,,5499,12.0,0.0,4,0,台中市,台中市北區永興街,,公寓,開放式格局,,有對外窗,https://www.rakuya.com.tw/rent/rent_item?ehid=0086f6283825473,3ce535cc6d05a351563285f8dee1695c.jpeg,1.878289509296323
2049,北屯秒殺✨可租補雙租補✨超大露臺✨衛浴開窗系統櫃,,14500,15.0,1.1,2,1,台中市,台中市北屯區榮德三路,,電梯大廈,1房1衛 - 1陽台,,有對外窗;陽台,https://www.rakuya.com.tw/rent/rent_item?ehid=03c49129299826d,d7451a6c9ec16e10a8fea951d8ee3dce.jpeg,0.18952173495587848
2050,✨興大✨ 流理臺✨全新冰箱全新冷氣 全新書桌✨獨洗,,5999,10.0,0.1,3,1,台中市,台中市東區七中路,,透天厝,1房1衛,,有對外窗;陽台,https://www.rakuya.com.tw/rent/rent_item?ehid=086220288781612,f26641ff84f5d5bfd24db66c4a4ff4f3.jpeg,0.0
2051,可雙租補✅近崇德✅乾濕分離✅超新電梯10/12可住,,11999,12.0,0.0,3,1,台中市,台中市北區進化北路,,電梯大廈,1房1廳1衛 - 1陽台,,有對外窗;陽台,https://www.rakuya.com.tw/rent/rent_item?ehid=0fbe3f27908607b,924cc62bdd7137f7959e9dc59b0c4c08.jpeg,0.0
2052,整棟新蓋✨屋況超新✨絕美採光✨住戶單純✨可租屋補助,,7499,13.0,0.1,2,1,台中市,台中市北區東光路,,電梯大廈,1房1衛 - 1陽台,,,https://www.rakuya.com.tw/rent/rent_item?ehid=0bd80c282473689,7576be046a816d13307b209e461ca174.jpeg,0.9990948868283424
2053,一中秀泰⭐獨洗衣⭐水電免費⭐大空間,,5299,9.2,0.1,3,1,台中市,台中市東區復興路五段,,透天厝,1房1衛,,有對外窗,https://www.rakuya.com.tw/rent/rent_item?ehid=04ee5729272151e,0faf98d811199a7c5eb564f56529d763.jpeg,1.6829831901727508
2054,哇寵物家✨大空間⭐陽台獨洗✨採光佳,,12000,10.0,0.0,3,0,台中市,台中市西屯區西屯路二段,,透天厝,開放式格局,,有對外窗;陽台,https://www.rakuya.com.tw/rent/rent_item?ehid=05a047276158021,a77ef16bff2341f046fdc1ce11005a8d.jpeg,0.9712912493060876
2055,全新傢俱電梯2房2衛✨可租補✨汽機車位✨竉物天堂✨,,24499,25.0,0.1,4,0,台中市,台中市北屯區水景街,,電梯大廈,開放式格局,,有對外窗;陽台,https://www.rakuya.com.tw/rent/rent_item?ehid=0dc557291558576,6eee7dc89cde09c85cb7f3c99e368e2a.jpeg,0.520317202993464
2056,北區小資秒殺房✨可租補❗獨洗✨生活機能佳✨,,7499,10.0,0.1,2,1,台中市,台中市北區中清路一段,,透天厝,1房1衛,,有對外窗,https://www.rakuya.com.tw/rent/rent_item?ehid=006fcb291317364,2b8b8f98f6b2af991b0370f27b04ef19.jpeg,0.9280984427591811
2057,可貓租補✨百萬精緻裝潢✨捷運曉明女中公車站✨,,12800,13.0,0.1,5,0,台中市,台中市北區中清路一段,,電梯大廈,開放式格局,,有對外窗,https://www.rakuya.com.tw/rent/rent_item?ehid=05f772274373524,09e48dbb6e112bdf103da15a9d1d51b3.jpeg,0.8713561679211888
2058,台中車站❤專屬洗衣機❤飲水機子母車,,6299,10.0,0.0,8,1,台中市,台中市東區復興路四段,,電梯大廈,1房 - 1室,,有對外窗,https://www.rakuya.com.tw/rent/rent_item?ehid=054916288836672,1a4b769f3e8d8dcc238711995568e46e.jpeg,1.9656002505865187
2059,❤️稀有台電✅可雙租補✨全新家電❤️管理員好方便,,11999,16.0,0.1,21,1,台中市,台中市北屯區文心路四段,,電梯大廈,1房1廳1衛 - 1陽台,,有對外窗;陽台,https://www.rakuya.com.tw/rent/rent_item?ehid=05247c291075264,c50ad62eba28755c47c457b5b27defe8.jpeg,2.3396860296042736
2060,可租補⚡全新套房⚡電梯⚡陽台獨洗⚡近勤益科大,,11999,13.0,0.0,3,1,台中市,台中市北屯區建和路二段,,電梯大廈,1房1衛 - 1陽台,,有對外窗;陽台,https://www.rakuya.com.tw/rent/rent_item?ehid=09ca2c28874324f,c83c6668d7dbc3064a2c07e71e12971b.jpeg,0.5625368240895466
2061,雙租補✨陽台獨洗機車位✨搶手物件‼️不來可惜✨,,13000,13.0,0.1,1,0,台中市,台中市北區大德街,,電梯大廈,開放式格局,,有對外窗;陽台,https://www.rakuya.com.tw/rent/rent_item?ehid=008b2b27654534a,9d28265fd825c2425d00302023c33726.jpeg,1.004810219309782
2062,一中商圈✨全新電梯✨陽台獨洗✨可貓可租補,,10999,15.0,0.0,5,0,台中市,台中市北區雙十路二段,,電梯大廈,開放式格局,,有對外窗;陽台,https://www.rakuya.com.tw/rent/rent_item?ehid=04a7d828704995a,0c6dfbc573b3999c94688ec2fc0c23cf.jpeg,0.8916982902616868
2063,北屯區/可寵可貓可狗/獨洗脫烘/可租補,,12500,7.0,0.1,2,1,台中市,台中市北屯區柳陽西街,,公寓,1房1衛 - 1陽台,,有對外窗;陽台,https://www.rakuya.com.tw/rent/rent_item?ehid=0a8748292058269,7dd390fb67a13b340f4c8d9d8d6b452e.jpeg,2.190151829216279
2064,一中台體★陽台獨洗★可租屋補助★子母車,,7999,10.0,0.0,4,1,台中市,台中市北區國強街,,電梯大廈,1房1衛 - 1陽台,,有對外窗;陽台,https://www.rakuya.com.tw/rent/rent_item?ehid=064873290267201,de637e2fa3c1291847a20569b0231823.jpeg,0.6881136311783789
2065,全新電梯透天☆陽台獨洗☆衛浴開窗☆電陶爐☆子母車,,12500,14.0,1.3,7,1,台中市,台中市北屯區一新二街,,電梯大廈,1房1衛 - 1陽台,,,https://www.rakuya.com.tw/rent/rent_item?ehid=0cf6ce283619522,08b36365038d3092f8b79dbecfadbbda.jpeg,0.0
2066,爬梯二樓☆可寵☆子母車☆飲水機☆陽台獨洗曬☆流理臺,,12000,14.0,0.4,2,1,台中市,台中市北區中清路一段,,透天厝,1房1衛 - 1陽台,,有對外窗;陽台,https://www.rakuya.com.tw/rent/rent_item?ehid=006600284142904,257c6f082e9cda8e2ddf2f667a89bb3d.jpeg,0.8778604277295501
2067,罒划算❗高CP近中醫可租補獨洗,,6500,8.0,45.1,2,1,台中市,台中市北區美德街,,透天厝,1房1衛,,有對外窗,https://www.rakuya.com.tw/rent/rent_item?ehid=086af3290749459,ca9b67d8da3db519bfc5cd4cafebda06.jpeg,1.1161667165185325
2068,可雙租補⚡陽台獨洗⚡電梯⚡近一中商圈⚡教育大學,,15999,17.0,0.0,2,1,台中市,台中市中區平等街,,電梯大廈,1房1衛 - 1陽台,,有對外窗;陽台,https://www.rakuya.com.tw/rent/rent_item?ehid=099ff328600377e,d591d38ee56d9a392f7beae2176433ea.jpeg,1.5436873986859037
2069,台中車站✔好停機車✨飲水機❤安靜,,5499,8.9,0.0,1,1,台中市,台中市東區復興路四段,,透天厝,1房1衛,,有對外窗,https://www.rakuya.com.tw/rent/rent_item?ehid=06dc7122189185a,f852a790eabfcc66b83f30a0070bfbcf.jpeg,1.9990901436449198
2070,⭐近一中商圈⭐️2房1廳1衛⭐️衛浴開窗⭐️,,12499,16.0,0.1,3,2,台中市,台中市北區英才路,,透天厝,2房1廳1衛,,有對外窗,https://www.rakuya.com.tw/rent/rent_item?ehid=06da50291661957,b392105d40392d121239d0f6d0226f1a.jpeg,0.37972022341919043
2071,大一房一廳/可寵可家庭/乾濕分離/獨洗陽台,,8999,20.0,6.1,5,1,台中市,台中市北區文武街,,公寓,1房1廳1衛 - 1陽台,,,https://www.rakuya.com.tw/rent/rent_item?ehid=0e828c17587214c,e14ebd57c2d68dc39ffd9aa3829cb114.jpeg,0.32212647157522806
2072,可租補無敵大空間✨陽台獨洗✨採光極佳✨機車好停,,13499,15.0,0.1,4,1,台中市,台中市西屯區西屯路二段,,公寓,1房1衛 - 1陽台,,有對外窗;陽台,https://www.rakuya.com.tw/rent/rent_item?ehid=09aa43292372772,f1bb631af44cbd3f02866de4c6357f3b.jpeg,0.9582397026536925
2073,一中中友/室內機車位/小資學生首選,,7500,11.5,0.0,3,0,台中市,台中市北區福樂街,,透天厝,開放式格局,,有對外窗;陽台,https://www.rakuya.com.tw/rent/rent_item?ehid=0d0e6029067586b,cd8d3bc519ee17e947523e813a47a5ca.jpeg,0.7593409956288739
2074,電梯免爬✨陽台獨洗✨汽機車好停✨整棟新蓋✨子母車,,10999,10.0,0.0,3,0,台中市,台中市東區旱溪東路一段,,透天厝,開放式格局,,有對外窗;陽台,https://www.rakuya.com.tw/rent/rent_item?ehid=059ffc275810485,e086e33c95d3c16c3ec9a2e77215c4c7.jpeg,0.5171260205927753
2075,超級大空間✨乾溼分離✨陽台獨洗✨室內機車位,,11999,18.0,0.1,6,1,台中市,台中市北屯區瀋陽路三段,,電梯大廈,1房1衛 - 1陽台,,,https://www.rakuya.com.tw/rent/rent_item?ehid=0fb5a129303338c,3033382e409ba351cc07d48cafe45c93.jpeg,1.9173611111111135e-05
2076,流理臺⚡健康爬梯⚡陽台獨洗曬⚡飲水機⚡子母車,,11000,12.0,0.1,3,0,台中市,台中市西屯區精明一街,,透天厝,開放式格局,,有對外窗;陽台,https://www.rakuya.com.tw/rent/rent_item?ehid=0ab6f024800616c,bf32a1a0114e25aa0c5e345cf7032232.jpeg,1.597568204709535
2077,可租補⚡有電梯⚡陽台獨洗⚡飲水機⚡機車位⚡可貓咪,,9500,10.0,1.7,1,0,台中市,台中市北區自強街,,透天厝,開放式格局,,有對外窗;陽台,https://www.rakuya.com.tw/rent/rent_item?ehid=0b835121887212f,4b6b7b3e34823b89cdc5ac6897e2c3bc.jpeg,0.6441254079832971
2078,小資電梯✨租屋補助✅採窗良好✨超大空間✨IG搶先看,,6999,12.0,0.1,5,1,台中市,台中市北區進化北路,,電梯大廈,1房1衛,,有對外窗,https://www.rakuya.com.tw/rent/rent_item?ehid=0f952f291897750,b9656c405fbbc2fbcebdeb10624b8174.jpeg,0.0
2079,東區罕見可貓❤️電梯❤️系統式裝潢❤️,,10999,12.0,0.0,2,1,台中市,台中市東區力行路,,透天厝,1房1廳1衛 - 1室1陽台,,有對外窗,https://www.rakuya.com.tw/rent/rent_item?ehid=0169c127745746a,9f652c82bb41cd47249884b604585402.jpeg,1.6703367091009986
2080,陽台獨洗曬採光好✨秒殺大套房❗電梯別墅✨全新裝潢✨,,11499,15.0,0.1,2,1,台中市,台中市西屯區河南路二段,,電梯大廈,1房1衛 - 1陽台,,有對外窗;陽台,https://www.rakuya.com.tw/rent/rent_item?ehid=06286829130709d,5d3a5a0a4893e51143b16e332c92c939.jpeg,1.2489795867047844
2081,電梯小資族套房❤️可租補❤️陽台獨洗獨曬❤️可貓咪,,8599,9.0,0.1,4,1,台中市,台中市北區進化路,,電梯大廈,1房1衛 - 1陽台,,有對外窗;陽台,https://www.rakuya.com.tw/rent/rent_item?ehid=05dce829281142b,b7c429b301fe2cc23467edd28f3a10af.jpeg,0.0
2082,✨可租補✨電梯新屋✨陽台獨洗✨子母車,,8500,10.0,1.4,5,1,台中市,台中市北區育祥街,,電梯大廈,1房1衛 - 1陽台,,有對外窗;陽台,https://www.rakuya.com.tw/rent/rent_item?ehid=07438e249689165,e97653d8208ef466706265fe658740c8.jpeg,0.8797364675262798
2083,流理臺⚡有電梯⚡獨洗曬⚡飲水機⚡子母車,,14000,13.0,0.0,1,0,台中市,台中市北區篤行路,,透天厝,開放式格局,,有對外窗;陽台,https://www.rakuya.com.tw/rent/rent_item?ehid=0117b0241725770,2f6b67b47c621e1ecd4c389d323cbb37.jpeg,1.0613565454969403
2084,♥️高品質裝潢✨獨洗♥️節能家電✨乾濕分離✨,,13999,15.0,0.0,4,1,台中市,台中市北區中山路,,電梯大廈,1房1衛 - 1陽台,,,https://www.rakuya.com.tw/rent/rent_item?ehid=0bf57b28167513a,a5b0c5634e4b114df7c7773116f74637.jpeg,0.0
2085,可雙租補⚡愛車首選⚡車好停,,12999,18.0,0.0,5,1,台中市,台中市北屯區崇德八路一段,,電梯大廈,1房1衛 - 1陽台,,有對外窗;陽台,https://www.rakuya.com.tw/rent/rent_item?ehid=0a3cf9281789334,2d912c37285b61ba54029c2ce999dcc5.jpeg,1.0896790456607008
2086,全新裝潢➕可租補➕質感採光➕陽台獨洗➕超大空間➕,,6999,18.0,0.1,5,1,台中市,台中市西屯區長安路二段/時代大樓,,電梯大廈,1房1廳1衛 - 1陽台,,有對外窗;陽台,https://www.rakuya.com.tw/rent/rent_item?ehid=0a8fe3291484710,7ef2d313b123e78e8d4d0e7e95b2e68a.jpeg,0.8684789448819072
2087,可貓超新✨陽台獨洗✨流理台✨乾溼分離✨,,8999,13.0,0.1,4,1,台中市,台中市北屯區文昌東四街,,公寓,1房1衛 - 1陽台,,有對外窗;陽台,https://www.rakuya.com.tw/rent/rent_item?ehid=0bef6b29206559b,ca58ff551f5c6668ca60d4b1fdc4a4fe.jpeg,2.12804800284385
2088,可租補⚡管理員⚡陽台獨洗曬⚡流理臺⚡子母車⚡台水電,,11800,10.0,0.1,5,0,台中市,台中市北區漢口路四段/紐約廣場,,電梯大廈,開放式格局,,有對外窗;陽台,https://www.rakuya.com.tw/rent/rent_item?ehid=09f103292812111,fb8d21e5ad911f6fd40be86048f4fd26.jpeg,1.555335525841401
2089,可租補⚡有電梯⚡陽台獨洗曬⚡飲水機⚡子母車⚡機車位,,12300,10.0,0.0,3,0,台中市,台中市北區自強街,,透天厝,開放式格局,,有對外窗;陽台,https://www.rakuya.com.tw/rent/rent_item?ehid=03308e26824443d,9d0b071c8be128544142a5ce04e81436.jpeg,0.6249807837417485
2090,❤️誠信房仲❤️昌平財神廟全新完工電梯套房,,11000,10.0,1.4,5,1,台中市,台中市北屯區遼陽五街,,透天厝,1房1廳 - 1陽台,,有對外窗;為邊間;陽台,https://www.rakuya.com.tw/rent/rent_item?ehid=0dcf3f292243254,e57e1c8d53a11b360a046afd61c9eb1b.jpeg,2.0311236374953228
2091,幸福就是你❤️可雙租補❤️可貓可狗❤️獨洗脫烘,,13999,17.0,0.1,6,0,台中市,台中市北區太原路三段,,公寓,開放式格局,,有對外窗,https://www.rakuya.com.tw/rent/rent_item?ehid=0355be293377090,c000c811eafd3d0b05dff63c31fd1312.jpeg,0.3394456200650392
2092,中友一中/租補／機車位,,9999,12.0,0.0,4,0,台中市,台中市北區篤行路,,透天厝,開放式格局,,有對外窗;陽台,https://www.rakuya.com.tw/rent/rent_item?ehid=0debd829067564d,06e37c6a47f6b83ffba520b4e8111e44.jpeg,1.1035284600127246
2093,妳走之後酒暖回憶思念瘦✨租補電4✨機車位✨陽台獨洗,,11499,14.0,0.1,4,1,台中市,台中市北區國強街,,透天厝,1房1衛 - 1陽台,,有對外窗;陽台,https://www.rakuya.com.tw/rent/rent_item?ehid=0d03d8293055935,f7335e83fe95706f295b5bc11c2aad9c.jpeg,0.6592108390282103
2094,電梯透天☆變頻冷氣☆陽台獨洗曬☆飲水機☆子母車,,14000,16.0,1.3,3,1,台中市,台中市北屯區軍榮一街,,電梯大廈,1房1衛 - 1陽台,,,https://www.rakuya.com.tw/rent/rent_item?ehid=0aeccc282812152,21b7a0eebe1768cb0764d681ad40ccae.jpeg,0.5411962204966381
2095,可租補⚡台電⚡平面車位⚡電梯⚡近一中商圈,,9599,13.0,0.0,4,1,台中市,台中市北區文祥街,,電梯大廈,1房1衛 - 1陽台,,有對外窗;陽台,https://www.rakuya.com.tw/rent/rent_item?ehid=0aa591287499265,83ba4b5002c1141cc2aa5ac80716dd68.jpeg,0.8311423400468922
2096,北區✨熱鬧地段✨台水電✨可寵高採光✨大空間✨,,11000,9.0,0.0,8,0,台中市,台中市西屯區重慶路,,電梯大廈,開放式格局,,有對外窗,https://www.rakuya.com.tw/rent/rent_item?ehid=008a34276038722,0f7a5ea9996be1656aa9b80b768d59f5.jpeg,0.9408447827120154
2097,雙租屋補助✨可貓可狗✨採光陽台✨乾溼分離,,6799,11.0,0.1,5,1,台中市,台中市北區天津路二段,,透天厝,1房1衛 - 1陽台,,有對外窗;陽台,https://www.rakuya.com.tw/rent/rent_item?ehid=09adf429338515e,392d6d30001ed1595a5faed6125b6e82.jpeg,1.5046711516271298
2098,整棟極新➕可雙租補➕歐風裝潢➕陽台獨洗➕室內機車位,,13490,18.0,0.1,3,1,台中市,台中市西區精誠二十四街,,電梯大廈,1房1廳1衛 - 1陽台,,有對外窗;陽台,https://www.rakuya.com.tw/rent/rent_item?ehid=0ff1c8291473144,e0b6f331c41eb93b417121b7d7a46a0a.jpeg,1.491242164377684
2099,曉明女中✔陽台獨洗✔機車位✔可租屋補助✔子母車✔,,6999,10.0,1.9,2,1,台中市,台中市北區太原八街,,電梯大廈,1房1衛 - 1陽台,,有對外窗;陽台,https://www.rakuya.com.tw/rent/rent_item?ehid=018021215815824,9161030ac43e6da1ba148ed1018b72d4.jpeg,0.78754542313664
2100,最好的時刻就是有你✨台電租補✨一層兩戶✨陽台獨洗,,11799,13.0,0.1,2,1,台中市,台中市北區衛道路,,電梯大廈,1房1衛 - 1陽台,,有對外窗;陽台,https://www.rakuya.com.tw/rent/rent_item?ehid=0a8de3293055863,8cbb840ee64ab11b8b05d7a04540a27a.jpeg,0.0
2101,可租捕⚡有電梯⚡陽台獨洗曬⚡學生首選⚡子母車,,9000,6.0,0.0,1,0,台中市,台中市北區梅豐街,,透天厝,開放式格局,,有對外窗;陽台,https://www.rakuya.com.tw/rent/rent_item?ehid=0a615a288472093,90fe749f8a58bc388db9483e73dfc4d3.jpeg,0.759000463904605
2102,可租補⚡可貓⚡電梯⚡精武車站⚡近一中商圈,,10999,14.0,0.0,3,1,台中市,台中市東區力行路,,透天厝,1房1衛,,有對外窗,https://www.rakuya.com.tw/rent/rent_item?ehid=02c1f9283708170,57a1e33165300d697370cb5cb223faab.jpeg,1.6703367091009986
2103,監理站旁✨獨洗✨流理臺✨系統櫃✨可貓寵✨可雙租補,,13499,13.0,0.1,4,1,台中市,台中市北屯區天祥街,,透天厝,1房1衛,,有對外窗,https://www.rakuya.com.tw/rent/rent_item?ehid=00db70292571855,9c0f2bc5796f26415aaa3878c614fdfa.jpeg,0.6442673752310899
2104,超極新｜可租補｜陽台獨洗｜衛浴窗｜電梯子母車,,11500,11.0,0.1,4,1,台中市,台中市北屯區遼陽四街,,透天厝,1房1衛 - 1陽台,,,https://www.rakuya.com.tw/rent/rent_item?ehid=0da4fa29257240a,5218332dec3b85d2fef75137051449bc.jpeg,2.553682678993785
2105,全新完工電梯透天☆可雙租補☆台電計費☆陽臺獨洗獨曬,,14500,18.0,0.7,7,1,台中市,台中市北屯區崇德八路一段,,電梯大廈,1房1衛 - 1陽台,,有對外窗;陽台,https://www.rakuya.com.tw/rent/rent_item?ehid=0d68c627688915d,d106045a22e46b0d43399fef24a3826c.jpeg,1.0761786959806166
2106,秒殺✨超級大空間✨雙租屋補助✨寵物天堂✨可短租,,9999,16.0,0.1,1,1,台中市,台中市北區太原七街,,透天厝,1房1衛,,,https://www.rakuya.com.tw/rent/rent_item?ehid=01032729180983c,8b02f0b3381a209dd36e94bb5ad12269.jpeg,0.7446331680626403
2107,小資首選✨陽台獨洗流理台✨系統裝潢✨專屬機車位✨,,7499,14.0,0.1,2,1,台中市,台中市北區崇德路一段,,電梯大廈,1房1衛 - 1陽台,,,https://www.rakuya.com.tw/rent/rent_item?ehid=0ef19327616255a,e3f85ca27f9e55faec1ee34ce5cef721.jpeg,1.4065527397470072
2108,清新北歐風⭐可租補⭐陽台獨洗⭐系統裝潢⭐一中商圈,,8499,15.0,3.1,3,0,台中市,台中市北區三民路三段,,透天厝,開放式格局,,陽台,https://www.rakuya.com.tw/rent/rent_item?ehid=05fb0729146931e,73d82ce823875ef05e21facc6205a4c2.jpeg,0.0
2109,整棟全新⏳可租補⏳陽台獨洗⏳衛浴開窗⏳子母車⏳,,8499,14.0,0.1,2,1,台中市,台中市北區國豐街,,電梯大廈,1房1衛 - 1陽台,,有對外窗;陽台,https://www.rakuya.com.tw/rent/rent_item?ehid=01d9a6293085572,7c0a5629f0ad059ec95082026465990b.jpeg,0.0
2110,幸福就是你❤️可租補❤️有電梯❤️陽台獨洗,,12999,16.0,0.1,7,0,台中市,台中市北區文心路四段,,透天厝,開放式格局,,有對外窗;陽台,https://www.rakuya.com.tw/rent/rent_item?ehid=07caae29337631a,02afd54502a0efe964c6c02f424d9377.jpeg,2.4715463663967934
2111,新光遠百／機車位/超新屋,,11999,14.0,0.0,7,0,台中市,台中市西屯區何厝東二街,,透天厝,開放式格局,,有對外窗;陽台,https://www.rakuya.com.tw/rent/rent_item?ehid=0fbebc29067587b,db1b7117bb7d35bf87658f1ad0236a30.jpeg,1.168869767701636
2112,剩下鋼琴陪我✨大間採光✨室內機車✨流理台✨陽台獨洗,,13999,17.0,0.1,2,1,台中市,台中市北區大德街,,電梯大廈,1房1衛 - 1陽台,,有對外窗;陽台,https://www.rakuya.com.tw/rent/rent_item?ehid=0371bf293055830,da6daeeba23d46aef9c694e1f4814fe5.jpeg,0.996344608754284
2113,小資首選✨陽台獨洗✨雙租屋補助✨絕美採光✨電梯套房,,8999,14.0,0.1,3,1,台中市,台中市北區梅亭街,,電梯大廈,1房1衛 - 1陽台,,,https://www.rakuya.com.tw/rent/rent_item?ehid=04b5e3291504837,d335929c040c8de7b2ebc80b6a9d42ec.jpeg,1.3942036347865339
2114,與你相約中區✨可以租補✨室內機車位✨生活機能佳✨光,,7499,8.0,0.1,2,0,台中市,台中市中區成功路,,公寓,開放式格局,,有對外窗,https://www.rakuya.com.tw/rent/rent_item?ehid=0c30ce291632520,0b48c435270dca9e8e4271e8f2e577a2.jpeg,0.5196116558684993
2115,近捷運站✨可租補報稅✨陽台獨洗✨子母車✨變頻冷氣,,10499,10.0,0.1,4,1,台中市,台中市北屯區遼陽四街,,透天厝,1房1衛 - 1陽台,,有對外窗;陽台,https://www.rakuya.com.tw/rent/rent_item?ehid=01a57929285155c,00fd56c605457f25e82121a7861fd503.jpeg,2.58094603988757
2116,可租補/近一中街/小資/電梯,,9500,7.0,0.1,6,1,台中市,台中市北區衛道路,,華廈,1房1衛 - 1陽台,,有對外窗;陽台,https://www.rakuya.com.tw/rent/rent_item?ehid=08e687292061827,5dc5bc0cb74c768a55b424b0e64ce9f9.jpeg,0.0
2117,一中台體❤陽台獨洗❤可租屋補助❤子母車,,7799,10.0,0.0,5,1,台中市,台中市北區國強街,,電梯大廈,1房1衛 - 1陽台,,有對外窗;陽台,https://www.rakuya.com.tw/rent/rent_item?ehid=0fafdd290267221,4583dd3af880647596134513f00d8b10.jpeg,0.690217928705389
2118,大空間❤電梯新屋✅大陽台獨洗✨流理台❤浴室開窗✨,,13000,16.0,5.9,5,1,台中市,台中市西屯區何厝東二街,,電梯大廈,1房1衛 - 1陽台,,有對外窗;陽台,https://www.rakuya.com.tw/rent/rent_item?ehid=0172c2151637160,bbdeea91614ae1e73ea53cde32d93b75.jpeg,1.1581353871315243
2119,❤️電梯❤️租補❤️陽台洗曬❤️乾淨明亮❤️子母車,,8499,10.0,0.1,2,1,台中市,台中市北區國豐街,,透天厝,1房1衛 - 1陽台,,,https://www.rakuya.com.tw/rent/rent_item?ehid=059bde292987405,4601a28a92c1443e3d58162ba773a010.jpeg,0.0
2120,可租補｜可寵｜獨洗烘｜乾濕衛浴｜系統裝潢,,12500,12.0,0.1,2,1,台中市,台中市北屯區柳陽西街,,透天厝,1房1衛,,,https://www.rakuya.com.tw/rent/rent_item?ehid=01ae2d29257407d,06592b9de085e0940e69a1359718b3f2.jpeg,2.190151829216279
2121,租補雙租補✨西屯電梯大套✨陽台獨洗曬子母車掀床收納,,10999,13.0,0.1,2,0,台中市,台中市西屯區福順路,,電梯大廈,開放式格局,,陽台,https://www.rakuya.com.tw/rent/rent_item?ehid=0d4982291922648,654c21faaedd288ea237bb4450e66ef7.jpeg,0.4394588045721874
2122,✨近中教大✅可愛貓咪❤️電梯✨陽台獨洗✨子母車,,12499,16.0,0.1,5,1,台中市,台中市北區中山路,,電梯大廈,1房1廳1衛 - 1陽台,,有對外窗;陽台,https://www.rakuya.com.tw/rent/rent_item?ehid=04b228293144336,a323e4587026d8932425735f5db80f90.jpeg,0.0
2123,西屯精緻套房❤️獨洗獨曬❤️乾溼分離❤️,,11999,13.0,0.0,2,1,台中市,台中市西屯區太原路一段,,公寓,1房1廳1衛 - 1室1陽台1廚房,,有對外窗;陽台,https://www.rakuya.com.tw/rent/rent_item?ehid=086354277444579,23313027eacdc08f8ccffe1b697452d2.jpeg,1.2048799104201708
2124,秒殺❤獨洗曬陽台❤可戶籍租屋補助❤機車位❤子母車,,7999,12.0,3.0,5,1,台中市,台中市東區東光園路,,電梯大廈,1房1衛 - 1陽台,,有對外窗;陽台,https://www.rakuya.com.tw/rent/rent_item?ehid=06571d211303292,3998c997908b5af333c852cb7bd7908e.jpeg,0.0
2125,近親親影城✨租屋補助✨木質地板✨小資首選,,5199,9.0,0.1,2,1,台中市,台中市北區健行路,,公寓,1房1衛,,有對外窗,https://www.rakuya.com.tw/rent/rent_item?ehid=0f511829160597a,7de41b4f258c4f8723ef5adf58a303d5.jpeg,0.9011107795272186
2126,透天電梯☆可租補☆可貓☆子母車☆機車位☆飲水機,,17000,19.0,3.4,1,1,台中市,台中市西屯區朝馬二街,,電梯大廈,1房1廳1衛 - 1陽台,,有對外窗;陽台,https://www.rakuya.com.tw/rent/rent_item?ehid=0db6e2279098750,3a190de097c1426fe13771534aaf8176.jpeg,0.4649246789497287
2127,小資族電梯套房❤️包水台電❤️陽台獨洗曬❤️可寵,,6499,8.0,0.1,8,1,台中市,台中市西屯區櫻城三街,,電梯大廈,1房1衛 - 1陽台,,有對外窗;陽台,https://www.rakuya.com.tw/rent/rent_item?ehid=02674029200047d,23447b678972f42be264fb3b1fb7866e.jpeg,1.6554343288556348
2128,小資首選⛅租屋補助✅採光良好⛅沙發茶几⛅今晚等著你,,6499,10.0,0.0,4,1,台中市,台中市北區青島路二段,,透天厝,1房1衛,,有對外窗,https://www.rakuya.com.tw/rent/rent_item?ehid=09d530293247557,2f3836b971c4d30140df1c5a877bb04c.jpeg,1.4407828187889649
2129,全新未住大套房❤️雙租補❤️陽台獨洗曬❤️可貓,,11999,11.0,0.1,3,1,台中市,台中市北屯區軍福十六路,,電梯大廈,1房1衛 - 1陽台,,有對外窗;陽台,https://www.rakuya.com.tw/rent/rent_item?ehid=027cae292501419,6de2d6feec7666b2dfeae7de99e5c042.jpeg,0.5722692950945562
2130,⭐近一中商圈⭐️可租補加價⭐獨洗⭐可貓⭐系統裝潢⭐,,10999,14.0,0.1,3,1,台中市,台中市東區力行路,,透天厝,1房1衛,,有對外窗,https://www.rakuya.com.tw/rent/rent_item?ehid=0c3d4e28367435f,7688d52b9831466d2e5498db698e945a.jpeg,1.6703367091009986
2131,太原車站/超新屋/可租補/,,8999,12.0,0.1,3,0,台中市,台中市北屯區天津路四段,,透天厝,開放式格局,,,https://www.rakuya.com.tw/rent/rent_item?ehid=0de9bb29220561c,f0e992d6a34e2348dfce255590e0cd8e.jpeg,2.206566330290312
2132,小資首選✨租屋補助✅超新屋況✨採光良好✨IG搶先看,,7499,13.0,0.0,2,1,台中市,台中市東區旱溪三街,,透天厝,1房1衛,,有對外窗,https://www.rakuya.com.tw/rent/rent_item?ehid=087d6b286725387,6576b35b2874c77a8aac42bd51d353fb.jpeg,0.7480349976562357
2133,可寵可狗⚡陽台獨洗⚡可租補⚡飲水機⚡子母車,,11500,10.0,0.0,3,0,台中市,台中市北區益華街,,電梯大廈,開放式格局,,有對外窗,https://www.rakuya.com.tw/rent/rent_item?ehid=0065e6288886171,94ec35b7959a160868f8fba96b9c9666.jpeg,2.350248746695544
2134,整棟全新➕質感採光➕陽台獨洗➕流理台➕變頻冷暖➕,,10999,18.0,0.1,3,1,台中市,台中市西區精明一街,,透天厝,1房1廳1衛 - 1陽台1廚房,,有對外窗;陽台,https://www.rakuya.com.tw/rent/rent_item?ehid=06e96d292536158,a847db491b785e6b0bb5c5feb43056ab.jpeg,1.5975851396639922
2135,走路一中台體台中科大⭐可貓寵雙租補⭐可獨洗烘超大間,,8499,11.0,0.1,3,1,台中市,台中市北區三民路三段,,透天厝,1房1廳1衛,,,https://www.rakuya.com.tw/rent/rent_item?ehid=03b327292605201,f436ed754fc90f9115aa59615d8af5fe.jpeg,0.0
2136,可雙租補♥️全新裝潢✨子母車,,5999,7.0,0.7,1,1,台中市,台中市北屯區安順東九街,,透天厝,1房1衛,,,https://www.rakuya.com.tw/rent/rent_item?ehid=0a3e47286455219,aa8130a39c02db37446b7f7d613272de.jpeg,0.0
2137,近中科大⛅可租補⛅陽台獨洗⛅子母車飲水機⛅超新電梯,,11000,12.0,0.0,5,1,台中市,台中市北區進化路,,電梯大廈,1房1衛 - 1陽台,,有對外窗;陽台,https://www.rakuya.com.tw/rent/rent_item?ehid=070fe7272089672,e9770167b1229331a73c2ca12f5953ca.jpeg,0.0
2138,電梯⚡獨洗窗曬⚡子母車⚡可租補⚡飲水機⚡系統櫃,,11500,10.0,0.1,9,0,台中市,台中市西區公館路,,華廈,開放式格局,,有對外窗;陽台,https://www.rakuya.com.tw/rent/rent_item?ehid=0438bb291467562,f1d507455e688c39dbbba674b34e5a93.jpeg,0.0
2139,全新完工⚡有電梯⚡陽台獨洗曬⚡飲水機⚡子母車電磁爐,,12000,10.0,0.0,3,0,台中市,台中市北屯區一新二街,,透天厝,開放式格局,,有對外窗;陽台,https://www.rakuya.com.tw/rent/rent_item?ehid=0b449928276817b,fda5f3fe0041fbf3172739a28a09b291.jpeg,0.0
2140,小資房✨可寵❗獨洗窗曬✨東區秒殺件✨,,7499,10.0,0.1,3,1,台中市,台中市東區台中路,,透天厝,1房1衛,,有對外窗,https://www.rakuya.com.tw/rent/rent_item?ehid=0ad1d329130995b,f090250b460fd9bdf6b5d56aa869d4b4.jpeg,0.121414208697986
2141,北屯秒殺全新裝潢✨可寵雙租補❗獨洗烘✨流理臺✨,,10999,15.0,0.2,1,1,台中市,台中市北屯區旅順路二段,,透天厝,1房1衛,,有對外窗,https://www.rakuya.com.tw/rent/rent_item?ehid=014b6229146142c,736c7ced082b61f7c00fa5393d540144.jpeg,1.7106450110863671
2142,✨超秒殺✨可租補✨流理臺✨子母車✅陽台獨洗,,9499,12.0,0.1,6,1,台中市,台中市北區原子街,,電梯大廈,1房1衛 - 1陽台1廚房,,有對外窗;陽台,https://www.rakuya.com.tw/rent/rent_item?ehid=0540ff292644216,787d446e5cddd306c53d7b370c85e4a8.jpeg,0.8321723835702765
2143,✅北區最頂✅電梯養貓|可租補|管理員代收,,10999,15.0,0.0,11,1,台中市,台中市北區三民路三段,,電梯大廈,1房1廳1衛 - 1陽台,,有對外窗;陽台,https://www.rakuya.com.tw/rent/rent_item?ehid=0b9c3e288969166,f3d13ef8b7767565c9dd3830362ba2c9.jpeg,0.0
2144,透天☆陽台獨洗曬☆飲水機☆子母車☆可租補,,10000,12.0,1.3,2,1,台中市,台中市中區柳川東路三段,,電梯大廈,1房1衛 - 1陽台,,有對外窗;陽台,https://www.rakuya.com.tw/rent/rent_item?ehid=061b9328361491e,a8cfa528ec6cbe075b4db4d492ccaae6.jpeg,1.538956708027861
2145,全新整理✨採光良好✨獨洗窗曬✨小資首選✨IG搶先看,,6499,14.0,0.1,5,1,台中市,台中市北區永興街,,透天厝,1房1衛,,有對外窗,https://www.rakuya.com.tw/rent/rent_item?ehid=04a73d271477397,cc982303c79e3fb569d02423ffffb54d.jpeg,1.8397205033518977
2146,大空間養貓✨電梯陽台|管理員可代收|一中中國醫,,13500,19.0,0.0,9,1,台中市,台中市北區五權路,,電梯大廈,1房1廳1衛 - 1陽台,,有對外窗;陽台,https://www.rakuya.com.tw/rent/rent_item?ehid=06b0f7285632940,558ca2809670dc6829420c844f8c76d0.jpeg,0.0
2147,可補助/獨曬/管理員/大間/便宜/室內機車位,,5999,12.0,0.3,10,1,台中市,台中市北區健行路,,電梯大廈,1房1衛,,,https://www.rakuya.com.tw/rent/rent_item?ehid=054ee0283148334,48c007cea2af795408bb8e1c7b578bec.jpeg,0.8851213652267578
2148,❤文心捷運❤可租屋補助❤共洗獨曬❤子母車❤,,6499,10.0,2.5,3,1,台中市,台中市北屯區旅順路一段,,電梯大廈,1房1衛,,有對外窗,https://www.rakuya.com.tw/rent/rent_item?ehid=0952e5191795165,2050484cee611ecc78f132360868617e.jpeg,2.4721571476458912
2149,近lalaport⛅電梯⛅小資首選⛅獨洗曬⛅飲水機,,7999,10.0,0.1,5,1,台中市,台中市東區樂業路,,透天厝,1房1衛,,有對外窗,https://www.rakuya.com.tw/rent/rent_item?ehid=045cee292630380,f9e0d2577d7e4e0f877c934bf6c17754.jpeg,1.3190546164428272
2150,整棟全新⏳質感裝潢⏳陽台獨洗⏳機車位⏳子母車,,11499,16.0,0.1,2,1,台中市,台中市北屯區水景街,,電梯大廈,1房1廳1衛 - 1陽台,,有對外窗;陽台,https://www.rakuya.com.tw/rent/rent_item?ehid=0fca1929075879a,a7f3dcb9c1d13b9d33c327206092c14b.jpeg,0.5662953646844715
2151,✨小資首選✨木質地板✨住戶單純✨超省租屋補助,,6999,13.0,0.0,2,1,台中市,台中市北區育才北路,,透天厝,1房1衛,,有對外窗,https://www.rakuya.com.tw/rent/rent_item?ehid=0a3e7f293577517,4ca7c8fcb0e2540701c158a39ac78856.jpeg,1.163159972774932
2152,北屯區/整棟全新/可租補/乾溼分離/陽台/可貓,,14000,9.0,1.1,6,1,台中市,台中市北屯區后庄七街,,華廈,1房1衛 - 1陽台,,有對外窗;陽台,https://www.rakuya.com.tw/rent/rent_item?ehid=014115242005798,b5facfb68538c22b61184460bac8ee07.jpeg,0.20557806962328123
2153,太原車站/超新屋/可租補,,8999,11.5,0.1,3,0,台中市,台中市北屯區天津路四段,,透天厝,開放式格局,,有對外窗,https://www.rakuya.com.tw/rent/rent_item?ehid=0d52c7292205628,c4cc4be0773c64bafb778dd4d957693b.jpeg,2.206566330290312
2154,錯過✨捶心肝北屯區秒殺精美套房✨,,10000,12.0,0.1,5,0,台中市,台中市北區益華街,,公寓,開放式格局,,有對外窗;陽台,https://www.rakuya.com.tw/rent/rent_item?ehid=060116274372998,5f486050b146b349429695d6da85ab67.jpeg,2.3889618665316212
2155,小資快搶✨租屋補助✅陽台獨洗✨機車好停✨IG搶先看,,8499,13.0,0.1,2,1,台中市,台中市北區五權路,,電梯大廈,1房1衛 - 1陽台,,有對外窗;陽台,https://www.rakuya.com.tw/rent/rent_item?ehid=0e3e41291896681,66f5dffb0fc18d6d348ce78767cefbb1.jpeg,0.0
2156,✨近市政府✅可租補❤️獨洗獨曬✨衛浴開窗有流理,,12499,16.0,0.1,5,1,台中市,台中市西屯區龍門路,,電梯大廈,1房1廳1衛,,有對外窗,https://www.rakuya.com.tw/rent/rent_item?ehid=0aaa8a291082363,3696ac6dc6912e96f165f46e255db85f.jpeg,0.3651901128291704
2157,可租補⭐️整棟全新⭐️情侶快看⭐️多間可選喔,,11499,14.0,0.0,3,1,台中市,台中市北屯區大連路一段,,電梯大廈,1房1廳1衛 - 1陽台,,有對外窗;陽台,https://www.rakuya.com.tw/rent/rent_item?ehid=0fe8d7276166063,0b986379bbda88589c3a41fac2b1943c.jpeg,1.7565914939089997
2158,超新電梯⭐雙租補⭐流理台⭐陽台獨洗⭐子母車⭐中國醫,,11999,5.0,0.1,4,1,台中市,台中市北區進化北路,,電梯大廈,1房1衛 - 1陽台,,,https://www.rakuya.com.tw/rent/rent_item?ehid=0806b2290990111,5a6cc20343c3bc544599c15e82681c59.jpeg,0.0
2159,✨全新可貓✨租屋補助✨陽台獨洗✨乾溼分離✨加賴約看,,11499,13.0,0.1,3,1,台中市,台中市北屯區陳平路,,透天厝,1房1衛 - 1陽台,,有對外窗;陽台,https://www.rakuya.com.tw/rent/rent_item?ehid=001012292706751,a95961b613ee9e493155c38a8ea0c514.jpeg,0.27972448065588745
2160,全新❤️租補❤️可寵❤️乾溼分離❤️獨洗烘,,11999,12.0,0.1,4,1,台中市,台中市北屯區陳平路,,透天厝,1房1衛,,,https://www.rakuya.com.tw/rent/rent_item?ehid=0ee497290801296,a73583d243b280040c286b9214ed6c22.jpeg,0.2783486707432705
2161,電梯⚡獨洗窗曬⚡飲水機⚡子母車⚡可租補⚡系統櫃,,11500,10.0,0.1,9,0,台中市,台中市西區公館路,,華廈,開放式格局,,有對外窗;陽台,https://www.rakuya.com.tw/rent/rent_item?ehid=083b8b291467307,b108a02b82e6ea94ced7cfd86277e7e0.jpeg,0.0
2162,台中車站✨全新未住✨陽台獨洗✨可雙租屋補助,,7499,10.0,0.1,5,1,台中市,台中市中區成功路,,電梯大廈,1房1衛 - 1陽台,,有對外窗;陽台,https://www.rakuya.com.tw/rent/rent_item?ehid=0da8d329126849a,5d68738f92fd470dc1e259e0bdaf0710.jpeg,0.5196116558684993
2163,台中車站✨可雙租屋補助✨陽台獨洗✨全新完工,,8499,10.0,0.1,5,1,台中市,台中市中區成功路,,電梯大廈,1房1衛 - 1陽台,,陽台,https://www.rakuya.com.tw/rent/rent_item?ehid=0ef689291269654,7ba16c01f3cec9fb94b782abe75518f9.jpeg,0.5118354513316176
2164,水景公園/超新屋/設計師風格/洗烘衣,,9999,11.5,0.1,3,0,台中市,台中市北屯區一新一街,,透天厝,開放式格局,,有對外窗,https://www.rakuya.com.tw/rent/rent_item?ehid=0ca4bd292205693,5fac3456c97d08facbefe87b33e9d3f4.jpeg,0.0
2165,近74 中台/全新未住/可貓／雙租補/機車位,,11999,12.0,0.1,3,0,台中市,台中市北屯區建和路二段,,透天厝,開放式格局,,有對外窗;陽台,https://www.rakuya.com.tw/rent/rent_item?ehid=06661d292007907,e3247d5f05794c9382100afad5a08ade.jpeg,0.5625368240895466
2166,整棟新蓋⛅陽台獨洗⛅可報稅租補可貓⛅電梯室內機車位,,8999,14.0,0.0,2,1,台中市,台中市北屯區東山路一段,,電梯大廈,1房1衛 - 1陽台,,有對外窗,https://www.rakuya.com.tw/rent/rent_item?ehid=07a0a829250902e,2aa8d5dff0fee725a8744dd32ae769b3.jpeg,0.6361997813610754
2167,整棟全新⏳可貓可雙租補⏳健身設施⏳秘書管理⏳流理台,,16999,18.5,0.1,3,1,台中市,台中市北區漢口路三段,,電梯大廈,1房1廳1衛 - 1陽台1廚房,,有對外窗;陽台,https://www.rakuya.com.tw/rent/rent_item?ehid=09e1bd292719717,a75dc1f08c8413d85c207f898a278ffc.jpeg,0.806373658204801
2168,租補✨採光大空間✨陽台獨洗曬✨附電磁爐,,8000,10.0,0.1,2,1,台中市,台中市龍井區遊園南路,,透天厝,1房1衛 - 1陽台,,有對外窗;陽台,https://www.rakuya.com.tw/rent/rent_item?ehid=01b09e288377117,18dc0b87e618942728cdb361781a37b3.jpeg,0.2705450550180152
2169,一中商圈⭐黃金地段⭐人潮擁擠⭐商機無限大,,30000,60.0,0.0,3,0,台中市,台中市北區育才北路,,電梯大廈,開放式格局,,,https://www.rakuya.com.tw/rent/rent_item?ehid=084bc6289195318,86da8b8a9fb071205ecac4e7269ba906.jpeg,0.9857772033836029
2170,近監理站✨台水台電✨可貓寵✨採光好,,5499,10.0,0.1,1,1,台中市,台中市北區崇德路一段,,透天厝,1房1衛 - 1陽台,,有對外窗;陽台,https://www.rakuya.com.tw/rent/rent_item?ehid=0fb991292573846,e793f07a5d9d6c75b9006bbffd1dde73.jpeg,1.4613669659693076
2171,精誠商圈/流理臺.獨洗曬,,10999,12.0,0.1,3,0,台中市,台中市西區精明一街,,透天厝,開放式格局,,有對外窗;陽台,https://www.rakuya.com.tw/rent/rent_item?ehid=0c71af29219242a,7df71c5ef2640baa7b3690549a782dfa.jpeg,1.5975851396639922
2172,朝馬運動公園❤全新整理✨多間可選可租補,,11499,12.0,0.0,3,1,台中市,台中市西屯區黎明路二段,,透天厝,1房1衛 - 1陽台,,有對外窗,https://www.rakuya.com.tw/rent/rent_item?ehid=028787281183597,0b64940f5e4d1f3d30d7371159384f4f.jpeg,0.6993112016397187
2173,✅採光極好有電梯✅獨洗曬|衛浴開窗|秀泰北區一中,,7999,11.0,0.1,5,0,台中市,台中市東區樂業路,,電梯大廈,1衛 - 1陽台,,有對外窗,https://www.rakuya.com.tw/rent/rent_item?ehid=0be406291364559,563d291069f7f459fa0c72218c63db99.jpeg,1.3190546164428272
2174,超大空間✨採光超好✨電梯上樓✨獨洗曬✨IG搶先看,,9499,14.0,0.1,2,1,台中市,台中市北區青島路一段,,電梯大廈,1房1衛,,有對外窗,https://www.rakuya.com.tw/rent/rent_item?ehid=012be0291804583,d30d6046ae601006bbcf88d0138aa1d8.jpeg,1.0162105068598568
2175,北區超秒殺✨可租補✨可以養貓✨獨洗獨曬✨趕緊預約,,7499,12.0,0.1,3,1,台中市,台中市北區育才街,,公寓,1房1衛,,有對外窗,https://www.rakuya.com.tw/rent/rent_item?ehid=06930e293429800,a4d3b319cfc6edf837af078300435326.jpeg,1.1904766056234728
2176,⭐近一中⭐電梯⭐管理員⭐台水電⭐獨洗曬⭐可雙租補,,13999,17.0,0.1,2,1,台中市,台中市中區成功路,,電梯大廈,1房1衛,,有對外窗,https://www.rakuya.com.tw/rent/rent_item?ehid=0a826629315966f,db5e94e6f558f38d99d0110b0d79fe08.jpeg,0.4828733468530839
2177,整棟全新⏳可雙租補⏳精美廚房⏳陽台獨洗⏳子母車,,12499,17.0,0.1,8,1,台中市,台中市東區練武路,,電梯大廈,1房1廳1衛 - 1陽台1廚房,,有對外窗;陽台,https://www.rakuya.com.tw/rent/rent_item?ehid=0cb08229263836a,d7ede382550dc321cdf4748a842dfdbd.jpeg,1.427825533979303
2178,全新系統裝潢✨陽台獨洗流理台✨貓奴首選✨秒殺✨,,8999,15.0,0.1,4,1,台中市,台中市北屯區文昌東四街,,透天厝,1房1衛 - 1陽台,,,https://www.rakuya.com.tw/rent/rent_item?ehid=0554ce28806003f,16a71e865900040d8fb92853d855a48d.jpeg,2.12804800284385
2179,超秒殺⛅可貓⛅可租補⛅獨洗曬⛅子母車飲水機⛅中科大,,8599,8.0,0.1,4,1,台中市,台中市北區進化路,,電梯大廈,1房1衛,,有對外窗,https://www.rakuya.com.tw/rent/rent_item?ehid=0c4977292797929,0aac0d15fcb42545b2b742555be86bbe.jpeg,0.0
2180,✨電梯美屋✨台水台電✨陽台獨洗✨租屋補助✨加賴約看,,8999,13.0,0.1,4,1,台中市,台中市北區山西路二段,,電梯大廈,1房1衛 - 1陽台,,有對外窗;陽台,https://www.rakuya.com.tw/rent/rent_item?ehid=0ad74a292975391,7a076db5246a21b6a8a07e26ea4beb12.jpeg,1.2502533678013539
2181,可雙租補☆可貓☆機車位☆秘書☆陽台獨洗曬☆多公設,,17000,17.0,1.3,5,1,台中市,台中市北區漢口路三段,,電梯大廈,1房1廳1衛 - 1陽台,,有對外窗;陽台,https://www.rakuya.com.tw/rent/rent_item?ehid=06ceb7278184785,e76c39c98e376ae3e8cab50a1188bab7.jpeg,0.8063683566492277
2182,可租補⚡全新電梯套房⚡陽台獨洗⚡近教育大學,,11999,15.0,0.0,2,1,台中市,台中市西區五權路,,電梯大廈,1房1衛 - 1陽台,,有對外窗;陽台,https://www.rakuya.com.tw/rent/rent_item?ehid=09ed59285538470,0116e3c3b3d96ead98adcacbfc7cb691.jpeg,0.0
2183,全新裝潢➕正一房一廳➕可貓咪➕陽台獨洗➕乾溼分離➕,,10999,16.0,0.1,3,1,台中市,台中市北區太平路,,公寓,1房1廳1衛 - 1陽台,,有對外窗;陽台,https://www.rakuya.com.tw/rent/rent_item?ehid=00b5a0291248573,ba4a41259371416946698f77bb8c4b8e.jpeg,1.282000628998059
2184,近天津商圈@小資套房@獨洗陽台,,9000,10.0,0.1,3,1,台中市,台中市北屯區天津路四段,,透天厝,1房1衛 - 1陽台,,有對外窗;陽台,https://www.rakuya.com.tw/rent/rent_item?ehid=04d63329199741c,7c841131ed7538678e37dee60029ddd7.jpeg,2.206537157664316
2185,松竹車站/超新屋/機車位.租補報稅乾濕分離,,13999,13.0,0.1,2,0,台中市,台中市北屯區南興路,,透天厝,開放式格局,,有對外窗;陽台,https://www.rakuya.com.tw/rent/rent_item?ehid=0d86db29219205a,8b6e3b7c3882720fd80a8b4dc7c6ee46.jpeg,0.8615225455735219
2186,乖貓請進✨可雙租補✅採光超好✨獨洗窗曬✨IG搶先看,,14499,16.0,0.1,5,1,台中市,台中市北區中山路,,電梯大廈,1房1衛,,有對外窗,https://www.rakuya.com.tw/rent/rent_item?ehid=008198291893894,9b079f80396c3fa9a96bd8951fdfc8c2.jpeg,0.0
2187,全新透天✅乾濕分離✅情侶最愛✅還有3間可選私訊了解,,12499,15.0,0.0,3,1,台中市,台中市西屯區大安街,,透天厝,1房1衛 - 1陽台,,陽台,https://www.rakuya.com.tw/rent/rent_item?ehid=0a972d28592789a,aaf606b4135c9ab3dbd742a4fbe432d4.jpeg,1.485945976339383
2188,龍井最大間又便宜✨可租補❗採光佳✨陽台獨洗曬✨,,6999,13.0,0.1,1,1,台中市,台中市龍井區東海街,,透天厝,1房1廳1衛 - 1陽台,,有對外窗;陽台,https://www.rakuya.com.tw/rent/rent_item?ehid=000a21291566507,27359b829fba708f271aa3d679c38ff0.jpeg,0.38391542366344766
2189,✨秒殺物件✨獨洗獨曬✨住戶單純✨寵物天堂,,7999,13.0,0.1,3,1,台中市,台中市北屯區陳平路,,透天厝,1房1衛,,,https://www.rakuya.com.tw/rent/rent_item?ehid=0810fb29074941c,914f6238fa3cf73f5bbf89d33b3bbc1b.jpeg,0.2919888702032884
2190,♥️可稅補✨陽台獨洗曬✨可寵✨流理台✨獨機車位,,12999,16.0,0.1,4,1,台中市,台中市西屯區文華路,,透天厝,1房1衛 - 1陽台,,,https://www.rakuya.com.tw/rent/rent_item?ehid=0abafd291003235,3f18f432a7b49c5fd3a13c4edb3f58de.jpeg,1.8379896115303505
2191,獨立套房✨獨洗獨曬✨子母車✨獨立陽台✨✨台中車站,,6499,10.0,10.5,2,1,台中市,台中市東區旱溪西路一段,,透天厝,1房1廳1衛 - 1室,,有對外窗;為邊間,https://www.rakuya.com.tw/rent/rent_item?ehid=05114b270648651,38e8f255a7f276cb7f57506ea7ca8bc3.jpeg,0.5392464765089513
2192,台中車站❤共洗共曬❤可租屋補助❤管理員❤子母車,,5999,10.0,2.0,3,1,台中市,台中市東區台中路,,電梯大廈,1房1衛,,有對外窗,https://www.rakuya.com.tw/rent/rent_item?ehid=05c50f21441337e,9139d9d0195fbdf744f66a306686f3f2.jpeg,0.12478413512157398
2193,電梯透天☆飲水機☆子母車☆衛浴開窗☆獨洗陽台☆,,9500,10.0,1.3,3,1,台中市,台中市北屯區雷中街,,電梯大廈,1房1衛 - 1陽台,,有對外窗;陽台,https://www.rakuya.com.tw/rent/rent_item?ehid=0a0d97282162760,fcb9ead6de1e870c88e483c6c892ec2b.jpeg,0.3850749721639276
2194,可雙租補⚡台電⚡電梯套房⚡陽台獨洗⚡近國軍台中醫院,,17499,18.0,0.0,1,1,台中市,台中市北區中清路一段,,電梯大廈,1房1廳1衛 - 1陽台,,有對外窗;陽台,https://www.rakuya.com.tw/rent/rent_item?ehid=0be47328522348b,7ef893fe933bc481f735c161c885b00f.jpeg,0.8410666871520524
2195,租屋補助✨可貓快搶✨陽台獨洗✨流理臺✨衛浴開窗,,8499,11.0,0.1,4,1,台中市,台中市北屯區雷中街,,公寓,1房1衛 - 1陽台,,有對外窗;陽台,https://www.rakuya.com.tw/rent/rent_item?ehid=0f3b12291195274,0a1245d8cc6fdcc03867847ab426029b.jpeg,0.3902111856686589
2196,租屋補助✨樓中樓✨陽台獨洗✨機車位✨,,10999,13.0,0.1,1,1,台中市,台中市西屯區天水中街,,電梯大廈,1房1廳1衛 - 1陽台,,有對外窗;陽台,https://www.rakuya.com.tw/rent/rent_item?ehid=0672f729099889c,4b9b5cb4534c1df3aa18c6e029fa7af1.jpeg,0.88285012641124
2197,✨簡單舒適只鄞一間✨可租屋補助✨機車位✨獨洗窗曬✨,,7499,10.0,0.0,2,0,台中市,台中市龍井區新興路,,透天厝,開放式格局,,有對外窗,https://www.rakuya.com.tw/rent/rent_item?ehid=0c0f0b292260129,15c44c51fad82c57e734699e6a632a11.jpeg,0.36012689020589067
2198,整棟極新➕可貓可租補➕陽台獨洗➕衛浴開窗➕子母車,,7799,15.0,0.1,2,1,台中市,台中市北屯區環中東路二段,,電梯大廈,1房1衛 - 1陽台,,有對外窗;陽台,https://www.rakuya.com.tw/rent/rent_item?ehid=08ddc7292191970,aeacb1ebb38d2c98dda697c4469cb197.jpeg,0.4034805102521117
2199,全新未住⛅可貓⛅可租補⛅陽台獨洗⛅機車位⛅多戶選⛅,,12999,10.0,0.1,5,1,台中市,台中市北屯區建和路二段,,透天厝,1房1衛 - 1陽台,,有對外窗;陽台,https://www.rakuya.com.tw/rent/rent_item?ehid=00532d292165070,fe98b1965cb25636c4f4278bb2bf8191.jpeg,0.5573756534441461
2200,⭐近一中⭐電梯⭐可租補⭐子母車⭐飲水機⭐陽台獨洗,,10999,14.0,0.1,5,1,台中市,台中市北區進化路,,透天厝,1房1衛 - 1陽台,,有對外窗;陽台,https://www.rakuya.com.tw/rent/rent_item?ehid=0794cd29305598c,13b4bc897650aaae1cec56ca63433a1c.jpeg,0.0
2201,全新裝潢➕可雙租補➕台水電➕陽台獨洗➕我愛龍邦,,11999,16.0,0.1,21,1,台中市,台中市北屯區文心路四段/我愛龍邦大樓,,電梯大廈,1房1廳1衛 - 1陽台,,有對外窗;樓中樓;陽台,https://www.rakuya.com.tw/rent/rent_item?ehid=0a0bb329123900e,88827421c9d3c0aa4d8d410a1b2b6734.jpeg,2.3396860296042736
2202,新光遠百✨舒適✨可租補✨獨洗✨生活機能優✨環境佳,,12499,12.0,0.2,5,0,台中市,台中市西屯區龍門路,,別墅,開放式格局,,有對外窗,https://www.rakuya.com.tw/rent/rent_item?ehid=00913b291066417,df73a4bdcbbc94af508ad4f1b5651f9b.jpeg,0.3651901128291704
2203,松竹車站/超新屋/機車位.租補報稅/乾濕分離,,12999,13.0,0.1,5,0,台中市,台中市北屯區南興路,,透天厝,開放式格局,,有對外窗;陽台,https://www.rakuya.com.tw/rent/rent_item?ehid=01e3cd29219212b,a9c30df460181eeeab3907cb9d4062e7.jpeg,0.8688502833099925
2204,❤️寵物的家✅租補✨陽台獨洗✨機車車位✨子母車,,12999,15.0,0.1,3,1,台中市,台中市西區樂群街,,公寓,1房1衛 - 1陽台,,有對外窗;陽台,https://www.rakuya.com.tw/rent/rent_item?ehid=030fa0292247944,50d94e3f48e17c7dccf1e432a08da4d5.jpeg,0.9797468233551081
2205,小資首選✨可貓的家✨獨洗曬✨衛浴開窗✨機車好停,,7499,9.0,0.1,7,1,台中市,台中市北區梅亭街,,電梯大廈,1房1衛,,,https://www.rakuya.com.tw/rent/rent_item?ehid=0cd47329141258a,93c5e0a13481d050133e4e96a6dffcac.jpeg,1.4250735512433101
2206,近全新✨陽台獨洗✨機車位採光極佳✨子母車飲水機,,11999,12.0,0.0,7,0,台中市,台中市北屯區水景街,,透天厝,開放式格局,,有對外窗;陽台,https://www.rakuya.com.tw/rent/rent_item?ehid=03c75e272696273,d39b21d27209aeb3f07a7a803015871a.jpeg,0.5635100711900476
2207,♥️可寵✨可租補✨飲水機✨獨洗✨,,7999,11.0,0.0,4,1,台中市,台中市北區太原四街,,電梯大廈,1房1衛,,,https://www.rakuya.com.tw/rent/rent_item?ehid=06c92a28854012a,cbdf99c5c2472fd93f5f1a873cdc8f30.jpeg,0.7769354203660925
2208,東海中科全新系統裝潢❤️陽台獨洗機車位❤️可雙租補,,7999,8.0,0.11,2,1,台中市,台中市龍井區遊園南路,,電梯大廈,1房1衛 - 1陽台,,有對外窗,https://www.rakuya.com.tw/rent/rent_item?ehid=0460d6283672592,dcd6ce81bae22e661a927c6210959e27.jpeg,0.2705491279855644
2209,超大陽台獨洗曬✨生活機能好❗採光佳✨西屯最頂套房✨,,11499,15.0,0.1,2,1,台中市,台中市西屯區大安街,,透天厝,1房1衛 - 1陽台,,有對外窗;陽台,https://www.rakuya.com.tw/rent/rent_item?ehid=09229829131695e,6c03d5e7760783d68e366022f8ce8810.jpeg,1.5003403962452146
2210,✨可寵✨可租補✨陽台獨洗✨全新家電具,,9999,13.0,0.0,4,1,台中市,台中市東區復興路五段,,透天厝,1房1衛 - 1陽台,,,https://www.rakuya.com.tw/rent/rent_item?ehid=04ba4927965882a,622e2e48b43c526862d5d53ad1e0e021.jpeg,1.5578640512071529
2211,廣天宮✨CP套房✔衛浴乾溼分離,,7999,11.23,0.0,4,1,台中市,台中市北屯區大連路三段,,透天厝,1房1衛 - 1陽台,,有對外窗;陽台,https://www.rakuya.com.tw/rent/rent_item?ehid=034887252268694,6f5d70c17e3203b4d09e9855fe67a0c0.jpeg,1.7825614243879073
2212,❤全新未住❤租屋補助❤陽台獨洗❤汽機車❤北屯好市多,,11999,13.0,0.0,5,0,台中市,台中市北屯區建和路二段,,電梯大廈,開放式格局,,有對外窗;陽台,https://www.rakuya.com.tw/rent/rent_item?ehid=08712b29042492d,9f6c3b3d3e09c07ec01a8795d4c254f6.jpeg,0.5625368240895466
2213,便宜小資 全新整理 可寵 系統裝潢 獨洗曬 電梯,,8700,11.0,0.1,3,1,台中市,台中市北區五順街/五順街61號華廈,,華廈,1房1衛,,有對外窗;陽台,https://www.rakuya.com.tw/rent/rent_item?ehid=065c83291804415,e9b2c482648928c792af1441107be9f1.jpeg,0.0
2214,電梯大樓☆台水電☆陽台獨洗☆管理員☆子母車☆可租補,,9500,13.0,1.4,11,1,台中市,台中市中區中華路一段,,電梯大廈,1房1衛 - 1陽台,,有對外窗;陽台,https://www.rakuya.com.tw/rent/rent_item?ehid=02a8d9279810180,c14acc490eeb383b148c49fe43869679.jpeg,2995.7894736842104
2215,整棟全新⏳可雙租補⏳陽台獨洗⏳飯店裝潢⏳電梯子母車,,12499,18.0,0.1,3,1,台中市,台中市西區五權路,,電梯大廈,1房1廳1衛 - 1陽台,,有對外窗;陽台,https://www.rakuya.com.tw/rent/rent_item?ehid=079725291491120,82d251c66af1247cba93c74d8e5ac0a6.jpeg,0.0
2216,可寵可狗⚡子母車⚡陽台獨洗⚡可租補⚡飲水機,,12000,12.0,0.0,3,0,台中市,台中市北區益華街,,電梯大廈,開放式格局,,有對外窗;陽台,https://www.rakuya.com.tw/rent/rent_item?ehid=06a88e22197485a,6d3fe55194581de7efa93fcee6fa9e35.jpeg,2.338690252587704
2217,獨立套房✨獨立陽台✨一房一廳✨大空間,,11499,15.0,0.0,6,1,台中市,台中市北區武昌路,,透天厝,1房1衛,,有對外窗,https://www.rakuya.com.tw/rent/rent_item?ehid=09444d27159666d,faa384f140a7aa820bb585ebee9bff57.jpeg,0.0
2218,秒殺北區❤明亮套房❤學生小資首選❤近中國醫,,5499,10.0,6.4,3,1,台中市,台中市北區梅亭街,,電梯大廈,1房1衛,,有對外窗,https://www.rakuya.com.tw/rent/rent_item?ehid=039864234097794,892c0dc75931b0fdd024d53dc80b2f5a.jpeg,1.480609544892093
2219,北屯電梯⛅可雙租補⛅台水電⛅子母車⛅全新整理,,7799,10.0,0.1,4,1,台中市,台中市北屯區旅順路一段,,華廈,1房1衛,,有對外窗,https://www.rakuya.com.tw/rent/rent_item?ehid=0d9fff292646231,4cedf26734cf691016fdc26288852947.jpeg,2.417810874886385
2220,一中三井秀泰⭐租補最省⭐小資必租,,6499,10.0,0.0,4,1,台中市,台中市東區自由路三段,,透天厝,1房1衛,,為邊間,https://www.rakuya.com.tw/rent/rent_item?ehid=0cfa9d29387747c,12b8f8440d67f4f55bfb6511039df9ac.jpeg,1.6564814093925455
2221,近曉明女中✅可寵可雙租補✅台水電陽台獨洗✅電梯,,9999,11.0,0.0,11,1,台中市,台中市北區漢口路四段,,電梯大廈,1房1衛 - 1陽台,,有對外窗;陽台,https://www.rakuya.com.tw/rent/rent_item?ehid=07f99e284909839,633269f0daeb903eeb9e65d29c65eef1.jpeg,1.5857008051534198
2222,整棟新蓋爬梯⭐可租補⭐中國醫⭐流理台⭐陽台獨洗,,11999,11.0,0.1,3,1,台中市,台中市北區育德路,,透天厝,1房1衛 - 1陽台,,有對外窗,https://www.rakuya.com.tw/rent/rent_item?ehid=02df74292194252,d76cf14913758eb0ad74ae89444fb5cd.jpeg,0.8146078231192917
2223,大套房⭐可租補⭐超秒殺⭐陽台⭐子母車⭐飲水機⭐共洗,,6999,9.0,0.1,2,1,台中市,台中市北屯區文心路三段,,電梯大廈,1房1衛 - 1陽台,,有對外窗;陽台,https://www.rakuya.com.tw/rent/rent_item?ehid=066b7e292320387,fa78a67292871e96a02f62b459491364.jpeg,0.9483748573740302
2224,秒殺物件✨陽台獨洗✨絕美採光✨租屋補助✨室內機車位,,8799,12.0,0.1,7,1,台中市,台中市北區自強街,,電梯大廈,1房1衛 - 1陽台,,,https://www.rakuya.com.tw/rent/rent_item?ehid=01372429100106b,63cd848e7d59ec76b334471ac6cfcd92.jpeg,0.6500174497900052
2225,整棟全新✅雙租補✅電梯上樓✅陽台獨洗曬✅子母車,,11299,10.0,0.1,3,1,台中市,台中市北區自強街,,透天厝,1房1衛 - 1陽台,,有對外窗;陽台,https://www.rakuya.com.tw/rent/rent_item?ehid=04625d29296421e,59b26a9f119c957b5e48d52e6194510f.jpeg,0.6311544669708394
2226,電梯❤️陽台洗曬❤️明亮乾淨❤️機車位❤️飲水機,,8999,10.0,0.1,3,1,台中市,台中市北屯區天津路四段,,透天厝,1房1衛 - 1陽台,,有對外窗;陽台,https://www.rakuya.com.tw/rent/rent_item?ehid=0b2ad4292401859,c13e17e57053d177d09b297af28b30ea.jpeg,2.206566330290312
2227,近74中台/全新未住/可貓／雙租補/機車位,,12999,12.0,0.1,3,0,台中市,台中市北屯區建和路二段,,透天厝,開放式格局,,有對外窗;陽台,https://www.rakuya.com.tw/rent/rent_item?ehid=0fde9d292007042,21cd392abb6f92669eff10dcba952ffb.jpeg,0.5573756534441461
2228,近74中台/全新未住/可貓／雙租補/機車位/,,11999,12.0,0.1,3,0,台中市,台中市北屯區建和路二段,,透天厝,開放式格局,,有對外窗;陽台,https://www.rakuya.com.tw/rent/rent_item?ehid=0d267129200708b,a98a71066478523b9b2afc4c7a9e23d8.jpeg,0.5625368240895466
2229,近中華一中街✨陽台獨洗✨格局方正✨衛浴開窗機車位,,9999,10.0,0.0,5,0,台中市,台中市中區三民路二段,,透天厝,開放式格局,,,https://www.rakuya.com.tw/rent/rent_item?ehid=065e1f288998153,2cbec492093452c5dca4b7d0327acae3.jpeg,0.0
2230,北屯CP質高套房❤️可租補❤️大空間❤️,,7499,8.0,0.0,2,1,台中市,台中市北屯區文心路三段,,透天厝,1房1廳1衛,,有對外窗,https://www.rakuya.com.tw/rent/rent_item?ehid=0a9d6d27747817d,13124572f8b6a79f955464b6f7bb0de6.jpeg,0.940445650423383
2231,近lalaport⛅可租補⛅陽台獨洗⛅子母車⛅,,9999,10.0,0.1,3,1,台中市,台中市東區練武路,,透天厝,1房1衛 - 1陽台,,有對外窗;陽台,https://www.rakuya.com.tw/rent/rent_item?ehid=04d11c293025884,7053d6df4b6a4b4d508a7a0fcd207610.jpeg,1.465406261314195
2232,北屯秒殺超大間✨可租補❗獨洗曬✨全新整理✨,,10999,1001.0,0.1,3,1,台中市,台中市北屯區軍和街,,透天厝,1房1廳1衛 - 1陽台,,有對外窗,https://www.rakuya.com.tw/rent/rent_item?ehid=074035292425294,73694899eec6ea2c4ce6c2356f191ec5.jpeg,0.593810107296647
2233,可租補⚡台電⚡電梯⚡陽台獨洗⚡近台體大,,7999,12.0,0.0,3,1,台中市,台中市北區自強街,,電梯大廈,1房1衛 - 1陽台,,有對外窗;陽台,https://www.rakuya.com.tw/rent/rent_item?ehid=0a79cb281801733,7a6eaacdaafa9c9077f0cf4f7cbc2794.jpeg,0.6574854280102018
2234,可雙租補✔️陽台獨洗✔️精美套房✔️衛浴開窗,,11499,10.0,0.1,9,1,台中市,台中市西區公館路,,電梯大廈,1房1衛 - 1陽台,,,https://www.rakuya.com.tw/rent/rent_item?ehid=0e9dd129284133b,e9b58eed4e3ccb87c929d57cb9b72f80.jpeg,0.0
2235,台中車站✔一房一廳❤專屬洗衣機,,7999,9.87,0.0,2,1,台中市,台中市北區自由路二段,,透天厝,1房1廳1衛 - 1陽台,,有對外窗;陽台,https://www.rakuya.com.tw/rent/rent_item?ehid=0c68f422176556c,f798e5aa9fc8065eb46f6f19a0dd1a8d.jpeg,1.5232426375640078
2236,可雙租補⭐️陽台獨洗⭐️超大空間⭐️情侶最愛套房,,11999,16.0,0.0,5,1,台中市,台中市北區忠太西路,,公寓,1房1廳1衛,,有對外窗,https://www.rakuya.com.tw/rent/rent_item?ehid=0ecf07277118082,4f4dbc91f08b14a3bf173f833b8331af.jpeg,1.08030428155605
2237,北平商圈✨電梯套房✔可另租車位,,7900,9.5,0.0,3,1,台中市,台中市北屯區北平路三段,,電梯大廈,1房1衛,,有對外窗,https://www.rakuya.com.tw/rent/rent_item?ehid=02de7f224180780,4cfc2f80445e60c77d6c0d6fbbad8118.jpeg,2.518352114931261
2238,秒殺物件✨陽台獨洗✨絕美採光✨電梯套房✨汽車超好停,,8999,14.0,0.1,2,1,台中市,台中市北屯區中平路,,電梯大廈,1房1衛 - 1陽台,,,https://www.rakuya.com.tw/rent/rent_item?ehid=08e567291603816,10a585c4572147281765d2a921454d16.jpeg,0.22347523965531446
2239,可租補可貓⚡電梯套房⚡陽台獨洗⚡近中台大學,,12999,15.0,0.0,2,1,台中市,台中市北屯區軍榮一街,,電梯大廈,1房1衛 - 1陽台,,有對外窗;陽台,https://www.rakuya.com.tw/rent/rent_item?ehid=0dc087282632969,de699dd64ddb529f0b8f1db4efcd13eb.jpeg,0.5458038405698732
2240,❤️養貓看這邊可租補❤️獨立陽台|流理臺|雙門冰箱,,11500,14.0,0.1,2,1,台中市,台中市北屯區昌平路一段,,透天厝,1房1衛 - 1陽台,,有對外窗;陽台,https://www.rakuya.com.tw/rent/rent_item?ehid=06a84b29204201f,fc4703804069772cf12a506271cf7ae7.jpeg,2.192783058714694
2241,秋紅谷❤台電✨飲水機❤可雙租補,,12999,15.0,0.0,3,1,台中市,台中市西屯區台灣大道三段,,透天厝,1房1廳1衛 - 1陽台,,有對外窗,https://www.rakuya.com.tw/rent/rent_item?ehid=0e6901288835663,8f07eb7595ef23d269e61c867acf86f3.jpeg,1.0655711021726324
2242,小資首選✨租屋補助✅陽台獨洗✨室內機車✨IG搶先看,,8499,12.0,0.1,2,1,台中市,台中市北區自強街,,透天厝,1房1衛 - 1陽台,,有對外窗;陽台,https://www.rakuya.com.tw/rent/rent_item?ehid=0fd2f7291804480,29a3f23c66e77117aa18b1bc738cf9ec.jpeg,0.6527168923912112
2243,近新光遠百✅超大坪數情侶最愛✅陽台獨洗超新電梯,,13999,15.0,0.0,4,1,台中市,台中市西屯區天水西六街,,電梯大廈,1房1衛 - 1陽台1廚房,,有對外窗;陽台,https://www.rakuya.com.tw/rent/rent_item?ehid=029474281096348,248fcba89bed93b307d7cc8d5cf13b29.jpeg,0.8758653182523264
2244,秒殺北屯❤獨洗曬陽台❤電梯精美套房❤機車位❤子母車,,8499,12.0,4.6,2,1,台中市,台中市北屯區僑孝街,,電梯大廈,1房1衛 - 1陽台,,有對外窗;陽台,https://www.rakuya.com.tw/rent/rent_item?ehid=09e01918853753c,77c7a2f9302747d1972c528a42891c47.jpeg,1.0601581823621227
2245,小資⛅兩房⛅可租補⛅台水電⛅樓梯好爬⛅等垃圾車,,14999,15.0,0.1,2,2,台中市,台中市北區華中街,,透天厝,2房1廳1衛 - 1陽台1廚房,,有對外窗,https://www.rakuya.com.tw/rent/rent_item?ehid=09f736292307887,e333358c744e92ba6d5a63d3e3dd9e07.jpeg,1.7437597873738901
2246,台中車站✨可租補❤子母車飲水機,,5200,10.0,0.0,3,1,台中市,台中市中區民權路,,透天厝,1房1衛,,有對外窗,https://www.rakuya.com.tw/rent/rent_item?ehid=0c9d6e265678380,bad7287aad78e97669f0dbccc60ce066.jpeg,0.276678441823368
2247,✨大坪數可養貓✨乾溼衛浴|電梯陽台|走路教育大,,12799,11.0,0.0,6,1,台中市,台中市西區民生路,,透天厝,1房1廳1衛 - 1陽台,,有對外窗;陽台,https://www.rakuya.com.tw/rent/rent_item?ehid=0f1bd5281014679,1f41e7e60c1786c5fdbe8bd6f02d4681.jpeg,1.2973856269758615
2248,秒殺便宜類一房一廳❤️可租補❤️可貓❤️,,9999,11.0,0.0,2,1,台中市,台中市北區華中街,,透天厝,1房1廳1衛 - 1室1陽台1廚房,,陽台,https://www.rakuya.com.tw/rent/rent_item?ehid=04f35e277446278,723c423e0fa12f37bf83ff3bb4639138.jpeg,1.827284062615665
2249,全新⭐秒殺⭐可租補⭐獨洗曬⭐子母車飲水機⭐機車位,,11000,12.0,0.0,3,1,台中市,台中市北屯區軍和街,,透天厝,1房1衛,,有對外窗,https://www.rakuya.com.tw/rent/rent_item?ehid=01528928383159b,c3364708d871a7288247c6359e557a66.jpeg,0.5938038127043441
2250,整棟新完工⏳可雙租補⏳可貓咪⏳陽台獨洗⏳子母車,,10499,15.0,0.1,6,1,台中市,台中市西屯區何厝街,,電梯大廈,1房1衛 - 1陽台,,有對外窗;陽台,https://www.rakuya.com.tw/rent/rent_item?ehid=01cd1029025737f,e7c722c5cf3b984fd56f93511cb6c002.jpeg,1.120947073624092
2251,✨小資首選✨絕美採光✨木質地板✨秒殺套房,,6299,11.0,0.0,4,1,台中市,台中市中區中山路,,透天厝,1房1衛,,有對外窗,https://www.rakuya.com.tw/rent/rent_item?ehid=0e4e6f293165560,1b7c7e4320fc1a5ba166be15c4611578.jpeg,0.02207358570177374
2252,小資首選✨絕美採光✨住戶單純✨租屋補助✨貓奴首選,,5999,13.0,0.1,2,1,台中市,台中市北屯區文昌東五街,,透天厝,1房1衛,,,https://www.rakuya.com.tw/rent/rent_item?ehid=00da60292507160,c550a971c95a556c6d1646f5f65fb644.jpeg,2.364553611286775
2253,租補✅可家庭✅子母車✅獨洗曬✅機車位,,10999,12.0,0.1,3,1,台中市,台中市北屯區軍和街,,透天厝,1房1衛,,有對外窗,https://www.rakuya.com.tw/rent/rent_item?ehid=0423c0292403857,4a9228e95b41f1a6f61ca8135ce4d162.jpeg,0.593810107296647
2254,全新電梯❤️租補❤️陽台獨洗❤️年繳優惠❤️乾溼離,,9999,12.0,0.1,2,1,台中市,台中市北屯區雷中街,,透天厝,1房1衛 - 1陽台,,有對外窗;陽台,https://www.rakuya.com.tw/rent/rent_item?ehid=0fb92a292047778,b4b404ec25c9774cd5d0c3071e932d26.jpeg,0.3827553667611703
2255,全新完工⚡雙租補⚡陽台獨洗曬⚡系統櫃⚡子母車⚡電梯,,17900,19.0,0.0,3,0,台中市,台中市中區臺灣大道一段,,透天厝,開放式格局,,有對外窗;陽台,https://www.rakuya.com.tw/rent/rent_item?ehid=00c34a28228746d,f3a8e7f4a6a7451695b54a4562f9a76f.jpeg,1.180293361542676
2256,機車位⚡流理台⚡陽台獨洗曬⚡飲水機⚡子母車⚡可租補,,16000,10.0,0.1,4,0,台中市,台中市北屯區同平巷,,透天厝,開放式格局,,有對外窗;陽台,https://www.rakuya.com.tw/rent/rent_item?ehid=0ccccb28441840e,075eacd21bc7a22df45817910d49307a.jpeg,0.4812804871781767
2257,拉拉珀⭐免爬高⭐時尚套房⭐小資價,,6499,9.2,0.1,2,1,台中市,台中市東區旱溪西路一段,,透天厝,1房1衛,,有對外窗,https://www.rakuya.com.tw/rent/rent_item?ehid=0efe8628524712e,41357ebe4e91869ed416c2070d14df8a.jpeg,0.5392464765089513
2258,陽台獨洗曬✨可貓咪❗北屯精裝套房✨可租補❗,,8499,10.0,0.1,4,1,台中市,台中市北屯區平德路,,透天厝,1房1衛 - 1陽台,,有對外窗;陽台,https://www.rakuya.com.tw/rent/rent_item?ehid=0db0dd29132408d,29543ddc7fa41a51421adf2baacb9b93.jpeg,0.2787222754776135
2259,超大坪數✨租屋補助✨變頻冷氣✨小資快搶,,6999,13.0,0.1,2,0,台中市,台中市北屯區文心路三段,,電梯大廈,開放式格局,,有對外窗;陽台,https://www.rakuya.com.tw/rent/rent_item?ehid=054182292569727,9fa86f43a0e8ae3ae26dea53419cdfb1.jpeg,0.9483748573740302
2260,送一個月租金❤全新未住❤超美窗景❤洗脫烘❤衛浴開窗,,9999,12.0,0.0,4,0,台中市,台中市北屯區一新一街,,電梯大廈,開放式格局,,有對外窗;陽台,https://www.rakuya.com.tw/rent/rent_item?ehid=0e448d290321213,599321e17399bd30d6169492cae79319.jpeg,0.0
2261,⭐近中台 慈濟 好事多⭐可雙租補⭐可貓⭐全新未住⭐,,11999,15.0,0.1,3,1,台中市,台中市北屯區建和路二段,,透天厝,1房1衛 - 1陽台,,有對外窗;陽台,https://www.rakuya.com.tw/rent/rent_item?ehid=0e9fad291661694,a353c5fc648dcc3159c3375d1a695370.jpeg,0.5625368240895466
2262,全新完工獨洗曬小資便宜有流理台採光好,,9500,11.0,0.1,4,1,台中市,台中市北區梅亭街,,公寓,1房1衛,,有對外窗,https://www.rakuya.com.tw/rent/rent_item?ehid=0267b9291801777,37b21ec982a27c2658d5b2d44d60f8d6.jpeg,1.385269705057246
2263,❤松竹車站❤可寵物❤獨洗獨曬❤可租屋補助❤子母車❤,,7999,12.0,2.0,4,1,台中市,台中市北屯區松明街,,別墅,1房1衛 - 1陽台,,有對外窗;陽台,https://www.rakuya.com.tw/rent/rent_item?ehid=042d1f212321207,a9db0abf4b9992065de966304c95515a.jpeg,0.6360456857924778
2264,❤️大坪數雙租補❤️有電梯|質感裝潢|近森林公園,,12500,15.0,0.1,4,1,台中市,台中市西區公益路,,電梯大廈,1房1廳1衛 - 1陽台,,有對外窗;陽台,https://www.rakuya.com.tw/rent/rent_item?ehid=09d01f291366914,561993470f593b42570ca22e1f714765.jpeg,0.0
2265,乖寵的家✨系統裝潢✨陽台獨洗✨電梯上樓✨IG搶先看,,7699,13.0,0.1,3,1,台中市,台中市北區五順街,,電梯大廈,1房1衛 - 1陽台,,有對外窗;陽台,https://www.rakuya.com.tw/rent/rent_item?ehid=09e422291892456,6c9be85f05b66d7d1c0a68e16b82f6a4.jpeg,0.0
2266,整棟新蓋✨租屋補助✅陽台獨洗✨機車位✨IG搶先看,,11999,14.0,0.0,4,1,台中市,台中市北屯區建和路二段,,電梯大廈,1房1衛 - 1陽台,,有對外窗;陽台,https://www.rakuya.com.tw/rent/rent_item?ehid=0944de286724655,639904b578db4d65f620b697f7704f4c.jpeg,0.5625368240895466
2267,稀有大空間✨可貓貓✨超新屋況✨採光超好✨IG搶先看,,7999,14.0,0.1,3,1,台中市,台中市北區自強街,,透天厝,1房1衛,,有對外窗,https://www.rakuya.com.tw/rent/rent_item?ehid=0329fe291804518,37d13748f19bf0e9899c8cead81d457b.jpeg,0.6574854280102018
2268,超大空間✨採光超好✨電梯上樓✨沙發茶几✨IG搶先看,,8499,13.0,0.1,4,1,台中市,台中市北區青島路一段,,電梯大廈,1房1衛,,有對外窗,https://www.rakuya.com.tw/rent/rent_item?ehid=0053e0291804561,23a6fa4aa878a5ee35af235390849cc0.jpeg,1.029752115946383
2269,超大空間❤️家庭首選✅含平車含機車✅可狗狗✨子母車,,22499,45.0,0.1,4,2,台中市,台中市北屯區遼寧路一段,,電梯大廈,2房2廳1衛 - 2陽台,,有對外窗;陽台,https://www.rakuya.com.tw/rent/rent_item?ehid=0cc96f29108314b,216a57f179de2dd0af3432cfe78dc111.jpeg,1.4303168284012884
2270,陽台獨洗✨機車位✨流理台衛浴窗✨電梯✨子母車飲水機,,10999,10.0,0.0,2,0,台中市,台中市北屯區東山路一段,,透天厝,開放式格局,,有對外窗;陽台,https://www.rakuya.com.tw/rent/rent_item?ehid=0adbce275238293,6b55c2d83c550faaa6a281eb1410346b.jpeg,0.6213377281647035
2271,陽台獨洗✨衛浴開窗✨電梯免爬✨機車位✨子母車飲水機,,11499,10.0,0.0,2,0,台中市,台中市北屯區水景街,,透天厝,開放式格局,,有對外窗;陽台,https://www.rakuya.com.tw/rent/rent_item?ehid=046222272696373,8a15c5e3d9df23cf06d33a31ebfa1756.jpeg,0.5662953646844715
2272,電梯大樓☆可雙租補☆子母車☆乾溼分離☆陽台獨洗曬,,11000,10.0,0.0,2,1,台中市,台中市西屯區西安街,,電梯大廈,1房1衛 - 1陽台,,有對外窗;陽台,https://www.rakuya.com.tw/rent/rent_item?ehid=0cf38f27819434e,4fdd754a85bddb0367e170e29084b3e1.jpeg,1.6693358840595633
2273,全新透天電梯☆可雙租補☆變頻冷氣☆乾溼分離,,13000,15.0,0.6,3,1,台中市,台中市西屯區福安八街,,電梯大廈,1房1衛 - 1陽台,,有對外窗;陽台,https://www.rakuya.com.tw/rent/rent_item?ehid=013db027687768f,ed4593510927bead5687b828faf7c7cf.jpeg,0.5592993543183049
2274,近勤美✅可租補✅陽台獨洗✅有電磁爐爬梯,,7599,10.0,0.0,5,1,台中市,台中市西區華美街,,公寓,1房1衛 - 1陽台1廚房,,有對外窗;陽台,https://www.rakuya.com.tw/rent/rent_item?ehid=062628281852300,d5b7dc389ede08b099a62881e58dabec.jpeg,1.7792557435521066
2275,近中清捷運✨可貓咪✅木地板✨陽台✨運動套房,,6500,10.0,13.1,5,1,台中市,台中市北區中清路一段,,公寓,1房1衛 - 1陽台,,有對外窗;陽台,https://www.rakuya.com.tw/rent/rent_item?ehid=079304151633221,4ccc4e930f2f5ac1987c2af669d3db18.jpeg,0.944448760131066
2276,可雙租補⛅陽台獨洗⛅流理台⛅子母車飲水機⛅中國醫,,10000,11.0,0.1,4,1,台中市,台中市北區篤行路,,透天厝,1房1衛 - 1陽台,,有對外窗;陽台,https://www.rakuya.com.tw/rent/rent_item?ehid=026b6a268157029,35f2a4e451c113f04f961639be1ace78.jpeg,1.1035154689347064
2277,旱溪✔可租補✔專屬洗衣機✔機車位,,5499,10.23,0.0,3,1,台中市,台中市東區十甲東路,,透天厝,1房1衛,,有對外窗,https://www.rakuya.com.tw/rent/rent_item?ehid=0563f9250108108,8844e017385538d7c88f3046a293e6d7.jpeg,0.0
2278,免管理費✨可雙租補✨陽台獨洗✨電梯新屋✨流理台,,10000,10.0,5.6,2,1,台中市,台中市東區大勇街,,電梯大廈,1房1衛 - 1陽台,,有對外窗;陽台,https://www.rakuya.com.tw/rent/rent_item?ehid=015d3d26642141a,fc0c6f0f46fd95f0b5175cded59cef8d.jpeg,0.1183048115344415
2279,✨稀有樓中樓✨租屋補助✨流理台✨陽台獨洗✨加賴約看,,8999,15.0,0.1,5,1,台中市,台中市北屯區雷中街,,透天厝,1房1衛 - 1陽台,,有對外窗;陽台,https://www.rakuya.com.tw/rent/rent_item?ehid=0b83be292302373,1d8f19634b5561933158a8c6f79236de.jpeg,0.38755841111394623
2280,可租補可貓狗✨陽台獨洗流理臺✨生活機能佳 停車方便,,13000,12.0,0.1,2,1,台中市,台中市龍井區中沙路,,透天厝,1房1廳1衛 - 1陽台,,有對外窗;陽台,https://www.rakuya.com.tw/rent/rent_item?ehid=03bff2291809864,bd012b06b66a09b67e5fcab2f7261a50.jpeg,0.027964967715915244
2281,秒殺❤近東山商圈❤電梯精美套房❤乾濕分離❤子母車,,6999,10.0,4.1,6,1,台中市,台中市北屯區軍福十六路,,電梯大廈,1房1衛,,有對外窗;陽台,https://www.rakuya.com.tw/rent/rent_item?ehid=0043ba20682768c,4b7324a58b43ab6137da45bfd836f07c.jpeg,0.6101142408489385
2282,近新光遠百⛅陽台獨洗⛅落地採光⛅流理臺⛅,,10999,14.0,0.1,3,1,台中市,台中市西區精明一街,,透天厝,1房1衛 - 1陽台,,有對外窗;陽台,https://www.rakuya.com.tw/rent/rent_item?ehid=0fcf4429219243b,92a4e03d84fa437952991cc4b7f55b84.jpeg,1.5975851396639922
2283,✨電梯美屋✨租屋補助✨陽台獨洗✨流理台✨加賴約看✨,,13499,13.0,0.1,7,1,台中市,台中市北區北屯路,,電梯大廈,1房1衛 - 1陽台,,有對外窗;陽台,https://www.rakuya.com.tw/rent/rent_item?ehid=08ecaa29335807f,c041641afd63bf7f139120a17b57f250.jpeg,0.12194032288278452
2284,全新⚡電梯⚡生活機能好⚡近旱溪夜市,,12499,15.0,0.0,2,1,台中市,台中市北屯區一新二街,,透天厝,1房1衛 - 1陽台,,有對外窗;陽台,https://www.rakuya.com.tw/rent/rent_item?ehid=05f95e28372399d,234b3dd32bec7ae5d0a861738cfd1994.jpeg,0.0
2285,松竹車站❤陽台獨洗❤系統裝潢❤機車位❤子母車,,8499,12.0,5.8,5,1,台中市,台中市北屯區僑孝街,,電梯大廈,1房1衛 - 1陽台,,有對外窗;陽台,https://www.rakuya.com.tw/rent/rent_item?ehid=0bd549147321056,e962bc7183876835dc8e143c06674ab6.jpeg,1.0601581823621227
2286,近拉拉全新可租補/可貓/機車位/一房一廳,,15999,14.0,0.1,5,1,台中市,台中市東區二聖街,,透天厝,1房1廳1衛 - 1陽台,,有對外窗,https://www.rakuya.com.tw/rent/rent_item?ehid=05b6ba292189912,d494041f31d3d1698ae61314375c9944.jpeg,0.0
2287,電梯小資✨租屋補助✅採光良好✨超大空間✨IG搶先看,,6499,12.0,0.1,4,1,台中市,台中市北區進化北路,,電梯大廈,1房1衛,,有對外窗,https://www.rakuya.com.tw/rent/rent_item?ehid=0cb59b291897826,3b07a069fbae8ff4941fd30bf45d9e3f.jpeg,0.0
2288,近一中秀泰⭐全新三房含平車⭐超愛質感裝潢⭐可租補,,27000,45.0,0.0,13,3,台中市,台中市東區德興一街,,電梯大廈,3房1廳2衛 - 1陽台1廚房,,,https://www.rakuya.com.tw/rent/rent_item?ehid=023968291472137,2f2ae8ad3558f10a934eedd25ba98ccf.jpeg,0.26679070261974197
2289,大空間套房❤️可租補❤️陽台獨洗獨曬❤️佛心電費,,9999,10.0,0.1,3,1,台中市,台中市東區練武路,,透天厝,1房1衛 - 1陽台,,有對外窗;陽台,https://www.rakuya.com.tw/rent/rent_item?ehid=01070f29279178e,6b17c928caceba2691c71540fe66bebe.jpeg,1.465406261314195
2290,❤️電梯❤️可租補❤️子母車❤️超新❤️飲水機,,8499,10.0,0.1,3,1,台中市,台中市北屯區東光路,,透天厝,1房1衛 - 1陽台,,,https://www.rakuya.com.tw/rent/rent_item?ehid=0f6e2d291927057,1732524522f573cbc53aebf6bc948d0d.jpeg,0.8949518881699372
2291,近教育大學✨台水電✨可租屋補助✨獨洗曬✨生活環境優,,5999,9.0,0.2,4,0,台中市,台中市中區興民街,,公寓,開放式格局,,有對外窗,https://www.rakuya.com.tw/rent/rent_item?ehid=077020291317428,5e1cbfb1be87b9094432da4b3f472a5c.jpeg,1.6422861173203762
2292,中國醫一中/超新屋/可租補,,10999,12.0,0.1,3,0,台中市,台中市北區進化路,,透天厝,開放式格局,,有對外窗;陽台,https://www.rakuya.com.tw/rent/rent_item?ehid=097c84292008860,df5a78212df7d4e05d743fedb53bc01f.jpeg,0.0
2293,東區舒適套房❤️流理台❤️可租補❤️,,10499,11.0,0.0,6,1,台中市,台中市東區大公街,,透天厝,1房1廳1衛 - 1陽台,,有對外窗;陽台,https://www.rakuya.com.tw/rent/rent_item?ehid=009d30277605534,6a148fc17c334172c31981bce4ac0b6b.jpeg,1.6913055052652748
2294,中國醫★獨洗獨曬★採光佳★可貓咪★子母車,,6799,10.0,0.1,6,1,台中市,台中市北區榮華街,,透天厝,1房1廳1衛,,有對外窗,https://www.rakuya.com.tw/rent/rent_item?ehid=0181b1275980167,a610823eb2096ca2bc43736a399b6596.jpeg,2.5022316798339053
2295,勤益中台電梯✅含車位乾濕分離✅74✅陽台獨洗,,11000,14.0,0.0,3,1,台中市,台中市北屯區軍功路,,電梯大廈,1房1廳1衛 - 1陽台,,有對外窗;陽台,https://www.rakuya.com.tw/rent/rent_item?ehid=0b8444252135911,3675976fc5259a63afd013495d868a9f.jpeg,0.3352435432652009
2296,超秒殺❤️系統裝潢/流理台/IH爐/飲水機/子母車,,6999,10.0,0.1,3,0,台中市,台中市北屯區太原路三段,,電梯大廈,開放式格局,,有對外窗,https://www.rakuya.com.tw/rent/rent_item?ehid=0d27cc29230933a,088f38ee505e348f77a83bf83e163ac8.jpeg,0.27807927984271347
2297,♥️全新完工♥️可寵、租補✨陽台獨洗曬✨子母車,,10999,10.0,0.1,3,1,台中市,台中市北屯區中清路二段,,電梯大廈,1房1衛 - 1陽台,,,https://www.rakuya.com.tw/rent/rent_item?ehid=05d614290774404,4098da8b96172c2b66a92832a90e690d.jpeg,0.8425418244258717
2298,✨可寵✨♥️陽台獨洗✨飲水機✨沙發️✨,,11499,13.0,0.0,8,1,台中市,台中市北區武昌路,,電梯大廈,1房1衛 - 1陽台,,,https://www.rakuya.com.tw/rent/rent_item?ehid=00d4f6282560554,122c75de6f55db76a9aeedd494fb4a44.jpeg,0.0
2299,系統裝潢｜流理台｜電磁爐｜電梯｜陽台獨洗,,9200,9.0,0.1,7,1,台中市,台中市北屯區太原路三段,,透天厝,1房1衛 - 1陽台,,,https://www.rakuya.com.tw/rent/rent_item?ehid=05d5bd29245348e,1e114ca18f0765dec4d56433ab8e0ddf.jpeg,0.26907357515990055
2300,小資首選✨採光超好✨電梯上樓✨獨洗窗曬✨IG搶先看,,8499,15.0,0.1,4,1,台中市,台中市東區樂業路,,電梯大廈,1房1衛,,有對外窗,https://www.rakuya.com.tw/rent/rent_item?ehid=0848c2291804628,4dc85afdfc2be512ba8c3486f9696b69.jpeg,1.3094879269711879
2301,電梯大樓☆管理員☆可寵可貓可狗☆可租補☆獨洗,,13500,15.0,1.3,8,1,台中市,台中市西區忠誠街,,電梯大廈,1房1衛,,,https://www.rakuya.com.tw/rent/rent_item?ehid=09dd0328265516d,4e26e294264c3edd2da0d27443cc7a89.jpeg,1.0004782747936403
2302,西屯全新⛅超大陽台獨洗⛅子母車⛅飲水機⛅,,11499,14.0,0.1,2,1,台中市,台中市西屯區大安街,,透天厝,1房1衛 - 1陽台,,有對外窗;陽台,https://www.rakuya.com.tw/rent/rent_item?ehid=0804d929296129c,a21d93a30d908b7e6a129247bdace779.jpeg,1.5003403962452146
2303,陽台獨洗曬✨北屯秒殺雙租補❗可寵❗生活機能佳✨,,12499,13.0,0.1,3,1,台中市,台中市北屯區大連北街,,透天厝,1房1廳1衛 - 1陽台,,有對外窗;陽台,https://www.rakuya.com.tw/rent/rent_item?ehid=04da24291309684,d2826d23afb9079ae74c9ada93f0ac13.jpeg,0.7371609439336835
2304,❤一中台體❤機車位❤陽台獨洗❤採光佳❤子母車❤,,7499,10.0,4.5,3,1,台中市,台中市北區福樂街,,電梯大廈,1房1廳1衛 - 1陽台,,有對外窗;陽台,https://www.rakuya.com.tw/rent/rent_item?ehid=02b52313165661b,652ca2284e4355e3343198d6d08b6f07.jpeg,0.7593532713484209
2305,超讚的✨租屋補助✅乾溼分離✨獨洗機車位✨IG搶先看,,12999,15.0,0.1,3,1,台中市,台中市北屯區雷中街,,電梯大廈,1房1衛 - 1陽台,,有對外窗;陽台,https://www.rakuya.com.tw/rent/rent_item?ehid=0d2aa7291895904,45446d5bffd8146b4c3081b2bbf1a38f.jpeg,0.3712623297162565
2306,可租補可貓✅近中台科大✅超美樓中樓✅大陽台,,13499,16.0,0.0,1,1,台中市,台中市北屯區軍榮一街,,電梯大廈,1房1廳1衛 - 1陽台,,有對外窗;樓中樓;陽台,https://www.rakuya.com.tw/rent/rent_item?ehid=08139c27921266c,36b31cb5bc5f604df58250c7f84e6af4.jpeg,0.5434505728476854
2307,可貓狗⭐陽台獨洗⭐衛浴窗⭐小資價,,6999,11.0,0.1,4,1,台中市,台中市北區榮華街,,透天厝,1房1衛 - 1陽台,,有對外窗;陽台,https://www.rakuya.com.tw/rent/rent_item?ehid=0bd001291492089,c5df56a5b5456ddfc84a8ed632ceedf7.jpeg,2.493375035306121
2308,東山商圈⛅全新電梯⛅洗脫烘⛅免治馬桶⛅子母車⛅,,9999,12.0,0.1,3,1,台中市,台中市北屯區一新一街,,透天厝,1房1衛,,有對外窗,https://www.rakuya.com.tw/rent/rent_item?ehid=0a2d85292185294,45462a99de277d7ef78074ba59357b6f.jpeg,0.0
2309,秒殺大空間➰陽台獨洗➰絕美採光➰機車位➰可租屋補助,,10499,16.0,0.0,2,1,台中市,台中市東區東英三街,,透天厝,1房1衛 - 1陽台,,有對外窗,https://www.rakuya.com.tw/rent/rent_item?ehid=0e0be3293948846,11cf319d732bf805e4d21c584fbe5495.jpeg,0.4201080302383062
2310,可雙租補流理臺雙層冰箱陽台獨洗,,12999,15.0,0.1,1,0,台中市,台中市北區文心路四段,,電梯大廈,開放式格局,,有對外窗;陽台,https://www.rakuya.com.tw/rent/rent_item?ehid=0d067329333353c,b988d68e4d60699d4d05504c80ab5b58.jpeg,2.4715463663967934
2311,大空間/可租補/可寵可貓可狗/近旱溪夜市,,10000,12.0,0.0,4,1,台中市,台中市東區旱溪東路一段,,透天厝,1房1廳1衛 - 1陽台,,有對外窗;陽台,https://www.rakuya.com.tw/rent/rent_item?ehid=0135db29272939f,a609f2c78200a7fc1d9f6f9b50f73c01.jpeg,0.5229271501438338
2312,電梯代收✨可雙租補✅台水台電✨陽台獨洗✨IG搶先看,,13499,15.0,0.1,5,1,台中市,台中市北區五權路,,電梯大廈,1房1廳1衛 - 1陽台,,有對外窗;陽台,https://www.rakuya.com.tw/rent/rent_item?ehid=01241f291884417,f158b42fb6cc0258886fd4582cec64a8.jpeg,0.0
2313,可租補⚡ 可戶籍⚡可家庭⚡近建功小學,,10999,14.0,0.0,3,1,台中市,台中市北屯區軍和街,,電梯大廈,1房1衛,,有對外窗,https://www.rakuya.com.tw/rent/rent_item?ehid=0102bf28873193c,96e854a807040555f0820088dad36373.jpeg,0.593810107296647
2314,北屯電梯套房❤️可租補❤️漂亮系統櫃❤️,,9499,10.0,0.0,6,1,台中市,台中市北屯區雷中街,,透天厝,1房1廳1衛 - 1陽台,,有對外窗;陽台,https://www.rakuya.com.tw/rent/rent_item?ehid=011c3827747289a,663b3b220bf87d79d9e961060b219ec5.jpeg,0.38507976883961115
2315,秒殺可貓❤獨洗曬陽台❤電梯精美套房❤租屋補助❤,,7799,12.0,4.2,3,1,台中市,台中市北屯區環中東路二段,,電梯大廈,1房1衛 - 1陽台,,有對外窗;陽台,https://www.rakuya.com.tw/rent/rent_item?ehid=0cfb76205463132,7735baec3fa37219e2298bc90694aba2.jpeg,0.4034805102521117
2316,北區梅亭街✨精美裝潢✨全新整理✨獨洗曬✨一房一廳✨,,7999,12.0,0.1,4,1,台中市,台中市北區梅亭街,,公寓,1房1廳1衛,,有對外窗,https://www.rakuya.com.tw/rent/rent_item?ehid=01386b291209983,7dc355c25ed98bef0fad8bda2de8fbd2.jpeg,1.4140020462641762
2317,全新可雙租補✔️流理臺陽台獨洗✔️可家庭小孩,,14999,15.0,0.1,4,1,台中市,台中市北屯區太原路三段,,透天厝,1房1衛 - 1陽台,,有對外窗;陽台,https://www.rakuya.com.tw/rent/rent_item?ehid=038a2629165392b,6c47b2d6a5251681a480a800c5e4efff.jpeg,0.2542587720436358
2318,超俗高CP大3房空間台水電,,16000,31.0,35.1,5,3,台中市,台中市西區朝陽街,,公寓,3房2廳2衛 - 4陽台,,有對外窗;有中庭;陽台,https://www.rakuya.com.tw/rent/rent_item?ehid=0d5087290751475,15d37d70a0ccd026ba0c4562b52ab9e0.jpeg,0.0
2319,近中國醫⛅電梯套房⛅乾溼分離⛅子母車⛅採光明亮⛅,,9999,11.0,0.1,2,1,台中市,台中市北區健行路,,電梯大廈,1房1衛,,有對外窗,https://www.rakuya.com.tw/rent/rent_item?ehid=003ac229189262a,07a4016257b930a75c65d3e7495ebdd5.jpeg,0.8321201090366221
2320,北屯⛅可寵⛅陽台獨洗⛅子母車⛅電磁爐⛅飲水機,,10499,12.0,0.1,2,1,台中市,台中市北屯區大連北街,,透天厝,1房1衛 - 1陽台,,有對外窗;陽台,https://www.rakuya.com.tw/rent/rent_item?ehid=059d3d292930550,b6adff0249b2f0cd1fa318e8f2779463.jpeg,0.7522404964972964
2321,電梯⛅流理台⛅子母車⛅小資⛅大空間⛅近中國醫中科大,,12000,13.0,0.0,5,1,台中市,台中市北區進化北路,,電梯大廈,1房1衛 - 1陽台,,有對外窗;陽台,https://www.rakuya.com.tw/rent/rent_item?ehid=025171289446604,72068a702b4c0c3b317b644e73be48db.jpeg,0.0
2322,貓咪的家⚡電梯⚡陽台獨洗曬⚡飲水機⚡子母車⚡雙租補,,11000,10.0,0.1,2,0,台中市,台中市北屯區四平路,,透天厝,開放式格局,,有對外窗;陽台,https://www.rakuya.com.tw/rent/rent_item?ehid=052d2f28873198a,07a8838ae42f5963f4285fb8c3f20f06.jpeg,0.0
2323,秒殺近一中✨超新電梯✨陽台獨洗✨流理臺,,7499,12.0,0.0,5,0,台中市,台中市北區崇德路一段,,透天厝,開放式格局,,有對外窗;陽台,https://www.rakuya.com.tw/rent/rent_item?ehid=0d0b3f24770903f,5ecbd060ed8ea7a444b699e27307a627.jpeg,1.4065527397470072
2324,❤近捷運站❤陽台獨洗❤租屋補助❤衛浴開窗❤機車位❤,,8499,10.0,0.0,5,0,台中市,台中市北屯區僑孝街,,電梯大廈,開放式格局,,陽台,https://www.rakuya.com.tw/rent/rent_item?ehid=055aa1289385352,5267607b0b336b4dd2b975e7cdb35e9f.jpeg,1.0601581823621227
2325,向上市場/勤美/雙租補.機車位.超新屋,,14015,13.0,0.1,3,0,台中市,台中市西區精誠二十四街,,透天厝,開放式格局,,有對外窗;陽台,https://www.rakuya.com.tw/rent/rent_item?ehid=0c4f64292016543,ee799ae49bf5e02cad9120c1a397c71b.jpeg,1.4847619411180633
2326,信誓旦旦給了承諾✨可貓✨可租補✨一層三戶✨陽台獨洗,,10499,13.0,0.1,1,1,台中市,台中市北區大義街,,電梯大廈,1房1衛 - 1陽台,,有對外窗;陽台,https://www.rakuya.com.tw/rent/rent_item?ehid=06fd8a29305602f,8f6fa8c0e14aa57ed75964f13769bf1a.jpeg,1.1614751424235523
2327,獨立套房✨獨洗獨曬✨對外開窗✨1房1廳1衛✨萬元床,,6499,10.0,5.5,2,1,台中市,台中市東區旱溪西路一段,,透天厝,1房1廳1衛,,有對外窗,https://www.rakuya.com.tw/rent/rent_item?ehid=096bd0270622888,266b877218e700ed260f61884ac3ae0e.jpeg,0.5392464765089513
2328,一房一廳❤️雙租補❤️獨洗❤️垃圾處理❤️全新秒殺,,10999,5.0,0.1,3,1,台中市,台中市東區自由路四段,,透天厝,1房1廳1衛,,有對外窗,https://www.rakuya.com.tw/rent/rent_item?ehid=038a93291102053,631797802014d3b172ad7fc89ee0fca3.jpeg,0.47386833065725803
2329,一房一廳✨台電計✨可貓✨可雙租補✨獨洗,,12499,18.0,0.1,2,1,台中市,台中市北區青島西街,,公寓,1房1廳1衛,,有對外窗,https://www.rakuya.com.tw/rent/rent_item?ehid=017f26291055032,0d391fc343cfac0b9cd1b09aa89083ea.jpeg,0.8727753094405372
2330,整棟全新⏳一房一廳⏳質感裝潢⏳陽台獨洗⏳子母車⏳,,10999,18.0,0.1,1,1,台中市,台中市北區衛道路,,透天厝,1房1廳1衛 - 1陽台,,有對外窗;陽台,https://www.rakuya.com.tw/rent/rent_item?ehid=07ec7c292645701,cdaa520c5062f813c076ae43d159eb3a.jpeg,0.0
2331,倒數計時✨陽台獨洗✨大空間✨可租補✨採光明亮✨,,6499,15.0,0.1,3,0,台中市,台中市西屯區長安路二段,,電梯大廈,開放式格局,,有對外窗;陽台,https://www.rakuya.com.tw/rent/rent_item?ehid=0a0cb9291579159,9e2692e42db2445ae688b1945a6466fa.jpeg,0.8764064093941596
2332,超大間｜全新完工｜變頻冷氣｜流理台｜乾濕衛浴,,12500,12.0,0.1,4,1,台中市,台中市北區中華路一段,,透天厝,1房1衛 - 1室,,,https://www.rakuya.com.tw/rent/rent_item?ehid=0ba119293150942,353b0ce6365b490ce1d0174c31297fcb.jpeg,1.8217885021802045e-05
2333,租補雙租補✨西區電梯大套✨陽台獨洗曬子母車採光好,,12799,15.0,0.1,2,0,台中市,台中市西區五權路,,電梯大廈,開放式格局,,陽台,https://www.rakuya.com.tw/rent/rent_item?ehid=02698b29191683f,12d875d84f3fe571d95e8863a7c26d40.jpeg,0.0
2334,特力屋✔陽台洗衣機❤子母車✨飲水機,,6799,10.0,0.0,3,1,台中市,台中市北屯區東山路一段,,透天厝,1房1衛 - 1陽台,,有對外窗;陽台,https://www.rakuya.com.tw/rent/rent_item?ehid=0feee9277682509,8fd51e4e68e06c0f85d93320dc2b6937.jpeg,0.6580983860403778
2335,國強街電梯套房採光佳近火車站一中台體,,9500,10.0,0.1,2,1,台中市,台中市北區國強街,,別墅,1房1衛 - 1廚房,,,https://www.rakuya.com.tw/rent/rent_item?ehid=057899285785541,e5dbe60949a83352e34bd0e8b7d991ca.jpeg,0.6741312499700967
2336,可租補⚡電梯套房⚡陽台獨洗⚡近北屯大買家,,8499,11.0,0.0,5,1,台中市,台中市北屯區僑孝街,,電梯大廈,1房1衛 - 1陽台,,有對外窗;陽台,https://www.rakuya.com.tw/rent/rent_item?ehid=0219e3285213901,423deae4ba79bb0b3e00a7881c0f68da.jpeg,1.0601581823621227
2337,走路新時代⭐️獨洗⭐️可租補⭐️可貓寵⭐️可半年約,,5999,10.0,0.1,3,1,台中市,台中市東區復興路四段,,透天厝,1房1廳1衛,,,https://www.rakuya.com.tw/rent/rent_item?ehid=09a923292279666,dcd479706e663e7bf8a16df21ee8f06b.jpeg,1.977511293875791
2338,⭐近台74⭐可租補⭐設備齊全⭐陽台獨洗⭐可貓⭐,,7799,11.0,0.1,2,1,台中市,台中市北屯區環中東路二段,,透天厝,1房1衛 - 1陽台,,陽台,https://www.rakuya.com.tw/rent/rent_item?ehid=086178291800176,6ac25201824ddb64554f503b6605a191.jpeg,0.4034805102521117
2339,一中台體❤可雙租屋補助❤獨洗獨曬❤子母車,,6999,10.0,0.1,2,1,台中市,台中市北區篤行路,,透天厝,1房1廳1衛 - 1陽台,,有對外窗,https://www.rakuya.com.tw/rent/rent_item?ehid=0903d5264857496,9422f1a9ec4bafae90e78c2a68049c5c.jpeg,1.151746270990343
2340,東海商圈/超新屋/機車位/可租補/流理臺,,12800,13.0,0.0,6,0,台中市,台中市西屯區順和三街,,透天厝,開放式格局,,有對外窗;陽台,https://www.rakuya.com.tw/rent/rent_item?ehid=0e36ab290675494,fd1be65fd18482e79e2a4daf26ce4918.jpeg,0.3332792438279491
2341,近中國醫⭐️台電計費⭐️陽台獨洗乾濕分離超新電梯,,8499,10.0,0.0,2,1,台中市,台中市北區德化街,,電梯大廈,1房1衛 - 1陽台,,有對外窗;陽台,https://www.rakuya.com.tw/rent/rent_item?ehid=09a55928428575b,babbab96804fdcb0ef41985891ac9c2b.jpeg,3075.6559595246504
2342,⚡有電梯⚡陽台獨洗曬⚡機車位⚡子母車⚡流理臺,,13000,12.0,0.1,2,0,台中市,台中市北屯區太順五街,,透天厝,開放式格局,,有對外窗;陽台,https://www.rakuya.com.tw/rent/rent_item?ehid=0c08bb238728304,18ccde6579df0469fe57383c12b33e63.jpeg,0.33365099412781635
2343,正一房一廳✨陽台獨洗流理台✨雙租屋補助✨秒殺套房,,10499,16.0,0.1,4,1,台中市,台中市北區健行路,,透天厝,1房1廳1衛 - 1陽台,,,https://www.rakuya.com.tw/rent/rent_item?ehid=03016029093041f,7bb3b1b2a457bb4b3771252c8e7270fc.jpeg,0.8273656971987347
2344,中國醫⭐陽台獨洗⭐只一間⭐小資價,,5499,9.2,0.1,5,1,台中市,台中市北區榮華街,,透天厝,1房1衛 - 1陽台,,有對外窗,https://www.rakuya.com.tw/rent/rent_item?ehid=01258b291336616,db8d03c640b4cffaee0f226ac4695364.jpeg,2.5688842861918406
2345,國美南屯｜電梯新屋｜可寵物｜可租補,,12800,8.0,2.0,5,1,台中市,台中市西區大忠南街,,電梯大廈,1房1衛 - 1陽台,,有對外窗;陽台,https://www.rakuya.com.tw/rent/rent_item?ehid=05e50729219194e,02c3248675d2de8438412b3b2958736f.jpeg,0.0
2346,東區繁華地段✨電梯別墅✨價位佳一房一廳可貓雙租,,17000,15.0,0.1,4,1,台中市,台中市東區二聖街,,電梯大廈,1房1廳1衛 - 1陽台,,有對外窗;陽台,https://www.rakuya.com.tw/rent/rent_item?ehid=0c3b6c276881459,74ab8acf1a66e1f051e91c816123cb33.jpeg,0.0
2347,吹不散的吻離不開的你✨採光強✨可貓租補✨獨洗曬,,9999,13.0,0.1,4,1,台中市,台中市北區福樂街,,電梯大廈,1房1衛 - 1陽台,,有對外窗;陽台,https://www.rakuya.com.tw/rent/rent_item?ehid=0b68fd293055990,c06b08692e4d88079f73b2936d32c193.jpeg,0.7336973004408927
2348,精明商圈❤️衛浴乾濕分離/系統裝潢/飲水機/子母車,,7199,8.0,0.1,4,0,台中市,台中市西區大隆路,,透天厝,開放式格局,,有對外窗,https://www.rakuya.com.tw/rent/rent_item?ehid=09cbb1292311102,b5eea7a900a307f090829c0fa12cf8dd.jpeg,1.5397013704831914
2349,小資首選❤️系統櫃衛浴開窗❤️陽台獨洗曬❤️子母車,,7499,8.0,0.1,4,1,台中市,台中市北區尚德街,,透天厝,1房1衛 - 1陽台,,有對外窗;陽台,https://www.rakuya.com.tw/rent/rent_item?ehid=0bf548293164894,75a6a35acdaf12db4aff741858b875b7.jpeg,3485.7981064141886
2350,✨可貓咪✨租屋補助✨流理台✨陽台獨洗✨請加賴✨,,8499,12.0,0.1,4,1,台中市,台中市北屯區雷中街,,公寓,1房1衛 - 1陽台,,有對外窗;陽台,https://www.rakuya.com.tw/rent/rent_item?ehid=0169f3291175708,40b793e1f1833a5d01532be5f8c4ebd4.jpeg,0.3902111856686589
2351,❤可雙租補❤近旱溪❤陽台獨洗❤可貓機車位❤情侶首選,,15499,16.0,0.0,5,0,台中市,台中市東區二聖街,,電梯大廈,開放式格局,,陽台,https://www.rakuya.com.tw/rent/rent_item?ehid=0fe461288041015,9aceae25ee8ba0e1d63502d27e168699.jpeg,0.0
2352,可貓☆獨洗曬☆流理台☆子母車☆飲水機☆可雙租補,,13000,15.0,1.3,7,1,台中市,台中市西區篤信街,,電梯大廈,1房1衛 - 1陽台,,有對外窗;陽台,https://www.rakuya.com.tw/rent/rent_item?ehid=0d3dbc28366986d,617c47656bbabbfcd613675ee34fcd7c.jpeg,1.1581353871315243
2353,全新電梯陽台獨洗曬套房☆飲水機☆子母車,,13000,15.0,1.3,4,1,台中市,台中市北屯區中清路二段,,電梯大廈,1房1衛 - 1陽台,,,https://www.rakuya.com.tw/rent/rent_item?ehid=005e9028252329f,3a67e08384c6025e5c14bf293fad33ac.jpeg,0.8264130114668746
2354,✨電梯套房❤近一中台體大❤可貓獨曬❤室內機車位✨,,5199,8.0,4.7,3,1,台中市,台中市東區富台街,,電梯大廈,1房1衛,,有對外窗,https://www.rakuya.com.tw/rent/rent_item?ehid=09657f18683825d,8edf627f9415bdef996f89b49487c002.jpeg,0.0
2355,超大間系統裝潢✨陽台獨洗✨電梯管理✨流理臺衛浴窗,,13799,15.0,0.0,10,1,台中市,台中市西區民權路,,電梯大廈,1房1衛 - 1陽台,,,https://www.rakuya.com.tw/rent/rent_item?ehid=08f873288665576,6bdcc00ea81a5957e6f5dfaf76ccad0a.jpeg,1.3954475188668105
2356,逢甲僑光❤️稀有可寵❤️陽台獨洗大空間,,12599,12.0,0.0,6,1,台中市,台中市西屯區上明一街,,電梯大廈,1房1廳1衛 - 1陽台,,,https://www.rakuya.com.tw/rent/rent_item?ehid=0a700d276211832,f26d0fa2b1735891c9ab6a0f185a649c.jpeg,1.299736670261046
2357,一房一廳✨陽台獨洗✨租屋補助✨機車位✨乾溼分離,,12499,16.0,0.1,2,1,台中市,台中市北區衛道路,,透天厝,1房1廳1衛 - 1陽台,,有對外窗;陽台,https://www.rakuya.com.tw/rent/rent_item?ehid=0d08f2289846391,3375099937014234e7aef27a5349a6bf.jpeg,0.0
2358,⭐電梯⭐子母車⭐飲水機⭐機車位⭐陽台獨洗⭐乾溼分離,,11999,15.0,0.1,6,1,台中市,台中市北屯區瀋陽路三段,,透天厝,1房1衛 - 1陽台,,有對外窗;陽台,https://www.rakuya.com.tw/rent/rent_item?ehid=03ac38293049983,f1bfe2102ddcfa8967f70dd8a00e8abc.jpeg,1.9173611111111135e-05
2359,可租補⚡洗脫烘⚡生活機能好⚡子母車,,14000,10.0,0.1,2,0,台中市,台中市西區美村路一段,,透天厝,開放式格局,,有對外窗,https://www.rakuya.com.tw/rent/rent_item?ehid=01eff529224472b,7125eaef0582de9bb142926d0fe55fdc.jpeg,0.9179299852946511
2360,全新完工⚡東興國小⚡陽台獨洗曬⚡飲水機⚡子母車,,14000,12.0,0.0,2,0,台中市,台中市西屯區大安街,,透天厝,開放式格局,,有對外窗;陽台,https://www.rakuya.com.tw/rent/rent_item?ehid=0aff4c283897040,d3c76ba311064198d137239a1d1995b2.jpeg,1.4667756223354111
2361,✨全新未住✨陽台獨洗✨可租補✨電梯,,11999,15.0,0.5,3,1,台中市,台中市北屯區建和路二段,,電梯大廈,1房1衛 - 1陽台,,,https://www.rakuya.com.tw/rent/rent_item?ehid=066eb6279567101,dce76d80abc26dfedcfc91e8dab3a40c.jpeg,0.5625368240895466
2362,科博館/超新屋.雙租補.流理臺,,14500,13.0,0.1,3,0,台中市,台中市北區中清路一段,,透天厝,開放式格局,,有對外窗;陽台,https://www.rakuya.com.tw/rent/rent_item?ehid=0b2c2429201661e,3bab5e34713dbef5050360ac57e4e913.jpeg,0.8590382157296603
2363,近文心中清捷運✨陽台獨洗✨台水台電✨可租補✨,,9500,10.0,0.1,4,1,台中市,台中市北區山西路二段,,華廈,1房1衛 - 1陽台,,有對外窗;陽台,https://www.rakuya.com.tw/rent/rent_item?ehid=0cfb95289587436,514971933d4fb41fa972f06d463f7ef4.jpeg,1.2422418582535015
2364,全新可雙租補✔️陽台獨洗✔️可家庭小孩,,10999,10.0,0.1,4,1,台中市,台中市北屯區太原路三段,,透天厝,1房1衛 - 1陽台,,有對外窗;陽台,https://www.rakuya.com.tw/rent/rent_item?ehid=08cdee291655208,28e2d7ba8c542e0390c20aa82b127623.jpeg,0.2634786568799692
2365,秒殺❤️走路捷運站/整棟新蓋/變頻冷氣/飲水機,,8999,11.0,0.1,3,1,台中市,台中市北屯區天津路四段,,電梯大廈,1房1衛 - 1陽台,,有對外窗;陽台,https://www.rakuya.com.tw/rent/rent_item?ehid=00f1bb29230869a,4ec833a68c3152d0141906e81195b85d.jpeg,2.206566330290312
2366,⭐近一中⭐可貓⭐流理台⭐子母車⭐飲水機⭐陽台獨洗,,10499,13.0,0.1,4,1,台中市,台中市北區學士路,,透天厝,1房1衛 - 1陽台,,有對外窗;陽台,https://www.rakuya.com.tw/rent/rent_item?ehid=0e7b34293056123,20a90c5be82cde9b50105782474ec6a0.jpeg,0.1334460801933443
2367,♥️可雙租補✨可寵✨陽台獨洗✨子母車,,10999,12.0,0.1,3,1,台中市,台中市北屯區中清路二段,,電梯大廈,1房1衛 - 1陽台,,,https://www.rakuya.com.tw/rent/rent_item?ehid=031175290993791,4dd5c5b6fecf197e695e337df6494236.jpeg,0.8425418244258717
2368,秒殺近台體一中✨採光好✨小資首選✨可貓貓,,5699,12.0,0.0,2,0,台中市,台中市北區精武路,,透天厝,開放式格局,,有對外窗;陽台,https://www.rakuya.com.tw/rent/rent_item?ehid=0a9cb0269540995,1d14a7a0aac82f7394232009f6b4867d.jpeg,1.0589456174500746
2369,一中商圈✨陽台獨洗✨小資首選✨木質地,,5499,12.0,0.1,5,0,台中市,台中市北區榮華街,,公寓,開放式格局,,有對外窗;陽台,https://www.rakuya.com.tw/rent/rent_item?ehid=02cf45291305698,ffcfa9d77b6b23ce339e8971c13324ac.jpeg,2.5688842861918406
2370,中國醫一中/全新未住/ 可貓,,10500,11.5,0.1,1,0,台中市,台中市北區大義街,,透天厝,開放式格局,,有對外窗;陽台,https://www.rakuya.com.tw/rent/rent_item?ehid=0f630529109261f,fd114c1a1bdb4993174448a78a283d9b.jpeg,1.1614621839821864
2371,近中國醫✨可雙租補✅陽台獨洗✨貓咪陪睡✨IG搶先看,,9499,13.0,0.0,4,1,台中市,台中市北區篤行路,,公寓,1房1衛 - 1陽台,,有對外窗,https://www.rakuya.com.tw/rent/rent_item?ehid=0ad384287082341,fd343bb2d229dcbf2f2097c237005287.jpeg,1.1102299828882294
2372,近教育大學⭐️可租補⭐️陽台獨洗超新電梯精美裝潢,,10999,12.0,0.0,3,1,台中市,台中市西區三民路一段,,電梯大廈,1房1廳1衛 - 1陽台,,有對外窗;陽台,https://www.rakuya.com.tw/rent/rent_item?ehid=05a48128144616b,2eee16b9f01b03ce22802b3efe92a2bf.jpeg,0.0
2373,可雙租補⚡電梯⚡陽台獨洗⚡百萬裝潢⚡近教育大學,,18199,15.0,0.0,5,1,台中市,台中市西區民族路,,電梯大廈,1房1衛 - 1陽台,,有對外窗;陽台,https://www.rakuya.com.tw/rent/rent_item?ehid=0bee8728600443a,ec90185b6a32f24fd09c691c493898be.jpeg,0.04549093659038507
2374,可雙租補、狗寵、家庭♥電梯陽台獨洗♥室內平面車位,,13000,12.0,3.4,8,1,台中市,台中市北區榮華街,,透天厝,1房1衛 - 1陽台,,有對外窗;陽台,https://www.rakuya.com.tw/rent/rent_item?ehid=005bbc27617839c,31354928adad6950b7d8e4eed4417135.jpeg,2.3172350834946323
2375,小資首選✨可雙租補✅獨洗窗曬✨採光超好✨IG搶先看,,6499,11.0,0.1,2,1,台中市,台中市北區瑞祥街,,公寓,1房1衛,,有對外窗,https://www.rakuya.com.tw/rent/rent_item?ehid=0d3dca29188997f,4bd0b5fcfb959f46b7b2eeaaf3d6c5ed.jpeg,0.8732651677834279
2376,新透天✨可租補✨機車位✨陽台獨洗曬✨飲水機✨子母車,,11000,14.0,3.4,3,1,台中市,台中市西屯區福上巷,,透天厝,1房1衛 - 1陽台,,有對外窗;陽台,https://www.rakuya.com.tw/rent/rent_item?ehid=0667d127794609a,795297a140d1d7173b21edf1904392ff.jpeg,1.6457410305746225
2377,西區免爬梯❤️可租補❤️極新套房❤️,,7499,8.0,0.0,1,1,台中市,台中市西區精誠三街,,透天厝,1房1廳1衛,,有對外窗,https://www.rakuya.com.tw/rent/rent_item?ehid=03e4cb277480219,af798c0b9016415ee3b21df1a6d773c4.jpeg,1.6648151667232316
2378,❤可貓咪✨木地板大空間✅沙發美裝潢✨掀床收納✨,,7000,10.0,12.4,5,1,台中市,台中市北區中清路一段,,公寓,1房1衛 - 1陽台,,有對外窗,https://www.rakuya.com.tw/rent/rent_item?ehid=08f86c162637487,62888d079d2241eefcd849581227c12e.jpeg,0.935907218012189
2379,全新一房一廳❤️雙租補❤️陽台獨洗獨曬❤️可貓咪,,15999,15.0,0.1,4,1,台中市,台中市北區博館路,,透天厝,1房1廳1衛 - 1陽台,,有對外窗;陽台,https://www.rakuya.com.tw/rent/rent_item?ehid=016e8e289615300,417d8ed65ad5eabee9f5ee40fa2988d8.jpeg,0.0
2380,整棟全新➕可寵可雙租補➕陽台獨洗➕衛浴開窗➕子母車,,9999,16.0,0.1,3,1,台中市,台中市北屯區中清路二段,,電梯大廈,1房1廳1衛 - 1陽台,,有對外窗;陽台,https://www.rakuya.com.tw/rent/rent_item?ehid=06b3b2291221087,4c9967b0901c05cc5315102789e532c8.jpeg,0.8520035047125272
2381,✨近五權車站✨精美套房✨獨洗✨可貓竉✨衛浴開窗✨,,9999,8.0,0.2,3,0,台中市,台中市西區柳川東路二段,,透天厝,開放式格局,,有對外窗,https://www.rakuya.com.tw/rent/rent_item?ehid=06bbd8291369903,b3c5d4811e6bf8e526c1215b87113d4c.jpeg,1.1532369492024872
2382,就是屬於你✨北屯全新精緻裝潢❗洗脫烘✨採光超讚✨,,9999,12.0,0.1,3,1,台中市,台中市北屯區一新一街,,電梯大廈,1房1衛 - 1陽台,,有對外窗;陽台,https://www.rakuya.com.tw/rent/rent_item?ehid=0cea8a291568678,1022a57f3f4ceb8d48cb74db9a384391.jpeg,0.0
2383,超大空間中國醫可寵✅洗脫烘補助✅電磁爐流理台,,14000,17.0,0.0,6,1,台中市,台中市北區進化北路,,公寓,1房1廳1衛,,有對外窗,https://www.rakuya.com.tw/rent/rent_item?ehid=0b9306252523154,7c96183c1fc4642bfd8f8f0f8a764690.jpeg,0.0
2384,❤精武車站❤陽台獨曬❤採光佳❤機車位❤子母車❤,,6799,10.0,3.7,5,1,台中市,台中市東區東光路,,電梯大廈,1房1衛 - 1陽台,,有對外窗;陽台,https://www.rakuya.com.tw/rent/rent_item?ehid=0e2056155885461,591c5c10c039fcc5f30b052e7bab62e5.jpeg,0.0
2385,中國醫 ❤採光佳❤陽台獨洗❤採光佳,,6299,10.0,3.5,5,1,台中市,台中市北區美德街,,公寓,1房1衛 - 1陽台,,有對外窗;陽台,https://www.rakuya.com.tw/rent/rent_item?ehid=01344b15743363b,dd3858cbb53c4dafebce8c584ff0cae7.jpeg,1.1204972551471812
2386,可雙租補家庭✨無敵大空間✨流理臺採光極佳✨汽車好停,,16999,18.0,0.1,4,1,台中市,台中市北屯區太原路三段,,透天厝,1房1衛 - 2陽台,,有對外窗;陽台,https://www.rakuya.com.tw/rent/rent_item?ehid=06832929237245c,950de176d367b3055b7d269f91d7dff3.jpeg,0.25070549930265273
2387,逢甲大學獨洗學生最愛套房『可租補』,,6500,6.0,30.0,2,1,台中市,台中市西屯區華廈巷西五弄/學府名邸,,公寓,1房1衛 - 1陽台,,有對外窗;有中庭;陽台,https://www.rakuya.com.tw/rent/rent_item?ehid=0d26af163052364,26d3bb9702c8845e45f93c7e470b33c8.jpeg,0.0
2388,一個人住✨租屋補助✅陽台獨洗✨小資首選✨IG搶先看,,5999,11.0,0.1,1,1,台中市,台中市北區自強街,,透天厝,1房1衛 - 1陽台,,有對外窗;陽台,https://www.rakuya.com.tw/rent/rent_item?ehid=08dbe6291898769,9f03cfc7bdfe055f074f448596ef9e1a.jpeg,0.6810252798160478
2389,可寵首選✨近74✨陽台獨洗✨機車好停✨採光佳衛浴窗,,9999,13.0,0.0,7,0,台中市,台中市西屯區中清路二段,,電梯大廈,開放式格局,,有對外窗;陽台,https://www.rakuya.com.tw/rent/rent_item?ehid=060fa9280317007,baef39d9f7ebe1a24b1d874f6fa267b1.jpeg,0.17199137259657782
2390,✨獨洗烘✨採光佳✨機車位✨小資族,,6499,10.0,0.0,2,1,台中市,台中市東區旱溪西路一段,,透天厝,1房1廳1衛,,有對外窗;為邊間,https://www.rakuya.com.tw/rent/rent_item?ehid=06207e28277481d,a00c40700a5ee4dbddd49bb234bb78eb.jpeg,0.5392464765089513
2391,✨學生套房❤近一中❤可貓寵❤超級霹靂平價✨,,5499,8.0,4.7,2,1,台中市,台中市北區錦新街,,透天厝,1房1衛,,有對外窗,https://www.rakuya.com.tw/rent/rent_item?ehid=02c484186908904,b1da64d092c2686e42dc327820c89d5f.jpeg,1.1139315131967948
2392,✨精美套房❤小資福音❤中科中國醫學生首選❤❤,,5499,10.0,7.8,3,1,台中市,台中市北區益華街,,透天厝,1房1衛 - 1室,,有對外窗,https://www.rakuya.com.tw/rent/rent_item?ehid=0d935c18646396d,8ae7aabf421cbf1799857d633aa202c8.jpeg,2.5688842861918406
2393,一房一廳✨可貓可狗✨陽台獨洗✨乾溼分離✨,,8999,16.0,0.1,5,1,台中市,台中市北區文武街,,公寓,1房1廳1衛 - 1陽台,,有對外窗;陽台,https://www.rakuya.com.tw/rent/rent_item?ehid=036c6e293055467,16095d754a10b576345baa640ae4cb6f.jpeg,0.32212647157522806
2394,勤美草悟道✨獨洗窗曬✨飲水機✨可租補✨可貓✨子母車,,10999,13.0,0.1,5,1,台中市,台中市西區向上路一段,,公寓,1房1廳1衛,,有對外窗,https://www.rakuya.com.tw/rent/rent_item?ehid=0030d8292572207,9cc6963796784bc0b8adbcf1289e77a8.jpeg,1.5267998288604185
2395,東海✨好房配備好機能佳機車位!!,,7000,10.0,0.0,8,0,台中市,台中市龍井區台灣大道五段/東海菁英會館,,電梯大廈,開放式格局,,有對外窗;陽台,https://www.rakuya.com.tw/rent/rent_item?ehid=00fb95276044430,9a050eba3c4d04bf1e6bdb0106e57886.jpeg,0.40984850456187877
2396,⛅蛇年納福-租補⛅乾溼衛浴\流理臺\陽台\一中台體,,11500,14.5,0.1,4,1,台中市,台中市北區進化路,,透天厝,1房1衛 - 1陽台,,陽台,https://www.rakuya.com.tw/rent/rent_item?ehid=0c461a292998041,f91e36b44a89ac7acaadbc792100be88.jpeg,0.0
2397,❤️何厝可報稅租補❤️可寵❤️陽台獨洗.流理台❤️,,10499,10.0,3.8,4,1,台中市,台中市西屯區何厝街,,透天厝,1房1衛 - 1陽台,,有對外窗,https://www.rakuya.com.tw/rent/rent_item?ehid=08f93d28300124f,304c1f6c1a609d41eb1218c3afb1ddb7.jpeg,1.120947073624092
2398,電梯新屋✨租屋補助✨陽台獨洗✨衛浴開窗✨,,10999,14.0,0.0,5,1,台中市,台中市北區進化路,,電梯大廈,1房1衛 - 1陽台,,有對外窗;陽台,https://www.rakuya.com.tw/rent/rent_item?ehid=094e91290267579,b9544823ecf640c119a2de016a1b7663.jpeg,0.0
2399,✨雙租屋補助✨陽台獨洗✨百萬裝潢✨格局方正✨請加賴,,11499,15.0,0.1,5,1,台中市,台中市西屯區環中路二段,,透天厝,1房1衛 - 1陽台,,有對外窗;陽台,https://www.rakuya.com.tw/rent/rent_item?ehid=03bf8b29163255f,08af7821db443f07d64b879cefca4937.jpeg,0.6817061643956419
2400,⭐近一中⭐電梯⭐可雙租補⭐台水電⭐獨洗烘⭐子母車,,14999,18.0,0.1,6,1,台中市,台中市北區篤行路,,華廈,1房1衛,,有對外窗,https://www.rakuya.com.tw/rent/rent_item?ehid=08afdd29305592d,dbc1944312f0fb9a92c471ae92609b55.jpeg,1.0530867051061035
2401,❤️可寵❤️獨洗窗曬❤️乾淨明亮❤️小資最愛,,7999,9.0,0.1,3,1,台中市,台中市北屯區陳平路,,透天厝,1房1衛,,,https://www.rakuya.com.tw/rent/rent_item?ehid=040842290756292,c5b58d4fcf1efcfd3cac6fa3dfbc34a1.jpeg,0.2919888702032884
2402,錯過就不在✨西區租補電梯大套✨子母車陽台獨洗,,11499,13.0,0.1,2,0,台中市,台中市西區向上路一段,,電梯大廈,開放式格局,,有對外窗;陽台,https://www.rakuya.com.tw/rent/rent_item?ehid=025550291915723,423d6ff1c27a23eb6546c3be5828d55c.jpeg,1.5189234911139624
2403,全新可貓✨可雙租補✅陽台獨洗✨一房一廳✨IG搶先看,,16999,18.0,0.1,13,1,台中市,台中市北區中清路一段,,電梯大廈,1房1廳1衛 - 1陽台,,有對外窗;陽台,https://www.rakuya.com.tw/rent/rent_item?ehid=00faba29189310e,87b1d14ff1645c587746628eef249116.jpeg,0.8437923894440029
2404,超新屋況✨租屋補助✅台電均分✨陽台獨洗✨IG搶先看,,12499,13.0,0.1,3,1,台中市,台中市北屯區瀋陽北路,,透天厝,1房1廳1衛 - 1陽台,,有對外窗;陽台,https://www.rakuya.com.tw/rent/rent_item?ehid=022cdf291892211,211d951f4a86d36b78fbc5ade42705dd.jpeg,1.081040227897491
2405,全新透天有電梯☆可雙租補☆獨洗曬☆乾濕分離☆近東大,,13000,15.0,0.6,5,1,台中市,台中市西屯區福安八街,,電梯大廈,1房1衛 - 1陽台,,有對外窗,https://www.rakuya.com.tw/rent/rent_item?ehid=0a3887276875963,648c2416573245e2d21f53daa9c69a27.jpeg,0.5592993543183049
2406,北屯區/三房/可寵可貓可狗/可租補,,23000,28.0,0.1,4,3,台中市,台中市北屯區河北路二段/天津和氏璧,,電梯大廈,3房2廳2衛 - 2陽台1廚房,,有對外窗;陽台,https://www.rakuya.com.tw/rent/rent_item?ehid=0b28b6292063307,be65663f2771bb71fdee5265e56e3109.jpeg,1.9064473944445748
2407,近中國醫⛅可租補⛅陽台獨洗⛅可貓⛅子母車⛅,,6999,10.0,0.1,1,1,台中市,台中市北區中清路一段,,透天厝,1房1衛 - 1陽台,,有對外窗;陽台,https://www.rakuya.com.tw/rent/rent_item?ehid=033b31292655122,a0105b7ae7255388a3d555305300d06e.jpeg,0.9359235463362967
2408,整棟全新⏳可寵可租補⏳陽台獨洗⏳流理台⏳子母車,,11999,18.0,0.0,5,1,台中市,台中市北區國強街,,電梯大廈,1房1廳1衛 - 1陽台1廚房,,有對外窗;陽台,https://www.rakuya.com.tw/rent/rent_item?ehid=05684b293468027,31bc5cfaca21634307e2df2352ddf3e3.jpeg,0.6559685457376375
2409,近一中中國醫中友秀泰✨寵物天堂✨生活機能便利✨環境,,7499,10.0,0.2,3,0,台中市,台中市北區三民路三段,,透天厝,開放式格局,,有對外窗,https://www.rakuya.com.tw/rent/rent_item?ehid=0b1463291660631,20146bde3f59a3c130f2f73cbc6ce2cb.jpeg,0.0
2410,近一中街✨台電計算✨可租補✨採光好✨木質地板,,5999,10.0,0.1,4,1,台中市,台中市北屯區天祥街,,公寓,1房1衛,,有對外窗,https://www.rakuya.com.tw/rent/rent_item?ehid=0a315b29284118d,163f3e65d6a243aec62befe91c597c92.jpeg,0.7095775819201368
2411,✨近親親影城✅可租補✨子母車✨飲水機✨獨洗窗曬,,8599,12.0,0.1,4,1,台中市,台中市北區進化路,,電梯大廈,1房1衛,,有對外窗,https://www.rakuya.com.tw/rent/rent_item?ehid=002554293447908,2540c868ca1863a47d500bf65c7f33b2.jpeg,0.0
2412,香的喔✨租補✨採光一級棒質感秒殺✨,,9000,9.0,0.0,2,0,台中市,台中市西屯區至善路,,透天厝,開放式格局,,有對外窗,https://www.rakuya.com.tw/rent/rent_item?ehid=08117e276042975,6bbf055cd354756bad538986a09b10ea.jpeg,1.1978919788414852
2413,可雙租補可寵✅近新光遠百✅有電梯情侶最愛,,10499,14.0,0.0,8,1,台中市,台中市西屯區寧夏路,,電梯大廈,1房1廳1衛,,有對外窗,https://www.rakuya.com.tw/rent/rent_item?ehid=03f6c1279763976,796b09f55f8f2a03a75bc49ec2c13b4d.jpeg,0.8975484504856046
2414,北區便宜兩房@台水電@可租補@機車位,,15000,20.0,0.1,2,2,台中市,台中市北區華中街,,透天厝,2房2廳1衛 - 1陽台,,有對外窗;陽台,https://www.rakuya.com.tw/rent/rent_item?ehid=07264d292494472,622ed33e0e49979230bdaa464c325563.jpeg,1.7437466378371171
2415,電梯上樓✨可租補✨獨洗曬✨乾淨明亮✨飲水機✨子母車,,6999,10.0,0.1,4,1,台中市,台中市北區益華街,,電梯大廈,1房1衛,,有對外窗,https://www.rakuya.com.tw/rent/rent_item?ehid=04f3f3292344394,9cdcb85895b1e0ce0e54916972e27eaf.jpeg,2.493375035306121
2416,全新整理⚡機車位⚡陽台獨洗曬⚡飲水機⚡子母車⚡可貓,,12000,10.0,0.1,3,0,台中市,台中市西區日新街,,透天厝,開放式格局,,有對外窗;陽台,https://www.rakuya.com.tw/rent/rent_item?ehid=0f1389293021151,b0319d28ffa3bb0071a4583c8c4ba284.jpeg,1.1075445307718714
2417,超新屋況✨乾溼分離✨陽台獨洗✨系統裝潢✨IG搶先看,,8999,14.0,0.1,4,1,台中市,台中市北區武昌路,,透天厝,1房1衛 - 1陽台,,有對外窗;陽台,https://www.rakuya.com.tw/rent/rent_item?ehid=083e62291894515,36589f8c3f411c8d93e8b852e5c53735.jpeg,0.0
2418,❤️小資首選❤️室內大空間❤️新整理木紋地板❤️,,5999,13.0,0.1,2,0,台中市,台中市西屯區永昌三街,,透天厝,開放式格局,,,https://www.rakuya.com.tw/rent/rent_item?ehid=05de90292614404,f603d94d5ca4310cb4d8d2a772f9a400.jpeg,0.9422259694349358
2419,走路上學⛅流理台⛅陽台獨洗⛅雙租補⛅中科大⛅超秒殺,,11499,12.0,0.0,6,1,台中市,台中市西區三民路一段,,電梯大廈,1房1衛 - 1陽台,,有對外窗;陽台,https://www.rakuya.com.tw/rent/rent_item?ehid=02d632290319907,ec1b3f52f4764bc7bb9c133e349e8ba1.jpeg,0.0
2420,機車位❤️電梯❤️獨洗曬❤️靠近74 ❤️大空間,,8499,12.0,0.1,5,1,台中市,台中市北屯區和福路,,透天厝,1房1衛 - 1陽台,,,https://www.rakuya.com.tw/rent/rent_item?ehid=0a2b4227258890d,5d8fea7d89dbbd77594586e433f70834.jpeg,0.5858235462765841
2421,整棟全新⏳一房一廳⏳可租補⏳陽台獨洗⏳子母車,,12499,18.5,0.1,2,1,台中市,台中市北區衛道路,,透天厝,1房1廳1衛 - 1陽台,,有對外窗;陽台,https://www.rakuya.com.tw/rent/rent_item?ehid=057c9329013727d,a12ed0d9ead28bb716a27216a6edee76.jpeg,0.0
2422,✨天津商區✅陽台獨洗✨子母車✨飲水機✨全新整理,,7999,12.0,0.1,4,1,台中市,台中市北區漢陽街,,公寓,1房1衛 - 1陽台,,有對外窗;陽台,https://www.rakuya.com.tw/rent/rent_item?ehid=0510e4293425025,dfef295b544d408f6c405478b2adaa49.jpeg,0.8279824256463877
2423,秒殺♥️小資族最愛✨獨洗曬♥️可租補✨子母車✨,,5699,7.0,0.1,6,1,台中市,台中市西屯區長安路二段,,公寓,1房1衛,,,https://www.rakuya.com.tw/rent/rent_item?ehid=00082029300855f,98df806a5f9c2f8549aa5d87e6a2c0d6.jpeg,0.8907914390007161
2424,北區⛅電梯⛅可雙租補⛅陽台獨洗⛅子母車⛅,,8999,10.0,0.1,3,1,台中市,台中市北區梅亭街,,透天厝,1房1衛 - 1陽台,,有對外窗;陽台,https://www.rakuya.com.tw/rent/rent_item?ehid=07feb329293488e,5f7a9ca0e85633ceacbc0fb9b63e7f0e.jpeg,1.3942036347865339
2425,親親戲院✨電梯流理臺✔管理員陽台,,9999,10.52,0.0,3,1,台中市,台中市北區崇德路一段,,電梯大廈,1房1衛 - 1陽台,,有對外窗;陽台,https://www.rakuya.com.tw/rent/rent_item?ehid=071c6a22580868c,3044c841ed46dabdc0c94277d2338590.jpeg,1.3590300944481033
2426,全新電梯✅租補✅大空間✅陽台洗曬✅大衣櫃✅多間可選,,12599,14.0,0.1,4,1,台中市,台中市西區五權路,,透天厝,1房1衛 - 1陽台,,有對外窗;陽台,https://www.rakuya.com.tw/rent/rent_item?ehid=0daaa9286950165,532c99d639fd01d047efbc9d86a5613f.jpeg,0.0
2427,中國醫⭐陽台獨洗⭐雙採光⭐小資價,,6499,10.0,0.1,5,1,台中市,台中市北區榮華街,,透天厝,1房1衛 - 1陽台,,有對外窗,https://www.rakuya.com.tw/rent/rent_item?ehid=0b6e7229337525a,2446df840f2d2bb5e4508c5b022a31db.jpeg,2.5161345301961355
2428,✨可寵、陽台、獨洗、可租補、子母車,,6599,7.0,0.0,1,1,台中市,台中市西屯區西屯路二段,,透天厝,1房1衛 - 1陽台,,,https://www.rakuya.com.tw/rent/rent_item?ehid=0bd98e27967020f,fb100394c04b8b4fc80b4fcb02023266.jpeg,1.043025929161132
2429,逢甲/超新裝潢/雙租補/機車位,,13999,14.0,0.1,2,0,台中市,台中市西屯區光明路,,透天厝,開放式格局,,有對外窗;陽台,https://www.rakuya.com.tw/rent/rent_item?ehid=0eb6c5292191505,f7b9c152aba0eb92718d81e305c04612.jpeg,1.1904501323407712
2430,可雙租補✨獨立洗烘流理台✨東海商圈,,11000,9.0,0.1,3,1,台中市,台中市龍井區新興路,,電梯大廈,1房1廳1衛,,,https://www.rakuya.com.tw/rent/rent_item?ehid=03495d29206513c,641f3e99284de4935f77f5da8b568916.jpeg,0.3440916133220537
2431,整棟全新⏳一房一廳⏳可租補⏳獨洗陽台⏳流理台子母車,,13999,18.5,0.1,2,1,台中市,台中市北區育祥街,,電梯大廈,1房1廳1衛 - 1陽台1廚房,,有對外窗;陽台,https://www.rakuya.com.tw/rent/rent_item?ehid=0faa3129304540d,04300395d2b26034e3a39be6e96af52b.jpeg,0.8299684456801522
2432,西區全新整理@獨洗曬電梯套房@可租補@流理台,,12000,12.0,0.1,6,1,台中市,台中市西區三民路一段,,華廈,1房1衛 - 1陽台,,有對外窗;陽台,https://www.rakuya.com.tw/rent/rent_item?ehid=05d0cd291653751,dcdbea59e6f48aebf56000c70317b5ed.jpeg,0.0
2433,可寵⭐可租補⭐短租⭐中車/三井,,5999,9.0,0.1,3,1,台中市,台中市東區復興路四段,,透天厝,1房1衛,,有對外窗,https://www.rakuya.com.tw/rent/rent_item?ehid=04578a29346782d,ff597e958cc70ea655f9e7ffbd753d6c.jpeg,1.977511293875791
2434,一中秀泰⭐電梯⭐陽台獨洗⭐小資價,,5999,10.0,0.1,6,1,台中市,台中市東區練武路,,華廈,1房1衛 - 1陽台,,有對外窗;陽台,https://www.rakuya.com.tw/rent/rent_item?ehid=074d1b29272864f,7f94377c583c5d8cfb16c9efac16b994.jpeg,1.5587441963491528
2435,一中台體❤可雙租屋補助❤可貓咪❤共洗獨曬❤子母車,,5499,10.0,0.0,2,1,台中市,台中市東區富台街,,電梯大廈,1房1衛,,有對外窗,https://www.rakuya.com.tw/rent/rent_item?ehid=08b596128656615,ded78701ead07b90f0667e4c82987a87.jpeg,0.0
2436,近74國一@獨洗陽台@可租補,,11500,12.0,0.1,5,1,台中市,台中市西屯區環中路二段,,透天厝,1房1衛 - 1陽台,,有對外窗;陽台,https://www.rakuya.com.tw/rent/rent_item?ehid=0aeb8d291653389,bb0743bea562b74a92416bbdad6d6b33.jpeg,0.6816992827493942
2437,可貓狗⭐租屋補助⭐獨洗曬⭐中國醫,,6599,11.0,0.1,4,1,台中市,台中市北區中華路一段,,透天厝,1房1衛,,有對外窗,https://www.rakuya.com.tw/rent/rent_item?ehid=005375290367148,fe8fd86096d286f0dfbae5840ea6541b.jpeg,4312.774662827702
2438,與你相約✨可雙租屋補助✨可貓✨生活機能佳✨採光明亮,,5499,9.0,0.1,4,0,台中市,台中市西屯區工業區三十八路,,電梯大廈,開放式格局,,有對外窗;陽台,https://www.rakuya.com.tw/rent/rent_item?ehid=0530b7291566469,c5ea6efb46ffd9bb9db8a46cc3054988.jpeg,0.3613328708834133
2439,嘉暘台中✨2房✨舊火車站✨寵物之家✨可補助可議價,,20000,16.0,0.0,7,1,台中市,台中市中區建國路,,電梯大廈,1房1廳1衛 - 1陽台,,有對外窗,https://www.rakuya.com.tw/rent/rent_item?ehid=0594e8276757513,7694ffa17fb7b61ff6930ae7fdd28393.jpeg,0.34269424210833666
2440,可貓｜可租補｜獨洗｜乾溼分離｜冷氣變頻,,9000,9.0,0.1,1,1,台中市,台中市西區五權五街,,透天厝,1房1衛,,,https://www.rakuya.com.tw/rent/rent_item?ehid=0d623d29245131e,f3e6d30a1d23d0bd6f67d2da1c1782cc.jpeg,0.0
2441,可租補✨換新冷氣獨立套房✨子母車✨,,5499,7.0,0.1,2,1,台中市,台中市東區七中路,,透天厝,1房1衛,,有對外窗;為邊間;陽台,https://www.rakuya.com.tw/rent/rent_item?ehid=0cc44228818398d,d4eae6ca8e618a808f58a843301516da.jpeg,0.0
2442,可補助◕可貓◕陽台獨洗◕逢甲遠百,,5300,8.0,0.2,1,0,台中市,台中市西屯區西屯路二段,,公寓,開放式格局,,有對外窗;陽台,https://www.rakuya.com.tw/rent/rent_item?ehid=0552cf16971984b,9479bb8f77097250662ff6862a428cf6.jpeg,1.07184260008335
2443,中國醫❤可租屋補助❤共洗共曬❤採光佳❤子母車,,6499,10.0,0.1,4,1,台中市,台中市北區進化北路,,透天厝,1房1廳1衛 - 1陽台,,有對外窗,https://www.rakuya.com.tw/rent/rent_item?ehid=09ba8229166161a,22bac3a886e40f4c85fe783b85c9d34e.jpeg,0.0
2444,全新可寵✨租屋補助✅有機車位✨陽台獨洗✨IG搶先看,,11999,14.0,0.1,2,1,台中市,台中市北區國強街,,電梯大廈,1房1衛 - 1陽台,,有對外窗;陽台,https://www.rakuya.com.tw/rent/rent_item?ehid=0e6ac4291883624,830d99065f43833c0f403ae46936b704.jpeg,0.6559685457376375
2445,精誠路❤租補✔室內機車位,,12965,11.5,2.3,6,1,台中市,台中市西區精誠路,,透天厝,1房1廳1衛 - 1陽台,,有對外窗;陽台,https://www.rakuya.com.tw/rent/rent_item?ehid=00306f199203305,17781d29e79e8625cfa3c53be33586d3.jpeg,1.7642670856088736
2446,✨秒殺物件✨陽台獨洗✨住戶單純✨絕美採光✨秒殺套房,,6499,13.0,0.1,5,1,台中市,台中市北區榮華街,,透天厝,1房1衛 - 1陽台,,,https://www.rakuya.com.tw/rent/rent_item?ehid=0d2fa129338562e,010288c550ada46e61b738172fb497f0.jpeg,2.5161345301961355
2447,超新可貓❤租屋補助❤室內機車位❤乾溼分離❤陽台獨洗,,9499,14.0,0.1,5,0,台中市,台中市北屯區東山路一段,,電梯大廈,開放式格局,,陽台,https://www.rakuya.com.tw/rent/rent_item?ehid=0bd5a729043602c,a9e1ae1d256d88d0e63eb73b8d49648e.jpeg,0.6321309452120369
2448,秒殺❤獨洗曬陽台❤電梯精美套房❤可貓寵❤可租屋補助,,6299,10.0,0.0,5,1,台中市,台中市北屯區環中東路二段,,電梯大廈,1房1衛 - 1陽台,,有對外窗;陽台,https://www.rakuya.com.tw/rent/rent_item?ehid=09bb5724288700d,ca66c3d1549be8e84a78fb25074efc75.jpeg,0.41414251269042157
2449,✅南區養貓最頂✅雙租補|流理臺|落地採光|大陽台,,11999,15.0,0.0,3,1,台中市,台中市南區五權南路,,透天厝,1房1廳1衛 - 1陽台,,有對外窗;陽台,https://www.rakuya.com.tw/rent/rent_item?ehid=07dc2d289549973,2c30c85f084f5d4d2e475d2bce2dff4a.jpeg,0.0
2450,❤全新整理❤可租屋補助❤木質系調❤共洗曬❤子母車,,9299,10.0,0.0,5,0,台中市,台中市西屯區四川三街,,電梯大廈,開放式格局,,有對外窗,https://www.rakuya.com.tw/rent/rent_item?ehid=000f0429041092e,2936beb241ac7e8d30b55b08611e9fb3.jpeg,0.0
2451,絕對秒殺✨租補西屯電梯大套✨陽台獨洗飲水機子母車,,12999,15.0,0.1,6,0,台中市,台中市西屯區青海路二段,,電梯大廈,開放式格局,,有對外窗;陽台,https://www.rakuya.com.tw/rent/rent_item?ehid=01f84f29191856e,08f2a2273ac1f644880bf07b0792c34a.jpeg,1.1330733439392244
2452,就是這間✨台水台電✅一房一廳✨獨洗窗曬✨IG搶先看,,10999,14.0,0.1,4,1,台中市,台中市中區自由路二段,,公寓,1房1廳1衛,,有對外窗,https://www.rakuya.com.tw/rent/rent_item?ehid=0d238229189447a,0a36fdd8f1edea9b184777bcac94feec.jpeg,1.466828940540724
2453,近中教大✨採光佳✨大空間✨獨曬窗,,6299,9.0,0.1,4,1,台中市,台中市中區中山路,,透天厝,1房1衛,,有對外窗,https://www.rakuya.com.tw/rent/rent_item?ehid=0c544b29180866e,68a49f359183d7ceab96e1bf83dad14c.jpeg,0.02207358570177374
2454,⭐近曉明女中⭐電梯⭐台水電⭐子母車⭐陽台獨洗,,8499,11.0,0.1,4,1,台中市,台中市北區山西路二段,,電梯大廈,1房1衛 - 1陽台,,有對外窗;陽台,https://www.rakuya.com.tw/rent/rent_item?ehid=059f3e29298130c,024ccd408e6c802e64f67c873d986db1.jpeg,1.2588111496116217
2455,中國醫旁電梯✨可報稅/租屋補助✨陽台獨洗✨採光明亮,,7699,8.0,0.2,2,0,台中市,台中市北區美德街,,電梯大廈,開放式格局,,有對外窗;陽台,https://www.rakuya.com.tw/rent/rent_item?ehid=0a742329105428b,c1b0c6059d024c37f4184989bcc7029c.jpeg,1.0133523269712763
2456,教育大學❤共洗獨曬✔可租屋補助✔子母車✔,,5999,10.0,0.1,3,1,台中市,台中市北區中山路,,別墅,1房1衛,,有對外窗,https://www.rakuya.com.tw/rent/rent_item?ehid=0c186822670754b,27462e5721851b850845555af855c02f.jpeg,0.0
2457,小資首選✨台水台電✅陽台獨洗✨電梯代收✨IG搶先看,,7999,13.0,0.1,15,1,台中市,台中市北屯區天津路四段,,電梯大廈,1房1衛 - 1陽台,,有對外窗;陽台,https://www.rakuya.com.tw/rent/rent_item?ehid=0e1791291896535,95f004c9f588471fe0dc81f8f7bf30d4.jpeg,2.23790071148814
2458,✨近中國醫✨多走幾步視野佳✨陽台獨洗✨滿租倒數中✨,,5799,10.0,0.2,5,0,台中市,台中市北區美德街,,公寓,開放式格局,,有對外窗,https://www.rakuya.com.tw/rent/rent_item?ehid=0e0d8829166160e,1dbc16340b63e7a8e2e243b3002b7ab1.jpeg,1.0492174618519194
2459,東海❤共洗曬❤機車位浴室乾濕分離❤可租補❤子母車,,6499,10.0,0.1,1,1,台中市,台中市龍井區台灣大道五段,,透天厝,1房1衛,,有對外窗,https://www.rakuya.com.tw/rent/rent_item?ehid=00e7ce291271110,d15a203e9d8c586fec3b7da7175ada59.jpeg,0.3015591946302485
2460,秒殺❤獨洗曬陽台❤精美套房❤流理台❤中國醫商圈,,6299,10.0,4.6,5,1,台中市,台中市北區美德街,,公寓,1房1衛 - 1陽台,,有對外窗;陽台,https://www.rakuya.com.tw/rent/rent_item?ehid=05c14c18820795c,5095c6912df81dd692b5fda1bd13de69.jpeg,1.0385096511120215
2461,兩房一廳❤️雙租補❤️陽台獨洗曬❤️可寵❤️台水電,,23099,25.0,0.1,4,2,台中市,台中市北屯區水景街,,電梯大廈,2房1廳2衛 - 1陽台,,有對外窗;陽台,https://www.rakuya.com.tw/rent/rent_item?ehid=03081b29245666a,fcc073a0548083e4df559f694356b893.jpeg,0.5236441086846962
2462,台水台電✨陽台獨洗✨租屋補助✨租屋補助,,8499,11.0,0.1,4,1,台中市,台中市北區山西路二段,,電梯大廈,1房1衛 - 1陽台,,有對外窗;陽台,https://www.rakuya.com.tw/rent/rent_item?ehid=039a2029299853a,4f445cc0b0a91e250602999942a022dc.jpeg,1.2588111496116217
2463,✨可貓咪雙租屋補助✨類一房一廳✨陽台獨洗✨請加賴✨,,16999,16.0,0.1,5,1,台中市,台中市東區二聖街,,電梯大廈,1房1廳1衛 - 1陽台,,有對外窗;陽台,https://www.rakuya.com.tw/rent/rent_item?ehid=084f3f291746768,0c04f8f1a8df2ca0a54f63c2d721e4e0.jpeg,0.0
2464,租補✅大空間✅乾淨明亮✅流理臺獨洗烘✅子母車✅陽台,,12999,14.0,0.1,2,1,台中市,台中市西區美村路一段,,透天厝,1房1衛 - 1陽台,,,https://www.rakuya.com.tw/rent/rent_item?ehid=005bdf29241100f,978a69b1a52026b38c0a323a830b70ab.jpeg,0.7213096691630126
2465,電梯/陽台獨洗/衛浴窗/一中中國醫,,8499,11.0,3.1,3,0,台中市,台中市北區梅亭街,,透天厝,開放式格局,,,https://www.rakuya.com.tw/rent/rent_item?ehid=0df0e1254432793,cbbe4c2acfac964beffc0c3ec9df5ee5.jpeg,1.4037467328599806
2466,可租補.報稅✨陽台室內大空間✨東海中科小資首選,,9300,10.0,0.1,6,1,台中市,台中市龍井區新興路,,電梯大廈,1房1衛 - 1陽台,,有對外窗;陽台,https://www.rakuya.com.tw/rent/rent_item?ehid=007df1283521418,57585948a2d250a33b79cd4945dc404e.jpeg,0.3509515983272341
2467,近教育大學✨可租補✨獨機✨流理臺✨子母車✨飲水機,,11999,13.0,0.1,6,1,台中市,台中市西區三民路一段,,華廈,1房1衛,,有對外窗,https://www.rakuya.com.tw/rent/rent_item?ehid=0ae1be292572031,b8d145b362d4416eb1c2aca2b85f0213.jpeg,0.0
2468,❤全新可寵❤可雙租補❤陽台獨洗❤機車位❤衛浴開窗,,10999,10.0,0.0,4,0,台中市,台中市北屯區中清路二段,,電梯大廈,開放式格局,,陽台,https://www.rakuya.com.tw/rent/rent_item?ehid=06d275289445564,d1b250e92f6f77e320c2a1e1d3ac1488.jpeg,0.23103538942833118
2469,太原車站.超新屋/機車位/流理臺,,10500,12.5,0.0,6,0,台中市,台中市北屯區東山路一段,,透天厝,開放式格局,,有對外窗;陽台,https://www.rakuya.com.tw/rent/rent_item?ehid=09a2ce290675945,6d0f083b97119696a280a18bb72a770b.jpeg,0.6247183832142483
2470,✨全新完工質感裝潢✨乾溼衛浴|陽台獨洗|流理臺,,11500,15.0,0.0,5,1,台中市,台中市北區北屯路,,透天厝,1房1廳1衛 - 1陽台,,有對外窗;陽台,https://www.rakuya.com.tw/rent/rent_item?ehid=0b58b728941040f,81be450c31bc2a00c2fd1bb2af03849b.jpeg,0.12421206443209908
2471,陽台獨洗✨可租補✨系統櫃流理台✨衛浴窗✨機車好停,,12499,13.0,0.1,2,1,台中市,台中市北屯區中清路二段,,透天厝,1房1衛 - 1陽台,,,https://www.rakuya.com.tw/rent/rent_item?ehid=0aa1aa291409952,71fdd589a8619f5dc131a619726b8c0b.jpeg,0.22763839924364732
2472,可租補、報稅♥陽台獨洗♥電梯♥車位♥新光遠百老虎成,,16999,13.0,3.6,2,1,台中市,台中市西屯區市政南一路,,透天厝,1房1衛 - 1陽台,,有對外窗;陽台,https://www.rakuya.com.tw/rent/rent_item?ehid=06ad9227026714e,316dc837c9bd64e844c18d43cc0ddf5e.jpeg,0.413476980193181
2473,❤️東海中科❤️陽台獨洗❤️可報稅租補❤️機車好停,,8299,12.0,3.6,1,1,台中市,台中市龍井區新興路,,電梯大廈,1房1衛 - 1陽台,,有對外窗;陽台,https://www.rakuya.com.tw/rent/rent_item?ehid=0bf526290018810,bbc867d50f7d75c9aa30eb1d078c6951.jpeg,0.3557511259998353
2474,雙租補⛅陽台獨洗⛅流理台⛅子母車飲水機⛅近中國醫,,12499,13.0,0.0,3,1,台中市,台中市北屯區中清路二段,,透天厝,1房1衛 - 1陽台,,有對外窗;陽台,https://www.rakuya.com.tw/rent/rent_item?ehid=088eef29058005d,ab9905585c9ad54c88da5cffcf630be0.jpeg,0.22763839924364732
2475,蛇氣揚揚✨可租補✨寵物天堂✨室內機車位✨交通便捷✨,,5499,8.0,0.1,4,0,台中市,台中市北屯區昌平路一段,,透天厝,開放式格局,,有對外窗,https://www.rakuya.com.tw/rent/rent_item?ehid=0151a6292982842,51b0cfb947a4426033bbd502bcdfb376.jpeg,2.3967701080491497
2476,東海商圈❤可雙租補❤陽台獨洗❤室內大空間❤機車好停,,8999,13.0,0.0,2,0,台中市,台中市龍井區新興路,,透天厝,開放式格局,,陽台,https://www.rakuya.com.tw/rent/rent_item?ehid=0944b928944612a,479bec711442d3c3b7a98e5d4cc224e1.jpeg,0.3523258282854057
2477,全新完工高質感❤️大流理台✨衛浴開窗❤️獨洗脫烘✨,,12999,15.0,0.1,2,0,台中市,台中市西區美村路一段,,透天厝,開放式格局,,有對外窗,https://www.rakuya.com.tw/rent/rent_item?ehid=047fe3292373631,d5edf8d3f8c9ee1651e065a207c1443d.jpeg,0.7213096691630126
2478,小資最愛✨租屋補助✅室內機車✨獨洗窗曬✨IG搶先看,,6499,8.0,0.1,2,1,台中市,台中市東區東門路,,電梯大廈,1房1衛,,有對外窗,https://www.rakuya.com.tw/rent/rent_item?ehid=08766d291900885,df284c9175ae98c9becc8f57c692b237.jpeg,0.0
2479,超秒殺✨一房一廳✅可雙租補❤️乾溼分離✨有飲水機,,17499,21.0,0.1,4,1,台中市,台中市北區英士路,,公寓,1房1廳1衛 - 1陽台,,有對外窗;陽台,https://www.rakuya.com.tw/rent/rent_item?ehid=02ff6f29107228c,8fba99c4f6595d5fc8ae2ab2d31cc503.jpeg,0.36551900372905155
2480,近旱溪夜市⭐全新三房含平車⭐超愛質感裝潢⭐可租補,,27000,45.0,0.0,13,3,台中市,台中市東區旱溪街,,電梯大廈,3房1廳2衛 - 1陽台1廚房,,,https://www.rakuya.com.tw/rent/rent_item?ehid=0cd3d6291473925,96ba04503197869b6f2b2a1307bfade1.jpeg,0.896416760802333
2481,全新未住透天☆乾溼分離☆子母車☆可雙租補☆陽台獨洗,,11500,14.0,1.4,1,1,台中市,台中市西屯區長安路二段,,公寓,1房1衛 - 1陽台,,有對外窗;陽台,https://www.rakuya.com.tw/rent/rent_item?ehid=058880279304401,d30746692ce8d2f27994b286b39a4689.jpeg,0.826450349961604
2482,❤️東海中科❤️文青風陽台獨洗飲水機子母車❤️,,7499,7.0,4.2,5,1,台中市,台中市龍井區新興路,,電梯大廈,1房1衛 - 1陽台,,有對外窗,https://www.rakuya.com.tw/rent/rent_item?ehid=0bd24a28603611b,292ae09e6d8d63f2f1c2764f6fb0ac56.jpeg,0.36012689020589067
2483,全新可寵⚡可雙租補⚡近中央公園⚡近74國道,,10999,15.0,0.0,2,1,台中市,台中市北屯區中清路二段,,電梯大廈,1房1衛 - 1陽台,,有對外窗;陽台,https://www.rakuya.com.tw/rent/rent_item?ehid=08a69428467352e,680cd10d81d8df816230e10fcf6459b5.jpeg,0.23103538942833118
2484,整棟全新➕精美系統➕獨洗烘➕流理台➕免治馬桶機車位,,9999,15.0,0.1,3,1,台中市,台中市北屯區一新一街,,電梯大廈,1房1廳1衛 - 1廚房,,有對外窗,https://www.rakuya.com.tw/rent/rent_item?ehid=090ef8292165122,68de06bb34a6c89d8382e952cf208f92.jpeg,0.0
2485,科博館❤秒殺CP套房✔飲水機子母車,,5799,10.0,1.8,5,1,台中市,台中市北區太原路一段,,透天厝,1房1衛 - 1陽台,,有對外窗;陽台,https://www.rakuya.com.tw/rent/rent_item?ehid=0371ea216292154,8f72bc9f48acfc2d5a4361c07d11beaf.jpeg,1.9518843065625788
2486,一中台體★獨洗獨曬★可寵物★可租屋補助★子母車,,6899,10.0,0.0,4,1,台中市,台中市北區中華路二段,,透天厝,1房1衛,,有對外窗,https://www.rakuya.com.tw/rent/rent_item?ehid=05931229037469e,f41ca8e58bf0a37441d82ee374c9b2dc.jpeg,2.4426738705722433
2487,全新套房⚡電梯⚡子母車⚡近威格,,9999,14.0,0.0,2,1,台中市,台中市北屯區一新一街,,電梯大廈,1房1衛,,有對外窗,https://www.rakuya.com.tw/rent/rent_item?ehid=01acc428826910e,8be53e27f408b1f2d19be22f90240010.jpeg,0.0
2488,年前優惠✨可雙租補✨台電✨陽台獨洗✨子母車,,12999,15.0,0.1,2,1,台中市,台中市北區大德街,,電梯大廈,1房1衛 - 1陽台,,有對外窗;陽台,https://www.rakuya.com.tw/rent/rent_item?ehid=0eca0f29346310e,a815c95f8e8b67b4012c1a3b1635c3b6.jpeg,1.0048190845826994
2489,可租補⚡電梯⚡獨洗⚡近中華夜市,,7900,10.0,0.0,3,1,台中市,台中市西區正福街,,透天厝,1房1衛,,有對外窗,https://www.rakuya.com.tw/rent/rent_item?ehid=010de4283712991,f152ce467563d4a9e5a47e898dbd64c8.jpeg,0.06850572135623
2490,電梯管理員❤一房一廳❤租屋補助❤陽台獨洗❤,,13500,15.0,0.0,5,1,台中市,台中市北區五權路,,電梯大廈,1房1廳1衛 - 1陽台,,有對外窗;陽台,https://www.rakuya.com.tw/rent/rent_item?ehid=075e65290053882,c544ed491314dbd3cf565503af9b796f.jpeg,0.0
2491,採光大空間✨租屋補助✨機車位✨獨洗窗曬,,7500,10.0,0.1,2,1,台中市,台中市龍井區新興路,,透天厝,1房1衛,,有對外窗,https://www.rakuya.com.tw/rent/rent_item?ehid=0351da29256029f,34e63a539c7f280a16c4c983f056fd32.jpeg,0.3601210683876773
2492,秒殺❤近教育大學❤可貓❤租屋補助❤衛浴開窗❤子母車,,7999,10.0,0.0,3,0,台中市,台中市中區成功路,,透天厝,開放式格局,,陽台,https://www.rakuya.com.tw/rent/rent_item?ehid=02859128969438d,198f52f9d5ce868c4c8825b9310a63c4.jpeg,0.5155747533309812
2493,雙租屋補助✨貓奴首選✨一房一廳✨流理台✨陽台獨洗,,16999,22.0,0.1,13,1,台中市,台中市北區中清路一段,,電梯大廈,1房1廳1衛 - 1陽台,,有對外窗;陽台,https://www.rakuya.com.tw/rent/rent_item?ehid=0e14b629180424b,49c04349d23bcd0360f159e27d9f18a8.jpeg,1.081401332812935
2494,整棟全新➕可租補➕質感採光➕陽台獨洗➕水湳新完工,,11499,17.0,0.1,2,1,台中市,台中市北屯區后庄北路,,電梯大廈,1房1廳1衛 - 1陽台,,有對外窗;陽台,https://www.rakuya.com.tw/rent/rent_item?ehid=0d594329099036d,d31a5fcb52f65537b6a3a2540bb90b33.jpeg,0.2083262740549092
2495,♥️可租補、報稅✨陽台獨洗曬✨子母車✨,,7599,11.0,0.0,3,1,台中市,台中市北區健行路,,透天厝,1房1衛 - 1陽台,,,https://www.rakuya.com.tw/rent/rent_item?ehid=0d87da290554623,ee6349ab16183281ca35b21d00b08117.jpeg,0.8598366381946381
2496,中國醫一中/超新屋/可租屋補助,,10999,12.0,0.1,3,0,台中市,台中市北區進化路,,透天厝,開放式格局,,有對外窗;陽台,https://www.rakuya.com.tw/rent/rent_item?ehid=02e813292010134,a3023390e9deb2c3e5e8243657db5a0c.jpeg,0.0
2497,一點利市場⭐可租補⭐明亮採光⭐陽台獨洗⭐室內機車位,,8499,12.0,2.7,3,1,台中市,台中市北屯區僑孝街,,電梯大廈,1房1廳1衛 - 1陽台,,有對外窗,https://www.rakuya.com.tw/rent/rent_item?ehid=0cf009291472322,67a14855c989feb50ff6bbaa59601c5c.jpeg,1.0601581823621227
2498,可貓咪⭐獨曬窗⭐租屋補助⭐小資價,,5699,9.0,0.0,4,1,台中市,台中市北區梅亭街,,透天厝,1房1衛,,有對外窗,https://www.rakuya.com.tw/rent/rent_item?ehid=0aa1a6287649159,4033394c15d5d75d7591f763e8a5dacd.jpeg,1.4740097288124157
2499,科博館／超新屋/可貓可狗/可租補流理臺,,11800,11.5,0.1,5,0,台中市,台中市西區大忠南街,,透天厝,開放式格局,,有對外窗;陽台,https://www.rakuya.com.tw/rent/rent_item?ehid=0537ff292205453,a2e5c25d37d77150699135ef24152603.jpeg,0.0
2500,這間秒殺✨可雙租補✅機車位✨陽台獨洗✨IG搶先看,,10999,14.0,0.1,3,1,台中市,台中市西屯區何厝街,,電梯大廈,1房1衛 - 1陽台,,有對外窗;陽台,https://www.rakuya.com.tw/rent/rent_item?ehid=05487629190409c,6e5467ce92f7135136236e95626d0cea.jpeg,1.1148686451562875
2501,可租補可寵⚡1房1廳⚡台水電⚡電梯管理員⚡教育大學,,15500,15.0,0.0,4,1,台中市,台中市西區後龍街,,電梯大廈,1房1廳1衛,,有對外窗,https://www.rakuya.com.tw/rent/rent_item?ehid=00bcad288451590,e37436c75aad29d5657b1242548cc992.jpeg,1.3006130619763645
2502,電梯❤️租補❤️可貓❤️大間❤️陽台洗曬❤️,,10999,12.0,0.1,5,1,台中市,台中市東區二聖街,,透天厝,1房1衛 - 1陽台,,,https://www.rakuya.com.tw/rent/rent_item?ehid=0b0ecc291648196,44f7d6ba7a4d99c22fe5a3fb8ebbb03a.jpeg,0.0
2503,草悟道⭐精裝大套房⭐滾筒獨洗⭐雙租補,,13000,8.0,0.0,5,1,台中市,台中市西區中美街,,公寓,1房1衛,,有對外窗,https://www.rakuya.com.tw/rent/rent_item?ehid=0b7cab292191361,9fc8a5a2f752beaf751e8d5b8ee6692b.jpeg,1.6701835891022483
2504,❤中國醫❤陽台獨洗❤可租屋補助❤子母車❤,,8499,10.0,0.0,2,1,台中市,台中市北區梅亭街,,電梯大廈,1房1衛 - 1陽台,,有對外窗;陽台,https://www.rakuya.com.tw/rent/rent_item?ehid=0707e8280927065,4e9ec4b410be4d2a4f54eec8b0e5f5a0.jpeg,1.4037467328599806
2505,★可租補★有代管★飲水機★可寵★,,7000,7.0,40.0,3,1,台中市,台中市北區美德街,,公寓,1房1衛,,有對外窗,https://www.rakuya.com.tw/rent/rent_item?ehid=0bf292293375471,a752a9de71cf828d5be36333a72b022e.jpeg,1.106072166741678
2506,電梯全新大套房❤️雙租補❤️飲水機❤️子母車,,11999,12.0,0.1,6,1,台中市,台中市西區三民路一段,,電梯大廈,1房1衛 - 1陽台,,有對外窗;陽台,https://www.rakuya.com.tw/rent/rent_item?ehid=05a76c287236077,c7140587ea489e780bc151fb75ef2496.jpeg,0.0
2507,⭐可租補、入籍⭐獨洗曬⭐子母車⭐機車位⭐乾溼分離,,10999,14.0,0.1,3,1,台中市,台中市北屯區軍和街,,透天厝,1房1衛,,有對外窗,https://www.rakuya.com.tw/rent/rent_item?ehid=013ada292981312,105ab24d1cda5eeeb1ca293bf1d76739.jpeg,0.593810107296647
2508,整棟新蓋✨可雙租補✨可貓✨類一房一廳✨陽台獨洗曬✨,,16000,12.0,0.1,5,0,台中市,台中市東區二聖街,,電梯大廈,開放式格局,,有對外窗;陽台,https://www.rakuya.com.tw/rent/rent_item?ehid=019e8026164649f,06e61467ff548018f869a34dde2a2197.jpeg,0.0
2509,蛇采飛揚✨高cp值舒適美套房✨可租補✨可貓咪✨採光,,5799,10.0,0.1,1,0,台中市,台中市北屯區東山路二段中興巷,,公寓,開放式格局,,有對外窗,https://www.rakuya.com.tw/rent/rent_item?ehid=0ab3f4292890386,f7f690d5711a327f5ecc43aff84199d0.jpeg,0.19858670583634508
2510,大空間/汽車好停/獨洗曬/可租補/近好市多,,10500,10.0,0.1,3,1,台中市,台中市北屯區旱溪西路三段,,電梯大廈,1房1衛 - 1陽台,,有對外窗,https://www.rakuya.com.tw/rent/rent_item?ehid=02defd292062504,d23eb704c2ee0251f5620603466bb29b.jpeg,0.5090664040432561
2511,錯過就不在❤️秒殺電梯大套✨陽台獨洗乾濕分離機車位,,10499,12.0,0.2,5,0,台中市,台中市龍井區新興路,,電梯大廈,開放式格局,,有對外窗;陽台,https://www.rakuya.com.tw/rent/rent_item?ehid=001c84291927680,765f6be1b01c62a38b51d687990985d9.jpeg,0.3459713190197815
2512,全新裝潢未住透天☆陽台獨洗曬☆可雙租補☆子母車,,14500,16.0,1.4,2,1,台中市,台中市西屯區長安路二段,,透天厝,1房1衛 - 1陽台,,有對外窗;陽台,https://www.rakuya.com.tw/rent/rent_item?ehid=002369279276196,9446444b471e244fb4ca03f75239262b.jpeg,0.7971341314475895
2513,哇! 哇! 哇!神秘優惠✨奢華系統裝潢✨陽台獨洗✨,,7800,9.0,0.0,3,0,台中市,台中市西屯區順和三街,,電梯大廈,開放式格局,,有對外窗;陽台,https://www.rakuya.com.tw/rent/rent_item?ehid=04c1b5275692060,39eb0295bed45c613d0c676e7cf0398b.jpeg,0.3532959925635091
2514,質感大三房➕可租補➕含汽車位➕傢俱全配➕興富發上城,,21999,48.51,0.1,4,3,台中市,台中市西屯區台灣大道三段/興富發上城,,電梯大廈,3房2廳2衛 - 1陽台1廚房,,有對外窗;陽台,https://www.rakuya.com.tw/rent/rent_item?ehid=03411429126064d,325a22dacff887dfacc8b5b99a83f109.jpeg,1.0219522161224612
2515,可租補⚡陽台獨洗曬⚡電梯⚡飲水機⚡子母車⚡流理臺,,15500,12.0,0.1,6,0,台中市,台中市西區三民路一段,,華廈,開放式格局,,有對外窗;陽台,https://www.rakuya.com.tw/rent/rent_item?ehid=09f29328684973a,ce6943a247cb8f7ccdf3995d6023ac0f.jpeg,0.0
2516,♥️首月租金半價♥️可雙租補✨流理台✨洗脫烘,,11999,14.0,0.0,1,1,台中市,台中市北屯區安順東九街,,電梯大廈,1房1衛,,,https://www.rakuya.com.tw/rent/rent_item?ehid=09665e290376396,9ce823ca6fe08643edb068ba7f181d54.jpeg,0.0
2517,允降大心來我愛你的理由✨搶先預定3房可寵,,29000,35.0,0.1,9,3,台中市,台中市東區建德街,,電梯大廈,3房2廳2衛 - 2室1陽台1廚房,,有對外窗;陽台,https://www.rakuya.com.tw/rent/rent_item?ehid=092aa9276544210,e43b6029f77631d96183499685ca3193.jpeg,1.1799634513498847
2518,⭐近天津商圈⭐可租補⭐台水台電⭐陽台獨洗⭐有管理員,,7900,11.0,0.1,12,1,台中市,台中市北屯區天津路四段,,電梯大廈,1房1衛 - 1陽台,,陽台,https://www.rakuya.com.tw/rent/rent_item?ehid=0f0f73283671393,2f46d8c109f14df0ff6c932bcecadde3.jpeg,2.241261809147107
2519,❤️整棟新蓋租屋補助❤️乾溼分離|獨洗曬|東海商圈,,7999,11.0,0.1,5,1,台中市,台中市龍井區新興路,,電梯大廈,1房1衛,,有對外窗,https://www.rakuya.com.tw/rent/rent_item?ehid=0a7b77291365494,9d649fcbe600a2157ad3962c87ec2138.jpeg,0.3573290369620662
2520,熱門搶手❤️可租補❤️整棟極新❤️陽台獨洗/採光好,,8499,10.0,0.1,2,0,台中市,台中市西屯區中清西二街,,電梯大廈,開放式格局,,有對外窗;陽台,https://www.rakuya.com.tw/rent/rent_item?ehid=0e279a292309804,260a9efe90598f23e0fb9b3a3ee2e23c.jpeg,0.8392074330744145
2521,❗整層住家❤️洲際✨現況出租✨台水台電✨,,26000,30.0,0.1,6,2,台中市,台中市北屯區四平路,,電梯大廈,2房2廳1衛 - 2陽台,,陽台,https://www.rakuya.com.tw/rent/rent_item?ehid=031d51292248935,1b6a7640893b7937aa32cf63835fccfa.jpeg,0.0
2522,全新秒殺✨租屋補助✅獨洗機車位✨系統櫃✨IG搶先看,,10499,14.0,0.1,5,1,台中市,台中市北區進化路,,電梯大廈,1房1衛 - 1陽台,,有對外窗;陽台,https://www.rakuya.com.tw/rent/rent_item?ehid=0abf67291898323,bdbeffc7b9fdb2605136584484a2044f.jpeg,0.0
2523,全新透天✅情侶最愛✅乾濕分離✅還有3間可選私訊了解,,9999,12.0,0.0,1,1,台中市,台中市西屯區大安街,,透天厝,1房1衛,,有對外窗,https://www.rakuya.com.tw/rent/rent_item?ehid=0015b8285927747,b24d732793af44d5d5ad25613f167b72.jpeg,1.5250564483419098
2524,秒殺兩房❤雙陽台❤衛浴窗❤舒適空間❤車位可租❤,,18000,20.0,0.1,2,2,台中市,台中市北屯區水湳路,,電梯大廈,2房1廳1衛 - 2陽台,,有對外窗;陽台,https://www.rakuya.com.tw/rent/rent_item?ehid=0233fa29216485a,4b988b015065c3df0a0ee047dd26dfc5.jpeg,0.9192965105486177
2525,全新兩房一廳❤️台水電❤️陽台獨洗曬❤️可寵,,23999,25.0,0.1,7,2,台中市,台中市中區建國路,,電梯大廈,2房1廳1衛 - 1陽台,,有對外窗;陽台,https://www.rakuya.com.tw/rent/rent_item?ehid=009f2b28672228b,cb98efd0603dba44effb6e580dec7741.jpeg,0.3359438916739241
2526,超級秒殺✨陽台獨洗✨採光超好✨高級木質調✨值得擁有,,6499,12.0,0.1,5,1,台中市,台中市北區榮華街,,透天厝,1房1衛 - 1陽台,,有對外窗;陽台,https://www.rakuya.com.tw/rent/rent_item?ehid=0ee979293427101,8e3db2f86aec3ffc3788d5ba669843f6.jpeg,2.5161345301961355
2527,電梯套房⛅可雙租補⛅可貓寵⛅陽台獨洗⛅子母車⛅,,10999,14.0,0.1,5,1,台中市,台中市西屯區何厝街,,透天厝,1房1衛 - 1陽台,,有對外窗;陽台,https://www.rakuya.com.tw/rent/rent_item?ehid=0ece6a292536217,ecba8e266d1644aff5f5e83426e1cef2.jpeg,1.1148686451562875
2528,✨電梯正一房一廳✨租屋補助✨陽台獨洗✨加賴約看✨,,13999,15.0,0.1,2,1,台中市,台中市北區育祥街,,電梯大廈,1房1廳1衛 - 1陽台,,有對外窗;陽台,https://www.rakuya.com.tw/rent/rent_item?ehid=01456f292970503,a87cc5e9bc3bf433b16e3ac6a4000bfb.jpeg,0.8299684456801522
2529,北區百萬裝潢✨秒殺價❗電梯式✨陽台獨洗曬✨,,11999,15.0,0.1,6,1,台中市,台中市北區光大街,,電梯大廈,1房1衛 - 1陽台,,有對外窗;陽台,https://www.rakuya.com.tw/rent/rent_item?ehid=070c14293336430,6b86dbc30401e4e2e4c3e35980b9e711.jpeg,0.5615635769890457
2530,大空間/北區西屯區/可寵可貓可狗,,14500,10.0,0.1,4,1,台中市,台中市西屯區漢口路二段,,透天厝,1房1衛 - 1陽台,,有對外窗;樓中樓,https://www.rakuya.com.tw/rent/rent_item?ehid=02b6ba293049027,1e2f1b56045fdd6a94d1fe7aa0f75807.jpeg,0.7952293903927565
2531,電梯透天☆台水電天然瓦☆陽台獨洗☆小廚房☆可租補,,15000,17.0,0.4,2,1,台中市,台中市北區篤行路,,電梯大廈,1房1廳1衛 - 1陽台,,,https://www.rakuya.com.tw/rent/rent_item?ehid=092637283814893,419c8c4d2866a12e2521ecbee35978df.jpeg,1.0530787638733405
2532,可雙租補⚡可貓⚡電梯⚡陽台獨洗⚡近教育大學,,11999,15.0,0.0,7,1,台中市,台中市西區篤信街,,電梯大廈,1房1衛 - 1陽台,,有對外窗;陽台,https://www.rakuya.com.tw/rent/rent_item?ehid=0b94c4288733757,3b5518749b8cd48ceeabe31f60530cca.jpeg,1.168869767701636
2533,秒殺❤可寵物❤走路逢甲❤精美套房❤機車位❤子母車,,6499,10.0,2.9,1,1,台中市,台中市西屯區福上巷,,透天厝,1房1衛,,有對外窗,https://www.rakuya.com.tw/rent/rent_item?ehid=00f65525375987a,8dc7d69e31cb80b211d3e292aa55a849.jpeg,1.7528128187883192
2534,✨可寵♥️✨陽台獨洗✨飲水機✨,,9999,12.0,0.0,3,1,台中市,台中市北屯區陳平路,,電梯大廈,1房1衛 - 1陽台,,,https://www.rakuya.com.tw/rent/rent_item?ehid=0392cf282548882,f7e8c5252c6842cefa16abf5d6f4cc4f.jpeg,0.2843325581654408
2535,近捷運站✨可雙租補✨台水台電✨子母車✨有採光,,7799,10.0,0.1,4,1,台中市,台中市北屯區旅順路一段,,華廈,1房1衛,,有對外窗,https://www.rakuya.com.tw/rent/rent_item?ehid=0975a1292731387,13257e70603252c1c46c6fde2870e97e.jpeg,2.417810874886385
2536,❤️東海中科❤️系統裝潢木質地板全新冷氣❤️可租補,,7000,7.0,1.4,6,1,台中市,台中市龍井區新興路,,電梯大廈,1房1衛 - 1陽台,,有對外窗,https://www.rakuya.com.tw/rent/rent_item?ehid=070855283002550,4c65c0950af925a10bddb0e4d76a7c9c.jpeg,0.36315690277634827
2537,勤美❤租補✔陽台✨電梯❤喵,,11499,11.0,0.1,7,1,台中市,台中市西區西屯路一段,,電梯大廈,1房1衛 - 1陽台,,有對外窗;陽台,https://www.rakuya.com.tw/rent/rent_item?ehid=049db3288665918,58eadf50e3b6d0288e9d278f051640f9.jpeg,1.2323526070853783
2538,⭐️近勤美新光⭐獨洗⭐️可租補加價⭐可貓⭐衛浴開窗,,10999,14.0,0.1,2,1,台中市,台中市西區美村路一段,,透天厝,1房1衛,,有對外窗,https://www.rakuya.com.tw/rent/rent_item?ehid=0915d127943330d,a42d7e9a94eb2b15ccfc30e867e23289.jpeg,0.9438041440476508
2539,一房一廳⭐可寵⭐雙租補⭐陽台獨洗⭐流理台⭐小資秒殺,,14499,13.0,0.1,4,1,台中市,台中市西區五權七街,,透天厝,1房1廳1衛 - 2陽台,,有對外窗;陽台,https://www.rakuya.com.tw/rent/rent_item?ehid=0dc31b29206128d,ad3269d632cb5cd8917090c0472a455e.jpeg,0.0
2540,✨稀有可寵✨租屋補助✨獨洗凸窗✨請加賴✨,,6599,13.0,0.1,4,1,台中市,台中市中區中華路一段,,透天厝,1房1衛,,有對外窗;陽台,https://www.rakuya.com.tw/rent/rent_item?ehid=06558929031687a,73432b99e9a7c329f30ebfacd8d476a4.jpeg,4312.774662827702
2541,可寵✅電梯管理員✅超大間✅台水電✅獨洗✅子母車,,8999,14.0,0.0,2,1,台中市,台中市中區成功路,,電梯大廈,1房1衛,,有對外窗,https://www.rakuya.com.tw/rent/rent_item?ehid=0c2a63292302530,d570e7e2c72f918c797f6b8a839cc99e.jpeg,0.5083558379546568
2542,一中中友⭐可短租2個月⭐可租補⭐小資族超划算,,5199,10.0,0.1,2,1,台中市,台中市北區梅亭街,,透天厝,1房1廳1衛,,,https://www.rakuya.com.tw/rent/rent_item?ehid=000baa291468440,7ffe7568cc2b7fd904a602cf39b9deec.jpeg,1.4910853400778945
2543,整棟全新➕可雙租補➕可短租➕陽台獨洗➕子母車機車位,,9999,16.0,0.1,3,1,台中市,台中市東區進德北路,,電梯大廈,1房1廳1衛 - 1陽台,,有對外窗;陽台,https://www.rakuya.com.tw/rent/rent_item?ehid=022412291491213,67cb060a7a2cf16eec9005b595ce9560.jpeg,0.12824790210958692
2544,♡小資首選♡獨洗獨曬流理臺♡絕美採光♡秒殺套房,,6499,13.0,0.1,1,1,台中市,台中市西屯區四川路,,透天厝,1房1衛,,有對外窗,https://www.rakuya.com.tw/rent/rent_item?ehid=0d457e293385695,691509d0cf381e5b9192490c79de3926.jpeg,0.0
2545,近中國醫⛅可貓⛅陽台獨洗⛅子母車飲水機⛅租屋補助⛅,,10000,12.0,0.0,4,1,台中市,台中市西屯區中清路二段,,透天厝,1房1衛 - 1陽台,,有對外窗;陽台,https://www.rakuya.com.tw/rent/rent_item?ehid=05d15328791954d,346a9cb65a785f852e3d045138547a93.jpeg,0.1719893478609948
2546,北區秒殺電梯大套房✨可貓咪❗獨洗露臺沙發✨大採光✨,,9999,13.0,0.1,7,1,台中市,台中市北區武昌路,,電梯大廈,1房1衛 - 1陽台,,有對外窗;陽台,https://www.rakuya.com.tw/rent/rent_item?ehid=00b4c1293310298,2546f45f3ce31ca05719e895918fb122.jpeg,0.0
2547,租補♥️陽台獨洗✨可寵子母車✨乾濕分離♥️機車位,,12999,15.0,2.1,3,1,台中市,台中市西區樂群街,,公寓,1房1衛 - 1陽台,,,https://www.rakuya.com.tw/rent/rent_item?ehid=0d126729159767e,e7f53a9feddc59dc6de42c1389149d2b.jpeg,0.6046272226807606
2548,近逢甲大學✨陽台獨洗✨可租補✨可貓✨飲水機✨子母車,,11999,13.0,0.1,3,1,台中市,台中市西屯區西屯路二段上石北二巷,,華廈,1房1衛 - 1陽台,,有對外窗;陽台,https://www.rakuya.com.tw/rent/rent_item?ehid=006c2f29257230e,c4002b176bc3626c241bfe02c6904ad9.jpeg,0.0
2549,向上市場/勤美/雙租補.機車位.超新屋 /,,13490,12.0,0.1,1,0,台中市,台中市西區精誠二十四街,,透天厝,開放式格局,,有對外窗;陽台,https://www.rakuya.com.tw/rent/rent_item?ehid=0baa3829201657f,fdebc6cde3aee707016774b393c3d93c.jpeg,1.491242164377684
2550,⭐近一中⭐電梯⭐可雙租補⭐子母車⭐飲水機⭐陽台獨洗,,8999,12.0,0.1,3,1,台中市,台中市北區梅亭街,,透天厝,1房1衛 - 1陽台,,有對外窗;陽台,https://www.rakuya.com.tw/rent/rent_item?ehid=0b96d229305596e,9480f1939c0d417eb1dec4124d47332f.jpeg,1.3942036347865339
2551,電梯❤陽台獨洗❤衛浴窗❤機車位❤可租屋補助❤,,14000,15.0,0.1,2,1,台中市,台中市北屯區水湳路,,電梯大廈,1房1廳1衛 - 1陽台,,有對外窗;陽台,https://www.rakuya.com.tw/rent/rent_item?ehid=00be3329216430c,81556a284b3f8571e3eebbf18342a1c6.jpeg,0.9456591202670936
2552,♥️可租補報稅✨陽台獨洗✨飲水機✨網路,,10999,14.0,0.0,5,1,台中市,台中市北區山西路一段,,電梯大廈,1房1衛 - 1陽台,,,https://www.rakuya.com.tw/rent/rent_item?ehid=0e1d7b288556110,b83453b6bccea5c6e28e60bd3fa80bd1.jpeg,1.943646659148131
2553,教育大.全新完工.2房/合租首選,,17500,18.0,0.1,2,2,台中市,台中市中區中華路一段,,透天厝,2房1廳1衛 - 1陽台,,有對外窗;陽台,https://www.rakuya.com.tw/rent/rent_item?ehid=0152a1292008486,d44a65d4bdf0a551cafec6e77fbdcb25.jpeg,9.295264184353562e-06
2554,極度秒殺✨租補✨大空間✨機車位✨傢俱已換新,,11000,12.0,0.1,3,0,台中市,台中市西區精誠路,,公寓,開放式格局,,有對外窗,https://www.rakuya.com.tw/rent/rent_item?ehid=015e49274968681,8129c321a76178e527683baf21c68f67.jpeg,1.5061381474553894
2555,旱溪西路  樂業路 自由路 東光路  建成路,,6499,12.0,0.1,2,1,台中市,台中市東區旱溪西路一段,,透天厝,1房1廳1衛,,有對外窗;為邊間,https://www.rakuya.com.tw/rent/rent_item?ehid=0d1c1b288799343,146c7d6f67de94592687e09195d86c5c.jpeg,0.986349865769771
2556,✨近一中街✅超大空間✨含天然瓦斯✨子母車✨飲水機,,9000,12.0,4.7,2,1,台中市,台中市東區進化路,,透天厝,1房1衛,,有對外窗,https://www.rakuya.com.tw/rent/rent_item?ehid=013eb2224001142,bdd2cff71d1b0175c72467b0292e74e8.jpeg,0.0
2557,可租補⭐陽台獨洗⭐勤美小資⭐樓梯好爬⭐超秒殺,,8999,8.0,0.1,4,1,台中市,台中市西區模範街,,透天厝,1房1衛 - 1陽台,,有對外窗;陽台,https://www.rakuya.com.tw/rent/rent_item?ehid=026b9b29242536b,6407e62a3681132beb1cd0a1a07cbda2.jpeg,1.5311073852060058
2558,【秒殺正廣】全新完工@電梯免爬@可寵可租補@近東海,,6999,8.0,0.1,4,0,台中市,台中市龍井區遊園南路,,透天厝,開放式格局,,有對外窗,https://www.rakuya.com.tw/rent/rent_item?ehid=06b337292048062,7e76e78431f4ceca075b786d4e6357c5.jpeg,0.1815816193002793
2559,整棟全新➕可租補➕質感採光➕大露台獨洗➕衛浴開窗➕,,8999,15.0,0.1,2,1,台中市,台中市北屯區同榮路,,電梯大廈,1房1衛 - 1陽台,,有對外窗;陽台,https://www.rakuya.com.tw/rent/rent_item?ehid=0d742d29362616b,11795d6b486c93ed2343ea8746b35989.jpeg,0.16810975235332215
2560,中科世貿✨挑高樓中樓✨台電✨可租屋補助✨室內機車位,,14999,10.0,0.2,6,0,台中市,台中市龍井區新興路,,電梯大廈,開放式格局,,有對外窗;陽台,https://www.rakuya.com.tw/rent/rent_item?ehid=0c9fdd291369722,2d836f1b42cf44b4a8b17ce8bdba4992.jpeg,0.3320543664748975
2561,台電計✨獨洗獨曬✨小資首選✨女生專區,,5799,11.0,0.1,1,0,台中市,台中市西區五權西五街,,透天厝,開放式格局,,有對外窗,https://www.rakuya.com.tw/rent/rent_item?ehid=0297d6292537584,902f448ae941f178c1290910f5cb6264.jpeg,0.0
2562,❤近中國醫❤限女生❤獨洗獨曬❤可租屋補助❤子母車❤,,6499,10.0,2.8,4,1,台中市,台中市北區永興街,,電梯大廈,1房1廳1衛,,有對外窗;陽台,https://www.rakuya.com.tw/rent/rent_item?ehid=000681185264551,31e9895f1cdfdf52f8d7937bf8949e17.jpeg,1.8124964093922227
2563,聽著蕭邦的夜曲✨可租補✨出門一中✨陽台獨洗,,9999,13.0,0.1,3,1,台中市,台中市東區練武路,,透天厝,1房1衛 - 1陽台,,有對外窗;陽台,https://www.rakuya.com.tw/rent/rent_item?ehid=0a441d293055912,0d2b9e35ee59769fa9f0e6251cadb356.jpeg,1.465406261314195
2564,超新屋況✨貓咪喵喵✨室內機車✨陽台獨洗✨IG搶先看,,10499,14.0,0.1,3,1,台中市,台中市北屯區旅順路二段,,透天厝,1房1衛 - 1陽台,,有對外窗;陽台,https://www.rakuya.com.tw/rent/rent_item?ehid=0881a029189704d,7845f08a33dac5178e219b1f8fa978de.jpeg,1.719971700269771
2565,全新完工電梯透天☆可雙租補入戶籍☆獨洗陽台☆子母車,,12000,14.0,0.5,2,1,台中市,台中市南區民意街,,電梯大廈,1房1衛 - 1陽台,,,https://www.rakuya.com.tw/rent/rent_item?ehid=056861282730527,d909424104d74a5a7633da932ca131dd.jpeg,2.5440434125111353
2566,超讚全新✨中科台中醫院旁大空間別墅大露臺室內機車位,,20500,15.0,0.0,7,1,台中市,台中市西區三民路一段,,電梯大廈,1房1廳1衛 - 1陽台1廚房,,有對外窗;陽台,https://www.rakuya.com.tw/rent/rent_item?ehid=0763d0274419997,22f28efc0801c368b6c8a1f0c87f1879.jpeg,0.0
2567,快來喔✨秒殺系列1+1房1廳廚房✨陽台獨洗✨車位,,24000,17.0,0.0,3,1,台中市,台中市西屯區青海南街,,電梯大廈,1房1廳1衛 - 1室1陽台1廚房,,有對外窗;陽台,https://www.rakuya.com.tw/rent/rent_item?ehid=03386027495613a,93c231749ae6912fcf860df86c1c51b6.jpeg,0.7196191929897973
2568,整棟全新➕質感二房➕可貓可雙租補➕獨洗烘窗曬流理台,,18499,26.0,0.1,2,2,台中市,台中市北區青島路一段,,透天厝,2房1廳1衛 - 1廚房,,有對外窗,https://www.rakuya.com.tw/rent/rent_item?ehid=03db7b292453520,2b2e071bae8daf5b24d1310d00ac9e24.jpeg,0.9415309620098504
2569,北屯路極新套房✨蛇蛇聲威✨可雙租屋補助✨倒數滿租中,,9999,15.0,0.1,3,0,台中市,台中市北屯區北屯路,,電梯大廈,開放式格局,,有對外窗,https://www.rakuya.com.tw/rent/rent_item?ehid=08026229305403c,410a46b65c279cf2e24cc45ce12a7980.jpeg,0.12625956254199644
2570,代收包裹✨可雙租補✅乾溼分離✨獨洗窗曬✨IG搶先看,,12499,15.0,0.1,6,1,台中市,台中市北屯區綏遠路二段,,透天厝,1房1廳1衛,,有對外窗,https://www.rakuya.com.tw/rent/rent_item?ehid=07251329189027a,99a921a49c7a67901e37a5c84c608bc2.jpeg,2.183391284660345
2571,✨兩房大優惠✅可雙租補✨家具電全配❤️子母車管理員,,23999,40.0,0.1,9,2,台中市,台中市北屯區柳陽東街,,電梯大廈,2房2廳1衛 - 2陽台,,有對外窗;陽台,https://www.rakuya.com.tw/rent/rent_item?ehid=024d2d29109257b,ad339a1fd022a30981468d5afe783306.jpeg,0.698006745435097
2572,可貓寵報稅租補★電梯陽台獨洗★乾濕分離★74環線,,6300,10.0,3.8,5,1,台中市,台中市北屯區環中東路二段,,透天厝,1房1衛 - 1陽台,,有對外窗;陽台,https://www.rakuya.com.tw/rent/rent_item?ehid=0dbea3259621413,f35019048570f93114b9c6c1164f2e7c.jpeg,0.4141343947510969
2573,中溫馨電梯套房✨台水台電✨可租補✨可貓✨火速預約,,5799,8.0,0.1,4,0,台中市,台中市中區民族路,,電梯大廈,開放式格局,,有對外窗,https://www.rakuya.com.tw/rent/rent_item?ehid=05f235291506266,c462a14135908d734abb708bf4bf84f8.jpeg,1.698075629049817
2574,✅西區可寵✅全新完工|乾溼衛浴|科博館,,12499,12.0,0.0,5,1,台中市,台中市西區日盛街,,透天厝,1房1廳1衛 - 1陽台,,有對外窗;陽台,https://www.rakuya.com.tw/rent/rent_item?ehid=07f0de28039833b,cc69a5ba8722c6e3eaf76945d38fd54a.jpeg,1.1013823827235192
2575,小資大坪數✨租屋補助✅採光佳✨電梯上樓✨IG搶先看,,9499,14.0,0.0,2,1,台中市,台中市西區博館路,,電梯大廈,1房1衛,,有對外窗,https://www.rakuya.com.tw/rent/rent_item?ehid=057a7e291892636,86d3b4958786a7dd4da050131b483b78.jpeg,1.320273493164381
2576,新透天質感裝潢☆飲水機☆子母車☆可雙租補☆乾溼分離,,15000,19.0,0.5,2,1,台中市,台中市西屯區長安路二段,,透天厝,1房1衛,,,https://www.rakuya.com.tw/rent/rent_item?ehid=0a41b128030862c,542ef08073acd709479ada95dc725858.jpeg,0.7940783111369244
2577,❤️74環中❤️陽台獨洗❤️管理員機車位❤️可貓貓,,11999,12.0,3.5,2,1,台中市,台中市西屯區環中路三段,,電梯大廈,1房1衛 - 1陽台,,有對外窗,https://www.rakuya.com.tw/rent/rent_item?ehid=00197e289792774,afce4400fd9b6e5f1d61ce81e199a894.jpeg,0.62774437982311
2578,可補助加價/勤美旁/陽台獨洗/木質地板/好停車,,7999,12.0,1.1,4,1,台中市,台中市西區公益路,,透天厝,1房1廳1衛 - 1陽台,,有對外窗,https://www.rakuya.com.tw/rent/rent_item?ehid=0b6c6b198158670,b82ea0d09e6e2c4313025740b2422199.jpeg,0.0
2579,可貓⭐大間採光⭐獨洗衣⭐須爬梯,,6799,11.0,0.1,6,1,台中市,台中市北區榮華街,,公寓,1房1衛,,有對外窗,https://www.rakuya.com.tw/rent/rent_item?ehid=0ae396292448004,b34eb185c6fb3f88b5f697ab6a374969.jpeg,2.5022316798339053
2580,東海商圈✨可雙租補✨流理臺✨超大露臺,,12499,18.0,0.1,1,0,台中市,台中市龍井區新興路,,電梯大廈,開放式格局,,有對外窗;陽台,https://www.rakuya.com.tw/rent/rent_item?ehid=0abc5e292565451,006553b0238a81725a494e1cc8d6cbdd.jpeg,0.3390359137671343
2581,東海可貓貓✨租屋補助✨電梯✨機車位,,7500,8.0,0.1,7,1,台中市,台中市龍井區台灣大道五段,,電梯大廈,1房1衛,,有對外窗,https://www.rakuya.com.tw/rent/rent_item?ehid=06c5ec292559652,7dbc0153879fa78be8f547311a240a34.jpeg,0.15639543541407702
2582,✨漢口天津北平✨子母車✅可貓✨飲水機✨陽台獨洗✨,,9999,12.0,0.1,7,1,台中市,台中市北區武昌路,,電梯大廈,1房1衛 - 1陽台,,有對外窗;陽台,https://www.rakuya.com.tw/rent/rent_item?ehid=06c98d29346192d,ce31484dedcb8eb16b306ad93d24c52f.jpeg,0.0
2583,整棟新蓋✨陽台獨洗✨可租補✨機車位,,9999,13.0,0.0,3,0,台中市,台中市北屯區中清路二段,,電梯大廈,開放式格局,,有對外窗;陽台,https://www.rakuya.com.tw/rent/rent_item?ehid=0756a8255476470,6801b2099e39937882509ef65511e79a.jpeg,0.8520035047125272
2584,❤️逢甲全新完工❤️可貓❤️獨洗曬❤️可租補❤️,,7999,10.0,0.1,5,0,台中市,台中市西屯區福上巷,,公寓,開放式格局,,,https://www.rakuya.com.tw/rent/rent_item?ehid=04fc9229231035f,cd2aad82ea49979830df075e4507bea3.jpeg,1.7090537367842824
2585,真廣告❗️可貓可短租❗️附投影機透天樓梯,,8999,12.0,0.0,4,1,台中市,台中市中區市府路,,透天厝,1房1廳1衛,,有對外窗,https://www.rakuya.com.tw/rent/rent_item?ehid=0c2dd7286919595,062a87e6ba2dfb70ae00a9e679beef36.jpeg,0.08053161789380701
2586,採光陽台✨租屋補助✨機車位✨可家庭✨勤益科大,,7999,18.0,0.1,6,0,台中市,台中市太平區中山路二段,,電梯大廈,開放式格局,,有對外窗;陽台,https://www.rakuya.com.tw/rent/rent_item?ehid=015fe429251790b,f7d3021c8e9f00c273262d42917d5640.jpeg,0.3052610915761651
2587,走路到捷運站⭐變頻冷氣⭐有夠大間超值⭐室內機車位,,5999,12.0,0.1,3,1,台中市,台中市西屯區永昌三街,,透天厝,1房1廳1衛,,,https://www.rakuya.com.tw/rent/rent_item?ehid=0a650b292271298,153ff8b19a880bf104843ecdb59f91b2.jpeg,0.9422259694349358
2588,東方吉利~~✨戶籍可寵✨租屋補助✨陽台獨洗✨等你來,,23000,36.0,0.1,4,3,台中市,台中市北屯區昌平路二段,,電梯大廈,3房2廳2衛 - 2陽台1廚房,,有對外窗;陽台,https://www.rakuya.com.tw/rent/rent_item?ehid=03c496276165684,295ee914196bc83821b0ed522d78b4df.jpeg,1.5671413797712406
2589,近科博館✨正一房一廳✨可寵✨陽台獨洗✨,,12000,10.0,0.1,4,1,台中市,台中市北區華貴街,,公寓,1房1廳1衛 - 1陽台,,有對外窗;陽台,https://www.rakuya.com.tw/rent/rent_item?ehid=0ee76429301979f,e3fd143914124ce17fd9637e8f91ac35.jpeg,0.9654518229575539
2590,✨一層一戶✨近lalaport✨一房一廳✨陽台獨洗,,16000,20.0,4.0,2,1,台中市,台中市東區振興路,,透天厝,1房1廳1衛 - 1陽台1廚房,,有對外窗;陽台,https://www.rakuya.com.tw/rent/rent_item?ehid=022372211957706,9cc0f31ceaa286a50a6ba408a5cefd51.jpeg,1.600186981831159
2591,水湳中國醫✨雙租屋補助✨陽台獨洗✨機車位✨衛浴開窗,,11499,15.0,0.1,5,1,台中市,台中市北屯區華美西街二段,,電梯大廈,1房1衛 - 1陽台,,有對外窗;陽台,https://www.rakuya.com.tw/rent/rent_item?ehid=02ae48292311088,23c2ee8b337c1fa03803a5db569c2c56.jpeg,0.8430856724663461
2592,進科博館✨雙租補✨陽台獨洗✨乾溼分離✨流理台,,10799,13.0,0.1,4,1,台中市,台中市北區健行路,,透天厝,1房1廳1衛 - 1陽台,,有對外窗;陽台,https://www.rakuya.com.tw/rent/rent_item?ehid=05c59a292879014,33f5d64b20a5bc09864e1778851b8eee.jpeg,0.8246434527423052
2593,健身套房✨陽台獨洗✨採光佳✨木質地板✨,,6499,9.0,0.1,5,1,台中市,台中市北區榮華街,,公寓,1房1衛 - 1陽台,,有對外窗;陽台,https://www.rakuya.com.tw/rent/rent_item?ehid=03c1a0293381989,48923e2cf8903c5461505af5af1ae4f7.jpeg,2.5161345301961355
2594,整棟超新✔️陽台獨洗✔️高質感✔️興大✔️小資首選,,7000,8.0,0.1,3,1,台中市,台中市南區台中路,,電梯大廈,1房1衛 - 1陽台,,有對外窗;陽台,https://www.rakuya.com.tw/rent/rent_item?ehid=0cbc9f241329154,d8e47e263fefd0a1ac6721005e6cbf51.jpeg,0.04980437523789919
2595,✨勤美✨陽台獨洗✨租屋補助✨流理台✨加賴約看✨,,12999,15.0,0.1,2,1,台中市,台中市西區美村路一段,,透天厝,1房1衛 - 1陽台,,有對外窗;陽台,https://www.rakuya.com.tw/rent/rent_item?ehid=0f860129241735e,04f778f10478341154c8fcae29b59618.jpeg,0.9257450299418344
2596,✨快預約我帶你看✨可租補✨近一中商圈.旱溪夜市✨,,12999,13.0,0.1,3,1,台中市,台中市東區精武東路,,透天厝,1房1廳1衛 - 1陽台,,有對外窗;陽台,https://www.rakuya.com.tw/rent/rent_item?ehid=028ee229244338f,053930d062549d4fcc51c21eef483316.jpeg,0.5380892986536913
2597,✨經濟實惠✨可租補✨陽台獨洗✨衛浴開窗✨水湳商圈✨,,7499,12.0,0.1,3,1,台中市,台中市北區文昌一街,,透天厝,1房1衛 - 1陽台,,有對外窗;陽台,https://www.rakuya.com.tw/rent/rent_item?ehid=03e96229179850b,c8f946d155e4af85409051c27e85a811.jpeg,1.165782190295069
2598,整棟全新➕類一房一廳➕可貓可雙租補➕陽台獨洗子母車,,16999,18.5,0.1,5,1,台中市,台中市東區二聖街,,電梯大廈,1房1廳1衛 - 1陽台,,有對外窗;陽台,https://www.rakuya.com.tw/rent/rent_item?ehid=08b022292168998,67a591febc90dcb61df72175cc107dcb.jpeg,0.0
2599,陽台獨洗❤可租屋補助❤衛浴窗❤機車位❤秒殺❤,,10000,12.0,0.1,3,1,台中市,台中市北屯區水湳路,,電梯大廈,1房1廳1衛 - 1陽台,,有對外窗;陽台,https://www.rakuya.com.tw/rent/rent_item?ehid=02d77e29216410e,75c4d0a48276004fe757af6847f20583.jpeg,0.9832223412400223
2600,可雙租補⚡超美系統櫃⚡陽台獨洗⚡台水電⚡子母車,,12500,8.0,0.0,16,0,台中市,台中市北區忠太東路/麗園道,,電梯大廈,開放式格局,,有對外窗;陽台,https://www.rakuya.com.tw/rent/rent_item?ehid=0ec1c6281151117,c2c94d173f66d9ea3b207d95135f5b13.jpeg,0.0
2601,租屋補助⭐陽台⭐免爬高⭐小資價,,6499,11.0,0.0,2,1,台中市,台中市北屯區昌平路二段,,透天厝,1房1衛 - 1陽台,,有對外窗,https://www.rakuya.com.tw/rent/rent_item?ehid=02a12b293877311,b7bbe1cbd4b67d97f99ee426e705670b.jpeg,1.8135434899291332
2602,下樓一中⭐可租補⭐24H管理⭐小資價,,5199,8.7,0.1,6,1,台中市,台中市北區一中街,,電梯大廈,1房1衛,,有對外窗,https://www.rakuya.com.tw/rent/rent_item?ehid=0bd15a29193055f,ba89bc11c797ab2dea8dc95725b34c6a.jpeg,0.0
2603,東海商圈✨可租補✨室內機車位✨生活機能優✨子母車,,9999,8.0,0.1,2,0,台中市,台中市龍井區遊園南路,,電梯大廈,開放式格局,,,https://www.rakuya.com.tw/rent/rent_item?ehid=093dda29106129b,53ababbf5392aeb40f40ba7d698c5a3f.jpeg,0.17397971216416833
2604,電梯可雙租補✨流理台✨可掀床✨獨洗曬,,9999,8.0,0.1,3,1,台中市,台中市龍井區新興路,,電梯大廈,1房1衛,,有對外窗,https://www.rakuya.com.tw/rent/rent_item?ehid=04ece129206302e,3833526f25fe8362acbde67ab8b150f5.jpeg,0.34795942432833665
2605,東區小資秒殺房✨可租補❗電梯管理員✨近新時代✨,,5999,10.0,0.1,9,1,台中市,台中市東區台中路,,電梯大廈,1房1衛,,有對外窗,https://www.rakuya.com.tw/rent/rent_item?ehid=090cc4293314689,116187438c473ea635a86beef06ed343.jpeg,0.12478413512157398
2606,♥️近東海、工業區✨可租補✨子母車✨飲水機✨,,9999,13.0,0.1,2,1,台中市,台中市龍井區遊園南路,,電梯大廈,1房1衛,,,https://www.rakuya.com.tw/rent/rent_item?ehid=0927f9288837799,1f039def5c3de1df19167429951b6dcc.jpeg,0.17397971216416833
2607,♥️可租補寵物✨台電均價✨子母車✨流理台✨,,16999,19.0,0.0,10,1,台中市,台中市北屯區中清東一街,,電梯大廈,1房1衛,,,https://www.rakuya.com.tw/rent/rent_item?ehid=00576129043847a,645fc64e2d110ce7643ab323aa32b436.jpeg,0.7624066489987388
2608,♥️全新未住✨陽台獨洗✨可寵✨子母車✨,,6499,10.0,0.1,5,1,台中市,台中市龍井區遊園南路,,別墅,1房1衛 - 1陽台,,,https://www.rakuya.com.tw/rent/rent_item?ehid=0e2e0a290777161,60630c4c003340403a4f8dbfd1a8953d.jpeg,0.18323909395935237
2609,乾濕分離❤️✨陽台獨洗曬✨可寵✨,,12499,14.0,0.1,2,1,台中市,台中市西屯區環中路三段,,電梯大廈,1房1衛 - 1陽台,,,https://www.rakuya.com.tw/rent/rent_item?ehid=0ea19528470005b,b820f38827c8ad97809c42c5f820b503.jpeg,0.6247947553708618
2610,可雙租補⚡全新電梯套房⚡陽台獨洗⚡近水湳市場,,12999,16.0,0.0,2,1,台中市,台中市北屯區平德路,,電梯大廈,1房1衛 - 1陽台,,有對外窗;陽台,https://www.rakuya.com.tw/rent/rent_item?ehid=017f89287609153,d7ebafda2484cd9db99650cf61d4ff0b.jpeg,0.26518737836875467
2611,水湳經貿✨超新電梯✨大陽台獨洗✨租屋補助,,11499,15.0,0.0,3,0,台中市,台中市北屯區后庄北路,,電梯大廈,開放式格局,,有對外窗;陽台,https://www.rakuya.com.tw/rent/rent_item?ehid=0acb53255259260,19e5982b79a333d82eff9fb16055a201.jpeg,0.2083262740549092
2612,東海全新❤雙租補❤系統櫃❤陽台獨洗❤流理臺❤子母車,,9999,12.0,0.0,6,0,台中市,台中市龍井區新興路,,電梯大廈,開放式格局,,陽台,https://www.rakuya.com.tw/rent/rent_item?ehid=0f6943289445263,eccdcc3cef38ccf9869b7c52e7e4d712.jpeg,0.34795942432833665
2613,⭐近捷運站⭐大樓管理員⭐流理台大浴缸⭐設備齊全⭐,,8999,12.0,0.1,6,1,台中市,台中市北屯區瀋陽路二段,,電梯大廈,1房1衛,,有對外窗,https://www.rakuya.com.tw/rent/rent_item?ehid=0954ea286915059,1ee728589e501b11dc2cd0ace836de7f.jpeg,2.394808987117086
2614,文華高中★共洗獨曬★機車位★小資首選★子母車,,5999,10.0,0.1,2,1,台中市,台中市西屯區永昌三街,,透天厝,1房1廳1衛,,有對外窗,https://www.rakuya.com.tw/rent/rent_item?ehid=041987292738678,761d9538b48f08c2b76b3827c20f878a.jpeg,0.9422259694349358
2615,一中台體❤共洗獨曬❤可雙租屋補助❤可貓咪❤子母車,,5499,10.0,2.5,2,1,台中市,台中市東區富台街,,電梯大廈,1房1廳1衛,,有對外窗,https://www.rakuya.com.tw/rent/rent_item?ehid=069274188943600,892b12d104542ba48b3f63795c30a466.jpeg,0.0
2616,再收藏就出租✨租補電梯大套✨陽台獨洗曬子母車飲水機,,7599,9.0,0.1,4,0,台中市,台中市南區崇倫街,,電梯大廈,開放式格局,,有對外窗;陽台,https://www.rakuya.com.tw/rent/rent_item?ehid=0eeb0129192627a,9b4f89e3cd84e60e0518f8671cdbdd11.jpeg,0.5413786240484758
2617,旱溪/超新屋/可寵/共洗曬,,8500,11.5,0.1,4,0,台中市,台中市太平區旱溪東路一段,,透天厝,開放式格局,,有對外窗,https://www.rakuya.com.tw/rent/rent_item?ehid=05424129220540e,2b94fd6411c22ce347bf7cec12cb2db3.jpeg,0.5168958507354869
2618,逢甲/全新未住/機車位/免治馬桶.,,11500,12.0,0.0,3,0,台中市,台中市西屯區河南路二段,,透天厝,開放式格局,,有對外窗;陽台,https://www.rakuya.com.tw/rent/rent_item?ehid=05f0ff290675436,929dd620092bb2e296b8342c337d6709.jpeg,1.253857217338197
2619,精誠路❤租補✔陽台洗衣機✨,,8999,10.0,0.0,3,1,台中市,台中市西區精誠路,,透天厝,1房1衛 - 1陽台,,有對外窗,https://www.rakuya.com.tw/rent/rent_item?ehid=075baf28532242e,eecfc00f638db8558c4e8ab5f2e10cd9.jpeg,1.5421804826664043
2620,一盞離愁孤單佇立在窗口✨家庭小孩✨多間選✨陽台獨洗,,7999,10.5,0.1,5,1,台中市,台中市北區太平路,,電梯大廈,1房1衛 - 1陽台,,有對外窗;陽台,https://www.rakuya.com.tw/rent/rent_item?ehid=0a5d23293239275,50af348dbc3b5d982864ba416b3b8ef6.jpeg,1.331305897710098
2621,近勤美綠園道✨台水台電✨電梯套房✨可租補✨,,13000,10.0,0.1,6,1,台中市,台中市西區向上路一段,,電梯大廈,1房1衛 - 1陽台,,有對外窗;陽台,https://www.rakuya.com.tw/rent/rent_item?ehid=09b3d128953148a,edfa567cb23363c91c79579a6c3774c8.jpeg,1.4975722366488404
2622,❤️全新完工可養貓❤️租補/乾溼衛浴+開窗/汽車位,,10999,14.0,0.1,5,1,台中市,台中市東區振興路,,電梯大廈,1房1衛,,有對外窗,https://www.rakuya.com.tw/rent/rent_item?ehid=003645292008007,f05221510afe4898f25f763bd3fb3fe9.jpeg,1.6703367091009986
2623,貓咪喵喵✨可租補✅電梯上樓✨汽機車好停✨IG搶先看,,7799,10.0,0.1,3,1,台中市,台中市北屯區環中東路二段,,電梯大廈,1房1衛 - 1陽台,,有對外窗,https://www.rakuya.com.tw/rent/rent_item?ehid=0944be291804650,fa97e18359502fc27f054305e11b1a73.jpeg,0.4034805102521117
2624,可寵電梯❤️租補❤️流理台❤️陽台洗曬❤️乾濕分離,,13499,15.0,0.1,5,1,台中市,台中市北區成功路,,透天厝,1房1衛 - 1陽台,,有對外窗;陽台,https://www.rakuya.com.tw/rent/rent_item?ehid=01ce87290929249,bb61363f0b84eed49ffdb590447a5b55.jpeg,0.12194032288278452
2625,電梯管理員✨陽台獨洗✨流理台✨系統裝潢✨子母車,,13799,13.0,0.0,10,0,台中市,台中市西區民權路,,電梯大廈,開放式格局,,有對外窗;陽台,https://www.rakuya.com.tw/rent/rent_item?ehid=07b7e627411438a,e3074f8ea2bb1a0d55f058b262209059.jpeg,1.3954475188668105
2626,陽台獨洗獨曬☆乾溼分離☆流理台☆子母車☆飲水機,,12000,14.0,5.4,2,1,台中市,台中市西屯區太原路一段,,公寓,1房1衛 - 1陽台,,有對外窗;陽台,https://www.rakuya.com.tw/rent/rent_item?ehid=0e43cb277545859,acfac09a9e7cc433e5bf51de1a98864c.jpeg,1.2048683032474312
2627,近逢甲⭐️超新電梯別墅⭐️多間可選請私訊,,11499,13.0,0.0,8,1,台中市,台中市西屯區河南路二段,,電梯大廈,1房1廳1衛 - 1陽台1廚房,,有對外窗;陽台,https://www.rakuya.com.tw/rent/rent_item?ehid=00abe1286915501,f32e2ac13b9738d6d4d0808441c3982c.jpeg,1.253869874828139
2628,可補助♥報稅♥戶籍♥電梯陽台獨洗♥汽機車位,,7999,15.0,3.9,6,1,台中市,台中市東區東光園路,,電梯大廈,1房1廳1衛 - 1陽台,,有對外窗;陽台,https://www.rakuya.com.tw/rent/rent_item?ehid=0af59e257600338,f24f7b14d85825e520313742cc758cff.jpeg,0.0
2629,公益路✨可寵一房一廳✔CP高,,8000,10.8,2.1,3,1,台中市,台中市西區公益路,,透天厝,1房1衛,,有對外窗,https://www.rakuya.com.tw/rent/rent_item?ehid=08b2d2208969046,4f6a17bb07b861937c1dff1e9b79e0ef.jpeg,0.0
2630,秒殺❤可寵物❤走路逢甲❤精美套房❤機車位❤子母車❤,,6999,10.0,2.9,3,1,台中市,台中市西屯區福上巷,,透天厝,1房1衛,,有對外窗,https://www.rakuya.com.tw/rent/rent_item?ehid=0135db25376636d,a70973e9ae088754cfd09149c1cb7223.jpeg,1.7369578897638145
2631,秒殺全新❤精美兩房一廳❤平面車位❤機車位❤子母車,,20999,30.0,2.0,7,2,台中市,台中市北屯區環太東路,,電梯大廈,2房1廳1衛 - 1室1陽台1廚房,,有對外窗;陽台,https://www.rakuya.com.tw/rent/rent_item?ehid=07b90a253213233,f9fb4b106f4905677c92f4242120eadd.jpeg,0.17180315398813895
2632,秒殺❤獨洗曬陽台❤電梯精美套房❤忠孝商圈❤子母車,,6999,10.0,4.8,3,1,台中市,台中市南區台中路,,電梯大廈,1房1衛 - 1室1陽台,,有對外窗;陽台,https://www.rakuya.com.tw/rent/rent_item?ehid=059cf1186463892,6b8453ec749d69912a44247113513294.jpeg,0.04980524415093375
2633,♥️全新完工✨可租補✨可寵✨獨洗陽台✨乾濕分離♥️,,12999,15.0,0.0,3,1,台中市,台中市北屯區新興路,,電梯大廈,1房1衛 - 1陽台,,,https://www.rakuya.com.tw/rent/rent_item?ehid=06bae028603337a,ad585958f1f831810fb5147edf22d6ad.jpeg,0.14175470770984339
2634,整棟新蓋✨陽台獨洗流理台✨雙租屋補助✨可貓✨機車位,,15999,18.0,0.1,3,1,台中市,台中市北區漢口路三段,,電梯大廈,1房1衛 - 1陽台,,,https://www.rakuya.com.tw/rent/rent_item?ehid=0f88f5293385305,c8cedbfc9642107a5e3c94bf8d63038e.jpeg,0.8118722011392612
2635,全新秒殺可租補✨陽台獨洗流理台✨貓奴首選✨可短租,,10999,16.0,0.1,5,1,台中市,台中市北區衛道路,,透天厝,1房1衛 - 1陽台,,,https://www.rakuya.com.tw/rent/rent_item?ehid=07f39d29150584f,1479c9770347a1797edf266dc84d7a69.jpeg,0.0
2636,租補❤️很大間❤️獨洗窗曬❤️機車位❤️飲水機,,7499,10.0,0.1,2,1,台中市,台中市龍井區新興路,,透天厝,1房1衛,,有對外窗,https://www.rakuya.com.tw/rent/rent_item?ehid=0c07f5292277363,7c14568c079cf45c77c9f3c0352ff758.jpeg,0.36012689020589067
2637,陽台獨洗❤️可戶籍✨可租補✨飲水機✨子母車✨可竉✨,,11799,12.0,0.1,1,1,台中市,台中市西屯區安林路,,電梯大廈,1房1廳1衛 - 1陽台,,,https://www.rakuya.com.tw/rent/rent_item?ehid=00f92628883863d,8e3b8c31c2ada79cbae84c9a88038961.jpeg,0.09361358978089097
2638,可雙租補可貓咪✨全新裝潢陽台獨洗曬✨近中科.東海,,14000,12.0,0.4,3,1,台中市,台中市龍井區台灣大道五段,,電梯大廈,1房1廳1衛 - 1陽台,,有對外窗;陽台,https://www.rakuya.com.tw/rent/rent_item?ehid=0bfefd291809852,5d004e098d3046945ff819afee5dfb1e.jpeg,0.14533891433831975
2639,✨台水台電✨類一房一廳✨衛浴窗✨大面採光✨獨洗曬,,15499,17.0,0.0,3,0,台中市,台中市西屯區文華路,,公寓,開放式格局,,有對外窗,https://www.rakuya.com.tw/rent/rent_item?ehid=08284c28006029b,e09a369ae7e1ff9e26f742ea7151c39a.jpeg,1.8015890479524468
2640,近逢甲✨陽台獨洗✨流理台✨騎樓機車位✨衛浴開窗,,10499,10.0,0.0,3,0,台中市,台中市西屯區福上巷龍欣二弄,,透天厝,開放式格局,,有對外窗;陽台,https://www.rakuya.com.tw/rent/rent_item?ehid=00a402274135877,838d63ace3243173cbab20d5b43acbd9.jpeg,1.5736752567985492
2641,超新東海中科❤️陽台獨洗❤️分離式冷氣子母車,,8999,10.0,2.4,6,1,台中市,台中市龍井區新興路,,電梯大廈,1房1衛 - 1陽台,,有對外窗;陽台,https://www.rakuya.com.tw/rent/rent_item?ehid=0190e8290367616,a73a818f823ba41e818488592dde85de.jpeg,0.3523258282854057
2642,特殊優惠請私✅近逢甲✅陽台獨洗✅可租汽車位,,13499,15.0,0.0,3,1,台中市,台中市西屯區西屯路二段,,電梯大廈,1房1廳1衛 - 1陽台,,有對外窗;陽台,https://www.rakuya.com.tw/rent/rent_item?ehid=02c1bd279214810,98238ca21f5253783ba14f6eb3eadfeb.jpeg,0.9582397026536925
2643,【近中科】採光明亮2房 ★好友兼室友 ★快來預約,,11199,16.0,0.1,3,0,台中市,台中市龍井區國際街,,透天厝,開放式格局,,有對外窗,https://www.rakuya.com.tw/rent/rent_item?ehid=0f722d29297990d,413a13e7819d92829e74a1f5a346ea52.jpeg,0.3286576596572574
2644,整棟全新大坪數✨租補|大面採光|中興大教育大,,11999,17.0,0.0,7,1,台中市,台中市西區五權路,,電梯大廈,1房1廳1衛 - 1陽台,,有對外窗;陽台,https://www.rakuya.com.tw/rent/rent_item?ehid=038bcf285634906,2e2b7340493936f2009852191cc2a322.jpeg,0.0
2645,全新完工電梯透天☆可租補☆可貓☆飲水機☆子母車,,11000,14.0,0.4,6,1,台中市,台中市北區雙十路二段,,電梯大廈,1房1衛 - 1陽台,,有對外窗;陽台,https://www.rakuya.com.tw/rent/rent_item?ehid=0c5c27285185859,6a6f951a725c9d14869da30a375343a3.jpeg,0.891688837951722
2646,台中二中✨租屋補助✨管理員✨獨洗曬✨子母車,,7499,11.0,0.1,7,1,台中市,台中市西區篤行路,,電梯大廈,1房1衛 - 1陽台,,有對外窗;陽台,https://www.rakuya.com.tw/rent/rent_item?ehid=0d523a29149851a,d9b9b187f50356125837bec03c39845b.jpeg,1.426102485215327
2647,全新未住⭐寵物的家⭐雙租補⭐陽台獨洗⭐子母車⭐秒殺,,11999,11.0,0.0,4,1,台中市,台中市北區英才路,,透天厝,1房1衛 - 1陽台,,,https://www.rakuya.com.tw/rent/rent_item?ehid=0655ba29324643f,59f91627304e4a59f4884b5c784c841b.jpeg,0.38151286339637075
2648,✨小資首選✨租屋補助✨獨洗流理台✨加賴約看✨,,7499,13.0,0.1,4,1,台中市,台中市北屯區松山街,,透天厝,1房1衛,,有對外窗;陽台,https://www.rakuya.com.tw/rent/rent_item?ehid=0b566a29297549a,169615fa465ba52e736514b6968b93f9.jpeg,0.5659136846092567
2649,❤小資首選❤室內機車❤變頻冷氣❤新光遠百❤衛浴開窗,,5999,11.0,0.1,3,0,台中市,台中市西屯區永昌三街,,透天厝,開放式格局,,有對外窗,https://www.rakuya.com.tw/rent/rent_item?ehid=0bb3ac292571719,3a3736cefd386935c2ca7502fa288cab.jpeg,0.9422259694349358
2650,台中科大民生校區⭐可租補加價⭐陽台獨洗曬⭐設備齊全,,11499,15.0,0.1,6,1,台中市,台中市西區三民路一段,,電梯大廈,1房,,有對外窗;陽台,https://www.rakuya.com.tw/rent/rent_item?ehid=0a09a029315840a,c6c46e2f0792aac62d633cf6968596ef.jpeg,0.0
2651,新裝潢透天☆可租補報稅☆陽台獨洗曬☆子母車☆飲水機,,17000,20.0,3.4,5,1,台中市,台中市西屯區台灣大道三段,,透天厝,1房1衛 - 1陽台,,有對外窗,https://www.rakuya.com.tw/rent/rent_item?ehid=042b36278088661,d1cde5356f4a2456791143218f26f134.jpeg,1.0514594348883202
2652,可雙租補⚡近一中商圈⚡中華夜市,,7799,11.0,0.0,4,1,台中市,台中市北區原子街,,電梯大廈,1房1衛,,有對外窗,https://www.rakuya.com.tw/rent/rent_item?ehid=01b54728451872c,fa663bc6b05778ae1d7057bfff5d2964.jpeg,1.0414712663106538
2653,中港轉運站❤️極新套房❤️陽台獨洗❤️,,9499,11.0,0.0,2,0,台中市,台中市西屯區台灣大道三段,,透天厝,開放式格局,,有對外窗;陽台,https://www.rakuya.com.tw/rent/rent_item?ehid=0924b7278698024,95f8f75bd176559c1f781563bb13a8b9.jpeg,1.1242328835733062
2654,東海超新電梯⭐雙租補獨洗窗曬⭐流理台⭐子母車飲水機,,9999,10.0,0.1,3,1,台中市,台中市龍井區新興路,,電梯大廈,1房1衛,,有對外窗;陽台,https://www.rakuya.com.tw/rent/rent_item?ehid=000b4c269986678,286ffd0b66541ab17f47c9c5dcf6ef02.jpeg,0.34795942432833665
2655,✨類一房一廳✨陽台獨洗✨乾溼分離✨加賴約看✨,,12499,15.0,0.1,2,1,台中市,台中市北區衛道路,,透天厝,1房1衛 - 1陽台,,有對外窗;陽台,https://www.rakuya.com.tw/rent/rent_item?ehid=0389e029284292d,de34b48d30c890bcfcc76aca2044a577.jpeg,0.0
2656,✅整棟極新電梯套房✅陽台獨洗|近火車站 中興大|,,8499,10.0,0.0,5,1,台中市,台中市東區建成路,,透天厝,1房1衛 - 1陽台,,有對外窗;陽台,https://www.rakuya.com.tw/rent/rent_item?ehid=034abe28101810c,424e3874b233c68ceb7b5e784ed3da22.jpeg,0.04155495743484419
2657,北歐質感✨可雙租補✅乖寵的家✨代收包裹✨IG搶先看,,14499,15.0,0.1,7,1,台中市,台中市北區北屯路,,電梯大廈,1房1衛,,有對外窗,https://www.rakuya.com.tw/rent/rent_item?ehid=09ba4e291892276,7698c9e98a01a56ec0c82d329f8b81a4.jpeg,0.12095200361275703
2658,可租補❤️乾淨明亮❤️獨洗❤️機車位❤️子母車,,7499,9.0,0.1,4,1,台中市,台中市北屯區松山街,,透天厝,1房1衛,,有對外窗,https://www.rakuya.com.tw/rent/rent_item?ehid=03c21d292953502,e046b08f02f4cbe5da115fcd42c57250.jpeg,0.5659136846092567
2659,✨可雙租補✨子母車✨飲水機✨獨洗✨乾濕分離,,14399,17.0,0.3,3,1,台中市,台中市西屯區中工三路,,電梯大廈,1房1衛 - 1陽台,,,https://www.rakuya.com.tw/rent/rent_item?ehid=08bb9e28709233f,c1622b9b7a1e6ca66197178e3487687e.jpeg,0.4889539035397615
2660,⭐️近水湳市場⭐️可租補⭐️陽台獨洗⭐️設備齊全⭐,,9500,13.0,0.11,1,1,台中市,台中市北屯區水湳路,,透天厝,1房1衛 - 1陽台,,有對外窗;陽台,https://www.rakuya.com.tw/rent/rent_item?ehid=0ad49728651639d,68a2e2a4a5f09b9e1a4f48fafd388cf9.jpeg,0.9891925908314919
2661,可租補｜陽台獨洗｜衛浴開窗｜電梯｜子母車,,12000,12.0,0.1,5,1,台中市,台中市北屯區中清路二段,,透天厝,1房1衛 - 1陽台,,,https://www.rakuya.com.tw/rent/rent_item?ehid=096234292573857,3af77ed12281e85078e1d765b7e72158.jpeg,0.8340647301155482
2662,逢甲僑光/機車位/汽車位可租.,,12500,13.0,0.0,7,0,台中市,台中市西屯區西屯路二段,,透天厝,開放式格局,,有對外窗;陽台,https://www.rakuya.com.tw/rent/rent_item?ehid=042d58290675354,9b4198c8aa43451274e4694788671b04.jpeg,0.9667277866244344
2663,❤️東海中科❤️系統裝潢室內機車位❤️可租補,,6800,7.0,1.4,5,1,台中市,台中市龍井區新興路,,電梯大廈,1房1衛,,有對外窗,https://www.rakuya.com.tw/rent/rent_item?ehid=0639f0283002614,a980af26be1acd00536204028e4a0bed.jpeg,0.3644466547811394
2664,喜歡我外衣✨雙租補生活機能佳大空間,,12500,12.0,0.0,6,0,台中市,台中市龍井區新興路,,電梯大廈,開放式格局,,有對外窗;陽台,https://www.rakuya.com.tw/rent/rent_item?ehid=0f4ab6275412406,82222f34a688ee5c89a567811b9837c5.jpeg,0.33903279090035277
2665,一中台體✨租屋補助✨可貓獨洗曬✨子母車✨,,8599,12.0,0.1,4,1,台中市,台中市北區進化路,,電梯大廈,1房1衛,,有對外窗,https://www.rakuya.com.tw/rent/rent_item?ehid=0f7d4a293055501,08b3c4a8c4c38831a06a9561367fa64e.jpeg,0.0
2666,全新完工⚡有電梯⚡陽台獨洗曬⚡飲水機⚡子母車可租補,,13500,12.0,0.1,6,0,台中市,台中市北屯區中清路二段,,透天厝,開放式格局,,有對外窗;陽台,https://www.rakuya.com.tw/rent/rent_item?ehid=088d38286672446,71497f626e9573160a4df40f81612921.jpeg,0.8228501741824853
2667,全新完工✨雙租屋補助✨超新電梯✨水湳經貿,,10999,15.0,0.1,5,0,台中市,台中市北屯區華美西街二段,,電梯大廈,開放式格局,,有對外窗;陽台,https://www.rakuya.com.tw/rent/rent_item?ehid=072e85292563581,5c822dc8bfef8baa55ed925e9d2a5904.jpeg,0.8474574710094531
2668,英才路✨可寵❤台水台電✔租補,,13500,10.0,0.0,4,1,台中市,台中市西區英才路,,電梯大廈,1房1衛 - 1陽台,,有對外窗,https://www.rakuya.com.tw/rent/rent_item?ehid=0fa486290722564,5be41cbdbc33024e44a10e618d34c804.jpeg,1.4095029821468943
2669,美術館✔️洗衣機❤全新整理台水台電,,13999,12.8,1.8,3,1,台中市,台中市西區五權路,,透天厝,1房1廳1衛 - 1陽台,,有對外窗;陽台,https://www.rakuya.com.tw/rent/rent_item?ehid=02ab50220560404,9de5686285e0e1071dabf568b69a1831.jpeg,0.0
2670,一中中友/一層一戶/雙租補/流理臺/機車位半年約,,12999,13.0,0.0,1,0,台中市,台中市北區大德街,,透天厝,開放式格局,,有對外窗;陽台,https://www.rakuya.com.tw/rent/rent_item?ehid=009ae0290675917,a0d3437816049acd0256eaba56ba341b.jpeg,1.0048190845826994
2671,小資首選✨租屋補助✅室內機車✨陽台獨洗✨IG搶先看,,7499,13.0,0.1,2,1,台中市,台中市中區成功路,,公寓,1房1衛 - 1陽台,,有對外窗,https://www.rakuya.com.tw/rent/rent_item?ehid=00d543291895981,f78938b6f57c6ce175e063aa2cc78798.jpeg,0.5196116558684993
2672,可租補✅近中台科大✅陽台獨洗✅超新電梯✅質感套房,,11999,12.0,0.0,3,1,台中市,台中市北屯區建和路二段,,電梯大廈,1房1衛 - 1陽台,,有對外窗;陽台,https://www.rakuya.com.tw/rent/rent_item?ehid=0271d5279634292,efdb95d91e94dd6002c8a3b96d29fa63.jpeg,0.5625368240895466
2673,⭐️近東海商圈⭐️設備齊全⭐️可租汽車位⭐️採光佳,,7499,13.0,0.11,1,1,台中市,台中市西屯區福中九街,,華廈,1房1衛,,有對外窗,https://www.rakuya.com.tw/rent/rent_item?ehid=031a70286552266,4c9bf2a407a1555eb9ed3ad8760803af.jpeg,0.6039842415738795
2674,限女❤可寵❤台電❤超新❤陽台獨洗❤電梯管理員,,6499,10.0,0.1,8,1,台中市,台中市西屯區櫻城三街,,電梯大廈,1房1廳1衛 - 1陽台,,有對外窗;陽台,https://www.rakuya.com.tw/rent/rent_item?ehid=034763292002950,043e9caadbb1b8a3629e3cd01b971ce0.jpeg,1.6554343288556348
2675,可貓⭐陽台獨洗⭐可租補⭐新光逢甲,,6499,9.5,0.1,5,1,台中市,台中市西屯區大弘街,,公寓,1房1衛 - 1陽台,,有對外窗,https://www.rakuya.com.tw/rent/rent_item?ehid=0fb92029099849b,f93e64c4f2363278f089fa785e469374.jpeg,1.2041426174471728
2676,北屯⛅兩房兩廳一衛兩陽台⛅可租補⛅可貓⛅好市多⛅,,24000,37.0,2.1,7,2,台中市,台中市北屯區敦富十街,,電梯大廈,2房2廳1衛 - 2陽台,,有對外窗;陽台,https://www.rakuya.com.tw/rent/rent_item?ehid=053b7f29187935b,3c98846c96de4174c3f68b5879ace4c0.jpeg,0.19183840814371314
2677,永興街⛅採光好⛅獨洗窗曬⛅子母車⛅小資首選,,6499,8.0,0.1,3,1,台中市,台中市北區永興街,,透天厝,1房1衛,,有對外窗,https://www.rakuya.com.tw/rent/rent_item?ehid=04d3f1293321510,054d40837499f9d874bde2e9155f6210.jpeg,1.8124964093922227
2678,近文心森林公園✨獨洗獨曬✨可貓寵✨可租補✨超大空間,,10999,11.0,0.1,3,1,台中市,台中市西區精誠路,,透天厝,1房1衛 - 1陽台,,有對外窗;陽台,https://www.rakuya.com.tw/rent/rent_item?ehid=0146b729272520f,714e8b7bcfe3c2867fb1498939e83a30.jpeg,1.506154113209376
2679,雙租屋補助✨可寵秒殺✨獨洗窗曬✨子母車,,13499,16.0,0.0,3,1,台中市,台中市南屯區大昌街,,電梯大廈,1房1廳1.5衛,,有對外窗,https://www.rakuya.com.tw/rent/rent_item?ehid=04191c251578551,17aaaa80d6f1b668e24d31ec5ca8f14f.jpeg,1.3269411513701435
2680,可貓❤️台水電❤️雙租補❤️獨洗窗曬❤️子母車❤️,,12999,10.0,0.1,7,1,台中市,台中市西屯區逢甲路,,電梯大廈,1房1廳1衛 - 1室,,,https://www.rakuya.com.tw/rent/rent_item?ehid=0dff43291258988,ba0e79fd0410066e6874df3974875b3f.jpeg,1.541944065496868
2681,秒殺西屯可租補兩房超便宜@獨洗陽台@電梯管理員,,16500,25.0,0.1,3,2,台中市,台中市西屯區西屯路二段上石北二巷,,電梯大廈,2房1廳2衛 - 1陽台1廚房,,有對外窗;陽台,https://www.rakuya.com.tw/rent/rent_item?ehid=0bafb2288609825,ebd7cb8b66066b4f25c942f24fcc25a3.jpeg,0.0
2682,科博館❤一房一廳❤可寵物❤流理臺❤子母車,,12499,15.0,0.0,4,1,台中市,台中市北區華貴街,,公寓,1房1廳1衛 - 1陽台,,有對外窗;陽台,https://www.rakuya.com.tw/rent/rent_item?ehid=05dfec242419991,0bf55cf95428929ba4d2c9a5b48c2d83.jpeg,0.9609246470199921
2683,電梯透天☆可租補☆子母車☆陽台獨洗曬☆機車位,,9500,12.0,1.3,1,1,台中市,台中市南區懷寧街,,電梯大廈,1房1衛 - 1陽台,,有對外窗;陽台,https://www.rakuya.com.tw/rent/rent_item?ehid=023e71281360123,9f54d55c5172b7fb4836c4e3c1a2c0d4.jpeg,0.5381047662966053
2684,近科博館✨兩房一廳✨台水電✨可租補✨,,16000,20.0,0.1,2,2,台中市,台中市北區華中街,,公寓,2房1廳1衛,,有對外窗,https://www.rakuya.com.tw/rent/rent_item?ehid=05cd72292630321,7eae7b5ae3a5980a76e2d124b553e138.jpeg,1.7311028090674927
2685,水湳中國醫⭐租補⭐陽台獨洗⭐小資⭐子母車飲水機,,9500,10.0,0.1,1,1,台中市,台中市北屯區水湳路,,電梯大廈,1房1衛 - 1陽台,,有對外窗;陽台,https://www.rakuya.com.tw/rent/rent_item?ehid=03963e29179982c,b5c3913128851821413d0edc32fc5c80.jpeg,0.9891925908314919
2686,可租補⚡有電梯⚡大陽台獨洗曬⚡飲水機⚡子母車,,10500,10.0,0.1,5,0,台中市,台中市北區梅亭街,,透天厝,開放式格局,,有對外窗;陽台,https://www.rakuya.com.tw/rent/rent_item?ehid=065862293415714,f47fd3b8596decab34f8211974ece290.jpeg,1.3690426594173004
2687,中國醫僑光逢甲✅全新未住電梯陽台乾濕分離✅機車位,,12000,14.0,0.0,3,1,台中市,台中市北屯區中清路二段,,電梯大廈,1房1衛 - 1陽台,,有對外窗;陽台,https://www.rakuya.com.tw/rent/rent_item?ehid=09efa9276629449,8a9f3a2cf5fb05b9c5a600abaf930e19.jpeg,0.8340647301155482
2688,南區可雙租補整棟全新間間採光獨洗曬,,11500,12.0,0.1,4,1,台中市,台中市南區新和街,,透天厝,1房1衛 - 1陽台,,有對外窗,https://www.rakuya.com.tw/rent/rent_item?ehid=0fc2fa289140633,a04bbbac54b33ffd4718c15eafa322d0.jpeg,0.04303410106308944
2689,電梯兩房一廳❤️陽台獨洗曬❤️可租補❤️平面車位,,22499,24.0,0.1,10,2,台中市,台中市太平區立智街,,電梯大廈,2房1廳1衛 - 1陽台1廚房,,有對外窗;陽台,https://www.rakuya.com.tw/rent/rent_item?ehid=038eff292065809,06fdeed572192b202da509019f69dfa4.jpeg,0.435353251510855
2690,可貓補助報稅/陽台獨洗/旱溪夜市/室內機車位,,9499,13.0,0.6,5,1,台中市,台中市北屯區東山路一段,,電梯大廈,1房1衛 - 1陽台,,,https://www.rakuya.com.tw/rent/rent_item?ehid=089e8719990727f,1e0835f03dbe29ef1855e1e32a05afd4.jpeg,0.6321309452120369
2691,近一中⭐電梯⭐可貓⭐可租補⭐獨洗曬⭐子母車⭐飲水機,,8599,11.0,0.1,4,1,台中市,台中市北區進化路,,電梯大廈,1房1衛,,有對外窗,https://www.rakuya.com.tw/rent/rent_item?ehid=0f6f87293055946,9a33ff1a5f37a57ffcf8213aef27ce92.jpeg,0.0
2692,秒殺可貓❤可租屋補助❤陽台獨洗❤乾溼分離❤子母車,,6299,10.0,0.0,5,0,台中市,台中市北屯區環中東路二段,,電梯大廈,開放式格局,,陽台,https://www.rakuya.com.tw/rent/rent_item?ehid=086df0288374775,698b0d45083ed5358de86c222748d0fc.jpeg,0.41414251269042157
2693,⭐免仲介費➕首月免租金⭐全新完工⭐獨洗曬⭐可寵⭐,,10499,14.0,0.11,4,1,台中市,台中市北屯區安順二街,,透天厝,1房1衛,,有對外窗,https://www.rakuya.com.tw/rent/rent_item?ehid=02d71828654699c,d02aca3d287bdc625ab0fe576ccf5729.jpeg,2.3387661165737232
2694,水湳中國醫.逢甲/電梯超新屋,,8999,12.0,0.1,2,0,台中市,台中市北屯區中平路,,透天厝,開放式格局,,有對外窗;陽台,https://www.rakuya.com.tw/rent/rent_item?ehid=0c0b0b292185930,995326aa3974e68c74bf35866b0f6160.jpeg,0.22347523965531446
2695,水湳中國醫✨租屋補助✅系統櫃✨陽台獨洗✨IG搶先看,,9499,13.0,0.0,3,1,台中市,台中市北屯區雷中街,,電梯大廈,1房1衛 - 1陽台,,有對外窗,https://www.rakuya.com.tw/rent/rent_item?ehid=0f932d293241614,95a941b65673be72ae1d9d98b0131f62.jpeg,0.38507976883961115
2696,走路崇德文心站⭐️可雙租補⭐️可短租⭐️整棟全新,,10499,15.0,2.8,5,1,台中市,台中市北屯區遼陽四街,,電梯大廈,1房1廳1衛 - 1陽台,,陽台,https://www.rakuya.com.tw/rent/rent_item?ehid=02aefa291467711,002a6d1922adac20fa97fe97f470f020.jpeg,2.58094603988757
2697,全新完工電梯透天☆可雙租補入戶籍☆子母車☆獨洗陽台,,11000,13.0,0.5,3,1,台中市,台中市南區民意街,,電梯大廈,1房1衛 - 1陽台,,,https://www.rakuya.com.tw/rent/rent_item?ehid=05852628273064a,06e697d3990bae722e0582a2b2ecf743.jpeg,2.5698727920681383
2698,新透天質感裝潢☆子母車☆飲水機☆可雙租補☆乾溼分離,,17000,22.0,0.5,2,1,台中市,台中市西屯區長安路二段,,透天厝,1房1衛 - 1陽台,,有對外窗;陽台,https://www.rakuya.com.tw/rent/rent_item?ehid=00bd9d28030890f,f8dbc2042a3430666fec2eba47415305.jpeg,0.7829818033821387
2699,❤️公益V精誠蛋黃區❤️獨洗窗曬❤️可租補健身爬梯,,5499,7.0,10.3,5,1,台中市,台中市西區精美街,,透天厝,1房1衛,,有對外窗,https://www.rakuya.com.tw/rent/rent_item?ehid=06fdc5286036501,4e5781a0b6fb67bf44397093668e62fd.jpeg,1.877220477133946
2700,租補❤️可貓❤️流理台❤️陽台獨洗❤️樓梯好爬❤️,,8499,3.0,0.1,4,1,台中市,台中市北屯區雷中街,,透天厝,1房1衛 - 1陽台,,有對外窗;陽台,https://www.rakuya.com.tw/rent/rent_item?ehid=0fd16629110054f,5973a953a9cf71b7c077d3c4678a22b5.jpeg,0.3902111856686589
2701,曉明女中★陽台獨洗★台水電★可租補★入戶籍,,9999,13.0,0.1,6,1,台中市,台中市北區山西路二段,,電梯大廈,1房1衛 - 1陽台,,有對外窗;陽台,https://www.rakuya.com.tw/rent/rent_item?ehid=07f14c292808168,d708a1dc89691ecde77aff3d9ac2a91f.jpeg,1.2347588714736975
2702,新光遠百❤可貓咪❤可租屋補助❤陽台獨洗❤子母車,,6499,10.0,2.5,5,1,台中市,台中市西屯區大弘街,,別墅,1房1衛 - 1陽台,,有對外窗;陽台,https://www.rakuya.com.tw/rent/rent_item?ehid=0eba79190536776,224dfbc0c2f853f479c9a5b02e45e997.jpeg,1.2041426174471728
2703,美術館教育大／超新屋/雙租補／報稅乾濕分離,,11999,13.0,0.0,4,0,台中市,台中市西區柳川東路二段,,透天厝,開放式格局,,有對外窗;陽台,https://www.rakuya.com.tw/rent/rent_item?ehid=0a2f59290675614,9c0236dca08ba92048ec74f7d183e129.jpeg,1.128966636581097
2704,全新獨洗 租捕 飲水機~子母車,,11500,11.0,0.1,4,0,台中市,台中市北屯區陳平路,,透天厝,開放式格局,,有對外窗,https://www.rakuya.com.tw/rent/rent_item?ehid=0c61f5293013300,555b31d56437cc2ecbf36b55a9f3fab7.jpeg,0.2797216569100814
2705,逢甲可貓✨超大空間✨乾溼分離✨陽台獨洗✨IG搶先看,,10499,14.0,0.1,4,1,台中市,台中市西屯區福星路,,透天厝,1房1衛 - 1陽台,,有對外窗;陽台,https://www.rakuya.com.tw/rent/rent_item?ehid=0c6197291804465,3e82bef6423723fcb796643fcbe7da0e.jpeg,1.8030048168345185
2706,❤️全新傢俱❤️可寵❤️陽台洗曬❤️機車位,,7500,10.0,0.1,5,1,台中市,台中市龍井區遊園南路,,透天厝,1房1衛 - 1陽台,,,https://www.rakuya.com.tw/rent/rent_item?ehid=0fc90729077541f,f6a86789c30a5b9dfe9891a61c9c80f6.jpeg,0.18006053419383866
2707,❤東海工業區❤超新電梯❤陽台獨洗❤機車好停❤子母車,,8499,11.0,0.0,3,0,台中市,台中市西屯區中工三路,,電梯大廈,開放式格局,,陽台,https://www.rakuya.com.tw/rent/rent_item?ehid=068839290161448,ec4f4a0dcfa516865a67aed00affb876.jpeg,0.5199437357091481
2708,近水湳經貿✅共洗可窗曬✅情侶最愛✅爬三樓,,6999,13.0,0.0,3,1,台中市,台中市北屯區中清路二段,,透天厝,1房1廳1衛,,有對外窗,https://www.rakuya.com.tw/rent/rent_item?ehid=0de720279080098,048c222338483769806c23fe752e58f5.jpeg,0.8892311299447964
2709,北屯超便宜3房❤️免爬梯❤️可租補❤️,,21499,23.0,0.0,8,3,台中市,台中市北屯區旅順路一段,,電梯大廈,3房2廳2衛 - 2室1廚房,,有對外窗,https://www.rakuya.com.tw/rent/rent_item?ehid=0661dd278515063,f31352814fd6793093d3383f38704910.jpeg,2.152041953738754
2710,全新電梯套房❤️乾溼分離❤️陽台獨洗曬❤️子母車,,10999,10.0,0.1,5,1,台中市,台中市北屯區東山路一段,,電梯大廈,1房1衛 - 1陽台,,有對外窗;陽台,https://www.rakuya.com.tw/rent/rent_item?ehid=001c1129278544b,1c87e44644a654600005821a2de48b0d.jpeg,0.6213377281647035
2711,可租補❤️正一房一廳❤️機車位❤️陽台獨洗❤️,,12499,15.0,0.1,2,1,台中市,台中市北區衛道路,,透天厝,1房1廳1衛 - 1陽台,,有對外窗;陽台,https://www.rakuya.com.tw/rent/rent_item?ehid=099528291864876,340a58136e4b9b3fead90e59d25d7e57.jpeg,0.0
2712,花園別墅2房一廳✨可租補✨獨洗✨寵物天堂✨生活便利,,20999,14.0,0.1,1,2,台中市,台中市西屯區朝貴路,,別墅,2房1廳1衛 - 1陽台1廚房,,有對外窗,https://www.rakuya.com.tw/rent/rent_item?ehid=0379cd29227047d,c88c813002d78a83a5d1b9f33d458192.jpeg,0.4742863665949155
2713,北屯區✨秒殺✨電梯管理室套房,,10000,12.0,0.1,25,0,台中市,台中市北屯區崇德路二段,,電梯大廈,開放式格局,,有對外窗;陽台,https://www.rakuya.com.tw/rent/rent_item?ehid=04e503274506528,3ff854992630ed4c98cf4dd0dd24d64c.jpeg,2.251768051474874
2714,⭐️可雙租補加價⭐️電梯套房⭐️設備齊全⭐️採光佳,,10499,14.0,0.1,3,1,台中市,台中市西區三民路一段,,透天厝,1房1衛,,有對外窗,https://www.rakuya.com.tw/rent/rent_item?ehid=0b2aca281485351,edcc5e2abcdad4fc72264090b4ead02c.jpeg,0.0
2715,逢甲僑光/可貓/共洗烘/雙租補,,7999,12.0,0.0,5,0,台中市,台中市西屯區福星路,,透天厝,開放式格局,,有對外窗,https://www.rakuya.com.tw/rent/rent_item?ehid=0cb91c290675693,5179cefe89439cd086ac9d77573bc15d.jpeg,1.8621947526251679
2716,總站夜市⭐️超大坪數⭐️獨一無二屬於你⭐️陽台採光,,14499,18.0,0.0,3,1,台中市,台中市北屯區松竹路二段,,透天厝,1房1廳1衛 - 1陽台,,,https://www.rakuya.com.tw/rent/rent_item?ehid=0171da291465648,153fbadf08cd5fcf5264b1175b28fb42.jpeg,0.6066647740261908
2717,旱溪西路 樂成宮 台中火車站 台中舊糖廠,,7999,12.0,0.0,2,1,台中市,台中市東區旱溪西路一段,,透天厝,1房1廳1衛,,有對外窗;為邊間,https://www.rakuya.com.tw/rent/rent_item?ehid=07712a28172251b,ec40de7e7b08bf053177b5212986a914.jpeg,0.961725579480761
2718,全新可寵⚡流理臺⚡近水湳經貿園區⚡近捷運站,,11999,13.0,0.0,2,1,台中市,台中市北區中清路一段,,公寓,1房1衛 - 1陽台,,有對外窗;陽台,https://www.rakuya.com.tw/rent/rent_item?ehid=0f1fb9285000625,fbe082a2c604345fcd23f917c5fbbc68.jpeg,1.1250736481790933
2719,可貓⛅超值兩房⛅可雙租補⛅陽台獨洗⛅子母車⛅流理臺,,18499,20.0,0.1,2,2,台中市,台中市北區青島路一段,,透天厝,2房1廳1衛 - 1陽台,,有對外窗;陽台,https://www.rakuya.com.tw/rent/rent_item?ehid=011781292379920,04da249fa44ca9cdd11e4a9a49e391af.jpeg,0.9415309620098504
2720,電梯⛅可租補⛅大空間⛅室內機車位⛅,,9499,14.0,0.1,2,1,台中市,台中市北屯區旱溪西路三段,,透天厝,1房1衛,,有對外窗,https://www.rakuya.com.tw/rent/rent_item?ehid=0a114a292559800,a8367471bc1e64b80114fb4c035f8004.jpeg,0.5151067037724668
2721,近台中公園✨台水台電✨陽台獨洗✨可租補✨可入籍,,9999,10.0,0.1,5,1,台中市,台中市中區臺灣大道一段,,華廈,1房1衛 - 1陽台,,有對外窗;陽台,https://www.rakuya.com.tw/rent/rent_item?ehid=09898629272820c,152f98e7297e985954abaa2f863f1c6f.jpeg,1.261601455636169
2722,科博館✔流理臺✔洗衣機,,11499,10.0,0.0,4,1,台中市,台中市西區西屯路一段,,透天厝,1房1衛 - 1陽台,,有對外窗,https://www.rakuya.com.tw/rent/rent_item?ehid=028d64286640307,2e3fcf2f0fd72daf3d4e04495a4769fa.jpeg,1.2323526070853783
2723,文華高中❤陽台獨洗❤流理臺❤子母車❤可租屋補助,,11000,10.0,4.4,5,1,台中市,台中市西屯區寧夏西四街,,電梯大廈,1房1廳1衛 - 1陽台,,為邊間;陽台,https://www.rakuya.com.tw/rent/rent_item?ehid=03465e13391237a,0f0db486b8fd806be4d4d1a970ca40eb.jpeg,0.9162668103318687
2724,‼️超秒殺❤️貓咪的家✅雙租補✨子母車✨機車車位,,8599,12.0,0.1,4,1,台中市,台中市太平區坪林路,,電梯大廈,1房1衛 - 1陽台,,陽台,https://www.rakuya.com.tw/rent/rent_item?ehid=045f09292248448,65ffa218c2b6c484b1e1ea071e6fa048.jpeg,0.15384201113067822
2725,透天電梯☆可租補報稅☆子母車☆陽台獨洗曬☆乾濕分離,,13500,15.0,1.4,6,1,台中市,台中市東區建中街,,電梯大廈,1房1衛 - 1陽台,,有對外窗;陽台,https://www.rakuya.com.tw/rent/rent_item?ehid=0fee91277112299,39403234328eeb245aefdd09b0d8b812.jpeg,1.2837230838762927
2726,❤️東海中科❤️陽台獨洗❤️可租補機車位❤️可租補,,5499,7.0,0.0,1,1,台中市,台中市龍井區新興路,,電梯大廈,1房1衛 - 1陽台,,有對外窗,https://www.rakuya.com.tw/rent/rent_item?ehid=0777c929001879e,012880b56b8ae4951894091dbe86e9d2.jpeg,0.37416125683193685
2727,❤️逢甲僑光❤️陽台沙發浴室開窗機車位❤️可租補,,10999,10.0,0.1,2,1,台中市,台中市西屯區烈美街,,電梯大廈,1房1衛 - 1陽台,,有對外窗;陽台,https://www.rakuya.com.tw/rent/rent_item?ehid=08e1b128555840e,376dc0a3c0c47cdb84702055ca958b08.jpeg,1.609382691464588
2728,秒殺❤學生首選❤精美套房❤機車位❤先搶先贏❤,,5799,10.0,4.6,3,1,台中市,台中市北屯區軍和街,,透天厝,1房1衛,,有對外窗;陽台,https://www.rakuya.com.tw/rent/rent_item?ehid=000965189749941,f3199b2db69b6471c8405ac899701145.jpeg,0.6414244402414568
2729,文華高中✔陽台獨洗✔機車位✔可租屋補助✔子母車,,8200,10.0,1.9,5,1,台中市,台中市西屯區漢成六街,,電梯大廈,1房1衛 - 1陽台,,有對外窗;陽台,https://www.rakuya.com.tw/rent/rent_item?ehid=08699221697700e,c14650e5c0c4b6b03e40136a020bcc8e.jpeg,1.0026287329687433
2730,近逢甲水湳@電梯獨洗陽台@可租補,,10000,12.0,0.1,2,1,台中市,台中市北屯區雷中街,,透天厝,1房1衛 - 1陽台,,有對外窗;陽台,https://www.rakuya.com.tw/rent/rent_item?ehid=0ebeec291770707,ae8f77e74e6a482783aaea8f0f515e2b.jpeg,0.3827508608467225
2731,✨電梯美屋✨租屋補助✨大面採光✨近火車站✨加賴聯絡,,7299,12.0,0.1,6,1,台中市,台中市西區建國路,,電梯大廈,1房1衛,,有對外窗,https://www.rakuya.com.tw/rent/rent_item?ehid=03ecc129064833b,457b6d486badb52e5cf92538f546fd1c.jpeg,1.5309253277702366
2732,✨明明就很喜歡✨可租補✨可貓✨多間可選✨,,10999,13.0,0.0,5,1,台中市,台中市北區雙十路二段,,電梯大廈,1房1衛 - 1陽台,,有對外窗;陽台,https://www.rakuya.com.tw/rent/rent_item?ehid=064a70284430937,dab06a5feadc68c00bb9fe3ce9da6930.jpeg,0.8916982902616868
2733,帝星太原道｜精裝２房平車｜可租補,,28000,25.0,1.1,9,2,台中市,台中市北區太原路一段/帝星太園道,,電梯大廈,2房2廳1衛 - 2陽台1廚房,,有對外窗;陽台,https://www.rakuya.com.tw/rent/rent_item?ehid=08803b26707233f,b1b8447be3decbe17ecaa06a5507fa0f.jpeg,0.6324981491920763
2734,✨秒殺兩房✨可雙租補✨小資首選✨全新物件✨,,18000,20.0,0.0,2,2,台中市,台中市北區金龍街,,透天厝,2房1廳1衛 - 1陽台,,有對外窗;陽台,https://www.rakuya.com.tw/rent/rent_item?ehid=01597c291996288,50367b8a524e341a37837b79cd3f78d8.jpeg,2.4474294360712947
2735,東海中科❤️陽台獨洗乾溼分離室內機車位❤️可雙租補,,9999,10.0,0.0,5,1,台中市,台中市龍井區新興路,,電梯大廈,1房1衛 - 1陽台,,有對外窗,https://www.rakuya.com.tw/rent/rent_item?ehid=0c59fd290018932,a25037476c4d7fea41440237b9b7d10a.jpeg,0.34795942432833665
2736,可租補✅近水湳中國醫✅超新電梯✅流理台✅陽台獨洗,,12999,16.0,0.0,6,1,台中市,台中市北屯區雷中街,,電梯大廈,1房1廳1衛 - 1陽台,,有對外窗;陽台,https://www.rakuya.com.tw/rent/rent_item?ehid=0525e427751107e,c062ca4db165789cdffbb54acf74f966.jpeg,0.3712623297162565
2737,全新電梯❤️可寵租補❤️陽台洗曬❤️子母車飲水機,,11999,12.0,0.1,5,1,台中市,台中市北屯區軍榮一街,,透天厝,1房1衛 - 1陽台,,有對外窗;陽台,https://www.rakuya.com.tw/rent/rent_item?ehid=0a939e292998505,4e0f5073d6fca6a833bdf9f2cad9574b.jpeg,0.5508578588835353
2738,✨獨洗窗曬✨可寵✨機車好停✨電梯✨,,7000,9.0,0.0,6,1,台中市,台中市中區成功路,,電梯大廈,1房1衛,,有對外窗,https://www.rakuya.com.tw/rent/rent_item?ehid=0ef438288152136,66004b4f2de561b6dcaa19f969ea0d90.jpeg,0.5239835311487311
2739,走路逢甲✨可貓貓✨可凸窗曬✨絕美採光✨,,6999,15.0,0.0,6,0,台中市,台中市西屯區福星路,,華廈,開放式格局,,有對外窗,https://www.rakuya.com.tw/rent/rent_item?ehid=05520b27544196d,56db187820d53e2489fd8651783c6b92.jpeg,1.8925992777354825
2740,電梯管理員⭐一房一廳⭐可租補⭐台電計費⭐流理台,,16999,20.0,0.1,8,1,台中市,台中市中區大誠街,,電梯大廈,1房1廳1衛 - 1廚房,,有對外窗,https://www.rakuya.com.tw/rent/rent_item?ehid=0566fb28565583a,30f44058d2b0bf193c23c4dc58a0f82f.jpeg,1.5902960776660808
2741,兩房一廳☆採光佳☆台水電☆平面車位☆子母車,,23000,28.0,1.3,16,2,台中市,台中市北屯區敦富路/登陽林映道,,電梯大廈,2房1廳1衛 - 1陽台,,有對外窗;陽台,https://www.rakuya.com.tw/rent/rent_item?ehid=0c86c128215527a,a06a35cc27d4d248db8553b2732de698.jpeg,0.32120969389075654
2742,⭐近中國醫⭐電梯⭐流理台⭐子母車⭐飲水機⭐陽台獨洗,,13999,17.0,0.1,6,1,台中市,台中市北屯區中清路,,透天厝,1房1衛 - 1陽台,,有對外窗;陽台,https://www.rakuya.com.tw/rent/rent_item?ehid=0e37ed293051234,e98364b279629bf7fe7ce39c82e10c0b.jpeg,0.0
2743,寵物的家⚡有電梯⚡獨洗曬⚡流理臺⚡飲水機⚡子母車,,13500,10.0,0.1,5,0,台中市,台中市西區民權路/富國大廈,,電梯大廈,開放式格局,,有對外窗;陽台,https://www.rakuya.com.tw/rent/rent_item?ehid=03921a292762174,7718d94a0638197b55fe44438ed18e41.jpeg,1.3989413112997446
2744,二房一廳⚡可養貓咪⚡陽台獨洗⚡飲水機⚡流理臺⚡電梯,,16500,15.0,2.0,5,2,台中市,台中市太平區宜欣四街,,透天厝,2房1廳1衛 - 1陽台,,有對外窗;陽台,https://www.rakuya.com.tw/rent/rent_item?ehid=0bc38b21674792d,d42a565e041984e50463aae4d0c01e44.jpeg,0.5040244187109646
2745,整棟全新/小資租金還可租補/汽車位可租,,9800,6.0,0.3,6,1,台中市,台中市龍井區遊園北路,,電梯大廈,1房1衛 - 1陽台,,有對外窗;陽台,https://www.rakuya.com.tw/rent/rent_item?ehid=097e5c292728560,2d00f8aa2bdcb0cb07fe118e9312887f.jpeg,0.3178923119398845
2746,❤️新完工雙租補❤️大坪數\一房一廳\乾溼分離,,18999,25.0,0.1,4,1,台中市,台中市北區健行路,,透天厝,1房1廳1衛 - 1陽台1廚房,,有對外窗;陽台,https://www.rakuya.com.tw/rent/rent_item?ehid=08d60b292008458,8ffc09c3ec310f294ceb1ffbe7963055.jpeg,0.7733636502247614
2747,秒殺❤️南區最便宜/雙租補/陽台獨洗/子母車飲水機,,7599,9.0,0.1,4,0,台中市,台中市南區崇倫街,,電梯大廈,開放式格局,,有對外窗;陽台,https://www.rakuya.com.tw/rent/rent_item?ehid=0bea4a29230962c,1a1a33bd26ae564de17039c0b9120f06.jpeg,0.5413786240484758
2748,⚡台水電⚡管理員⚡陽台獨洗⚡子母車⚡,,9000,10.0,0.0,18,0,台中市,台中市西區三民路一段/城市經典,,電梯大廈,開放式格局,,有對外窗;陽台,https://www.rakuya.com.tw/rent/rent_item?ehid=0fc8a1289968554,6af529b050cfa253b86b3e776ddcdc3b.jpeg,0.0
2749,西屯獨立套房僅有一間✨市政逢甲新光✨生活機能佳✨,,5499,8.0,0.2,1,0,台中市,台中市西屯區西屯路二段,,透天厝,開放式格局,,有對外窗,https://www.rakuya.com.tw/rent/rent_item?ehid=0efbd9291094919,8ee043ea938c13b33ffe4cf3fe5da935.jpeg,1.0668940980522086
2750,秒殺可貓～獨洗窗曬～流理臺～小資首選,,6999,13.0,0.0,4,0,台中市,台中市南區五權南路,,透天厝,開放式格局,,有對外窗;陽台,https://www.rakuya.com.tw/rent/rent_item?ehid=0b8de7249970820,c10be7a4540ccfc57cc5cf6440a9aa0d.jpeg,0.0
2751,一房一廳❤️陽台獨洗曬❤️可租補❤️可貓❤️子母車,,16999,15.0,0.1,3,1,台中市,台中市南區新華街,,透天厝,1房1廳1衛 - 1陽台,,有對外窗;陽台,https://www.rakuya.com.tw/rent/rent_item?ehid=06b67029206581a,f89c03dd71b2d7acc29fb4be60ceb18a.jpeg,0.098224169502905
2752,大空間一房一廳❤️陽台獨洗曬❤️可寵❤️電梯管理員,,17999,15.0,0.1,11,1,台中市,台中市南區忠明南路,,電梯大廈,1房1廳1衛 - 1陽台,,有對外窗;陽台,https://www.rakuya.com.tw/rent/rent_item?ehid=0a0d69292001003,7135474a43481bc57044d72fe88ee0e3.jpeg,0.4099214002962708
2753,❤超新電梯❤租補❤水湳中國醫❤子母車飲水機❤小資,,10000,7.0,0.1,3,1,台中市,台中市北屯區水湳路,,電梯大廈,1房1衛 - 1陽台,,有對外窗;陽台,https://www.rakuya.com.tw/rent/rent_item?ehid=019a4f292125039,f4ee4e59e3a376cbe7141a1cf3c2cb62.jpeg,0.9832223412400223
2754,✨完美空間✨勤美、大慶夜市✨可租補✨獨洗曬✨子母車,,12999,14.0,0.1,2,1,台中市,台中市西區美村路一段,,透天厝,1房1廳1衛 - 1陽台,,有對外窗;陽台,https://www.rakuya.com.tw/rent/rent_item?ehid=01e09929241120c,5505534284b993f70efdb55ecd6eeb61.jpeg,0.9257450299418344
2755,全新完工⚡電梯⚡陽台獨洗曬⚡飲水機⚡子母車⚡可租補,,12500,10.0,0.0,6,0,台中市,台中市西區三民路一段,,華廈,開放式格局,,有對外窗;陽台,https://www.rakuya.com.tw/rent/rent_item?ehid=0fd71c286849322,1a2e3261d5a1df0cc8a3146469fe2210.jpeg,0.0
2756,便宜又可租補✨陽台獨洗曬✨電梯✨機車位,,6600,7.0,0.1,2,1,台中市,台中市西屯區順和八街,,電梯大廈,1房1衛 - 1陽台,,有對外窗;陽台,https://www.rakuya.com.tw/rent/rent_item?ehid=0904f629256165c,21dc9e65968ff18681fbd3faa9afb7be.jpeg,0.3218897844569385
2757,社區管理員✨可租補✨台水台電✨陽台獨洗✨床墊會補✨,,13000,15.0,0.1,3,1,台中市,台中市西區大業路,,電梯大廈,1房1衛 - 1陽台,,有對外窗;陽台,https://www.rakuya.com.tw/rent/rent_item?ehid=0f3d9629273854e,66ce890e315ea8d836111c426a699059.jpeg,0.0
2758,可雙租補✨可養貓咪 陽台獨洗✨精美套房,,14000,14.0,0.1,2,1,台中市,台中市龍井區藝術北街,,透天厝,1房1廳1衛 - 1陽台,,有對外窗;陽台,https://www.rakuya.com.tw/rent/rent_item?ehid=09f2e029107824c,5fa7e240eabe2e6e30c6466e56265455.jpeg,0.3346619738053415
2759,廣三SOGO✔陽台系統櫃✔子母車,,9499,13.0,0.0,5,1,台中市,台中市西區中美街,,公寓,1房1衛 - 1陽台,,有對外窗;陽台,https://www.rakuya.com.tw/rent/rent_item?ehid=01aa8d288668053,80c9aa63388e93d1e169baf17e203f44.jpeg,1.7323588561823544
2760,稀有逢甲✨甜美禮包✅陽台獨洗✨可租車位✨IG搶先看,,13499,15.0,0.1,2,1,台中市,台中市西屯區西屯路二段,,電梯大廈,1房1衛 - 1陽台,,有對外窗;陽台,https://www.rakuya.com.tw/rent/rent_item?ehid=0f434729180475f,4eaa747e3fd78098a9ee96bbc2561ce5.jpeg,0.9582397026536925
2761,近好市多⭐採光兩房⭐可雙租補⭐流理台⭐全新裝潢,,15499,20.0,0.1,2,2,台中市,台中市西區忠明南路,,透天厝,2房1廳1衛,,,https://www.rakuya.com.tw/rent/rent_item?ehid=09c1c429146970f,25a9947bec16aa61d307c4f0922be463.jpeg,0.6975722546636441
2762,可租補☆24h管理員☆流理台☆子母車☆洗衣機獨洗,,13500,16.0,5.4,2,1,台中市,台中市南區學府路/美國拍拖廣場/興大學府城,,電梯大廈,1房1衛,,有對外窗,https://www.rakuya.com.tw/rent/rent_item?ehid=036690278668864,37532960cca8cf0ddcbe5e5d9ed4fe53.jpeg,0.0
2763,❤️美村V向上❤️免投共洗窗曬❤️子母車.可租補,,5299,8.0,7.0,6,1,台中市,台中市西區美村路一段,,公寓,1房1衛,,有對外窗,https://www.rakuya.com.tw/rent/rent_item?ehid=075418276175967,abac84f5acc19c023e07b64e052466f5.jpeg,1.0310554323968353
2764,✨秒殺物件✨絕美採光✨系統裝潢✨租屋補助✨電梯套房,,7299,13.0,0.1,6,1,台中市,台中市西區建國路,,電梯大廈,1房1衛,,,https://www.rakuya.com.tw/rent/rent_item?ehid=0fa1ce29093037f,fbfa6847e25e44668678dfdf087b4784.jpeg,1.5309253277702366
2765,❤️木質地板✅可貓❤️獨洗獨曬✨有子母車,,7499,12.0,0.1,3,1,台中市,台中市西區五權路,,公寓,1房1衛,,有對外窗,https://www.rakuya.com.tw/rent/rent_item?ehid=0da2cb291082275,d814bab6d51800a6900a6cb1c9265d40.jpeg,0.0
2766,電梯大樓☆兩房兩廳☆採光佳☆平面車位,,25000,22.0,1.3,3,2,台中市,台中市北屯區敦富一街/富宇富好,,電梯大廈,2房1廳1衛 - 1陽台1廚房,,有對外窗;陽台,https://www.rakuya.com.tw/rent/rent_item?ehid=02b093282155611,e039179276f977b056803e81e32d6686.jpeg,0.38826539038901703
2767,北屯秒殺❤️便宜新裝潢2房❤️家具齊❤️,,23499,26.0,0.0,5,2,台中市,台中市北屯區中清路二段,,電梯大廈,2房1廳1衛 - 1室1陽台,,有對外窗;陽台,https://www.rakuya.com.tw/rent/rent_item?ehid=054ef2277926197,8ccd9248bdb07518306a1e6a59c8d866.jpeg,0.7736228881412829
2768,可租補｜電梯管理員｜子母車｜飲水機,,10000,12.0,0.1,10,1,台中市,台中市中區光復路,,華廈,1房1衛,,,https://www.rakuya.com.tw/rent/rent_item?ehid=0c679429315559a,999179419c2620db7f86f39c448190b5.jpeg,0.0
2769,全新完工電梯透天☆可租補☆可貓☆子母車☆飲水機,,11000,14.0,0.4,6,1,台中市,台中市北區雙十路二段,,電梯大廈,1房1衛 - 1陽台,,有對外窗;陽台,https://www.rakuya.com.tw/rent/rent_item?ehid=08a65828518772a,4c89bffdc25b14d1c2326cfd53604ce5.jpeg,0.891688837951722
2770,❤️東海中科❤️流理臺❤️樓中樓挑超高超大空間❤️,,16300,18.0,6.0,6,1,台中市,台中市龍井區藝術街,,電梯大廈,1房1廳1衛,,有對外窗,https://www.rakuya.com.tw/rent/rent_item?ehid=062bd528025743e,6200c03691eb5ed90030239291dcb70b.jpeg,0.3674921102877253
2771,一中商圈首選優質獨洗曬質感套房,,11000,7.63,0.0,11,1,台中市,台中市北區北屯路/環亞投資大廈,,電梯大廈,1房1廳1衛 - 1陽台,,有對外窗;陽台,https://www.rakuya.com.tw/rent/rent_item?ehid=0cfc57277470953,9eb73e7d36436aaa733b8036c031cd0f.jpeg,0.1248560996911452
2772,秒殺中台❤獨洗曬陽台❤電梯精美套房❤汽車位❤子母車,,10999,12.0,4.2,5,1,台中市,台中市北屯區祥順路二段,,電梯大廈,1房1衛 - 1陽台,,有對外窗;陽台,https://www.rakuya.com.tw/rent/rent_item?ehid=0ded18205924102,58ab4075d189f765e56bf52c319f54b0.jpeg,0.24774858781250833
2773,可租補✨可貓咪✨台水電✨電梯管理員✨獨洗✨,,11000,15.0,11.4,11,1,台中市,台中市北區進化北路/漢陞圓山,,電梯大廈,1房1衛,,有對外窗,https://www.rakuya.com.tw/rent/rent_item?ehid=00db8f237864326,1a307beb266ae899100b146bbe75016e.jpeg,0.0
2774,可貓⭐陽台獨洗⭐室內G車⭐中醫教育大,,6499,10.0,0.0,3,1,台中市,台中市北區中華路一段,,透天厝,1房1衛 - 1陽台,,有對外窗,https://www.rakuya.com.tw/rent/rent_item?ehid=078ab229402822b,ffa0cac3c9d5bc115082a5b1d8c9bbf1.jpeg,4379.135251577166
2775,可租補｜管理員｜免投共洗｜子母車｜飲水機,,9800,10.0,0.1,2,1,台中市,台中市北屯區天津路三段,,透天厝,1房1衛,,,https://www.rakuya.com.tw/rent/rent_item?ehid=03a9b2293152286,923e469e57bb8f14d87efdcbdede2752.jpeg,2.091711482011967
2776,乖貓首選✨代收包裹✨陽台獨洗✨飲水子母✨IG搶先看,,9999,14.0,0.1,7,1,台中市,台中市北區武昌路,,電梯大廈,1房1衛 - 1陽台,,有對外窗;陽台,https://www.rakuya.com.tw/rent/rent_item?ehid=0f1d2429324122a,9cd3ca304a3e17a51fcf348c0f0183be.jpeg,0.0
2777,❤️東海中科❤️電梯.大空間❤️飲水機子母車❤️,,12999,25.0,10.1,2,1,台中市,台中市龍井區遊園北路,,透天厝,1房1廳1衛 - 1陽台1廚房,,有對外窗;為邊間;陽台,https://www.rakuya.com.tw/rent/rent_item?ehid=0d6f9029061945a,daeaa81f280f7bf77c4485d0214d27a2.jpeg,0.3076173589077554
2778,❤️水湳中國醫❤️陽台獨洗機車位❤️可貓貓,,9999,10.0,3.4,5,1,台中市,台中市北屯區陳平路,,電梯大廈,1房1衛 - 1陽台,,有對外窗;陽台,https://www.rakuya.com.tw/rent/rent_item?ehid=032d5b27676778a,22a3639047c5a98771b59e7b6426ffe0.jpeg,0.2843325581654408
2779,整棟極新✨陽台獨洗✨間間採光✨沙發✨木質地✨可租補,,9500,9.0,0.1,2,0,台中市,台中市西屯區中清西二街,,電梯大廈,開放式格局,,有對外窗;陽台,https://www.rakuya.com.tw/rent/rent_item?ehid=00e620291770728,ac3d85e6236daf43b44198a695d4b4f5.jpeg,0.8281612388356677
2780,❤️東海中科❤️新冷氣大桌面❤️可租補✔室內機車位,,5499,10.0,8.0,4,1,台中市,台中市龍井區新興路,,電梯大廈,1房1衛 - 1陽台,,有對外窗,https://www.rakuya.com.tw/rent/rent_item?ehid=006d8a283005467,b080193ef91a09a1e564ac1b8b210114.jpeg,0.37416125683193685
2781,近科博館⛅電梯⛅可租補⛅大坪數⛅小資首選⛅,,9499,10.0,0.1,2,1,台中市,台中市西區博館路,,透天厝,1房1衛,,有對外窗,https://www.rakuya.com.tw/rent/rent_item?ehid=059ad8292555377,fb009124fbcab619fc198cbbece2dfde.jpeg,1.320273493164381
2782,北屯1+1精緻二房✨傢俱電全配✨雙租補✨車位台水電,,21999,30.0,0.2,9,2,台中市,台中市北屯區柳陽東街,,電梯大廈,2房2廳1衛 - 2陽台,,有對外窗;陽台,https://www.rakuya.com.tw/rent/rent_item?ehid=01a922291094328,c541983346f2f38f82b9c43645075a20.jpeg,0.7046378714367504
2783,超新電梯/可補助/陽台/逢甲遠百,,10499,15.0,0.1,6,0,台中市,台中市西屯區河南路二段,,透天厝,開放式格局,,,https://www.rakuya.com.tw/rent/rent_item?ehid=0b5f18290907604,13ffa1a92502a9f51c48ea85f9013dd7.jpeg,1.267243517095314
2784,可租補⚡陽台獨洗⚡近草悟道,,8999,12.0,0.0,3,1,台中市,台中市西區精誠路,,透天厝,1房1衛 - 1陽台,,陽台,https://www.rakuya.com.tw/rent/rent_item?ehid=0e364028532149b,935ef32afa2cc24951247ec8938a55a7.jpeg,1.5421804826664043
2785,可貓✅租補✅一房一廳✅獨洗曬✅飲水機子母車✅中國醫,,12999,10.0,0.1,4,1,台中市,台中市西屯區中清路二段,,透天厝,1房1廳1衛,,有對外窗,https://www.rakuya.com.tw/rent/rent_item?ehid=010ed0242002885,5a2b5fef336a0ef2ad6ac4bc7247e37d.jpeg,0.16682696893743473
2786,逢甲僑光/可貓/共洗曬,,7500,12.0,0.0,7,0,台中市,台中市西屯區福星路,,別墅,開放式格局,,有對外窗,https://www.rakuya.com.tw/rent/rent_item?ehid=04800529067565b,9a7a26a17b24cabd03e9ec4555dc2222.jpeg,1.876745224968924
2787,中區稀有可貓可狗✨台電子母車✨陽台獨洗✨生活機能佳,,8000,10.0,25.1,19,1,台中市,台中市中區民權路/廣擎天大樓,,電梯大廈,1房1廳1衛 - 1陽台,,有對外窗;陽台,https://www.rakuya.com.tw/rent/rent_item?ehid=0075d3293015549,da95dc8bb96c31e15d69d0bdafc863a4.jpeg,0.2623776571306789
2788,獨立套房 。獨洗。學士路。可租補。,,5299,9.0,0.1,5,1,台中市,台中市北區學士路,,公寓,1房1廳1衛,,,https://www.rakuya.com.tw/rent/rent_item?ehid=07c0b3291345819,5c6b0da98c186e5dc3a91944711f81d2.jpeg,0.14499217018080496
2789,可租補✨台水電✨傢俱電可談✨含機械車位✨可寵物✨,,25000,35.0,0.1,5,3,台中市,台中市東區自強街,,電梯大廈,3房2廳2衛 - 2陽台1廚房,,有對外窗;陽台,https://www.rakuya.com.tw/rent/rent_item?ehid=0ee7bf26642186c,db626b1eb0e115f0982ef2b57fd49302.jpeg,0.5335286542297116
2790,✨可貓咪✨店梯台水電✨獨洗窗曬✨雙租屋補助✨請加賴,,12999,15.0,0.1,7,1,台中市,台中市西屯區逢甲路,,電梯大廈,1房1衛,,有對外窗;陽台,https://www.rakuya.com.tw/rent/rent_item?ehid=019fe729148118d,ba9d1d786e8c50f11f31fcc6440256d5.jpeg,1.541944065496868
2791,近曉明女中⭐可貓⭐可雙租補⭐台電⭐子母車⭐陽台獨洗,,9499,12.0,0.1,1,1,台中市,台中市北區陝西路,,透天厝,1房1衛 - 1陽台,,有對外窗;陽台,https://www.rakuya.com.tw/rent/rent_item?ehid=066121293156052,cbed8229b251c71d7a24483fd32d09b0.jpeg,3367.722918201916
2792,民族路✨可貓可短租❤獨洗,,6999,9.88,2.2,4,1,台中市,台中市中區民族路,,公寓,1房1廳1衛,,有對外窗;陽台,https://www.rakuya.com.tw/rent/rent_item?ehid=00baf0205642252,c26f26ce2306693af92e749c226a3ad8.jpeg,1.6591371957779806
2793,超級大空間✨類一房一廳✨陽台獨洗✨租屋補助,,12499,18.0,0.1,2,1,台中市,台中市北區衛道路,,透天厝,1房1廳1衛 - 1陽台,,,https://www.rakuya.com.tw/rent/rent_item?ehid=0aee0c292998008,0ce46fded3d9e8725eb8fed3998372b3.jpeg,0.0
2794,全新完工⚡租補⚡陽台獨洗曬⚡飲水機⚡子母車⚡流理臺,,11500,12.0,0.1,1,0,台中市,台中市南區美村路二段,,透天厝,開放式格局,,有對外窗;陽台,https://www.rakuya.com.tw/rent/rent_item?ehid=00f914286499160,fc6a30fa6d9b0c796afb01b649b9169d.jpeg,0.6005213193803846
2795,✨流理台✨可寵✨可租補✨洗脫烘✨浴缸,,20499,20.0,0.0,10,1,台中市,台中市北屯區中清東一街,,電梯大廈,1房1衛,,,https://www.rakuya.com.tw/rent/rent_item?ehid=0005f9279470216,2b41bac05f51d02c27a82efb47148a2a.jpeg,0.7467563438557547
2796,水湳中國醫✅乾濕分離電梯✅大衣櫃機車位,,11500,14.0,0.0,3,1,台中市,台中市北屯區大連路一段,,電梯大廈,1房1衛 - 1陽台,,有對外窗;陽台,https://www.rakuya.com.tw/rent/rent_item?ehid=0ae6ad27631164d,d2e8a4fc984a9d4057883d9eb26591e7.jpeg,1.1902841134949966
2797,可雙租補⚡可入籍⚡全新⚡近忠孝夜市,,10999,15.0,0.0,3,1,台中市,台中市南區民意街,,電梯大廈,1房1衛 - 1陽台,,有對外窗;陽台,https://www.rakuya.com.tw/rent/rent_item?ehid=069456283615234,adf51e94687b9dcce1d5daf5a5e44890.jpeg,2.569900033896416
2798,一中台體✨獨洗獨曬✨可租補✨台水台電✨可貓咪,,5999,10.0,0.1,4,1,台中市,台中市中區興民街,,公寓,1房1廳1衛,,有對外窗,https://www.rakuya.com.tw/rent/rent_item?ehid=02159d29278149a,c114907b253a999871803d7edd0d2997.jpeg,1.6285387126035926
2799,文華高中❤可寵物❤陽台獨洗❤可租屋補助,,5699,10.0,1.9,4,1,台中市,台中市西屯區天水西二街,,公寓,1房1衛 - 1陽台,,有對外窗;陽台,https://www.rakuya.com.tw/rent/rent_item?ehid=0d8a5021882919d,f45765ff92e02305d54db017f739e165.jpeg,1.020632007170474
2800,稀有逢甲✨驚喜禮包✅陽台獨洗✨可租車位✨IG搶先看,,12499,15.0,0.1,7,1,台中市,台中市西屯區西屯路二段,,電梯大廈,1房1衛 - 1陽台,,有對外窗;陽台,https://www.rakuya.com.tw/rent/rent_item?ehid=0aa6ab291804697,bc9acd32523e45331ee7fb94b87dc328.jpeg,0.9667366912560001
2801,❤️公益V精誠蛋黃區❤️獨洗窗曬❤️健身爬梯可租補,,5499,7.0,10.3,5,1,台中市,台中市西區精美街,,透天厝,1房1衛,,有對外窗,https://www.rakuya.com.tw/rent/rent_item?ehid=0643b0286036466,bf2b2f5273d2ff0abb339bfe3f90d3ea.jpeg,1.877220477133946
2802,✨電梯美屋✨乾溼分離✨陽台獨洗✨請加賴✨秒殺物件✨,,10999,13.0,0.1,5,1,台中市,台中市南屯區精誠路,,電梯大廈,1房1衛 - 1陽台,,有對外窗;陽台,https://www.rakuya.com.tw/rent/rent_item?ehid=09dfe829200345d,865d232a9bd283e3c73d7717a3de3f87.jpeg,1.1787720507428472
2803,✅好市多✅超新裝潢✅三房平車✅高樓層✅,,26999,43.6,0.1,11,3,台中市,台中市北屯區南興北一路,,電梯大廈,3房2廳2衛 - 1陽台1廚房,,,https://www.rakuya.com.tw/rent/rent_item?ehid=0de2c2291310262,9b4c715971e8c5a1ec59b784fb250203.jpeg,0.3174821951865135
2804,✨一定是大拇指的啦✨可租補✨勤美草悟道✨陽台獨洗✨,,8999,14.0,0.1,4,1,台中市,台中市西區模範街,,公寓,1房1衛 - 1陽台,,有對外窗;陽台,https://www.rakuya.com.tw/rent/rent_item?ehid=060d43292410605,434b6f28552f125e4b2d7ac63d7e3be2.jpeg,1.5311073852060058
2805,全新裝潢⏳可寵可租補⏳台水台電⏳陽台獨洗⏳流理台,,13499,18.0,0.1,4,1,台中市,台中市西屯區漢口路二段,,透天厝,1房1廳1衛 - 1陽台1廚房,,有對外窗;陽台,https://www.rakuya.com.tw/rent/rent_item?ehid=0026fc29306505e,61ddd61f5faeda6eaa9d0af73c969c44.jpeg,0.8017336189537407
2806,可寵租補❤️獨洗❤️短租❤️近火車站❤️台電免水費,,5999,9.0,0.1,3,1,台中市,台中市東區復興路四段,,透天厝,1房1衛,,有對外窗,https://www.rakuya.com.tw/rent/rent_item?ehid=0530fc29228285c,b593ecdbe41b2e647dde5eaf970561d5.jpeg,1.977511293875791
2807,可寵電梯❤️租補❤️一手屋❤️陽台獨洗曬❤️機車位,,10999,12.0,0.1,2,1,台中市,台中市北屯區中清路二段,,透天厝,1房1衛 - 1陽台,,有對外窗;陽台,https://www.rakuya.com.tw/rent/rent_item?ehid=01d2d4284034956,9dfe49b31ab4245cea8690c3ad303284.jpeg,0.8425418244258717
2808,高樓層✨超美視野傢俱電全配✨採光佳,,14000,9.0,0.0,11,0,台中市,台中市西區台中港路一段,,電梯大廈,開放式格局,,有對外窗;陽台,https://www.rakuya.com.tw/rent/rent_item?ehid=0958f6276444213,6c4d3d00609914ecc836bce418351853.jpeg,1.3549029053776256
2809,北區⛅可租補⛅電梯⛅流理台⛅捷運文心中清⛅,,11999,12.0,1.1,8,1,台中市,台中市北區青島東街,,電梯大廈,1房1衛,,有對外窗,https://www.rakuya.com.tw/rent/rent_item?ehid=09585c29186142c,ad0cdc5542604f6fab22c2d4e5b08095.jpeg,0.0
2810,逢甲僑光/可貓/共洗烘,,7500,12.0,0.0,6,0,台中市,台中市西屯區福星路,,透天厝,開放式格局,,有對外窗,https://www.rakuya.com.tw/rent/rent_item?ehid=041744290675688,6adab2cc2c796f6de1913b36d96ebf7a.jpeg,1.876745224968924
2811,❤️逢甲僑光❤️陽台可自裝洗衣機❤️機車位可租補,,10999,12.0,6.2,5,1,台中市,台中市西屯區烈美街,,電梯大廈,1房1衛 - 1陽台,,有對外窗;陽台,https://www.rakuya.com.tw/rent/rent_item?ehid=007acc287950041,62bab82c69bd1c7e3de7ecb0824372b3.jpeg,1.609382691464588
2812,一級冷氣✨獨洗✨太陽能熱水器✨一層兩戶✨,,6700,10.0,3.6,4,1,台中市,台中市西區日興街,,透天厝,1房1廳1衛,,有對外窗,https://www.rakuya.com.tw/rent/rent_item?ehid=037637267294247,42e6167c853e785d1daf405ba577caf2.jpeg,1.2580617175347277
2813,超美兩房⭐貓咪的家⭐陽台獨洗⭐間間開窗⭐等垃圾車,,21499,22.0,0.1,5,2,台中市,台中市北區梅川西路三段,,電梯大廈,2房1廳1衛 - 1陽台,,有對外窗;樓中樓;陽台,https://www.rakuya.com.tw/rent/rent_item?ehid=047f7e248103281,71656937eac251c327c5d5819edcdce9.jpeg,0.8130543933650861
2814,❤️近世貿澄清中科❤️可貓陽台獨洗❤️室內機車位,,13999,15.0,0.0,6,1,台中市,台中市西屯區福聯街,,電梯大廈,1房1廳1衛 - 1陽台,,有對外窗;陽台,https://www.rakuya.com.tw/rent/rent_item?ehid=0348d027318394a,52ac248ac09b54262927e7ae23efd984.jpeg,0.5421568072588091
2815,✨全新完工✨可租補✅陽台獨洗✨流理台✨,,11000,13.0,0.3,5,1,台中市,台中市南區民意街,,透天厝,1房1衛 - 1陽台1廚房,,有對外窗;陽台,https://www.rakuya.com.tw/rent/rent_item?ehid=08339829135664b,51a121ef47c2b8d6bedc10f6be00bae2.jpeg,2.5698727920681383
2816,雙租補❤️全新完工❤️大陽台獨洗曬❤️乾溼分離❤️,,8999,12.0,0.1,2,1,台中市,台中市太平區振武路,,透天厝,1房1衛 - 1陽台,,有對外窗;陽台,https://www.rakuya.com.tw/rent/rent_item?ehid=064bff292288446,b0d258b5323cf4a88c4094745aad931b.jpeg,0.493256159599568
2817,讚屋主整理✨大空間✨流理臺✨子母車✨優質美房✨✨✨,,11500,11.0,0.0,4,0,台中市,台中市南區南門路,,透天厝,開放式格局,,有對外窗;陽台,https://www.rakuya.com.tw/rent/rent_item?ehid=01f320276161336,91592483dcdd62e317fb88fabf327123.jpeg,0.0
2818,整棟全新完工✨雙租補❤️陽台獨洗❤️衛浴開窗✨,,11999,14.0,0.1,2,0,台中市,台中市南屯區文心南三路,,電梯大廈,開放式格局,,有對外窗;陽台,https://www.rakuya.com.tw/rent/rent_item?ehid=03646829237272f,0931db3cd6b75fd51082a07ecd488e2a.jpeg,0.4798108205469663
2819,挑高電梯套房☆乾溼分離☆獨洗☆子母車☆固定室內機車,,12000,14.0,3.4,1,1,台中市,台中市西屯區安林路,,電梯大廈,1房1衛,,有對外窗,https://www.rakuya.com.tw/rent/rent_item?ehid=08fd2f277414780,b71894d9d7d7a0a601e35d33eec04702.jpeg,0.09343082157653748
2820,❤️東海中科❤️陽台獨洗❤️可報稅租補✔室內機車位,,6199,10.0,0.0,1,1,台中市,台中市龍井區遊園南路,,電梯大廈,1房1衛 - 1陽台,,有對外窗,https://www.rakuya.com.tw/rent/rent_item?ehid=0abb0e274404492,0425713175b10a1c115ff3c814144ef9.jpeg,0.1843107136959531
2821,報稅★戶籍★補助★電梯陽台獨洗★僅一間喔,,7999,12.0,8.5,3,1,台中市,台中市東區樂業路,,電梯大廈,1房1廳1衛 - 1陽台,,有對外窗,https://www.rakuya.com.tw/rent/rent_item?ehid=0e2406257592563,c76350f9e6a35c45c326042b7ab7e48e.jpeg,1.3190546164428272
2822,西區大套房❤️可貓❤️乾溼分離❤️獨洗,,10999,12.0,0.0,2,0,台中市,台中市西區美村路一段,,透天厝,開放式格局,,有對外窗,https://www.rakuya.com.tw/rent/rent_item?ehid=00950d277902480,ca8b891d3ea9b502b5ea368c8a538415.jpeg,0.9438041440476508
2823,興大國資圖可寵可狗美宅大空間✅全新未住流理台電磁爐,,21500,20.0,0.0,2,1,台中市,台中市西區美村路一段,,公寓,1房1廳1衛 - 1陽台1廚房,,有對外窗;陽台,https://www.rakuya.com.tw/rent/rent_item?ehid=0c6d5127654769c,1c50b22b2f4ab071f42e3731edd97103.jpeg,0.8750316686634775
2824,一中商圈✨可凸窗曬✨小資首選✨沙發,,3999,11.0,0.1,2,0,台中市,台中市北區尚德街,,透天厝,開放式格局,,有對外窗,https://www.rakuya.com.tw/rent/rent_item?ehid=02132f28081402b,b0217522f16f360a4e182b4b683b4e36.jpeg,6536.634158539635
2825,❤新光遠百❤獨洗獨曬❤流理臺❤子母車❤,,6499,10.0,4.6,1,1,台中市,台中市西屯區四川路,,透天厝,1房1衛,,有對外窗,https://www.rakuya.com.tw/rent/rent_item?ehid=0eec71129133884,9069b33fd5757657f3a7c42dd1bc353d.jpeg,0.0
2826,稀有台水台電✨類一房一廳流理台✨陽台獨洗曬,,14999,16.0,0.0,6,1,台中市,台中市北區五權路,,電梯大廈,1房1廳1衛 - 1陽台,,有對外窗;陽台,https://www.rakuya.com.tw/rent/rent_item?ehid=0ff566289605459,554522a58da2269b727b5a613ce1a981.jpeg,0.0
2827,10000有找✨陽台獨洗有預算沒預算都可以參考,,8500,12.0,0.1,2,0,台中市,台中市西屯區西安街,,公寓,開放式格局,,有對外窗;陽台,https://www.rakuya.com.tw/rent/rent_item?ehid=02b3e7276163556,0ac9591c14fdf9903356575fbbbb7ccf.jpeg,1.720959126566386
2828,南區☆可寵☆可雙租補☆傢俱電全新未住全新整理,,13500,15.0,5.4,7,1,台中市,台中市南區合作街,,電梯大廈,1房1衛,,有對外窗,https://www.rakuya.com.tw/rent/rent_item?ehid=065066277226855,6405a7fb5bc9b0f6c31e2f3d4711a317.jpeg,1.273161413029143
2829,全新裝潢⏳大二房⏳可貓可雙租補⏳陽台獨洗⏳流理台⏳,,19999,30.0,0.1,2,2,台中市,台中市西區日新街,,透天厝,2房1廳2衛 - 2陽台1廚房,,有對外窗;陽台,https://www.rakuya.com.tw/rent/rent_item?ehid=0789d9293241788,6ea2f7124a7d3d99dbe3d9e465b54c1f.jpeg,1.0455447555535375
2830,雙補助/全新陽臺獨洗/教育大學/超級大間,,13499,15.0,1.0,5,1,台中市,台中市西區民生路,,電梯大廈,1房1衛 - 1陽台,,,https://www.rakuya.com.tw/rent/rent_item?ehid=02b10a233564434,6ed5abc6c0c4f972cff1f862a8e3198f.jpeg,1.2347657891910306
2831,大坪數/流理台/獨洗/一中中國醫,,8999,13.0,0.1,1,0,台中市,台中市北區興進路,,公寓,開放式格局,,,https://www.rakuya.com.tw/rent/rent_item?ehid=0b835529281137b,38c7420e5dcbece31595a675825fb0af.jpeg,1.3126653716690544
2832,太平工業區/台水電/機車位/流理臺租補,,12500,13.0,0.1,3,0,台中市,台中市太平區太平路,,透天厝,開放式格局,,有對外窗,https://www.rakuya.com.tw/rent/rent_item?ehid=0cff6229220567e,2c73cb7809a129818b89b29506e2e145.jpeg,0.14142510706129
2833,乖貓喵喵✨走路逢甲✨陽台獨洗✨超大坪數✨IG搶先看,,9499,13.0,0.1,2,1,台中市,台中市西屯區西安街,,透天厝,1房1衛 - 1陽台,,有對外窗;陽台,https://www.rakuya.com.tw/rent/rent_item?ehid=0442da291903381,43e77d2b14aba4b43f3e4732227e60df.jpeg,1.6983518116614538
2834,秒殺✨忠孝夜市走透透✅可租補報稅❤️獨洗曬✨子母車,,8499,12.0,0.1,1,1,台中市,台中市南區忠孝路,,透天厝,1房1廳1衛 - 1陽台,,有對外窗,https://www.rakuya.com.tw/rent/rent_item?ehid=0903ee29108287a,83d54b69a4e546f0a447ccf1292e6679.jpeg,0.0
2835,2房1廳2衛2陽台1廚☆台水電☆可租補☆可寵☆平車,,30000,35.0,5.4,12,2,台中市,台中市北屯區北屯路/豐謙森立方,,電梯大廈,2房1廳2衛 - 1陽台1廚房,,有對外窗;陽台,https://www.rakuya.com.tw/rent/rent_item?ehid=0d91c827778548c,65eddc51355bd6d12a62c65f42e78a32.jpeg,0.1116803789738783
2836,全新溫馨可愛電梯套房✨採光明亮✨生活機能佳✨環境優,,5499,8.0,0.2,7,0,台中市,台中市西屯區櫻城五街,,電梯大廈,開放式格局,,有對外窗,https://www.rakuya.com.tw/rent/rent_item?ehid=0130b7291351746,71c3b907828c9054a0b2777915452320.jpeg,1.6912088808803545
2837,近水湳中國醫✨可租補✨可貓寵✨陽台獨洗✨子母車,,14499,12.0,0.1,2,1,台中市,台中市北屯區雷中街,,透天厝,1房1衛 - 1陽台,,有對外窗;陽台,https://www.rakuya.com.tw/rent/rent_item?ehid=0d8e9b292731502,934278b053a7fbef2c7a0583330a9a17.jpeg,0.36666552276308234
2838,台中公園✨投影機✔可貓✨可短租,,8999,10.0,0.0,4,1,台中市,台中市中區三民路二段,,透天厝,1房1衛,,有對外窗,https://www.rakuya.com.tw/rent/rent_item?ehid=006ea128691386c,871cac0b99b7c90679aed1e0f77854a6.jpeg,0.0
2839,你說你會哭不是因為在乎✨可貓兔✨超大空間✨陽台獨洗,,17999,20.0,0.1,2,1,台中市,台中市西區忠明南路,,透天厝,1房1衛 - 1陽台,,有對外窗;陽台,https://www.rakuya.com.tw/rent/rent_item?ehid=0e2625293056103,8fd22f2aa38820f0773a0795f557fe08.jpeg,0.6859909147815144
2840,2房2廳1衛1廚房2陽台☆台水電☆可寵☆可租補戶籍,,27000,30.0,1.3,12,2,台中市,台中市北屯區文心路四段/文心One,,電梯大廈,2房2廳1衛 - 2陽台1廚房,,有對外窗;陽台,https://www.rakuya.com.tw/rent/rent_item?ehid=0d7662284143547,9a09927199b34f9440ecde95cebea472.jpeg,1.9457935244399849
2841,興大大套房,,12000,17.64,0.1,16,1,台中市,台中市南區學府路/賺錢時代,,電梯大廈,1房1廳1衛 - 1陽台,,有對外窗,https://www.rakuya.com.tw/rent/rent_item?ehid=014b53276156793,242df2dd07d1d8dac76329fc2750819d.jpeg,0.0
2842,聯聚仁愛｜質感精裝店面1-3樓｜附車位,,170000,80.51,18.0,3,0,台中市,台中市西屯區市政北二路/聯聚仁愛大廈,,電梯大廈,,,,https://www.rakuya.com.tw/rent/rent_item?ehid=0b7bf3293683209,7de947b8b37564b39ad85fba1148a8b9.jpeg,0.3905429939504203
2843,✅室內28坪近一中商圈中友百貨精美裝潢,,21000,28.28,0.1,7,3,台中市,台中市北區崇德路一段/米蘭大廈,,電梯大廈,3房2廳2衛,,有對外窗;陽台,https://www.rakuya.com.tw/rent/rent_item?ehid=080122268370272,b1efae381024c8835881d6af587aa7fd.jpeg,1.2492217345988426
2844,可租補✨兩房一廳✨流理台✨獨洗獨曬✨電梯管理員,,16500,17.0,3.2,5,2,台中市,台中市北區錦中街,,電梯大廈,2房1廳 - 1陽台1廚房,,有對外窗;陽台,https://www.rakuya.com.tw/rent/rent_item?ehid=04f026283233941,9d196180306cb45f13935749bf7dee90.jpeg,0.9780138627501398
2845,電梯管理/台水電/大空間/近勤美文心森林,,8500,12.0,12.1,11,0,台中市,台中市西區公益路,,電梯大廈,開放式格局,,,https://www.rakuya.com.tw/rent/rent_item?ehid=0a4537210081296,e628913203940ea6ab63d74549279a35.jpeg,0.0
2846,♥️新完工✨台水台電✨可租補✨洗脫烘✨子母車✨,,12999,15.0,0.0,12,1,台中市,台中市中區三民路二段,,電梯大廈,1房1衛,,,https://www.rakuya.com.tw/rent/rent_item?ehid=0c84ec28197071d,6cb25358d2edc4e6bef25639e7f06630.jpeg,0.0
2847,逢甲新光✨全新未住✨陽台獨洗✨流理臺,,11999,13.0,0.0,5,0,台中市,台中市西屯區河南路二段,,電梯大廈,開放式格局,,有對外窗;陽台,https://www.rakuya.com.tw/rent/rent_item?ehid=0b9d4a284821599,ef1eff5bdd12e265fcbfaa9981b3483a.jpeg,1.2477027828422125
2848,✨大空間兩房❤️星捷市✨含平車位機車位✅可貓子母車,,22499,45.0,0.1,4,2,台中市,台中市北屯區遼寧路一段,,電梯大廈,2房2廳1衛 - 2陽台,,有對外窗;陽台,https://www.rakuya.com.tw/rent/rent_item?ehid=07caf8293160926,05c0c63b07e68788693a4170b0e4f70b.jpeg,0.6711695960792349
2849,❤️東海中科❤️共洗窗曬❤️可租補❤️室內機車位,,5499,10.0,3.4,5,1,台中市,台中市龍井區新興路,,電梯大廈,1房1衛,,有對外窗,https://www.rakuya.com.tw/rent/rent_item?ehid=0505ec283002944,851274c6d54fc55c84f9926330cca5a4.jpeg,0.37416125683193685
2850,三民路 自由路 民族路 民權路 民生路 中山路,,11499,10.0,0.3,1,1,台中市,台中市西區三民路一段,,透天厝,1房1衛,,為邊間,https://www.rakuya.com.tw/rent/rent_item?ehid=04a7f128716375b,a5922b87fad7f94d963551b2200446b6.jpeg,0.0
2851,近逢甲商圈低樓層✨小資首選✨可租補✨生活機能佳,,5599,8.0,0.2,2,0,台中市,台中市西屯區西安街,,透天厝,開放式格局,,有對外窗,https://www.rakuya.com.tw/rent/rent_item?ehid=0282b529109245b,cab60cb463522143981afd6cf9f4110a.jpeg,1.8111264044450006
2852,♥️✨機車好停✨舒適空間⭐可獨洗獨曬✅️子母車,,8499,11.0,0.0,1,1,台中市,台中市西屯區福中二街,,透天厝,1房1衛 - 1陽台,,有對外窗;陽台,https://www.rakuya.com.tw/rent/rent_item?ehid=04d292276782358,b866489a3c1d3a1fc5d0f163b8e6ed21.jpeg,0.7794088357901264
2853,❤可貓雙租補❤近逢甲❤陽台獨洗❤流理臺❤室內大空間,,12999,15.0,0.1,4,0,台中市,台中市西屯區西安街,,透天厝,開放式格局,,陽台,https://www.rakuya.com.tw/rent/rent_item?ehid=002dce288470350,db179b6ee218189cb8228c5bef3d7120.jpeg,1.6374115217096197
2854,中國醫★獨洗獨曬★流理臺★可貓咪★可租補★子母車,,5499,10.0,0.1,2,1,台中市,台中市北區德化街,,電梯大廈,1房1廳1衛,,有對外窗,https://www.rakuya.com.tw/rent/rent_item?ehid=09f04929338517b,b36b2dd3d552f0d5e5628890f207e71f.jpeg,4753.5915621022
2855,中國醫❤可租屋補助❤可貓咪❤共洗獨曬,,5999,10.0,0.1,3,1,台中市,台中市北區美德街,,電梯大廈,1房1衛,,有對外窗,https://www.rakuya.com.tw/rent/rent_item?ehid=0c434c292782939,35a63a5533ec66e400d18cebe5021530.jpeg,1.127287186776253
2856,澄清工業✨租屋補助✅乖貓✨獨洗曬機車位✨IG搶先看,,7499,13.0,0.0,3,1,台中市,台中市西屯區順和三街,,電梯大廈,1房1衛 - 1陽台,,有對外窗,https://www.rakuya.com.tw/rent/rent_item?ehid=096746293247566,3fe91f1023d04c415fb94f103088ced9.jpeg,0.3549822203458065
2857,自強街全新整理透天出租,,25000,30.0,0.1,0,3,台中市,台中市北區自強街,,透天厝,3房3廳2衛,,,https://www.rakuya.com.tw/rent/rent_item?ehid=0335e529157426d,8934de564f6b1dfeffa050ae8bab229b.jpeg,0.5774663081074526
2858,❤️東海中科❤️電梯.可租補❤️系統裝潢新冷氣,,5300,7.0,4.9,6,1,台中市,台中市龍井區新興路,,電梯大廈,1房1衛,,有對外窗,https://www.rakuya.com.tw/rent/rent_item?ehid=016f8b28300316b,51b7947ba40b9a8483e79642f7be1872.jpeg,0.37589670343604464
2859,小資首選✅走路到逢甲✅新透天✅秒殺超級優惠,,6100,10.0,0.0,3,1,台中市,台中市西屯區中新巷,,透天厝,1房1衛,,有對外窗,https://www.rakuya.com.tw/rent/rent_item?ehid=06cd4f277505697,0dd3b5a94145ead3518707c97bcee9b1.jpeg,0.0
2860,近東海❤️可租補可貓❤️陽台獨洗採光佳❤️爬梯,,8999,12.0,0.0,3,1,台中市,台中市西屯區順和九街,,透天厝,1房1廳1衛 - 1陽台,,有對外窗;陽台,https://www.rakuya.com.tw/rent/rent_item?ehid=0f089e285256780,6b8a6cfff163caa8925608860ee33983.jpeg,0.29696034098341334
2861,全新⚡可租補⚡近忠孝夜市⚡中興大學,,9499,13.0,0.0,5,1,台中市,台中市南區和昌街,,電梯大廈,1房1衛 - 1陽台,,有對外窗;陽台,https://www.rakuya.com.tw/rent/rent_item?ehid=07e49428499523c,150ff0194b97afa0f0c56b900ef7022d.jpeg,0.6091261798008394
2862,可貓咪⭐可短租⭐室內G車位⭐中國醫,,5699,9.0,0.1,3,1,台中市,台中市北區健行路,,透天厝,1房1衛,,有對外窗,https://www.rakuya.com.tw/rent/rent_item?ehid=00b987293380101,87312980cd270f082e585177fa8fe76b.jpeg,0.8907914390007161
2863,正一房一廳✅近文心公園✅陽台獨洗✅有流理台,,13000,18.0,0.0,1,1,台中市,台中市南屯區黎明路一段,,透天厝,1房1廳1衛 - 1陽台1廚房,,有對外窗;陽台,https://www.rakuya.com.tw/rent/rent_item?ehid=0a0fb7279215461,80020a1a71d53a2ccb18849d8c63cd7b.jpeg,0.08196628468457916
2864,✨電梯美屋✨租屋補助✨陽台獨洗✨加賴約看✨,,7499,13.0,0.1,5,1,台中市,台中市西屯區河南東二街,,電梯大廈,1房1衛 - 1陽台,,有對外窗;陽台,https://www.rakuya.com.tw/rent/rent_item?ehid=051ccc29251736b,79cbad47ebbd280ab9af11aced90faaf.jpeg,0.9816030093040563
2865,⭐近興大⭐可寵⭐可租補⭐獨洗曬⭐木質地板⭐全新整理,,9499,12.0,0.1,6,1,台中市,台中市南區合作街,,公寓,1房1衛,,有對外窗,https://www.rakuya.com.tw/rent/rent_item?ehid=0dc0e529316205e,0d8fb134f09e0eb90f1f92f66525645d.jpeg,1.3262747363151282
2866,漢口國中電梯大套✔飲水機✔子母車,,5799,7.0,2.3,7,1,台中市,台中市西屯區西屯路二段,,電梯大廈,1房1衛,,有對外窗,https://www.rakuya.com.tw/rent/rent_item?ehid=026c94195616609,42b661c93bb9519e4972c72b38c8d87a.jpeg,1.0598370717896919
2867,1層1戶⭐大露臺⭐雙份租補⭐可小孩,,7199,12.5,0.0,6,1,台中市,台中市北屯區天津路四段,,公寓,1房1衛 - 1陽台,,有對外窗,https://www.rakuya.com.tw/rent/rent_item?ehid=06f674275839255,80beb19bdbdf297fb3f8521f69e01f32.jpeg,2.26663895506995
2868,東海可貓貓✨一房一廳✨可租補✨電梯✨室內機車位,,8500,10.0,0.1,6,0,台中市,台中市龍井區台灣大道五段,,電梯大廈,開放式格局,,有對外窗,https://www.rakuya.com.tw/rent/rent_item?ehid=076e3f282788315,69892ed7464d1dfe209a1e0f4316a868.jpeg,0.15405523394469414
2869,東區⛅可租補雙租補⛅陽台獨子乾濕分離⛅全新採光超讚,,11499,12.0,1.1,4,1,台中市,台中市東區建中街,,透天厝,1房1衛 - 1陽台,,有對外窗;陽台,https://www.rakuya.com.tw/rent/rent_item?ehid=0993b8289113492,2395bafaea761e7539cfc4d41518c2f8.jpeg,1.3076630441850403
2870,文華高中❤小資首選❤共洗共曬❤機車位❤子母車,,5999,10.0,0.1,2,1,台中市,台中市西屯區永昌三街,,透天厝,1房1廳1衛,,有對外窗,https://www.rakuya.com.tw/rent/rent_item?ehid=0491ca272978158,fc910ca4b015d543e31a2227875e378f.jpeg,0.9422259694349358
2871,中興大學❤台電計費❤可寵物❤陽台獨洗❤子母車,,8499,10.0,0.0,3,1,台中市,台中市南區有恆街,,電梯大廈,1房1廳1衛,,有對外窗;陽台,https://www.rakuya.com.tw/rent/rent_item?ehid=056362244373046,4e50057e0ee6ede301376621d981fc58.jpeg,0.8493427885463277
2872,逢甲僑光/租補／超新裝潢/機車位,,9999,11.0,0.1,1,0,台中市,台中市西屯區光明路,,透天厝,開放式格局,,有對外窗;陽台,https://www.rakuya.com.tw/rent/rent_item?ehid=0ef20b292006147,567fd8325f6ea1745778e32c280593f6.jpeg,1.2377413808250832
2873,台積電/全新未住/機車位/多間可選,,8999,12.0,0.1,3,0,台中市,台中市西屯區中科路,,透天厝,開放式格局,,有對外窗;陽台,https://www.rakuya.com.tw/rent/rent_item?ehid=073796292003582,b25d19fb43f868485aef3588920d5630.jpeg,0.07449174655177149
2874,❤️整棟新蓋近市政府❤️流理臺/獨立陽台/雙門冰箱,,10999,14.0,0.1,3,1,台中市,台中市西區精誠路,,透天厝,1房1衛 - 1陽台,,有對外窗;陽台,https://www.rakuya.com.tw/rent/rent_item?ehid=02ca9e292007646,a31729f1c90689a22fb938480c0a6fe6.jpeg,1.506154113209376
2875,✨整面系統裝潢✨電梯陽台|子母車|逢甲大遠百,,13999,13.0,0.0,4,1,台中市,台中市西屯區西屯路二段,,透天厝,1房1衛 - 2陽台,,有對外窗;陽台,https://www.rakuya.com.tw/rent/rent_item?ehid=00ba0d28094194c,98d6e923ed7ff2cae2ae110bbad2a9ca.jpeg,0.9542724755631242
2876,走路崇德文心站⭐️租補報稅⭐️整棟全新⭐️可短租,,10499,16.0,2.7,6,1,台中市,台中市北屯區遼陽四街,,電梯大廈,1房1廳1衛 - 1陽台,,陽台,https://www.rakuya.com.tw/rent/rent_item?ehid=073471291467845,a1dd91de65f36aa26c583132122a4eee.jpeg,2.58094603988757
2877,近水湳✨陽台獨洗✨可租補✨系統裝潢衛浴窗✨電梯免爬,,7999,7.0,0.0,1,0,台中市,台中市北屯區后庄北路,,透天厝,開放式格局,,,https://www.rakuya.com.tw/rent/rent_item?ehid=01546228866634f,15c7aaeb771bf283ea94262cb4b22f65.jpeg,0.21746024249405743
2878,新時代走路到⭐可短租1個月⭐工業風⭐機能方便,,5499,11.0,2.2,1,1,台中市,台中市東區復興路四段,,透天厝,1房1廳1衛,,有對外窗,https://www.rakuya.com.tw/rent/rent_item?ehid=051d2f289196345,19722aa192b3412d077c3989898b1172.jpeg,1.9990901436449198
2879,可租補♥電梯陽台獨洗♥衛浴開窗♥鄰近中國醫、中科大,,11300,10.0,3.5,3,1,台中市,台中市北區五權路,,透天厝,1房1衛 - 1陽台,,有對外窗;陽台,https://www.rakuya.com.tw/rent/rent_item?ehid=07cdb127247958e,3323ec11f8cf7b11859fcb37134752f6.jpeg,0.0
2880,東海商圈近中科勝美樂富2房平車可租補可寵物,,21000,17.72,0.0,7,2,台中市,台中市龍井區新仁路/勝美樂富,,電梯大廈,2房2廳1衛 - 1廚房,,有對外窗,https://www.rakuya.com.tw/rent/rent_item?ehid=0e126927758005c,481afd9c3f539eb5c7dc77e924ca8ca5.jpeg,0.1270240095897872
2881,租補可寵電梯❤️兩房❤️陽台❤️開伙❤️台水台電,,22000,25.0,0.1,4,2,台中市,台中市西屯區中康街,,電梯大廈,2房1廳1衛 - 1陽台,,,https://www.rakuya.com.tw/rent/rent_item?ehid=0b7bc929293347c,c6aa6c09829076b9ccb41972c567ada9.jpeg,0.15365575448403979
2882,⭐近市政府⭐可貓⭐可租補⭐獨洗曬⭐子母車⭐飲水機,,10999,14.0,0.1,5,1,台中市,台中市西區向上路一段,,透天厝,1房1衛,,有對外窗,https://www.rakuya.com.tw/rent/rent_item?ehid=0057b0293247970,89c9d84c3a9108f97baf59ada0ecb8e8.jpeg,1.5267998288604185
2883,逢甲大學❤陽台獨洗❤可租屋補助❤可貓咪❤子母車,,6799,10.0,0.1,4,1,台中市,台中市西屯區西屯路二段,,公寓,1房1衛 - 1陽台,,有對外窗;陽台,https://www.rakuya.com.tw/rent/rent_item?ehid=08ccf129285192c,96b89e488cc91d4d4f2d03595800998a.jpeg,1.0392123247916094
2884,可租補✨獨洗陽台✨超秒殺✨機車位✨子母車,,8499,11.0,1.9,7,1,台中市,台中市北屯區僑孝街,,電梯大廈,1房1衛 - 1陽台,,有對外窗;陽台,https://www.rakuya.com.tw/rent/rent_item?ehid=0806e921875560f,1f888aa504aefb969d232cc6babeee21.jpeg,1.0601581823621227
2885,爬梯運動✨可寵超美房✨陽台獨洗曬✨系統櫃✨乾淨明亮,,10000,12.0,0.1,5,1,台中市,台中市西區忠明南路,,透天厝,1房1衛 - 1陽台,,有對外窗;陽台,https://www.rakuya.com.tw/rent/rent_item?ehid=006e82292360314,1fca54d2ffc060c20a732dbe02942bd5.jpeg,0.7336886631295616
2886,興大可貓可狗電梯租補✨獨洗脫烘,,9500,15.0,0.0,6,1,台中市,台中市南區國光路,,電梯大廈,1房1廳1衛,,有對外窗,https://www.rakuya.com.tw/rent/rent_item?ehid=07b39724791467d,119e2bf08b7a0b2485aa18a207a5ea77.jpeg,0.7051372866897895
2887,文華高中❤可寵物❤陽台獨洗❤流理臺❤子母車❤,,9999,12.0,2.8,2,1,台中市,台中市西屯區漢成街,,透天厝,1房1廳1衛 - 1陽台,,有對外窗;樓中樓;陽台,https://www.rakuya.com.tw/rent/rent_item?ehid=0ca437180164286,249b6bf8667a4b55ec076fdd43abe47a.jpeg,0.9693155392003663
2888,中興大學/全新未住/雙租補／多間可選,,9500,11.5,0.0,3,0,台中市,台中市南區和昌街,,透天厝,開放式格局,,有對外窗;陽台,https://www.rakuya.com.tw/rent/rent_item?ehid=0609a0290700897,2b01eae5a44a076e122b6a5cee1a88eb.jpeg,0.6091185923320309
2889,廣三sogo/全新2房/雙租補/可家庭,,21999,18.0,0.0,3,2,台中市,台中市北區天津路一段,,透天厝,2房1廳1衛 - 1陽台,,有對外窗;陽台,https://www.rakuya.com.tw/rent/rent_item?ehid=0b9f3a290722656,7289783a1bce4f458994ca53ad8966fa.jpeg,0.772828633188694
2890,✨超便宜三房❤️可多人租補✅可貓✅入戶籍✨家庭首選,,18000,30.0,0.1,3,3,台中市,台中市西區五權六街,,公寓,3房2廳1衛 - 1陽台,,有對外窗;陽台,https://www.rakuya.com.tw/rent/rent_item?ehid=05274e293162752,787189f48e08656a62c8f3e5781d6352.jpeg,0.0
2891,✨勤美誠品✨租屋補助✨陽台獨洗✨流理台✨加賴聯絡✨,,13999,15.0,0.1,4,1,台中市,台中市西區美村路一段,,透天厝,1房1衛 - 1陽台,,有對外窗;陽台,https://www.rakuya.com.tw/rent/rent_item?ehid=0261f5288745728,24a18d75837cab6a8169d621e89c478e.jpeg,0.9179374514434863
2892,整棟,,14999,17.0,0.1,6,0,台中市,台中市北屯區華美西街二段,,電梯大廈,開放式格局,,有對外窗;陽台,https://www.rakuya.com.tw/rent/rent_item?ehid=0cf92c29335127a,b95ddeb0c2f49fb33be05abc8cd8ed0e.jpeg,0.8178024682896047
2893,♥️可租補✨獨洗曬✨飲水機✨,,7999,11.0,0.0,5,1,台中市,台中市東區樂業路,,電梯大廈,1房1衛,,,https://www.rakuya.com.tw/rent/rent_item?ehid=0dadfd289463197,32740ce02b3479ab3f1bc30d8553d732.jpeg,1.3190546164428272
2894,獨洗陽台✨可租補短租✨陽台菸✨可寵✨可租補,,7799,10.0,1.1,3,1,台中市,台中市中區民族路,,透天厝,1房1衛 - 1陽台,,,https://www.rakuya.com.tw/rent/rent_item?ehid=06fdfe280239232,3de7154b127be913cc7649abce37941c.jpeg,1.637475471809966
2895,逢甲大學✨一房一廳✨可貓可租補✨管理員✨,,11999,15.0,0.0,3,0,台中市,台中市西屯區西屯路二段上石北二巷,,電梯大廈,開放式格局,,有對外窗;陽台,https://www.rakuya.com.tw/rent/rent_item?ehid=0bd158278075805,28ad0030729bea1c716b2ce3d4b8ed9d.jpeg,0.0
2896,❤️養貓看這個❤️大坪數|電梯陽台|流理臺|公益路,,11499,15.0,0.1,4,1,台中市,台中市南屯區南屯路二段,,電梯大廈,1房1廳1衛 - 1陽台,,有對外窗;陽台,https://www.rakuya.com.tw/rent/rent_item?ehid=058586292007296,a468f08a2435b77b6a4d2154d4e78f56.jpeg,1.102270943004144
2897,兩房可雙租補✨獨立洗脫烘✨流理臺✨極新屋況✨採光佳,,18499,21.0,0.0,4,2,台中市,台中市北區青島路一段,,透天厝,2房1廳1衛,,,https://www.rakuya.com.tw/rent/rent_item?ehid=03425b28899386c,307bc6dbebe5efbdee7683b39b8ca622.jpeg,0.9415309620098504
2898,✨全新整理✨超夯可貓✨租屋補助✨獨洗曬✨近中國醫✨,,12799,16.0,0.0,5,1,台中市,台中市北區中清路一段,,公寓,1房1廳1衛,,有對外窗,https://www.rakuya.com.tw/rent/rent_item?ehid=05d269288875960,8a3da504e80333b04b47593c0182298a.jpeg,1.1167369953716275
2899,太平全新未住✨雙租補❗乾溼分離✨秒殺件✨,,9000,12.0,0.1,3,1,台中市,台中市太平區振武路,,透天厝,1房1衛,,有對外窗,https://www.rakuya.com.tw/rent/rent_item?ehid=0ec75e29242441a,584db7b1af2f7daec5dc8ad9237c59b9.jpeg,0.49324963834649393
2900,採光陽台✨機車位✨小資最愛✨旱溪夜市,,6799,12.0,0.1,3,0,台中市,台中市太平區振福路,,電梯大廈,開放式格局,,有對外窗;陽台,https://www.rakuya.com.tw/rent/rent_item?ehid=01489d292562680,db65f9a7536c169dd377a4f0cb03d603.jpeg,0.6310247182602358
2901,電梯新屋✨採光陽台✨室內機車位✨子母車✨,,6799,10.0,0.0,3,1,台中市,台中市東區精武東路,,電梯大廈,1房1衛 - 1陽台,,有對外窗;陽台,https://www.rakuya.com.tw/rent/rent_item?ehid=00822a287356950,3c0e66cfc642d47c061c37d884dafd6e.jpeg,0.5810425623584349
2902,小資首選✨再收藏就出租✨租補大三房✨採光好大空間,,19999,30.0,0.1,5,3,台中市,台中市北區崇德路一段,,公寓,3房2廳2衛 - 1陽台1廚房,,有對外窗;陽台,https://www.rakuya.com.tw/rent/rent_item?ehid=09d081291923646,690b23a3b7ac988825b599815d2d6184.jpeg,1.2559399655902337
2903,3房2廳2衛2陽☆租金含管車☆台水電☆天然氣☆平車,,32000,32.0,5.4,7,3,台中市,台中市北屯區河北西街/佳泰大崇德,,電梯大廈,3房2廳2衛 - 2陽台1廚房,,有對外窗;陽台,https://www.rakuya.com.tw/rent/rent_item?ehid=0ea425277947157,3363417bc5b9f13a6a3aa22d86f3c0ff.jpeg,1.628874719593534
2904,一房一廳大空間傢俱電全新未住雙租補可寵,,23500,22.0,1.4,2,1,台中市,台中市西區民興街,,公寓,1房1廳1衛 - 1陽台,,有對外窗;陽台,https://www.rakuya.com.tw/rent/rent_item?ehid=0ec2d3278848951,0564c8446e2dc36b03c6bf2e2309387d.jpeg,0.5037101279031628
2905,可租補✨陽台獨洗.室內機車位✨東海商圈.中科,,10000,10.0,0.1,2,1,台中市,台中市龍井區遊園南路,,電梯大廈,1房1廳1衛 - 1陽台,,有對外窗;陽台,https://www.rakuya.com.tw/rent/rent_item?ehid=0ea12a291022742,50a407d87dfed2162bc34df2788aa863.jpeg,0.17397766402123752
2906,近中興大學⭐可雙租補⭐全新未住⭐陽台獨洗⭐質感裝潢,,9499,13.0,0.0,5,1,台中市,台中市南區台中路,,電梯大廈,1房1廳1衛 - 1陽台,,,https://www.rakuya.com.tw/rent/rent_item?ehid=039b0a289196431,aa06ce85c1a0080c0ae1313227465968.jpeg,0.04800994520597749
2907,可租補⭐️近逢甲⭐️爬梯有管理室⭐️陽台獨洗,,6299,10.0,0.0,5,1,台中市,台中市西屯區福上巷,,公寓,1房1衛 - 1陽台,,有對外窗;陽台,https://www.rakuya.com.tw/rent/rent_item?ehid=0d0b3c27783502c,9fe9b441951739a3d941b34a80f78c2b.jpeg,1.759580117369964
2908,北新國中旁大坪數電梯公寓2樓出租,,26000,42.66,32.5,2,5,台中市,台中市北屯區遼寧路一段,,電梯大廈,5房2廳4衛 - 2陽台1廚房,,有對外窗;為邊間,https://www.rakuya.com.tw/rent/rent_item?ehid=0a0f9019112748d,7a5a55f7edccb9aa697cf08dd350ea3f.jpeg,0.660753014737184
2909,文心櫻花✨租屋補助✨木質地板✨子母車飲水機✨,,6999,11.0,0.1,2,1,台中市,台中市西屯區甘肅路一段,,透天厝,1房1衛,,有對外窗,https://www.rakuya.com.tw/rent/rent_item?ehid=0ca690293055429,62237f628f3379c50bcf488bdc6b621c.jpeg,0.8798926466664962
2910,乖寵的家✨系統裝潢✨一房一廳✨陽台獨洗✨IG搶先看,,14999,14.0,0.1,5,1,台中市,台中市西屯區福雅路,,電梯大廈,1房1廳1衛 - 1陽台,,有對外窗;陽台,https://www.rakuya.com.tw/rent/rent_item?ehid=08ac00291894154,ef18ffaf1f1235212c94b1cb0232a615.jpeg,0.052179971874626745
2911,❤️東海中科❤️可貓貓❤️2張單人床❤️室內機車位,,6999,12.0,6.1,2,1,台中市,台中市龍井區新興路,,電梯大廈,1房1衛 - 1陽台,,有對外窗;陽台,https://www.rakuya.com.tw/rent/rent_item?ehid=07e38b290934427,405c9a41df36aa43f53569eb25c1fda7.jpeg,0.3631632386005586
2912,可租補全新社區第一手入住附平面車位崇德薈,,27500,25.0,0.0,6,3,台中市,台中市北屯區昌平路二段/泓瑞崇德薈,,電梯大廈,3房3廳2衛 - 1廚房,,有對外窗;有中庭;陽台,https://www.rakuya.com.tw/rent/rent_item?ehid=091a08287194298,5808edb84f770328f12f5aa4ede303b6.jpeg,1.5372509203566205
2913,中區便宜電梯2房❤️家具齊全❤️獨洗❤️,,18499,20.0,0.0,11,2,台中市,台中市中區公園路,,電梯大廈,2房1廳1衛 - 1室,,有對外窗,https://www.rakuya.com.tw/rent/rent_item?ehid=0df32427852114d,f27c5e7ad56f2c0376d82911b567e83c.jpeg,0.06301585178806085
2914,可短租1個月✨可租屋補助✨電梯✨室內機車位,,9000,8.0,0.1,6,1,台中市,台中市龍井區台灣大道五段,,電梯大廈,1房1衛,,有對外窗,https://www.rakuya.com.tw/rent/rent_item?ehid=025237290919508,fbf682343cf011ab28b6ddb4f1b64104.jpeg,0.1530080510789124
2915,可租補可貓✅近新光遠百✅獨洗窗曬✅小資的最愛,,5500,10.0,0.0,2,1,台中市,台中市西屯區青海路二段,,透天厝,1房1衛,,有對外窗,https://www.rakuya.com.tw/rent/rent_item?ehid=0b96a3278811966,a183e16823bcefb200ae16877bad95d0.jpeg,1.5094390238352104
2916,樹孝商圈❤️獨洗獨曬❤️可租補❤️機車位❤️子母車,,6499,10.0,0.0,2,1,台中市,台中市太平區新明街,,電梯大廈,1房1廳1衛,,有對外窗,https://www.rakuya.com.tw/rent/rent_item?ehid=070c21265208620,1a7c649fbd22e434836c67a677eeac16.jpeg,0.6931673154348073
2917,【秒殺正廣】@電梯免爬@採光極佳@舒適大空間,,5999,10.0,2.1,3,0,台中市,台中市龍井區新興路,,電梯大廈,開放式格局,,有對外窗,https://www.rakuya.com.tw/rent/rent_item?ehid=06b68e210562588,c332d1236d3da37dd12420ab9519cf76.jpeg,0.37012243468263467
2918,電梯管理員❤獨洗曬❤木質地❤秒殺的唷❤可租屋補助❤,,6499,10.0,0.1,5,1,台中市,台中市西屯區寶慶街,,電梯大廈,1房1廳1衛,,有對外窗,https://www.rakuya.com.tw/rent/rent_item?ehid=058a7329216670a,be5e61b275e89ceffb16720bafc32138.jpeg,1.8690387583853942
2919,小資首選/可補助/共用洗衣/一中中國醫,,5200,8.0,0.1,2,0,台中市,台中市北區健行路,,公寓,開放式格局,,,https://www.rakuya.com.tw/rent/rent_item?ehid=0f1c7229157912f,2bd28340fddc9bc35b09676375e89a05.jpeg,0.901088933097895
2920,中興大學★陽台獨洗★可寵物★可租屋補助★子母車,,8999,12.0,0.1,2,1,台中市,台中市南區南門路,,電梯大廈,1房1廳1衛 - 1陽台,,有對外窗;陽台,https://www.rakuya.com.tw/rent/rent_item?ehid=01fd12286702632,ddd3f48147a2538a58cb160187a33bd2.jpeg,0.0
2921,水湳經貿✔可貓咪✔陽台獨洗✔子母車,,8499,10.0,0.0,3,1,台中市,台中市北屯區昌平路一段,,公寓,1房1衛 - 1陽台,,有對外窗;陽台,https://www.rakuya.com.tw/rent/rent_item?ehid=0e466217841115a,643206669439f99d549befb7862eb18f.jpeg,2.4081604601265805
2922,親親戲院✔短租❤大空間,,5499,10.0,0.0,5,1,台中市,台中市北區北屯路,,公寓,1房1衛,,有對外窗,https://www.rakuya.com.tw/rent/rent_item?ehid=03770f274198706,ba6ebeb41cc305dbca8d3914bcc418f4.jpeg,0.13576708462187423
2923,全新建案採光✨兩房家具全配✨可寵可租補✨平車機車位,,24999,31.9,0.0,3,2,台中市,台中市北屯區太原路三段/鴻邑璞臻,,電梯大廈,2房1廳1衛 - 1陽台1廚房,,,https://www.rakuya.com.tw/rent/rent_item?ehid=06c06e285491683,82cd8fd01d15d366c37512021102efe9.jpeg,0.24031310260025082
2924,水湳逢甲/全新未住/可貓/單租補/ 乾濕分離,,13500,13.0,0.1,3,0,台中市,台中市北屯區陳平路,,透天厝,開放式格局,,有對外窗;陽台,https://www.rakuya.com.tw/rent/rent_item?ehid=068ec1291087191,8287148734968d882062df309679c66c.jpeg,0.2746034420258936
2925,中興大學✨洗衣機✔有流理臺✔機車位,,13999,13.0,0.0,2,1,台中市,台中市南區復興路二段,,透天厝,1房1廳1衛 - 1陽台,,有對外窗;陽台,https://www.rakuya.com.tw/rent/rent_item?ehid=09d592288837439,5272494381a659738bdaea732a067d0c.jpeg,0.5306825891157655
2926,北屯區昌平 興安商圈三房+平面車位出租,,28500,25.0,26.2,9,3,台中市,台中市北屯區大連路三段/大連龍莊,,電梯大廈,3房2廳2衛,,有對外窗;有中庭;陽台,https://www.rakuya.com.tw/rent/rent_item?ehid=050a62288491064,cae75361ebaa08c064bbcc06d7457bc1.jpeg,1.5437805816979715
2927,✨秒殺全新✨陽台獨洗✨絕美採光✨雙租屋補助✨快搶,,8999,14.0,0.1,2,1,台中市,台中市太平區振武路,,透天厝,1房1衛 - 1陽台,,,https://www.rakuya.com.tw/rent/rent_item?ehid=08992b29202995c,a376aac50a8a78943d7936508af1700e.jpeg,0.493256159599568
2928,電梯管理員❤一房一廳❤可貓❤獨洗曬❤雙租屋補助❤,,16000,18.0,0.1,5,1,台中市,台中市西屯區逢甲路,,電梯大廈,1房1廳1衛 - 1廚房,,有對外窗,https://www.rakuya.com.tw/rent/rent_item?ehid=03aab629190084e,4a7f3343ba79b881cd5737adfd837de8.jpeg,1.5060029334596958
2929,超新可寵◕流理台陽台獨洗◕北屯Costco松竹車站,,11999,15.0,3.7,3,0,台中市,台中市北屯區松竹路二段,,透天厝,開放式格局,,有對外窗;陽台,https://www.rakuya.com.tw/rent/rent_item?ehid=04484215137687a,f5c0e85a621cb1aff6f29068bbc93bf7.jpeg,0.6199584030191025
2930,女生宿舍✨台電計費✅乖寵請進✨陽台獨洗✨IG搶先看,,7499,14.0,0.1,8,1,台中市,台中市西屯區櫻城三街,,電梯大廈,1房1衛 - 1陽台,,有對外窗;陽台,https://www.rakuya.com.tw/rent/rent_item?ehid=0af997291897592,cd5561af8cb544222788130d77281b62.jpeg,1.626744609758609
2931,精城商圈❤可雙租屋補助❤可貓寵❤可短租❤獨洗曬陽台,,10499,12.0,0.1,2,1,台中市,台中市西區大隆路,,透天厝,1房1廳1衛 - 1陽台,,有對外窗;陽台,https://www.rakuya.com.tw/rent/rent_item?ehid=064d51291905609,33449676998c62df7d8ae339afc7571a.jpeg,1.471860840058442
2932,❤️東海中科❤️可寵可租補❤️木質地板雙面採光❤️,,5799,10.0,3.6,5,1,台中市,台中市龍井區台灣大道五段,,透天厝,1房1衛,,有對外窗,https://www.rakuya.com.tw/rent/rent_item?ehid=0dc10a28153662e,8218ceea7135991fcfa7de81bf671047.jpeg,0.16141807105414147
2933,C1D68） 捷運中山國中【精緻1房1廳】警衛管理,,25000,14.0,20.0,15,1,台北市,台北市中山區復興北路,,電梯大廈,1房1廳1衛 - 1陽台,,,https://www.rakuya.com.tw/rent/rent_item?ehid=0ad02a279275394,6b4d83bfaf99241d00b8bd5f30478338.jpeg,2.177155583982756
2934,台電超省⭐租補⭐乾溼分離⭐小資價,,5999,8.9,0.0,3,1,台中市,台中市北區衛道路,,透天厝,1房1衛,,有對外窗,https://www.rakuya.com.tw/rent/rent_item?ehid=0b29c1288998380,f67c925ab5a02442c2ceb7c4906c0be7.jpeg,0.0
2935,再收藏就出租西區可寵大三房雙陽台家具全配,,22500,30.0,0.1,5,3,台中市,台中市西區忠誠街,,公寓,3房1廳2衛 - 2陽台,,有對外窗;陽台,https://www.rakuya.com.tw/rent/rent_item?ehid=076394291924808,c56959ee307b4a8972e3c0f360e6cf2b.jpeg,0.9450747770632212
2936,✨大墩六街多房型套房✨新裝潢可租補✨可貓✨獨洗✨,,15500,16.0,10.4,2,1,台中市,台中市南屯區大墩六街,,公寓,1房1衛,,有對外窗,https://www.rakuya.com.tw/rent/rent_item?ehid=035159277118422,9457141437de0fafdcfb2f2c526abf9d.jpeg,1.2249960234893666
2937,逢甲☄️CP值高⭐️共用洗衣機租補✨,,5599,10.0,0.0,4,1,台中市,台中市西屯區福星路,,透天厝,1房1衛,,有對外窗,https://www.rakuya.com.tw/rent/rent_item?ehid=034e13228883755,2359cbcdd93dba4a15c2d1958306d837.jpeg,1.9455209432907425
2938,逢甲❤走路就到可貓狗❤子母車,,5499,12.0,0.1,3,1,台中市,台中市西屯區文華路,,透天厝,1房1衛,,有對外窗,https://www.rakuya.com.tw/rent/rent_item?ehid=0df78f25553309a,f5fccd1b137ad461407417b65aa41e23.jpeg,2.0375753014904903
2939,電梯四房一廳❤️雙租補❤️陽台獨洗獨曬❤️平面車位,,35799,39.0,0.1,6,4,台中市,台中市南屯區東興路三段,,電梯大廈,4房1廳2衛 - 2陽台1廚房,,有對外窗;陽台,https://www.rakuya.com.tw/rent/rent_item?ehid=0a26c3292456670,77b63a39de60a8c4bf6c2ace6b178038.jpeg,1.290439205210232
2940,逢甲首選✨獨洗流理臺✨系統櫃✨採光超好✨IG搶先看,,9999,14.0,0.1,1,1,台中市,台中市西屯區皇城街,,透天厝,1房1衛 - 1陽台,,有對外窗;陽台,https://www.rakuya.com.tw/rent/rent_item?ehid=00252d29188099c,045908b3da1b682608ead0813a7e1f38.jpeg,0.7446331680626403
2941,✨含車位❤️全新未住大四房✅可租補入戶籍✅可寵,,27999,40.0,0.1,2,4,台中市,台中市西屯區大弘街,,電梯大廈,4房2廳2衛 - 2陽台1廚房,,有對外窗;陽台,https://www.rakuya.com.tw/rent/rent_item?ehid=0d53ba29193826f,eca38ce88b1d8778d13c3ee4e2cdd437.jpeg,1.018733395032753
2942,✨敞亮陽台✨獨立筒彈簧床✨,,8499,8.0,0.0,5,1,台中市,台中市西屯區福上巷,,透天厝,1房1衛,,有對外窗,https://www.rakuya.com.tw/rent/rent_item?ehid=01946028909800b,c73f310645c186db6725dd7d65bf796c.jpeg,1.6966585059982726
2943,✨超秒殺✨全新完工✨可貓✨衛浴開窗✨子母車✨近一中,,11499,14.0,0.0,3,1,台中市,台中市北區崇德路一段,,電梯大廈,1房1廳1衛 - 1陽台,,有對外窗;陽台,https://www.rakuya.com.tw/rent/rent_item?ehid=0bee43287582569,054cac46f88fcd99791d60159fdd6460.jpeg,1.3370047729251684
2944,神秘優惠✨絕美採光✨獨洗獨曬✨可短租✨騎樓機車位,,6999,13.0,0.0,6,1,台中市,台中市北區進化北路,,電梯大廈,1房1衛,,,https://www.rakuya.com.tw/rent/rent_item?ehid=08003c276211250,b25809bcb2a0249f01ba8f10ff2bb36b.jpeg,0.0
2945,南區一房一廳精美套房✨可貓咪❗獨洗陽台✨台電計✨,,17499,20.0,0.1,2,1,台中市,台中市南區建成路,,透天厝,1房1廳1衛 - 1陽台,,有對外窗;陽台,https://www.rakuya.com.tw/rent/rent_item?ehid=0e919b291464799,21efb75f32d0b30b0de58fc666092a14.jpeg,0.03823030396145692
2946,♥️全新整理✨近工業區、東海✨租補✨獨洗✨子母車,,12999,16.0,0.0,2,1,台中市,台中市西屯區福中七街,,透天厝,1房1衛 - 1陽台,,,https://www.rakuya.com.tw/rent/rent_item?ehid=01d5ad28946096b,852e5c1c3c78497c648c83c84655122b.jpeg,0.6538074273964205
2947,精美套房✨木地板✅小資首選✨採光佳✨大空間,,6000,8.0,6.4,3,1,台中市,台中市北屯區北屯路,,透天厝,1房1衛,,有對外窗,https://www.rakuya.com.tw/rent/rent_item?ehid=027f7b15163719a,d5b0b6702c5d7d44b7a6219b731ef81a.jpeg,0.13429879054910251
2948,✨電梯美屋✨租屋補助✨小資首選✨加賴約看✨,,6499,11.0,0.1,5,1,台中市,台中市西屯區寶慶街,,電梯大廈,1房1衛,,有對外窗,https://www.rakuya.com.tw/rent/rent_item?ehid=0519d2292131789,8a929c69188daf5177424af572d47d30.jpeg,1.8690387583853942
2949,❤勤益科大❤陽台獨洗❤衛浴開窗❤機車位❤電梯子母車,,6899,12.0,0.1,7,0,台中市,台中市太平區東村八街,,電梯大廈,開放式格局,,陽台,https://www.rakuya.com.tw/rent/rent_item?ehid=06c84b292572465,695a96956f280a678a1fbedef19d80f8.jpeg,0.2203603661963045
2950,近北屯好市多⭐️秒殺大坪數⭐️超級喜歡⭐️陽台採光,,14499,18.0,0.0,3,1,台中市,台中市北屯區松竹路二段,,透天厝,1房1廳1衛 - 1陽台,,,https://www.rakuya.com.tw/rent/rent_item?ehid=0dae0e291471448,b64366d91e7ca359c131360321f8c197.jpeg,0.6066647740261908
2951,♥️獨洗獨矖✨子母車✨電梯✨可租補✨,,5499,8.0,0.0,3,1,台中市,台中市東區三賢街,,電梯大廈,1房1衛,,有對外窗,https://www.rakuya.com.tw/rent/rent_item?ehid=06472b277071579,bf9f92be80b11faecc8fe9b2d00451dc.jpeg,0.0
2952,❤新光遠百❤獨洗獨曬❤小資首選❤採光佳❤,,5999,10.0,3.2,2,1,台中市,台中市西屯區惠中路,,透天厝,1房1衛 - 1陽台,,有對外窗,https://www.rakuya.com.tw/rent/rent_item?ehid=02de9f169918294,71d18164b90135bf3b97c382581661f0.jpeg,1.3250383161638322
2953,進化北✨洗衣機❤機車好停,,3499,8.0,0.0,5,1,台中市,台中市北區衛道路,,電梯大廈,1房1衛,,有對外窗,https://www.rakuya.com.tw/rent/rent_item?ehid=0649f228532492d,040154f83015811b9955ebf40cd41ec5.jpeg,0.0
2954,近中興大學✨全新未住✨可寵✨電梯套房✨可租補✨,,15000,10.0,0.1,7,1,台中市,台中市南區合作街,,公寓,1房1衛,,有對外窗,https://www.rakuya.com.tw/rent/rent_item?ehid=04fa7929040054a,6aa3eb9df8117b194edb8079398fd45d.jpeg,1.2580021990054502
2955,豪華私人✨一瞬間對你的思念小資優惠✅大露台獨洗✨,,14000,12.0,0.1,1,0,台中市,台中市北屯區中清路二段,,電梯大廈,開放式格局,,有對外窗;陽台,https://www.rakuya.com.tw/rent/rent_item?ehid=0c138c275411670,047f0cb00549d0a828dbf8fa36287a9a.jpeg,0.8194437472890791
2956,✨雙租補✨貓狗寵✨獨洗獨曬✨一中商圈✨中國醫商圈✨,,20999,25.0,0.0,7,2,台中市,台中市北區五順街,,華廈,2房1廳1衛,,有對外窗,https://www.rakuya.com.tw/rent/rent_item?ehid=07fa0c271618424,d5572d84cd233bbe85c49e60e4e9bc23.jpeg,0.0
2957,一房一廳⭐可租補⭐可貓⭐獨洗⭐等垃圾車⭐小資秒殺,,10999,12.0,0.1,5,1,台中市,台中市西區向上路一段,,透天厝,1房1廳1衛,,有對外窗,https://www.rakuya.com.tw/rent/rent_item?ehid=03529d292559943,7167b61b7d942c8e107596c88104c331.jpeg,1.5267998288604185
2958,近中港轉運站⭐可貓⭐可租補⭐獨洗烘⭐子母車⭐飲水機,,5499,8.0,0.1,1,1,台中市,台中市西屯區福安七街,,透天厝,1房1衛,,有對外窗,https://www.rakuya.com.tw/rent/rent_item?ehid=0228c2292981214,c2c563bfb681622b516344efc61074d8.jpeg,0.6585238120242088
2959,北區⛅一房一廳一衛一陽台⛅可租補雙租補⛅台電⛅,,14799,12.0,1.1,5,1,台中市,台中市北區武漢街,,透天厝,1房1衛 - 1陽台,,有對外窗;陽台,https://www.rakuya.com.tw/rent/rent_item?ehid=0b1cdc29184434b,cfa318c79cf3fb241cad51e1baad5c5c.jpeg,0.0
2960,逢甲台水電✨代收包裹✨機車位可租✨獨洗曬,,5499,10.0,0.1,3,0,台中市,台中市西屯區福上巷,,透天厝,開放式格局,,有對外窗;陽台,https://www.rakuya.com.tw/rent/rent_item?ehid=012c30292537216,bb4cd6ff63cee5c4761bf1d7adf141a7.jpeg,1.789559839819035
2961,精武★獨洗獨曬★可寵物★流理臺★可租屋補助★子母車,,7799,10.0,0.1,5,1,台中市,台中市東區振福路,,透天厝,1房1廳1衛,,有對外窗,https://www.rakuya.com.tw/rent/rent_item?ehid=0fce12293380732,a90e7ffba3975b7ed6bd50dacafd50cc.jpeg,0.0
2962,勤益首選✨可雙租補✅陽台獨洗✨室內機車✨IG搶先看,,6599,13.0,0.0,4,1,台中市,台中市太平區中山路二段,,透天厝,1房1衛 - 1陽台,,有對外窗,https://www.rakuya.com.tw/rent/rent_item?ehid=0678a428672541b,86d35d19ed787c41efc78a52365044ef.jpeg,0.3124897322837459
2963,透天一樓☆可租補☆乾溼分離☆子母車☆陽台獨洗曬,,16000,19.0,1.4,1,1,台中市,台中市西屯區福科路,,透天厝,1房1.5衛 - 1陽台,,有對外窗;陽台,https://www.rakuya.com.tw/rent/rent_item?ehid=0a6814278687178,ca8e2af073537c8918afbc14e7b81903.jpeg,0.454908953634167
2964,秒殺逢甲❤可貓狗首選❤精美套房❤機車位❤子母車,,5999,8.0,0.0,4,1,台中市,台中市西屯區福上巷,,透天厝,1房1衛,,有對外窗;陽台,https://www.rakuya.com.tw/rent/rent_item?ehid=058fae20605762a,911f0881c298ce38997e603dea567eb8.jpeg,1.7702427304535155
2965,秒殺❤可入戶租屋補助❤電梯精美套房❤機車位❤子母車,,7999,15.0,0.0,5,1,台中市,台中市太平區大興路,,電梯大廈,1房1廳1衛 - 1室1陽台,,陽台,https://www.rakuya.com.tw/rent/rent_item?ehid=01f9d6186464061,db3e838cacb2cc53a18f0aa45dfc3fdc.jpeg,0.13170127362316153
2966,近逢甲水湳⛅全新整理⛅可租補⛅電梯多戶選⛅,,6999,10.0,0.1,2,1,台中市,台中市西屯區長安路二段,,電梯大廈,1房1衛,,有對外窗,https://www.rakuya.com.tw/rent/rent_item?ehid=0a7d1829219029f,aceb197d06d598af290b856c7c5025a7.jpeg,0.8684789448819072
2967,北屯太原車站近全新2房雙陽台大空間附車位,,24000,26.0,2.0,4,2,台中市,台中市北屯區祥順路一段/總太共好MELODY,,電梯大廈,2房1廳1衛 - 2陽台1廚房,,有對外窗;為邊間;有中庭;陽台,https://www.rakuya.com.tw/rent/rent_item?ehid=03d8d8292308160,a3a5dfdcfdd6fbf8767305c8bac29a23.jpeg,0.4800463452610287
2968,大陽台獨洗✨可貓可雙租補✨超大空間流理台✨室內機車,,12499,13.0,0.0,3,1,台中市,台中市太平區育德路,,透天厝,1房1衛 - 1陽台,,,https://www.rakuya.com.tw/rent/rent_item?ehid=001271288666589,679d98c1b59819a6b234e76deb599571.jpeg,0.5812044236008017
2969,中興大學/小資首選/獨洗曬/,,6500,11.5,0.1,3,0,台中市,台中市南區仁義街,,透天厝,開放式格局,,有對外窗;陽台,https://www.rakuya.com.tw/rent/rent_item?ehid=0f666e290674485,dcf7046995f7a62faa46562d67189c3f.jpeg,4021.5384615384614
2970,近好市多✨超大坪數✨三房兩廳兩衛✨可租補✨可貓✨,,23000,37.0,0.1,3,3,台中市,台中市北屯區軍功路二段,,公寓,3房2廳2衛 - 1陽台1廚房,,有對外窗;陽台,https://www.rakuya.com.tw/rent/rent_item?ehid=05f92a290233175,e3d59506f922180925e5f18e4721ac2f.jpeg,0.27868334005169865
2971,草悟道✔走路就到洗衣機飲水機,,5499,9.87,0.0,5,1,台中市,台中市西區美村路一段,,公寓,1房1衛,,有對外窗,https://www.rakuya.com.tw/rent/rent_item?ehid=0cb49722176612f,480b6ac14219a0eb318403a6d1991dab.jpeg,1.026270875881884
2972,✨超夯秒殺✨可租補✨陽台獨洗✨子母車✨機車位✨,,8499,13.0,0.0,2,1,台中市,台中市北屯區僑孝街,,電梯大廈,1房1廳1衛 - 1陽台,,有對外窗;陽台,https://www.rakuya.com.tw/rent/rent_item?ehid=077b62281947064,8ee50821a179010b68a5b0bf0cb083ca.jpeg,1.0601581823621227
2973,全新完工⚡超大間⚡陽台獨洗曬⚡可租補⚡子母車,,17500,15.0,0.1,2,0,台中市,台中市南區美村路二段,,透天厝,開放式格局,,有對外窗;陽台,https://www.rakuya.com.tw/rent/rent_item?ehid=0cb4cd282123779,f5890c5bc4c843d765c52254b5d4944c.jpeg,0.5725184664849494
2974,精裝1房1廳｜台水電｜可租補｜車位可租,,23000,18.0,0.0,11,1,台中市,台中市北區北平四街/德鑫G7首綻/德鑫雙捷奏,,電梯大廈,1房1衛 - 1陽台,,有對外窗;陽台,https://www.rakuya.com.tw/rent/rent_item?ehid=0e1484289737226,a7d7a2762bb54fbed316cda4c826d021.jpeg,0.844193364507256
2975,中醫商圈*可炊*獨立大套房*台水台電...可租補,,9500,12.0,30.1,7,1,台中市,台中市北區健行路/簡愛大樓,,電梯大廈,1房1廳1衛 - 1陽台,,有對外窗;有中庭;陽台,https://www.rakuya.com.tw/rent/rent_item?ehid=0dd199292846729,08533631d358d107ad616b844d95bf7a.jpeg,0.8371629914317076
2976,⭐近一中⭐電梯⭐可雙租補⭐流理台⭐子母車⭐陽台獨洗,,12499,15.0,0.1,8,1,台中市,台中市東區練武路,,透天厝,1房1衛 - 1陽台,,有對外窗;陽台,https://www.rakuya.com.tw/rent/rent_item?ehid=0be12129330813b,c766eace16237c039eeea6c23d201f16.jpeg,1.427825533979303
2977,全新未住⭐雙人租補⭐乾溼分離⭐搶租,,6999,11.0,0.1,2,1,台中市,台中市太平區振武路,,透天厝,1房1衛,,有對外窗,https://www.rakuya.com.tw/rent/rent_item?ehid=0ac781293050235,de6562f8b79ac02636069f9869abee1a.jpeg,0.508428534040782
2978,草悟道｜樓中樓｜一房一廳｜可租補,,12500,10.0,0.1,6,1,台中市,台中市西區中美街,,公寓,1房1廳1衛,,有對外窗,https://www.rakuya.com.tw/rent/rent_item?ehid=008351261629191,4a11e1cebd02d56c13d4fd4a18cce388.jpeg,1.677727982398317
2979,中興大學/租補/機車位/超新屋,,7800,11.5,0.0,1,0,台中市,台中市南區仁義街,,透天厝,開放式格局,,有對外窗;陽台,https://www.rakuya.com.tw/rent/rent_item?ehid=08e07129067444f,b24eedb6208a1f12b221806aa0306fbd.jpeg,3351.2820512820513
2980,今天又要睡客廳✨汽車位✨可寵✨雙租補✨正一房一廳,,14999,16.5,0.0,3,1,台中市,台中市南區復興路二段,,透天厝,1房1廳1衛 - 1陽台,,有對外窗;陽台,https://www.rakuya.com.tw/rent/rent_item?ehid=08c0f0290616697,b8b271f03617a221499459e820be8a5d.jpeg,0.5265433525530517
2981,✨走路逢甲✅可雙租補✅可貓❤️陽台獨洗✨有子母車,,11999,16.0,0.1,2,1,台中市,台中市西屯區逢甲路,,公寓,1房1廳1衛 - 1陽台,,有對外窗;陽台,https://www.rakuya.com.tw/rent/rent_item?ehid=01a56829107473f,6e44c24539ca338884230b74f3a3d28a.jpeg,1.5562221137010124
2982,電梯透天☆可租補☆獨洗☆有飲水機☆子母車☆乾溼分離,,10300,11.0,3.4,3,1,台中市,台中市西屯區寧夏東五街,,電梯大廈,1房1衛,,有對外窗,https://www.rakuya.com.tw/rent/rent_item?ehid=04ed28277197805,092987acf84780c244dceb2cefc525c5.jpeg,0.9292859402901583
2983,秒殺✨台水台電大三房✨可貓貓✨家具電全配✨可雙租補,,19999,30.0,0.1,3,3,台中市,台中市北區博館東街,,公寓,3房2廳1衛 - 2陽台,,,https://www.rakuya.com.tw/rent/rent_item?ehid=0e01e0291427350,3f1f1c08bea9b571b07423f363771da4.jpeg,1.249508670960291
2984,✨電梯美屋✨雙租屋補助✨陽台獨洗✨加賴約看✨秒殺✨,,9999,15.0,0.1,3,1,台中市,台中市北區北屯路,,電梯大廈,1房1衛 - 1陽台,,有對外窗;陽台,https://www.rakuya.com.tw/rent/rent_item?ehid=04b80e293421857,55c52790754d922b8a8910c35b4874b9.jpeg,0.12625956254199644
2985,⭐近東海⭐電梯⭐可租補⭐飲水機⭐陽台獨洗⭐木質地板,,7299,10.0,0.1,4,1,台中市,台中市西屯區順和三街,,透天厝,1房1衛 - 1陽台,,有對外窗;陽台,https://www.rakuya.com.tw/rent/rent_item?ehid=0005b3292981266,768e8666041caeb27ad015b866ec8b4a.jpeg,0.3561491827921319
2986,雙租補❤️大間❤️木地板❤️子母車❤️飲水機,,8999,12.0,0.1,2,1,台中市,台中市西屯區工業區三十八路,,透天厝,1房1衛,,有對外窗,https://www.rakuya.com.tw/rent/rent_item?ehid=0cb06129233741a,c0b9a4696b2259e0cc80689a65d820ab.jpeg,0.3040068575491215
2987,水湳市場全新百萬裝潢✨多間可選✨家具全配✨採光佳✨,,7599,10.0,0.1,3,0,台中市,台中市北屯區中清路二段,,電梯大廈,開放式格局,,有對外窗;陽台,https://www.rakuya.com.tw/rent/rent_item?ehid=0266d3291628644,198020a6d297b6504145cafc62a3496f.jpeg,0.8803823165266486
2988,中區全新未住✨可外勞❗雙租補❗陽台獨洗✨,,7499,10.0,0.1,5,1,台中市,台中市中區成功路,,電梯大廈,1房1衛 - 1陽台,,有對外窗;陽台,https://www.rakuya.com.tw/rent/rent_item?ehid=0c43e229131082c,7c888b2cf783a4e2acfa00ca57c21dfe.jpeg,0.5196116558684993
2989,超新電梯❤️系統裝潢❤️機車位❤️中興大學,,7999,10.0,3.1,2,0,台中市,台中市南區仁義街,,透天厝,開放式格局,,,https://www.rakuya.com.tw/rent/rent_item?ehid=0807a3161132009,8525787434c0a7afe688b55cdc5d62bb.jpeg,3267.90848856107
2990,♥️近師大✨可租補✨陽台獨洗✨台水電✨,,12999,15.0,0.0,6,1,台中市,台中市西區向上路一段,,電梯大廈,1房1衛 - 1陽台,,,https://www.rakuya.com.tw/rent/rent_item?ehid=01519c289464565,79d19c5434f67c1f7435c693a517540e.jpeg,1.4975854494788217
2991,✨近東海商圈✨學生✨小資族首選✨可雙租補,,6499,9.0,0.0,5,1,台中市,台中市龍井區台灣大道五段,,電梯大廈,1房1衛 - 1室,,為邊間,https://www.rakuya.com.tw/rent/rent_item?ehid=0936b2276365560,27be73fde29bb3a03ebe9ad6f8569c94.jpeg,0.15915624161040892
2992,北區中國醫⛅可貓⛅全新電梯陽台獨洗衛浴開窗一中秒殺,,10999,10.0,1.1,2,1,台中市,台中市北區大義街,,透天厝,1房1衛 - 1陽台,,,https://www.rakuya.com.tw/rent/rent_item?ehid=07e07c29147385b,ed22107f651367229098dc600a3f28c1.jpeg,1.155176947141656
2993,北區⛅電梯⛅可租補⛅可貓可寵⛅台電陽台獨洗全新,,12799,10.0,1.1,5,1,台中市,台中市北區衛道路,,透天厝,1房1衛 - 1陽台,,,https://www.rakuya.com.tw/rent/rent_item?ehid=05eb18291306339,2c005c25673bc6bf8907831e688f9cea.jpeg,0.0
2994,一中北區⛅電梯⛅陽台獨洗乾溼分離⛅流理台精武三民,,13999,15.0,1.3,1,1,台中市,台中市北區篤行路,,透天厝,1房1衛 - 1陽台,,,https://www.rakuya.com.tw/rent/rent_item?ehid=07ca87289104702,cd35f03843ab17d5cc838d7d7e6b450e.jpeg,1.061365178231531
2995,北區一中⛅電梯⛅可貓可租補⛅全新陽台獨洗衛浴開窗,,10999,12.0,1.3,4,1,台中市,台中市北區雙十路二段,,透天厝,1房1衛 - 1陽台,,有對外窗,https://www.rakuya.com.tw/rent/rent_item?ehid=00c479289103383,6217f0b7d0b3ec1e6c574fe068413be3.jpeg,0.8916982902616868
2996,★雙租補★免爬梯★可寵★飲水機★子母車,,7500,7.0,40.0,1,1,台中市,台中市北區梅亭街,,公寓,1房1衛,,有對外窗;為邊間,https://www.rakuya.com.tw/rent/rent_item?ehid=09e92829337541c,d39e075c49e267e269bcf2af66f14d22.jpeg,1.4250505134769518
2997,秀泰影❤可貓套房✔可半年洗衣機,,4999,8.0,2.4,2,1,台中市,台中市東區富台街,,透天厝,1房1衛,,有對外窗,https://www.rakuya.com.tw/rent/rent_item?ehid=0b3817195633862,7a851ad24296b4ddcdb885f95ca43318.jpeg,0.0
2998,精武車站★陽台獨洗★可貓咪★可租屋補助★子母車,,8999,12.0,0.1,3,1,台中市,台中市東區練武路,,透天厝,1房1廳1衛 - 1陽台,,有對外窗;陽台,https://www.rakuya.com.tw/rent/rent_item?ehid=0f0b90293380498,c896b7984137a3982fe6b8ed6bebcf74.jpeg,1.4837950596933942
2999,逢甲/超新屋/機車位/租補.,,9500,11.5,0.1,6,0,台中市,台中市西屯區櫻城三街,,透天厝,開放式格局,,有對外窗;陽台,https://www.rakuya.com.tw/rent/rent_item?ehid=0b07f1292186802,4e3cfb7d87c0a78fc7b67f13f77906e4.jpeg,1.5813078727043366
3000,逢甲5間精裝套房,,32500,25.0,32.1,3,5,台中市,台中市西屯區西屯路二段,,公寓,5房5廳5衛,,,https://www.rakuya.com.tw/rent/rent_item?ehid=0b1cf2280326708,8696b3df74c9af17ea1d21ac8ca53901.jpeg,0.870221482988636
3001,可雙租補可貓⭐️近東海⭐️獨洗窗曬⭐️有流理台爬梯,,9999,12.0,0.0,3,1,台中市,台中市龍井區遠東街,,透天厝,1房1廳1衛 - 1廚房,,有對外窗,https://www.rakuya.com.tw/rent/rent_item?ehid=000ff8281258930,26c14ddf353d387f98b0d29ffb6d6ebb.jpeg,0.33801772649038414
3002,可租補可貓✅近勤美✅台水✅乾濕分離大套房,,11000,14.0,0.0,2,1,台中市,台中市西區美村路一段,,透天厝,1房1衛,,有對外窗,https://www.rakuya.com.tw/rent/rent_item?ehid=06a97e278193948,6e6b4a88d62faeac7996bea7f1f3496f.jpeg,0.943794139397633
3003,可租補✅陽台獨洗✅近水湳中國醫✅秒殺,,6499,11.0,0.0,5,1,台中市,台中市西屯區長安路二段,,公寓,1房1衛 - 1陽台,,有對外窗;陽台,https://www.rakuya.com.tw/rent/rent_item?ehid=0dad94278613409,35f3687593203b56bbfa3c7dc4403784.jpeg,0.8764064093941596
3004,✨秒殺物件✨小資最愛✨系統裝潢✨住戶單純✨秒殺套房,,7499,12.0,0.0,1,1,台中市,台中市西屯區西屯路二段上石南十巷,,透天厝,1房1衛,,,https://www.rakuya.com.tw/rent/rent_item?ehid=088e72275361750,e4fc4b7d062428de364f040b09ec7abc.jpeg,0.0
3005,近逢甲夜市✨台水電✨陽台獨洗✨浴室開窗✨,,6500,6.0,0.1,2,1,台中市,台中市西屯區福上巷,,公寓,1房1衛 - 1陽台,,有對外窗;陽台,https://www.rakuya.com.tw/rent/rent_item?ehid=045ecc29265828f,6b7b66039699f63b516029a802ea9153.jpeg,1.7527796280037744
3006,中科大多間✨蛇年運轉就是你✨採光明亮✨生活機能便利,,4399,8.0,0.2,2,0,台中市,台中市北區原子街,,透天厝,開放式格局,,有對外窗,https://www.rakuya.com.tw/rent/rent_item?ehid=0d0e9b291661668,b38061edb93f67e2b1eb5ae5c262bea1.jpeg,1.1184214300811286
3007,✨電梯別墅✨大間超豪華✨流理台✨寬敞陽台✨爽價,,17500,22.0,0.0,6,1,台中市,台中市西屯區河南路二段,,電梯大廈,1房1廳1衛 - 1陽台,,有對外窗;陽台,https://www.rakuya.com.tw/rent/rent_item?ehid=0a734527604618b,dfb1556ce18dda352b39969516da84fd.jpeg,1.1953887199246012
3008,五權車站✨可貓✨獨洗窗曬✨租屋補助,,6899,13.0,0.0,3,0,台中市,台中市西區正福街,,華廈,開放式格局,,有對外窗,https://www.rakuya.com.tw/rent/rent_item?ehid=04d0f8267362304,c1a694dcce298d2601ff0921f45ad921.jpeg,0.06964219120354906
3009,中工秒殺✨機下車位✨舒適空間✨代收包裹✨IG搶先看,,7499,14.0,0.1,1,1,台中市,台中市西屯區福中九街,,電梯大廈,1房1衛,,有對外窗,https://www.rakuya.com.tw/rent/rent_item?ehid=035527293244281,43f1203216cbc99366fcafcd7ff064b7.jpeg,0.6039842415738795
3010,全新完工電梯透天☆可租補☆陽台獨洗☆子母車☆飲水機,,12000,15.0,0.5,4,1,台中市,台中市南屯區黎明路二段,,電梯大廈,1房1衛 - 1陽台,,有對外窗;陽台,https://www.rakuya.com.tw/rent/rent_item?ehid=08f730281180012,f3218afdd08581eaf9b9d153c48c9a9b.jpeg,0.5751834953305589
3011,❤️全新系統裝潢❤️雙租補機車位汽車好停1月中入住,,10999,12.0,0.7,7,1,台中市,台中市南屯區龍富路三段,,電梯大廈,1房1衛 - 1陽台,,有對外窗,https://www.rakuya.com.tw/rent/rent_item?ehid=0831eb285558504,7d4f8618e2cc5161fcf7cf8f2d8cf2e1.jpeg,0.09339728508804877
3012,✨電梯套房✨陽台獨洗✨採光佳✨大空間✨子母車,,10000,13.0,7.3,6,1,台中市,台中市東區振興路,,電梯大廈,1房1衛 - 1陽台,,有對外窗;陽台,https://www.rakuya.com.tw/rent/rent_item?ehid=0e064c18384680d,a89a6ed9014e12189fc3376429ca20b0.jpeg,1.6890745781261858
3013,免管理費✨可租補✨電梯✨陽台獨洗✨流理台,,10000,12.0,5.6,3,1,台中市,台中市東區精武路,,電梯大廈,1房1衛 - 1陽台,,有對外窗;陽台,https://www.rakuya.com.tw/rent/rent_item?ehid=0479fc10987249f,fc881a959aa9779368acc28908eb04c8.jpeg,0.025848110083155285
3014,✨稀有可寵✨租屋補助✨陽台獨洗✨流理台✨加賴約看✨,,13499,16.0,0.1,4,1,台中市,台中市西屯區漢口路二段,,透天厝,1房1衛 - 1陽台,,有對外窗;陽台,https://www.rakuya.com.tw/rent/rent_item?ehid=0aa8aa29308863e,c60862221ce7377decd678e89699163c.jpeg,0.8017336189537407
3015,捷運站⭐全新冷氣⭐室內機車⭐小資價,,5999,10.5,0.1,3,1,台中市,台中市西屯區永昌三街,,透天厝,1房1衛,,有對外窗,https://www.rakuya.com.tw/rent/rent_item?ehid=042fad29192908e,e8b4158f02d96c6686abf84021b0f950.jpeg,0.9422259694349358
3016,逢甲這麼美的窩等的就是你✨可租補✨台水電✨獨洗採光,,6999,10.0,0.1,3,0,台中市,台中市西屯區西安街,,電梯大廈,開放式格局,,有對外窗;陽台,https://www.rakuya.com.tw/rent/rent_item?ehid=0be09a291633241,0803b3256c1314c5282c43904198dd1d.jpeg,1.7618605118392814
3017,水湳⛅可租補⛅可貓⛅全新⛅北屯⛅西屯⛅中央公園⛅,,10999,10.0,1.1,2,1,台中市,台中市北屯區陳平路,,透天厝,1房1衛 - 1陽台,,有對外窗,https://www.rakuya.com.tw/rent/rent_item?ehid=0d44f0292385421,c3dff847b9d21fdbfa765b641db1f0c5.jpeg,0.28117498458086265
3018,新光遠百✨貓奴首選✨共用洗衣✨小資首選,,6499,12.0,0.0,3,0,台中市,台中市西屯區青海路二段,,透天厝,開放式格局,,有對外窗,https://www.rakuya.com.tw/rent/rent_item?ehid=055e0027873223e,0efd43504a9b21626fae7ec54ce4de52.jpeg,1.478477718117746
3019,五權車站✨可貓✔飲水機子母車,,6899,9.8,2.2,2,1,台中市,台中市西區三民路一段,,透天厝,1房1衛 - 1陽台,,有對外窗,https://www.rakuya.com.tw/rent/rent_item?ehid=0307b7203300063,71ea729c19c245214749eaf16dca6bbb.jpeg,0.0
3020,電梯大樓☆可租補☆可寵☆子母車☆乾溼分離☆飲水機,,15000,16.0,3.4,14,1,台中市,台中市南區南門路,,電梯大廈,1房1衛 - 1陽台,,有對外窗;陽台,https://www.rakuya.com.tw/rent/rent_item?ehid=06d966278194852,c3296101b07ced3b1c5188325e05f0f3.jpeg,0.0
3021,超便宜❗️近逢甲2房1廳雙租補可談台水電,,24500,22.0,0.0,7,2,台中市,台中市西屯區青海南街/DUA逢甲/夢想特區,,電梯大廈,2房1廳2衛 - 1陽台1廚房,,有對外窗;陽台,https://www.rakuya.com.tw/rent/rent_item?ehid=0ca63b287181623,17c869b06e0cb662f752a8971995c74e.jpeg,0.7180166012484963
3022,⭐近中港轉運站⭐電梯⭐可雙租補⭐子母車⭐陽台獨洗,,14399,17.0,0.1,3,1,台中市,台中市西屯區中工三路,,透天厝,1房1衛 - 1陽台,,有對外窗;陽台,https://www.rakuya.com.tw/rent/rent_item?ehid=0ff0aa292981231,417a45f5d15223ad804590397f9108b5.jpeg,0.4889539035397615
3023,宇宙大空間✨採光明亮✨電梯套房✨可租補✨管理員✨,,7499,15.0,0.1,7,0,台中市,台中市西區篤行路,,電梯大廈,開放式格局,,有對外窗;陽台,https://www.rakuya.com.tw/rent/rent_item?ehid=0be87e292320371,da0246d7d201f5b6cccf767fdd674e8f.jpeg,1.426102485215327
3024,幸福就是你❤️可租補❤️有電梯❤️陽台獨洗,,14999,18.0,0.1,7,0,台中市,台中市中區平等街,,透天厝,開放式格局,,有對外窗;陽台,https://www.rakuya.com.tw/rent/rent_item?ehid=0eb601293376742,7cde10d3e6f106604a4e36a2037d11d3.jpeg,1.554963161863877
3025,水湳中清⛅電梯⛅可租補⛅陽台獨洗衛浴開窗全新⛅北屯,,11499,13.0,1.3,2,1,台中市,台中市北屯區中清路二段,,透天厝,1房1衛 - 1陽台,,有對外窗,https://www.rakuya.com.tw/rent/rent_item?ehid=0208e9289104042,be7462b6d954e7189b3fd3b0c6dd091e.jpeg,0.8381953843429915
3026,❤一中台體❤共洗凸窗獨曬❤小資首選❤子母車❤,,6299,10.0,2.4,4,1,台中市,台中市中區中山路,,別墅,1房1衛,,有對外窗,https://www.rakuya.com.tw/rent/rent_item?ehid=0c2b60198845826,cfe1f50c82f2ca79a46c00d6fa6623e8.jpeg,0.02207358570177374
3027,台積電/全新未住/機車位/多間可選//,,10999,12.0,0.1,3,0,台中市,台中市西屯區中科路,,透天厝,開放式格局,,有對外窗;陽台,https://www.rakuya.com.tw/rent/rent_item?ehid=0606e429200372b,ad5ebbad8ea92241054f9486cd6dc76c.jpeg,0.07275156943700642
3028,近綠園道✨三房二廳✨可寵✨台水電✨現況出租,,18000,25.0,0.1,2,3,台中市,台中市西區忠明南路,,公寓,3房2廳2衛,,有對外窗;陽台,https://www.rakuya.com.tw/rent/rent_item?ehid=06fd07292630961,9c4462aa0cad7afab0b45d3f8d048731.jpeg,0.6859866782455813
3029,電梯獨立套房市場便利✨中央公園✨陽台獨洗,,7599,9.0,0.1,4,1,台中市,台中市西屯區長安路二段,,華廈,1房1廳1衛,,有對外窗;陽台,https://www.rakuya.com.tw/rent/rent_item?ehid=012241292577163,9e1da37842e2bc73b887125515ad366c.jpeg,0.8598366381946381
3030,乖貓的家✨租屋補助✅實習短租✨陽台獨洗✨IG搶先看,,10499,14.0,0.1,3,1,台中市,台中市北屯區山西路二段,,透天厝,1房1衛 - 1陽台,,有對外窗;陽台,https://www.rakuya.com.tw/rent/rent_item?ehid=03181e291901021,995f4018aa8ff5fb7e9f2e69acdb3172.jpeg,1.6339731152562824
3031,總站夜市❤️精美2房家具全❤️台水電❤️,,27999,25.0,0.0,2,2,台中市,台中市北屯區敦富路,,電梯大廈,2房1廳1衛 - 1室1陽台1廚房,,有對外窗;陽台,https://www.rakuya.com.tw/rent/rent_item?ehid=049a41277461319,1bb6dda7786dd44f9d15922011b17f5f.jpeg,0.31447856977098027
3032,租補✅可寵✅飲水機✅小資首選✅爬梯運動,,5499,9.0,0.1,5,1,台中市,台中市北區健行路,,透天厝,1房1衛,,有對外窗,https://www.rakuya.com.tw/rent/rent_item?ehid=00fabc29328596c,31bd6a68865ccbfdc69679817ff97f5a.jpeg,0.8947799199095176
3033,✨可寵✨可雙租補報稅✨飲水機✨子母車✨,,8799,12.0,0.0,4,1,台中市,台中市西屯區何厝街,,電梯大廈,1房1衛,,,https://www.rakuya.com.tw/rent/rent_item?ehid=0c699528731835c,c93dd3ab99f34632baa3f8025bf4c969.jpeg,1.1445959441954439
3034,近中興大學✨整棟新蓋✨可雙租補✨陽台獨洗✨飲水機,,10500,9.0,0.1,5,0,台中市,台中市南區南平路,,電梯大廈,開放式格局,,有對外窗;陽台,https://www.rakuya.com.tw/rent/rent_item?ehid=054123292841375,735aac3fcb52caf62b2b965d0cbfede5.jpeg,0.6573381722111948
3035,一中中友⭐可短租⭐可租補⭐小資族超划算⭐機能方便,,5199,10.0,0.1,2,1,台中市,台中市北區梅亭街,,透天厝,1房1廳1衛,,,https://www.rakuya.com.tw/rent/rent_item?ehid=062efc291468356,9b10b17101b6636de212f375b56816b6.jpeg,1.4910853400778945
3036,⭐可寵⭐雙租屋補助⭐獨洗凸窗⭐空間超值⭐加賴速洽⭐,,13499,18.0,0.0,3,1,台中市,台中市南屯區大昌街,,電梯大廈,1房1衛,,有對外窗,https://www.rakuya.com.tw/rent/rent_item?ehid=03a546285010862,4997bbb5a4028b0d7f2a2d92d7e55a54.jpeg,1.3269411513701435
3037,幸福就是你❤️可租補❤️可貓可狗❤️陽台獨洗,,12499,15.5,0.1,4,0,台中市,台中市西屯區文華路,,公寓,開放式格局,,有對外窗;陽台,https://www.rakuya.com.tw/rent/rent_item?ehid=02f3eb293376575,122546b19f69b4b5f1e5c48f92e10699.jpeg,1.84629271897188
3038,逢甲✔一房一廳✔洗脫烘✔有隔間,,14999,16.0,0.0,4,1,台中市,台中市西屯區河南路二段,,透天厝,1房1廳1衛,,有對外窗,https://www.rakuya.com.tw/rent/rent_item?ehid=0fdef6288666640,5b6c4391196eadf52f3c511d8c5aae6f.jpeg,1.2162677080594817
3039,❤️全新多間精美❤️雙租補機車位汽車好停1月中入住,,11999,14.0,0.7,7,1,台中市,台中市南屯區龍富路三段,,電梯大廈,1房1衛 - 1陽台,,有對外窗;陽台,https://www.rakuya.com.tw/rent/rent_item?ehid=0deb6128555863e,ac2072b2a41d2936592a01c69369b48a.jpeg,0.09245847454758985
3040,近勤益⭐️貓咪首選⭐️超新電梯⭐️有流理台,,8000,12.0,0.0,2,1,台中市,台中市太平區宜欣七街,,電梯大廈,1房1衛 - 1陽台,,有對外窗;陽台,https://www.rakuya.com.tw/rent/rent_item?ehid=0d0f9127750186e,b84b4dc0c364af4ab91d4741a338545b.jpeg,0.5176088411099385
3041,質感大三房➕高檔裝潢➕含平車位➕傢俱可配➕昂峰謙若,,26999,52.51,0.1,3,3,台中市,台中市北屯區敦富一街/昂峰謙若樹,,電梯大廈,3房2廳2衛 - 2陽台1廚房,,有對外窗;陽台,https://www.rakuya.com.tw/rent/rent_item?ehid=0eda56291262220,06ff800b5aed4c68684d15e17f7c71e2.jpeg,0.3850694412206172
3042,近一中中國醫@獨洗陽台@可貓貓@子母車,,10500,12.0,0.1,4,1,台中市,台中市北區學士路,,透天厝,1房1衛 - 1陽台,,有對外窗;陽台,https://www.rakuya.com.tw/rent/rent_item?ehid=0e260429302517c,c438fdca77292bb730b178b1bdb83d7f.jpeg,0.1334445913511448
3043,全新完工✨陽台獨洗✨台積電✨機車位,,8999,15.0,0.1,5,0,台中市,台中市西屯區東大路二段,,電梯大廈,開放式格局,,有對外窗;陽台,https://www.rakuya.com.tw/rent/rent_item?ehid=0c99e7292563329,fdf55b303b7ac580828c8685c1abaef9.jpeg,0.056372132525664906
3044,北屯高樓層小資三房(含管)(可租補),,25000,25.0,10.1,10,3,台中市,台中市北屯區軍福十三路/左岸高第,,電梯大廈,3房2廳2衛,,有對外窗;為邊間;樓中樓,https://www.rakuya.com.tw/rent/rent_item?ehid=0549e6292006837,0b5edaeeab4c8f12e5525050bbc10bb0.jpeg,0.5559458245754978
3045,近美術館⭐可雙租補⭐全新未住⭐陽台獨洗⭐質感裝潢,,9499,13.0,0.0,5,1,台中市,台中市西區美村路一段,,電梯大廈,1房1廳1衛 - 1陽台,,,https://www.rakuya.com.tw/rent/rent_item?ehid=0f846f29147188d,7da7cdb5b2e76e677b7c8c0c2c1c2784.jpeg,0.9601989041195498
3046,免管理費✨可租補✨台電計✨電梯管理員✅流理臺✨,,12000,15.0,13.2,3,1,台中市,台中市北區中清路一段,,電梯大廈,1房1廳1衛 - 1陽台,,有對外窗;陽台,https://www.rakuya.com.tw/rent/rent_item?ehid=05f6a218705497c,8027534eb154dd244f15972339bd0d67.jpeg,1.1250628098174722
3047,電梯兩房一廳❤️可貓咪❤️陽台獨洗獨曬❤️台水電,,24999,25.0,0.1,2,2,台中市,台中市北屯區松竹五路二段,,電梯大廈,2房1廳2衛 - 1陽台1廚房,,有對外窗;陽台,https://www.rakuya.com.tw/rent/rent_item?ehid=02b857292785667,e763dfd9226c2389ad002470d6925f3a.jpeg,0.449242031353454
3048,北區小資秒殺電梯套房✨福蛇來送喜✨可貓咪✨生活機能,,5499,8.0,0.1,2,0,台中市,台中市北區德化街,,電梯大廈,開放式格局,,有對外窗,https://www.rakuya.com.tw/rent/rent_item?ehid=03eb45293055277,a839e051a46a8cfe4da207bd737d31a9.jpeg,4753.5915621022
3049,西屯區/新蓋/衛浴開窗/電梯/近東海/採光佳,,9500,10.0,4.2,6,1,台中市,台中市西屯區順和七街,,華廈,1房1衛 - 1陽台,,有對外窗;陽台,https://www.rakuya.com.tw/rent/rent_item?ehid=0ed60e24208482e,f9668e6ddfa1dad3ee0ae37f89e0ae2c.jpeg,0.30405919879956883
3050,水湳/超新屋/好停汽車,,8999,11.5,0.0,3,0,台中市,台中市西屯區經貿路二段,,透天厝,開放式格局,,有對外窗;陽台,https://www.rakuya.com.tw/rent/rent_item?ehid=07755d29067581c,dbad644bedf2e21507e21057925564bf.jpeg,0.18320943070841095
3051,超新屋況✨租屋補助✅陽台獨洗✨系統裝潢✨IG搶先看,,11299,15.0,0.1,5,1,台中市,台中市北區五權路,,電梯大廈,1房1衛 - 1陽台,,有對外窗;陽台,https://www.rakuya.com.tw/rent/rent_item?ehid=0fb1cd29324425e,d2d08fb5d7f46f8261df5eb3ecbb0813.jpeg,0.0
3052,可租補、報稅♥電梯陽台獨洗衛浴開窗♥水湳中國醫逢甲,,10000,10.0,3.4,3,1,台中市,台中市北屯區水湳路,,透天厝,1房1衛 - 1陽台,,有對外窗;陽台,https://www.rakuya.com.tw/rent/rent_item?ehid=0af875276685700,1872ce6e626fd0d0c00601fff99d14c5.jpeg,0.9832223412400223
3053,中國醫❤可短租❤共洗烘衣❤小資首選❤,,5499,10.0,0.1,4,1,台中市,台中市北區永興街,,公寓,1房1廳1衛,,有對外窗,https://www.rakuya.com.tw/rent/rent_item?ehid=0f2849256255879,3323a47e6caee66f733b14a3326315b8.jpeg,1.850494673074522
3054,雙租補✨可貓咪✨陽台獨洗✨乾溼分離,,13000,10.0,0.1,4,1,台中市,台中市龍井區藝術北街,,透天厝,1房1衛 - 1陽台,,有對外窗;陽台,https://www.rakuya.com.tw/rent/rent_item?ehid=067341291082182,0966626dfdaf030b400f05fe4e33b8b6.jpeg,0.3375082310541495
3055,北區太原⛅可租補⛅電梯⛅陽台獨洗⛅室內機車位⛅北屯,,11999,10.0,1.1,5,1,台中市,台中市北區自強街,,透天厝,1房1衛 - 1陽台,,有對外窗;陽台,https://www.rakuya.com.tw/rent/rent_item?ehid=082bc7291834689,9320cce8230e782a48ab29e108df0605.jpeg,0.6267711327226091
3056,水湳逢甲/全新未住/可貓/單租補/乾濕分離,,11999,12.0,0.1,2,0,台中市,台中市北屯區陳平路,,透天厝,開放式格局,,有對外窗,https://www.rakuya.com.tw/rent/rent_item?ehid=0c7728291085967,0f83071169cfea8652534da48d6bc241.jpeg,0.2783486707432705
3057,水湳逢甲/學生首選超新屋/機車位/報稅/雙租補,,9500,11.5,0.0,1,0,台中市,台中市北屯區水湳路,,透天厝,開放式格局,,有對外窗;陽台,https://www.rakuya.com.tw/rent/rent_item?ehid=0e9254290674181,0a0fe539ed5ce7d20e80be79a604f10e.jpeg,0.9891925908314919
3058,台中火車站建國市場舊糖廠✨新時代百貨,,7500,12.0,0.0,2,1,台中市,台中市東區旱溪西路一段,,透天厝,1房1廳1衛,,有對外窗,https://www.rakuya.com.tw/rent/rent_item?ehid=05ecee28062195c,c2364f218441efadbf05422fbd5057ec.jpeg,0.9692401326319773
3059,可貓⚡可雙租補⚡管理員⚡勤益大學,,8800,11.0,0.0,3,1,台中市,台中市太平區坪林路/豐閱翰林院/豐閱榮曜3,,電梯大廈,1房1衛 - 1陽台,,有對外窗;陽台,https://www.rakuya.com.tw/rent/rent_item?ehid=0c5f3228453336f,806a30fcd28fa8e27967dd91d39a80c1.jpeg,0.15341818844409577
3060,✨電梯美屋✨租屋補助✨獨立洗衣機✨加賴約看✨,,6499,13.0,0.1,2,1,台中市,台中市西屯區青海路一段,,電梯大廈,1房1衛,,,https://www.rakuya.com.tw/rent/rent_item?ehid=08a38d292302936,cc74bf043e71359325188c25e30ef7e5.jpeg,1.102575805366846
3061,電梯可寵❤️台水電❤️陽台獨洗❤️室內機車位❤️,,8999,10.0,0.1,5,1,台中市,台中市西屯區文華路正煌巷,,透天厝,1房1衛 - 1陽台,,有對外窗;陽台,https://www.rakuya.com.tw/rent/rent_item?ehid=092ef129223568c,84741dc6225edbe26bb66b639267a53f.jpeg,0.0
3062,租補❤️電梯❤️可貓❤️陽台洗曬❤️衛浴開窗,,7499,10.0,0.1,5,1,台中市,台中市西屯區順和三街,,透天厝,1房1衛 - 1陽台,,,https://www.rakuya.com.tw/rent/rent_item?ehid=06da1d28805389d,8ca7657a9854727cb5ed12b1c4d34121.jpeg,0.3549822203458065
3063,整棟全新多間可選電梯✨可租補✨西屯逢甲✨生活機能優,,8999,10.0,0.2,2,0,台中市,台中市西屯區西安街,,電梯大廈,開放式格局,,有對外窗,https://www.rakuya.com.tw/rent/rent_item?ehid=04779629115651d,3da79ce45b51fce559f61db8c2b93781.jpeg,1.7092835897960539
3064,逢甲大學✨可凸窗曬✨共用洗衣✨乾溼分離✨,,6499,13.0,0.0,3,0,台中市,台中市西屯區福上巷龍欣三弄,,電梯大廈,開放式格局,,有對外窗,https://www.rakuya.com.tw/rent/rent_item?ehid=0cc5fe28081243b,36ea30b9f1b7191695eb4b8cd657a80a.jpeg,1.6062215436208374
3065,全新未住✨勤益科大✨採光陽台✨可戶籍,,7999,16.0,0.0,3,0,台中市,台中市太平區市民大道,,電梯大廈,開放式格局,,有對外窗,https://www.rakuya.com.tw/rent/rent_item?ehid=07adac28482218a,2bc92dd36e67c7df6d53e552f1984381.jpeg,0.3073029717873769
3066,可貓咪❤逢甲❤陽台獨曬❤小資首選❤子母車,,4699,10.0,3.2,5,1,台中市,台中市西屯區西屯路二段,,公寓,1房1衛 - 1陽台,,有對外窗;陽台,https://www.rakuya.com.tw/rent/rent_item?ehid=0017d3170314488,33e423b630fd3198cb32f6391f4e7da7.jpeg,1.088302821574214
3067,近中國醫✨小資首選✨可以短租✨共洗窗曬✨IG搶先看,,5499,11.0,0.0,4,1,台中市,台中市北區永興街,,公寓,1房1衛,,有對外窗,https://www.rakuya.com.tw/rent/rent_item?ehid=05877129324631d,33b847dc5aa0c4b84c31a0a3c89b96c0.jpeg,1.850494673074522
3068,勤益中台⭐租補報稅⭐整棟全新⭐陽台獨曬⭐超級大間,,7999,13.0,2.2,7,1,台中市,台中市太平區中山路二段,,電梯大廈,1房1廳1衛 - 1陽台,,有對外窗;為邊間,https://www.rakuya.com.tw/rent/rent_item?ehid=0c4064291467349,eb59eba4cb799727a459964b0078748a.jpeg,0.3052610915761651
3069,正一房一廳✨陽台獨洗✅全新裝潢✨含天然瓦斯✨大空間,,14000,17.0,2.7,3,1,台中市,台中市東區進化路,,透天厝,1房1廳1衛 - 1陽台,,有對外窗;陽台,https://www.rakuya.com.tw/rent/rent_item?ehid=0b86d3222234564,fcc0db58640cc0126c865406f766ffde.jpeg,0.0
3070,逢甲秒殺⭐小資⭐飲水機子母車⭐租屋補助⭐共洗獨曬,,9000,10.0,0.0,3,1,台中市,台中市西屯區福上巷,,透天厝,1房1衛,,有對外窗,https://www.rakuya.com.tw/rent/rent_item?ehid=079067287840469,fbb3439ae7782bc06977723f53115e82.jpeg,1.6851018256980221
3071,✅新新新✅高樓層三房平車✅走路好市多✅,,26999,43.8,0.1,11,3,台中市,台中市北屯區南興北一路,,電梯大廈,3房2廳2衛 - 1陽台1廚房,,,https://www.rakuya.com.tw/rent/rent_item?ehid=018dd9291317063,e2edf06fa420cb0aa51df857f286f8ca.jpeg,0.3174821951865135
3072,整棟全新⏳可租補報稅⏳陽台獨洗⏳衛浴開窗⏳超大坪數,,14000,18.0,0.1,2,1,台中市,台中市北屯區水湳路,,電梯大廈,1房1廳1衛 - 1陽台,,有對外窗;陽台,https://www.rakuya.com.tw/rent/rent_item?ehid=02a343293086481,562841c79738e3cd3cf5a8598583940a.jpeg,0.9456591202670936
3073,木質系裝潢✨精裝大二房❗近中央公園✨可貓貓❗,,24000,41.0,0.1,13,2,台中市,台中市西屯區河南路二段/順天新鳳凰城,,電梯大廈,2房2廳2衛 - 1陽台1廚房,,有對外窗;陽台,https://www.rakuya.com.tw/rent/rent_item?ehid=0a5f9d291323785,ce0d5a2753b2c649b5fabd18ffed8a7e.jpeg,1.1546330480762452
3074,整棟新蓋❤️雙租補❤️陽台獨洗❤️系統櫃❤️飲水機,,7999,10.0,0.1,3,0,台中市,台中市太平區光興路,,電梯大廈,開放式格局,,有對外窗;陽台,https://www.rakuya.com.tw/rent/rent_item?ehid=05e4e6292310218,7c4ba67db839526479670b1cd3def98c.jpeg,0.08269614855407818
3075,❤️東海中科❤️可貓貓❤️陽台獨曬❤️室內機車位,,6499,10.0,6.1,2,1,台中市,台中市龍井區新興路,,電梯大廈,1房1衛 - 1陽台,,有對外窗;陽台,https://www.rakuya.com.tw/rent/rent_item?ehid=0c3c56290933546,ae268d5f3afe466c8784339b916337f8.jpeg,0.36647818791870473
3076,可租補❤️獨洗窗曬❤️近74❤️秒殺物件,,8799,12.0,0.0,4,1,台中市,台中市太平區樹德路,,透天厝,1房1衛,,有對外窗,https://www.rakuya.com.tw/rent/rent_item?ehid=04c93627748179f,894386d3069cc44f6e523b23b1154fa7.jpeg,0.5874381300897252
3077,秒殺逢甲❤獨洗曬陽台❤電梯精美套房❤機車位❤子母車,,6999,10.0,4.8,3,1,台中市,台中市西屯區櫻城五街,,電梯大廈,1房1衛 - 1室1陽台,,有對外窗;陽台,https://www.rakuya.com.tw/rent/rent_item?ehid=0768fa186464059,33b7b1e42ea77f5acf7b243555de5ec2.jpeg,1.641497838474525
3078,✨可寵兩房一廳✨運動爬梯✨陽台獨洗✨加賴約看✨,,14999,20.0,0.1,5,2,台中市,台中市北區梅亭街,,公寓,2房1廳1衛 - 1陽台,,有對外窗;陽台,https://www.rakuya.com.tw/rent/rent_item?ehid=0eaea9293456139,232652960f72e9102c09ab9bf1033874.jpeg,1.3139865644792372
3079,♥️可寵✨可租補✨樓下7-11超方便✨子母車飲水機,,8999,12.0,0.0,3,1,台中市,台中市南區南門路,,電梯大廈,1房1衛,,,https://www.rakuya.com.tw/rent/rent_item?ehid=086cac289583267,8386c349dbc92cae98aafcb10c49053d.jpeg,0.0
3080,大空間三房一廳❤️台水電❤️陽台獨洗獨曬❤️子母車,,15999,20.0,0.1,5,3,台中市,台中市太平區新平路一段,,電梯大廈,3房1廳2衛 - 2陽台1廚房,,有對外窗;陽台,https://www.rakuya.com.tw/rent/rent_item?ehid=052cf1292792596,4b96fde6b886335f656c2f1bdd299624.jpeg,0.2656008825072757
3081,✨類一房一廳✨租屋補助✨陽台獨洗✨加瀨聯絡✨,,12499,15.0,0.1,1,1,台中市,台中市西屯區長安路二段,,公寓,1房1衛 - 1陽台,,有對外窗;陽台,https://www.rakuya.com.tw/rent/rent_item?ehid=0d5844289552699,16e2a1f9737029ebd55680ee5a5b81cd.jpeg,0.8107801709231184
3082,電梯❤️雙租補❤️流理臺❤️陽台獨洗曬❤️衛浴開窗,,11999,12.0,0.1,6,1,台中市,台中市西屯區順和三街,,透天厝,1房1衛 - 1陽台,,有對外窗;陽台,https://www.rakuya.com.tw/rent/rent_item?ehid=0dba0528699407d,ec76cb5da17191a80348e9f50ad64fd7.jpeg,0.3357702496728263
3083,雙租補✅電梯✅陽台洗曬✅衛浴開窗✅子母車✅車位可租,,13499,13.0,0.1,2,1,台中市,台中市西屯區西屯路二段,,透天厝,1房1衛 - 1陽台,,有對外窗;陽台,https://www.rakuya.com.tw/rent/rent_item?ehid=0d9bec290328264,509ee184e49ea8d61207a08b0eb4c0f2.jpeg,0.9582397026536925
3084,近教育大⭐免爬高⭐機車位⭐小資價,,5499,8.9,0.0,3,1,台中市,台中市北區中山路,,透天厝,1房1衛,,有對外窗,https://www.rakuya.com.tw/rent/rent_item?ehid=05491e283366779,4dec57266a2f855eaf20b89dcbd609c2.jpeg,0.0
3085,東海首選✨可雙租屋補助✨陽台獨洗✨可貓✨採光佳✨,,12499,11.0,0.2,4,0,台中市,台中市龍井區藝術北街,,透天厝,開放式格局,,有對外窗;陽台,https://www.rakuya.com.tw/rent/rent_item?ehid=0ee59b291088344,a3799e0476c132b13046f6ef9334c4d0.jpeg,0.3390359137671343
3086,西屯精裝秒殺套房✨可租補❗陽台獨洗曬✨台電式✨,,9999,13.0,0.1,1,1,台中市,台中市西屯區青海路二段,,透天厝,1房1衛 - 1陽台,,有對外窗;陽台,https://www.rakuya.com.tw/rent/rent_item?ehid=005d0b292421497,d4b2a8714b7b367df378fe2d982cc1b1.jpeg,1.4037677347188895
3087,✨台水電✨逢甲陽台獨洗✨可租補✨洗衣機✨可寵✨機車,,7599,10.0,5.2,4,1,台中市,台中市西屯區華夏巷西五弄,,公寓,1房1衛 - 1陽台,,有對外窗,https://www.rakuya.com.tw/rent/rent_item?ehid=04d2cf276157999,fde2a2b621c8e7937e03ee94f5fc1135.jpeg,1.933348331042185
3088,✨台水♥️台電✨電梯✨陽台獨曬,,8999,10.0,0.0,5,1,台中市,台中市中區民權路,,電梯大廈,1房1衛 - 1陽台,,有對外窗,https://www.rakuya.com.tw/rent/rent_item?ehid=06aa89276354575,25d93726c3718c15a01cf13a0b3b3252.jpeg,0.25870782248385504
3089,北屯⛅電梯⛅陽台獨洗衛浴開窗⛅全新完工⛅電磁爐⛅,,12499,12.0,1.1,6,1,台中市,台中市北屯區一新二街,,透天厝,1房1衛 - 1陽台,,有對外窗;陽台,https://www.rakuya.com.tw/rent/rent_item?ehid=02cba7289113666,404579c158365e3a38a5ef339c4d1f83.jpeg,0.0
3090,台積電/全新未住/機車位/多間可選/,,9500,12.0,0.1,3,0,台中市,台中市西屯區中科路,,透天厝,開放式格局,,有對外窗;陽台,https://www.rakuya.com.tw/rent/rent_item?ehid=0e0593292003654,9d0a1c1ff4cabd6075527bf986d0fdab.jpeg,0.07401441023410557
3091,馬卡龍公園/超新屋/可貓/租補/報稅/機車位,,9500,12.5,0.0,5,0,台中市,台中市太平區宜欣五街,,透天厝,開放式格局,,有對外窗;陽台,https://www.rakuya.com.tw/rent/rent_item?ehid=07ec7329067529c,48e3de46e91c2755bc063992c934bf0b.jpeg,0.5261024295018855
3092,電梯套房✨陽台讀洗曬✨近中興大學,,9000,10.0,0.1,5,1,台中市,台中市南區台中路,,電梯大廈,1房1廳1衛 - 1陽台,,有對外窗;陽台,https://www.rakuya.com.tw/rent/rent_item?ehid=013ded290780554,4bf8137291c008d27a5386777b6b8b76.jpeg,0.04831833191965655
3093,電梯透天☆可租補☆乾溼分離☆陽台獨曬,,11000,12.0,5.4,2,1,台中市,台中市南屯區南屯路二段,,電梯大廈,1房1衛 - 1陽台,,有對外窗;陽台,https://www.rakuya.com.tw/rent/rent_item?ehid=00c6eb277200282,7a09538ae9f0cab29358f2bb11323c77.jpeg,1.107974994897013
3094,秒殺可租補2房❤️電梯管理員❤️台水電,,26000,28.0,0.0,11,2,台中市,台中市東區公園東路,,電梯大廈,2房1廳1衛 - 1室1陽台1廚房,,有對外窗;陽台,https://www.rakuya.com.tw/rent/rent_item?ehid=00a9dd27746299f,dde87f534fa986bfe331498fd3443ca9.jpeg,0.0
3095,秒殺超新❤採光陽台❤電梯精美套房❤機車位❤子母車,,6799,10.0,2.9,2,1,台中市,台中市太平區振福路,,電梯大廈,1房1衛 - 1陽台,,有對外窗;陽台,https://www.rakuya.com.tw/rent/rent_item?ehid=0774b525375723a,03b9e752aee7942514da21c51d26b10a.jpeg,0.6310247182602358
3096,免管理費❤可租補❤電梯管理員❤子母車✅木地板,,6500,9.0,6.5,3,1,台中市,台中市北屯區北平路三段,,電梯大廈,1房1衛,,有對外窗,https://www.rakuya.com.tw/rent/rent_item?ehid=0718fd151637186,08ea1378032cded9d9d883cc427d3c49.jpeg,2.578910527941037
3097,近逢甲水湳@電梯獨洗陽台@可租補@可貓貓,,7500,10.0,0.1,2,1,台中市,台中市西屯區長安路二段,,透天厝,1房1衛 - 1陽台,,有對外窗;陽台,https://www.rakuya.com.tw/rent/rent_item?ehid=033486291994555,d64de1150a006906d16b8f13cc2720b2.jpeg,0.8612038121156741
3098,電梯管理員✨樓中樓❗太平最香套件✨陽台獨洗✨,,12499,15.0,0.2,1,1,台中市,台中市太平區中山路二段,,電梯大廈,1房1廳1衛 - 1陽台,,有對外窗;樓中樓;陽台,https://www.rakuya.com.tw/rent/rent_item?ehid=0aedda291317227,a9bf11164d9dcdb8baa3491752182de6.jpeg,0.28963353776106615
3099,♥️可寵✨可租補✨子母車✨電梯,,5500,6.0,0.0,6,1,台中市,台中市龍井區台灣大道五段,,電梯大廈,1房1衛,,,https://www.rakuya.com.tw/rent/rent_item?ehid=0e7e43290641248,da4f8bbb57b560ecd8b13146835d922d.jpeg,0.16248918670180737
3100,✨新光三越✅可雙租補✨可貓✨機車位✨全新未住,,10999,12.0,0.1,2,1,台中市,台中市西屯區惠安巷,,透天厝,1房1衛,,有對外窗,https://www.rakuya.com.tw/rent/rent_item?ehid=0bb058293429371,b7a41268df31ff759652ed8384602be7.jpeg,0.0
3101,❤️可寵❤️正一房一廳❤️陽台流理臺子母車機車位,,15999,15.0,2.7,4,1,台中市,台中市西屯區福雅路,,電梯大廈,1房1廳1衛 - 1陽台,,有對外窗,https://www.rakuya.com.tw/rent/rent_item?ehid=07b4be280428939,028c377e8450b4a716fc7ee2ac88dab4.jpeg,0.05180159055992965
3102,限女⭐近市政府⭐電梯⭐台電⭐可寵⭐子母車⭐陽台獨洗,,6499,9.0,0.1,8,1,台中市,台中市西屯區櫻城三街,,電梯大廈,1房1衛 - 1陽台,,有對外窗;陽台,https://www.rakuya.com.tw/rent/rent_item?ehid=020bc0293374918,dab80c515e0356457a0697d9ce3692e3.jpeg,1.6554343288556348
3103,小資必租⭐陽台獨曬⭐有電梯⭐逢甲僑光,,5799,8.9,0.0,3,1,台中市,台中市西屯區福星路,,電梯大廈,1房1衛 - 1陽台,,有對外窗,https://www.rakuya.com.tw/rent/rent_item?ehid=07febe28722584e,857a11d2641809b743feb2de60721241.jpeg,1.9370168526496974
3104,北區⛅陽台獨洗⛅電子鎖⛅機車位⛅近北屯⛅雙門冰箱⛅,,15999,15.0,2.1,2,1,台中市,台中市北區陝西八街,,透天厝,1房1衛 - 1陽台,,有對外窗;陽台,https://www.rakuya.com.tw/rent/rent_item?ehid=04a6af292118158,feeef67f5e16a43b3135fd78dfbcc96d.jpeg,0.8005700359261856
3105,✨這個很大間✨可養貓|黃金地段|森林公園|陽台獨洗,,12999,17.0,0.0,3,1,台中市,台中市南屯區公益路二段,,透天厝,1房1廳1衛 - 1陽台,,有對外窗;陽台,https://www.rakuya.com.tw/rent/rent_item?ehid=01c804288971375,11e4ac94dba651010df3a0eefc481d45.jpeg,0.8341348446871737
3106,全新樓中樓❤️陽台獨洗曬❤️近勤益科大❤️免爬樓梯,,12499,13.0,0.2,1,1,台中市,台中市太平區中山路二段,,電梯大廈,1房1廳1衛 - 1陽台,,有對外窗;陽台,https://www.rakuya.com.tw/rent/rent_item?ehid=0b3c76287235139,d22d950cc7c86480421c1263f3753179.jpeg,0.28963353776106615
3107,問我有驚喜✨機車位✨大空間✨變頻冷氣✨子母車,,5999,10.0,0.1,2,1,台中市,台中市西屯區永昌三街,,透天厝,1房1衛,,有對外窗,https://www.rakuya.com.tw/rent/rent_item?ehid=0a0ca229273841b,49a06b80ac8f6f06f25e38f201fe0b3c.jpeg,0.9422259694349358
3108,整棟全新⏳超大坪數⏳陽台獨洗⏳乾溼分離⏳子母車⏳,,10999,18.0,0.1,2,1,台中市,台中市北屯區瀋陽路三段,,電梯大廈,1房1廳1衛 - 1陽台,,有對外窗;陽台,https://www.rakuya.com.tw/rent/rent_item?ehid=010afb293467970,b10db745c67838fc08a5fcc1ac218ed4.jpeg,2.2818181818181825e-05
3109,可寵兩房◕流理台獨洗陽台◕爬5樓◕一中街中國醫,,14999,18.0,2.5,5,2,台中市,台中市北區梅亭街,,公寓,2房1廳1衛 - 1陽台,,有對外窗;陽台,https://www.rakuya.com.tw/rent/rent_item?ehid=0045cd19162585f,1edb08f56c5a0cac9c8159f384b1b832.jpeg,1.3139865644792372
3110,＜小春日和＞年後入住∣三房+機械車位∣22樹梢戶,,30000,42.0,0.1,2,3,台中市,台中市北屯區景賢南二路/小春日和,,電梯大廈,3房2廳2衛 - 1廚房,,,https://www.rakuya.com.tw/rent/rent_item?ehid=011856292217452,a4a7d811d48cc3e034802a1e58f215db.jpeg,0.34119674836114
3111,❤近文心森林❤可租屋補助❤陽台獨洗❤子母車❤飲水機,,14000,15.0,0.0,4,0,台中市,台中市南屯區黎明路二段,,電梯大廈,開放式格局,,陽台,https://www.rakuya.com.tw/rent/rent_item?ehid=040888287606456,ab81c386fabdb69fc0cda77dd4ac3ce1.jpeg,0.5651006471970196
3112,可寵❤正一房一廳❤東海台積電❤陽台獨洗❤室內機車位,,14999,18.0,0.0,2,1,台中市,台中市西屯區福雅路,,電梯大廈,1房1廳1衛 - 1陽台,,有對外窗;陽台,https://www.rakuya.com.tw/rent/rent_item?ehid=00e95229016473a,956023d1df98ad16b437e085b49cde85.jpeg,0.052179971874626745
3113,近捷運/超新屋/可短租半年/報稅/雙租補,,11500,11.5,0.0,3,0,台中市,台中市北屯區遼陽四街,,透天厝,開放式格局,,有對外窗;陽台,https://www.rakuya.com.tw/rent/rent_item?ehid=0fe6de29070254b,5b06c137f1c03950187ce5b21444c8c1.jpeg,2.553682678993785
3114,❤️東海中科❤️共洗陽台曬❤️室內機車位❤️,,5599,10.0,0.0,3,1,台中市,台中市龍井區台灣大道五段,,電梯大廈,1房1衛 - 1陽台,,有對外窗,https://www.rakuya.com.tw/rent/rent_item?ehid=006ab9289792813,c8c75ab312c49fce21eeec0c9a0af46a.jpeg,0.16212674527422855
3115,超大3房!平車!可寵!傢俱可談,,26000,42.0,0.1,16,3,台中市,台中市南區南和路/龍邦綠園道,,電梯大廈,3房2廳2衛 - 2陽台1廚房,,有對外窗;為邊間;有中庭,https://www.rakuya.com.tw/rent/rent_item?ehid=02effe290751737,b86e15cf8622f9c5a80fc7a6b0f96587.jpeg,0.0053574568762474375
3116,逢甲✔流理臺✔一房一廳✔子母車❤室內機車位,,10499,12.35,0.0,3,1,台中市,台中市西屯區河南路二段,,透天厝,1房1廳1衛 - 1陽台,,有對外窗;陽台,https://www.rakuya.com.tw/rent/rent_item?ehid=0021d3226417308,6010c40b069814dedc9f011f9081b2b2.jpeg,1.267243517095314
3117,秒殺逢甲❤獨洗曬陽台❤雙層冰箱❤子母車❤黃金地段,,5799,10.0,0.0,4,1,台中市,台中市西屯區華夏巷西四弄,,公寓,1房1衛 - 1陽台,,有對外窗;陽台,https://www.rakuya.com.tw/rent/rent_item?ehid=08586725903899f,58b085fc04bca3c8af1980390c961885.jpeg,1.9816192143883418
3118,稀有可寵✨電梯美屋✨雙租屋補助✨獨洗凸窗✨加賴聯絡,,13499,17.0,0.0,3,1,台中市,台中市南屯區大昌街,,電梯大廈,1房1衛,,有對外窗,https://www.rakuya.com.tw/rent/rent_item?ehid=0a971628936925a,b0209d069acce254b85c9be975a2cff8.jpeg,1.3269411513701435
3119,全新秒殺✅獨洗曬✅採光佳✅飲水機✅樓梯超好爬,,4999,8.0,6.0,4,1,台中市,台中市北區德化街,,透天厝,1房1衛,,有對外窗,https://www.rakuya.com.tw/rent/rent_item?ehid=055d2f251572539,037065350b49c05268dbb0ad77dc74ee.jpeg,5229.045809161832
3120,西區溫馨小資房✨秒殺❗獨洗獨曬✨便宜又讚✨,,5799,10.0,0.1,1,1,台中市,台中市西區美村路一段,,透天厝,1房1衛 - 1陽台,,有對外窗;陽台,https://www.rakuya.com.tw/rent/rent_item?ehid=0f2f9929147952c,0d89ffa7b0c4d6e7877e8ada76faa27a.jpeg,1.0194825540261565
3121,可貓可狗✨可短租✨採光佳✨大空間✨獨洗曬,,5599,9.0,0.1,5,1,台中市,台中市西區精忠街,,公寓,1房1衛,,有對外窗,https://www.rakuya.com.tw/rent/rent_item?ehid=008f0d29180906b,2d31c2f80a5a44670af9d9318ba60b12.jpeg,0.07146376271956127
3122,可短租❤️台水電✨可雙租補✨子母車✨洗脫烘❤️,,14999,17.0,0.1,6,1,台中市,台中市北區篤行路,,電梯大廈,1房1衛,,,https://www.rakuya.com.tw/rent/rent_item?ehid=07902b292242325,f003d758d8fc2bdf55cec4fcff506299.jpeg,1.0530867051061035
3123,北屯⛅電梯⛅可租補雙租補可報稅⛅衛浴開窗⛅太原⛅,,10999,10.0,1.1,4,1,台中市,台中市北屯區太原路三段,,透天厝,1房1衛 - 1陽台,,有對外窗;陽台,https://www.rakuya.com.tw/rent/rent_item?ehid=04059229185763a,32c3e3ca2b7c101e7dfb33c360ac3991.jpeg,0.2634786568799692
3124,水湳逢甲 /學生首選超新屋/機車位/報稅/雙租補,,10000,11.5,0.0,3,0,台中市,台中市北屯區水湳路,,透天厝,開放式格局,,有對外窗;陽台,https://www.rakuya.com.tw/rent/rent_item?ehid=0e2448290674190,34a6cce910d81a97a17996fb98af2c5d.jpeg,0.9832223412400223
3125,免管理費❤電梯套房✨可租補✅陽台獨洗❤流理台✨,,10000,11.0,5.5,3,1,台中市,台中市北區北平路一段,,電梯大廈,1房1衛 - 1陽台,,有對外窗;陽台,https://www.rakuya.com.tw/rent/rent_item?ehid=03a881151637217,6c599436c11b46fb6cd314bf17715882.jpeg,0.9911756058809931
3126,可補助/超新完工/陽台獨洗/好停車/難得釋出,,6599,11.0,1.1,4,1,台中市,台中市龍井區新興路,,電梯大廈,1房1衛 - 1陽台,,,https://www.rakuya.com.tw/rent/rent_item?ehid=08390717540514c,ba90a21df588c53e40c00505f56ff46b.jpeg,0.365790656519435
3127,⭐近中國醫⭐電梯⭐可寵⭐可租補⭐管理員⭐子母車,,11999,15.0,0.1,4,1,台中市,台中市北區五常街,,華廈,1房1衛,,有對外窗,https://www.rakuya.com.tw/rent/rent_item?ehid=0a5063293155951,a1d218f434cefd8037fb105a16ae2a55.jpeg,0.0
3128,整棟全新⏳正一房一廳⏳可貓可雙租補⏳陽台獨洗流理台,,15499,18.0,0.1,3,1,台中市,台中市西區博館路,,透天厝,1房1廳1衛 - 1陽台1廚房,,有對外窗;陽台,https://www.rakuya.com.tw/rent/rent_item?ehid=0618e8293088444,08c5094d50ee75d518a364ec05194c1b.jpeg,1.2476902115935098
3129,電梯✨雙租補✨陽台洗曬✨超大間✨衛浴開窗✨乾溼分離,,14399,16.0,0.1,3,1,台中市,台中市西屯區中工三路,,透天厝,1房1衛 - 1陽台,,有對外窗;陽台,https://www.rakuya.com.tw/rent/rent_item?ehid=0983cc292397417,99f64ac1f53380292beb63d6b0ed9b2d.jpeg,0.4889539035397615
3130,漢成街蛇覓隆發✨樓中樓兩房工業風✨獨洗獨曬✨可貓狗,,15499,20.0,0.1,1,0,台中市,台中市西屯區漢成街,,透天厝,開放式格局,,有對外窗;陽台,https://www.rakuya.com.tw/rent/rent_item?ehid=059fa029299060b,44986e888cd78079d9ba2ba7ddb09172.jpeg,0.9215893608361152
3131,❤可貓❤逢甲商圈❤共洗凸窗獨曬❤大空間❤子母車❤,,7499,10.0,1.9,0,1,台中市,台中市西屯區福星路,,電梯大廈,1房1廳1衛,,有對外窗;陽台,https://www.rakuya.com.tw/rent/rent_item?ehid=0214f721553435c,7166220a6b81290eb83e5aa8f1efe809.jpeg,1.8767755649586988
3132,⭐電梯X⭐兩房⭐可寵⭐可租補⭐管理員⭐現況出租,,21999,40.0,0.1,4,2,台中市,台中市西屯區中康二街,,電梯大廈,2房2廳1衛 - 1陽台1廚房,,有對外窗;陽台,https://www.rakuya.com.tw/rent/rent_item?ehid=0b5cb529298129a,6f568a4014d75900d43611e86373218a.jpeg,0.15092888601096846
3133,可寵⭐台水電⭐陽台獨洗⭐管理員,,6499,10.0,0.1,8,1,台中市,台中市西屯區櫻城三街,,華廈,1房1衛 - 1陽台,,有對外窗;陽台,https://www.rakuya.com.tw/rent/rent_item?ehid=0d7784293155753,119e5e2cfa3f83229b904c2b49d73c7d.jpeg,1.6554343288556348
3134,✨可寵✨一層兩戶✨流理台✨一房一廳,,14999,18.5,0.0,3,1,台中市,台中市西屯區工業區三十八路,,電梯大廈,1房1廳1衛 - 1陽台,,有對外窗;陽台,https://www.rakuya.com.tw/rent/rent_item?ehid=0e640b29061713f,469583c39c9a480695e4b4e99214f0cf.jpeg,0.28651548192976867
3135,秒殺逢甲❤獨洗曬陽台❤精美套房❤子母車❤可貓短租,,6499,10.0,5.7,6,1,台中市,台中市西屯區華夏巷西五弄,,公寓,1房1衛 - 1陽台,,有對外窗;陽台,https://www.rakuya.com.tw/rent/rent_item?ehid=0f079d18646183b,5f251b73da1f98cf3e2f9fc04e1a3244.jpeg,1.9706055704657208
3136,可租補✨獨洗曬✨管理員✨子母車✨大空間,,6499,11.0,0.1,2,1,台中市,台中市西屯區青海路一段,,電梯大廈,1房1衛,,有對外窗,https://www.rakuya.com.tw/rent/rent_item?ehid=015a64292311125,819987aaca5ed24c68a31a117927d8f0.jpeg,1.102575805366846
3137,先搶先贏⭐可寵⭐小資兩房⭐樓中樓⭐陽台獨洗⭐子母車,,15499,15.0,0.1,1,2,台中市,台中市西屯區漢成街,,別墅,2房1廳1衛 - 2陽台,,有對外窗,https://www.rakuya.com.tw/rent/rent_item?ehid=0a1bda292851828,a5b2f4d37e9a1a09afc438bd7c55e4d3.jpeg,0.9215893608361152
3138,整棟新蓋⭐租屋補助⭐子母車⭐機車位⭐陽台獨洗⭐水湳,,10999,13.0,0.1,5,1,台中市,台中市北屯區中清路二段,,電梯大廈,1房1衛 - 1陽台,,有對外窗;陽台,https://www.rakuya.com.tw/rent/rent_item?ehid=0f5d58289892034,8902d0beefbb05d51995c4a4dd1815f2.jpeg,0.8425418244258717
3139,⭐近中國醫⭐可貓⭐可租補⭐飲水機⭐木質地⭐全新整理,,5999,9.0,0.1,3,1,台中市,台中市北區美德街,,公寓,1房1衛,,有對外窗,https://www.rakuya.com.tw/rent/rent_item?ehid=08ce2b293155463,5973643de6bbe679ea17ebd576e6ebd2.jpeg,1.127287186776253
3140,中國醫✔短租✨租補✔陽台電梯,,8499,10.0,1.8,3,1,台中市,台中市北區學士路,,透天厝,1房1衛,,有對外窗,https://www.rakuya.com.tw/rent/rent_item?ehid=02b83a219663302,9581a3d7acd6bfd155b26c7602147c5f.jpeg,0.13682729887082845
3141,質感大三房⏳可寵可租補⏳高樓景觀⏳含平車⏳鼎佳光曦,,28499,52.51,0.1,8,3,台中市,台中市北屯區陳平路/鼎佳光曦,,電梯大廈,3房2廳1衛 - 2陽台1廚房,,有對外窗;陽台,https://www.rakuya.com.tw/rent/rent_item?ehid=06c0ad290808832,0d29ce5bbef167cbeb2c2aa2aedd5235.jpeg,0.25287680247859823
3142,流理臺⚡可租捕⚡陽台獨洗曬⚡飲水機⚡子母車⚡台電,,16000,12.0,0.0,2,0,台中市,台中市西屯區順平路,,透天厝,開放式格局,,有對外窗;陽台,https://www.rakuya.com.tw/rent/rent_item?ehid=02cf5e285911383,bdc5fa647d3afc93bb5cfe5a1487eec7.jpeg,0.6639975410188151
3143,兩房一廳⚡可寵可狗⚡陽台獨洗⚡機車位⚡裝潢美⚡,,20000,20.0,0.0,2,2,台中市,台中市東區振興路,,透天厝,2房1廳1衛 - 1陽台,,有對外窗;陽台,https://www.rakuya.com.tw/rent/rent_item?ehid=04f89b21390251c,a6ee2fbfaa9d8c0b4c0e71208318094f.jpeg,1.5609584915336836
3144,2房1廳可租補✨平面車位✨百萬裝潢✨更衣室✨管理員,,28500,25.0,0.1,11,2,台中市,台中市南屯區春安三街,,電梯大廈,2房1廳1衛 - 1陽台1廚房,,有對外窗;陽台,https://www.rakuya.com.tw/rent/rent_item?ehid=01228529107740f,74f582a01abad88a49dcc15f66e86ba4.jpeg,0.13616392301345223
3145,可租補♥️獨洗曬✨子母車✨浴室對外窗,,9999,13.0,0.1,1,1,台中市,台中市西屯區青海路二段,,公寓,1房1衛 - 1陽台,,,https://www.rakuya.com.tw/rent/rent_item?ehid=0a22da29245866a,0c7b07a34075942c4a9f2b1ed1336a3c.jpeg,1.4037677347188895
3146,北屯⛅電梯⛅全新完工⛅洗脫烘⛅電磁爐⛅衛浴開窗⛅,,10999,12.0,1.1,2,1,台中市,台中市北屯區一新一街,,透天厝,1房1衛,,有對外窗,https://www.rakuya.com.tw/rent/rent_item?ehid=00b7bb289103569,330bc80a033e8a93c3dc2ef0d7258df4.jpeg,0.0
3147,勤美★獨洗獨曬★可貓咪★可租屋補助★可短租,,5999,10.0,0.1,5,1,台中市,台中市西區向上路一段,,公寓,1房1衛,,有對外窗,https://www.rakuya.com.tw/rent/rent_item?ehid=082a6529026668e,1dc944d79a3357f6346e02e735dcf2eb.jpeg,1.6422861173203762
3148,近中台科大⭐可貓寵⭐可租補⭐共洗獨曬⭐系統裝潢,,5799,10.0,0.1,2,1,台中市,台中市北屯區東山路二段中興巷,,透天厝,1房1廳1衛,,,https://www.rakuya.com.tw/rent/rent_item?ehid=0c9ecf29147012f,c919566a0cd269dca08ca4d173a276a0.jpeg,0.19858670583634508
3149,走路到勤益⭐雙租補可貓寵⭐整棟全新電梯⭐機車位1,,8799,13.0,0.0,3,1,台中市,台中市太平區中山路二段,,電梯大廈,1房1廳1衛 - 1陽台,,,https://www.rakuya.com.tw/rent/rent_item?ehid=027e0029146657b,7815398b91b33a007fadd661d5dae558.jpeg,0.30179381597393096
3150,全新裝潢大套房☆一房一廳大廚房☆近教育大學☆可租補,,21000,23.0,30.4,3,1,台中市,台中市西區忠仁街,,公寓,1房1廳1衛 - 1陽台1廚房,,有對外窗;陽台,https://www.rakuya.com.tw/rent/rent_item?ehid=079feb276821054,7c5d0a0b9d3a7492bd3dacd0b01b5010.jpeg,1.091127103958316
3151,可雙租補⚡可寵⚡全新套房⚡陽台獨洗⚡逢甲商圈,,11999,15.0,25.0,3,1,台中市,台中市西屯區西屯路二段英林巷,,透天厝,1房1衛 - 1陽台,,有對外窗;陽台,https://www.rakuya.com.tw/rent/rent_item?ehid=09a02e289197650,d4b38f6e8aef8c4d88e52a31bc572515.jpeg,1.9289757531928746
3152,逢甲大學精裝修套房,,5999,7.0,32.1,3,1,台中市,台中市西屯區西屯路二段,,公寓,1房1廳1衛,,,https://www.rakuya.com.tw/rent/rent_item?ehid=0d470e279493103,6a87f4db7df9194d72e1edcf99afd317.jpeg,1.0553776851807697
3153,可租補⭐️近逢甲⭐️乾濕分離⭐️獨洗超新電梯,,9999,14.0,0.0,2,1,台中市,台中市西屯區西屯路二段,,電梯大廈,1房1廳1衛,,有對外窗,https://www.rakuya.com.tw/rent/rent_item?ehid=0d9647280162269,be9c388e128fbc3a4e02bde23a50c37c.jpeg,0.992181444227657
3154,可租補✅全新完工多間可選✅近文心公園✅台電計機車位,,12499,14.0,0.0,3,1,台中市,台中市南屯區黎明路二段,,電梯大廈,1房1衛 - 1陽台,,有對外窗;陽台,https://www.rakuya.com.tw/rent/rent_item?ehid=0c8d6128126118b,424d8b3496971582d6e9bf6198c393b7.jpeg,0.5724863572467896
3155,M3B95）福和橋★公館【超值3房2廳】廚房★寵洽,,23000,23.0,20.0,5,3,新北市,新北市永和區成功路一段,,公寓,3房2廳1衛 - 1陽台1廚房,,,https://www.rakuya.com.tw/rent/rent_item?ehid=0d1f91202953680,69def56cfc7fbadb37c0801cdf684021.jpeg,0.5519377838686239
3156,泉宇未來✨可租補✨傢俱齊全✨大面窗採光明亮✨可竉✨,,22000,35.0,0.1,4,2,台中市,台中市西屯區中康二街,,電梯大廈,2房2廳1衛 - 1陽台,,有對外窗;陽台,https://www.rakuya.com.tw/rent/rent_item?ehid=0a0f3229293532a,f05746b1761b6d2c06b659a80510a53b.jpeg,0.15092813754053613
3157,免管理費✨可雙租補✨陽台獨洗✨流理台✨電梯新屋,,10000,13.0,6.7,2,1,台中市,台中市東區忠孝路,,電梯大廈,1房1衛 - 1陽台,,有對外窗;陽台,https://www.rakuya.com.tw/rent/rent_item?ehid=02710112338553f,8feda946762891dc26018d27716eec10.jpeg,0.0
3158,電梯套房❤管理員✅機車位❤精美大空間❤採光,,7500,11.0,11.7,6,1,台中市,台中市北區天津路二段,,電梯大廈,1房1衛,,有對外窗,https://www.rakuya.com.tw/rent/rent_item?ehid=07d3de9463634b,7208e12ee999fe9a083d54e333846394.jpeg,1.2069200377678444
3159,電梯新屋✨中國醫✨陽台獨洗✨流理台✨機車位✨子母車,,7499,12.0,0.0,7,1,台中市,台中市北區崇德路一段,,電梯大廈,1房1衛 - 1陽台,,有對外窗;陽台,https://www.rakuya.com.tw/rent/rent_item?ehid=049c4429047448a,671c13f7f53ea020df013631b5fb9478.jpeg,1.4065527397470072
3160,⭐近市政府⭐可雙租補⭐飲水機⭐陽台獨洗⭐木質地板,,13999,17.0,0.1,4,1,台中市,台中市西區向上北路,,公寓,1房1衛 - 1陽台,,有對外窗;陽台,https://www.rakuya.com.tw/rent/rent_item?ehid=0cf92f29324827a,e09b187e666634afd24c12b1c6ac79b2.jpeg,1.567186961370702
3162,便宜又大間✨西屯秒殺件❗陽台獨洗曬✨走路逛逢甲✨,,5499,10.0,0.1,4,1,台中市,台中市西屯區西屯路二段,,透天厝,1房1衛 - 1陽台,,有對外窗;陽台,https://www.rakuya.com.tw/rent/rent_item?ehid=0f7a58291473292,57d48264769a83276c8114fdfdd9e6ba.jpeg,1.0668940980522086
3163,逢甲台水電✨租屋補助✨採光陽台✨電梯管理員,,7499,13.0,0.0,5,0,台中市,台中市西屯區河南路二段,,電梯大廈,開放式格局,,有對外窗;陽台,https://www.rakuya.com.tw/rent/rent_item?ehid=0ada15244681684,408eaa9afda8f91bc9211fe85adee724.jpeg,1.3190933521255768
3164,稀有可雙租補可貓2房✨流理臺獨洗✨採光極佳,,18499,20.0,0.1,2,2,台中市,台中市北區青島路一段,,公寓,2房1廳1衛,,有對外窗,https://www.rakuya.com.tw/rent/rent_item?ehid=06b31a292666365,09b98512cb33cdcf7d9a3608df8a43c9.jpeg,0.9415309620098504
3165,可營登♥兩棟12房10衛♥地下室停車場6~8台,,200000,242.0,20.0,0,1,台中市,台中市西屯區何厝街,,透天厝,1房4廳10衛 - 2陽台2廚房,,有對外窗;陽台,https://www.rakuya.com.tw/rent/rent_item?ehid=08b8cc27332473d,7424892021b979a6e97c3bf1a5c66763.jpeg,0.8279813320720338
3166,電梯❤️陽台洗曬❤️流理臺❤️機車位❤️飲水機,,7499,10.0,0.1,2,1,台中市,台中市北區崇德路一段,,透天厝,1房1衛 - 1陽台,,有對外窗;陽台,https://www.rakuya.com.tw/rent/rent_item?ehid=0c04d9293290802,5933281f7c5747ae1c2f33e743c90544.jpeg,1.4065527397470072
3167,✨水湳商圈✨寵物的家✨子母車✨飲水機✨獨洗窗曬,,7999,12.0,0.0,3,1,台中市,台中市北屯區陳平路,,透天厝,1房1衛,,有對外窗,https://www.rakuya.com.tw/rent/rent_item?ehid=0c6554293772867,0abe113fdd5f57dac849da8e6b03ab3e.jpeg,0.2919888702032884
3168,中國醫❤飲水機❤女生宿舍,,4999,10.0,0.0,2,1,台中市,台中市北區中清路一段,,透天厝,1房1衛,,有對外窗,https://www.rakuya.com.tw/rent/rent_item?ehid=073bb628883772f,0960943b73398b6bf3fba11bf7c22488.jpeg,1.2507277442127744
3169,⭐太平整棟全新⭐台電可寵|雙租補|管理員可代收,,8800,11.0,0.0,4,1,台中市,台中市太平區中山路二段,,電梯大廈,1房1廳1衛 - 1陽台,,有對外窗;陽台,https://www.rakuya.com.tw/rent/rent_item?ehid=07e6f428897027a,1c6fb938aecef8759f7f120e47acf0d0.jpeg,0.3017897259525305
3170,電梯代收包裹子母車飲水機,,3500,5.0,0.0,5,0,台中市,台中市北區永興街,,華廈,開放式格局,,有對外窗,https://www.rakuya.com.tw/rent/rent_item?ehid=01e72628458299d,dc1ffef3c6dfdd1a51737706a9b48ee6.jpeg,1.9610750668415178
3171,全新未住❤️雙租補❤️可寵❤️子母車❤️陽台獨洗曬,,9999,12.0,0.0,1,1,台中市,台中市北屯區中清路二段,,電梯大廈,1房1衛 - 1陽台,,有對外窗;陽台,https://www.rakuya.com.tw/rent/rent_item?ehid=0d30dc282518381,ee4716347df2c62c641a7acba2c9fa82.jpeg,0.8520035047125272
3172,租屋補助✨陽台獨洗✨機車位✨變頻冷氣✨子母車,,7499,11.0,0.1,5,1,台中市,台中市西屯區河南東二街,,電梯大廈,1房1衛 - 1陽台,,有對外窗;陽台,https://www.rakuya.com.tw/rent/rent_item?ehid=039b8a29305559b,5610072c439afcad55acc7f90d1e8b63.jpeg,0.9816030093040563
3173,可租補✅獨洗窗曬✅子母車✅小資首選✅水湳中國醫,,6499,5.0,0.1,6,1,台中市,台中市西屯區長安路二段,,透天厝,1房1衛,,有對外窗,https://www.rakuya.com.tw/rent/rent_item?ehid=02200529016156c,915679bed2494cd5fde8b55847806119.jpeg,0.8764064093941596
3174,逢甲☄️走路就到⭐️三樓✨飲水機,,5799,10.3,0.0,3,1,台中市,台中市西屯區福上巷,,透天厝,1房1衛,,有對外窗,https://www.rakuya.com.tw/rent/rent_item?ehid=058b35228883888,92e141010ba666e428e3e473e484d665.jpeg,1.7777227035831105
3175,逢甲❤子母車飲水機✔cp套房,,7499,10.0,1.8,5,1,台中市,台中市西屯區慶和街,,透天厝,1房1衛,,有對外窗,https://www.rakuya.com.tw/rent/rent_item?ehid=02ac4a218402629,17008194100f66a00ec7547ff62a7448.jpeg,1.8428207438821433
3176,廣三SOGO✨電梯日系風✔子母車✔短租,,10999,12.5,0.0,12,1,台中市,台中市西區美村路一段,,電梯大廈,1房1廳1衛 - 1陽台,,有對外窗;陽台,https://www.rakuya.com.tw/rent/rent_item?ehid=04c6d022197344e,4162d0b2296963d17b2aca039cdc809b.jpeg,0.9438041440476508
3177,中興大✨可租補❤CP高✔,,4999,10.0,0.0,5,1,台中市,台中市南區國光路,,公寓,1房 - 1陽台,,有對外窗,https://www.rakuya.com.tw/rent/rent_item?ehid=03b05f288664864,0996cb74c394e20d02d99dd51b74b6ad.jpeg,0.7627708128633269
3178,近逢甲⭐️可雙租補加價⭐️可貓⭐️可凸窗曬有電梯,,6999,10.0,0.0,5,1,台中市,台中市西屯區福星路,,電梯大廈,1房1衛,,有對外窗,https://www.rakuya.com.tw/rent/rent_item?ehid=09978e282443690,0a7827680ff65fcda73af2bc85df15f0.jpeg,1.8925992777354825
3179,❤️逢甲僑光❤️獨洗獨曬❤️小資首選❤️平價首選,,5499,10.0,5.2,4,1,台中市,台中市西屯區西屯路二段,,公寓,1房1衛 - 1陽台,,有對外窗;陽台,https://www.rakuya.com.tw/rent/rent_item?ehid=0f45f5286367356,922ad4afff9371e27acb3fba5257b367.jpeg,1.0668940980522086
3180,新光遠百✨租屋補助✨陽台獨洗✨機車位,,8499,12.0,0.1,3,1,台中市,台中市西屯區惠中路,,透天厝,1房1衛 - 1陽台,,有對外窗;陽台,https://www.rakuya.com.tw/rent/rent_item?ehid=0a9be6291340332,472130df9a29c02049bbb8184ae9487a.jpeg,1.2699600406307263
3181,全新完工⛅雙租補⛅子母車飲水機⛅雙層冰箱⛅多間快搶,,8000,10.0,0.1,3,1,台中市,台中市太平區光興路,,電梯大廈,1房1衛 - 1陽台,,有對外窗;陽台,https://www.rakuya.com.tw/rent/rent_item?ehid=0af3db283308728,d30d7b21bc3e644564e13e47b72b243f.jpeg,0.08269490360928011
3182,東區旱溪⛅陽台獨洗⛅電梯⛅採光讚讚⛅子母車⛅太平⛅,,9999,11.0,2.1,6,1,台中市,台中市東區振興路,,透天厝,1房1衛 - 1陽台,,有對外窗;陽台,https://www.rakuya.com.tw/rent/rent_item?ehid=0e475c290123989,7e19f5be3659f2a39e14a58d95c8c28b.jpeg,1.6890944626681255
3183,西區勤美⛅可租補⛅電梯⛅獨洗⛅大間秒殺⛅科博館,,9599,10.0,2.1,2,1,台中市,台中市西區博館路,,透天厝,1房1衛,,有對外窗,https://www.rakuya.com.tw/rent/rent_item?ehid=0bca7f290130766,9c47daf2d920a1070985cf178d7107ec.jpeg,1.3186392894974734
3184,逢甲商圈❤全新可租補❤預定1月住❤陽台獨洗❤子母車,,7999,10.0,0.0,5,0,台中市,台中市西屯區福上巷,,公寓,開放式格局,,陽台,https://www.rakuya.com.tw/rent/rent_item?ehid=00753a28914673f,01fe540bc686fb890d7259fecced9f22.jpeg,1.7090537367842824
3185,水湳中醫❤可貓咪❤陽台獨曬❤採光佳❤子母車,,6499,10.0,0.1,3,1,台中市,台中市西屯區長安路二段,,透天厝,1房1衛 - 1陽台,,有對外窗;陽台,https://www.rakuya.com.tw/rent/rent_item?ehid=068ec2279899607,7722b7904760d879489b2933644ebf70.jpeg,0.8764064093941596
3186,走路到勤益⭐整棟全新⭐可租補⭐機車位⭐電梯管理員,,6199,10.0,0.1,3,1,台中市,台中市太平區中山路二段,,電梯大廈,1房1廳1衛 - 1陽台,,,https://www.rakuya.com.tw/rent/rent_item?ehid=04e085292605272,bcbf510ebf41c5a2a431dc0c18deccce.jpeg,0.3149080194005141
3187,西區最便宜不爬高❤️可租補❤️台電❤️,,18999,25.0,0.0,3,3,台中市,台中市西區中美街,,公寓,3房2廳2衛 - 1室1陽台1廚房,,有對外窗;陽台,https://www.rakuya.com.tw/rent/rent_item?ehid=0d9a5127762148f,2d2ce62061bcfeb300271eb319e981a3.jpeg,1.6003176131293748
3188,電梯套房⛅陽台獨洗⛅衛浴乾溼分離⛅子母車⛅,,10999,14.0,0.1,5,1,台中市,台中市南屯區精誠路,,透天厝,1房1衛 - 1陽台,,有對外窗;陽台,https://www.rakuya.com.tw/rent/rent_item?ehid=021d2129219410b,b6750685d043bc5de55dd2ced0e6222d.jpeg,1.1787720507428472
3189,近一中⭐可貓⭐可租補⭐陽台獨洗⭐木質地板⭐全新整理,,4499,7.0,0.1,5,1,台中市,台中市北區五常街,,公寓,1房1衛 - 1陽台,,有對外窗;陽台,https://www.rakuya.com.tw/rent/rent_item?ehid=09cb4329305603e,edcef49b80d6b100ee238fd25777f664.jpeg,0.0
3190,全新裝潢➕正一房一廳➕可租補➕質感採光➕陽台獨洗➕,,13799,20.0,0.1,6,1,台中市,台中市西屯區長安路二段/時代大樓,,電梯大廈,1房1廳1衛 - 1陽台,,有對外窗;陽台,https://www.rakuya.com.tw/rent/rent_item?ehid=0769be29148620f,e639c52cde61b268aa7bfbb67b2ca3c6.jpeg,0.80164006402987
3191,整棟新蓋✨陽台獨洗流理台✨絕美採光✨貓奴首選,,8499,15.0,0.0,5,1,台中市,台中市太平區宜欣七街,,電梯大廈,1房1衛 - 1陽台,,,https://www.rakuya.com.tw/rent/rent_item?ehid=0ba74b281669877,e1d1e70ba26f8c071671d94501e95b51.jpeg,0.5138625224260002
3192,可租補❤️近教育大學❤️有獨洗曬空間❤️有電梯,,10500,14.0,0.0,4,1,台中市,台中市西區三民路一段,,電梯大廈,1房1衛 - 1陽台,,,https://www.rakuya.com.tw/rent/rent_item?ehid=0fc67627783042c,e9f921f39ec10340576ba8638f5d1317.jpeg,0.0
3193,近逢甲✨可短租陽台✨管理員✨機車位可租✨年繳優惠,,7499,11.0,0.1,5,1,台中市,台中市西屯區慶和街,,透天厝,1房1衛 - 1陽台,,有對外窗,https://www.rakuya.com.tw/rent/rent_item?ehid=043eb7293055706,ff28dfd830e2021f62bb293e3be28de8.jpeg,1.8428207438821433
3194,可寵◕一房一廳◕流理台獨洗陽台◕一中中國醫,,8999,15.0,0.0,3,1,台中市,台中市北區篤行路,,透天厝,1房1廳1衛 - 1陽台,,有對外窗;陽台,https://www.rakuya.com.tw/rent/rent_item?ehid=0c8b2b137221842,921a56b3939236751ee6aa44b07a2543.jpeg,1.1173761982765722
3195,小資族群最喜歡✨僅剩X間!搶先入住✨,,32000,36.0,0.1,3,3,台中市,台中市西區五權七街/聖美村,,電梯大廈,3房2廳2衛 - 2陽台1廚房,,有對外窗;陽台,https://www.rakuya.com.tw/rent/rent_item?ehid=057a36276451632,0806678ee9e5f7de7d0e130ec87d9f07.jpeg,0.0
3196,勤美✨大陽台獨洗✨台電計✨小資首選✨,,6899,13.0,0.0,3,0,台中市,台中市西區精誠路,,透天厝,開放式格局,,有對外窗;陽台,https://www.rakuya.com.tw/rent/rent_item?ehid=070ab0278083266,b90d3a21f529443f8b8239cf3bfe5573.jpeg,1.5924154764751817
3197,走路逢甲✨採光陽台✨小資首選✨租屋補助,,5499,12.0,0.0,4,0,台中市,台中市西屯區西屯路二段,,公寓,開放式格局,,有對外窗;陽台,https://www.rakuya.com.tw/rent/rent_item?ehid=081060247727044,e972fdf172ec370a2431c34a7a25b919.jpeg,1.0668940980522086
3198,逢甲❤獨洗獨曬❤採光佳❤可租屋補助,,6299,10.0,0.0,2,1,台中市,台中市西屯區文華路永新巷北一弄,,透天厝,1房1衛,,有對外窗,https://www.rakuya.com.tw/rent/rent_item?ehid=06b92a22342147b,cdeee3efef8ad2a789752c3831ad2a07.jpeg,0.0
3199,走路到水湳⭐全新未住⭐有夠大間⭐機能超好⭐陽台獨洗,,6999,13.0,0.1,5,1,台中市,台中市西屯區長安路二段,,電梯大廈,1房1廳1衛 - 1陽台,,,https://www.rakuya.com.tw/rent/rent_item?ehid=0f27c629147381a,2fefc16d78ddf8fe530c015665af07fa.jpeg,0.8684789448819072
3200,獨棟電梯套房☆環境舒適☆近中台科大、勤益、國軍總,,11000,14.0,5.4,3,1,台中市,台中市北屯區祥順路一段,,電梯大廈,1房1.5衛 - 1陽台,,有對外窗;陽台,https://www.rakuya.com.tw/rent/rent_item?ehid=0103e1276950879,67deb54360b064a2f969e9b3613a3c77.jpeg,0.5240023711447275
3201,電梯陽台獨洗★可補助、戶籍★汽、機車位★近74環線,,8999,15.0,5.5,5,1,台中市,台中市太平區中山路二段,,華廈,1房1廳1衛 - 1陽台,,有對外窗;陽台,https://www.rakuya.com.tw/rent/rent_item?ehid=07013513944975a,ba5270d0c58597457d30a85b47bb16e2.jpeg,0.3009869218781037
3202,逢甲大學❤可貓咪✔獨洗獨曬✔子母車✔小資首選✔,,5999,10.0,0.0,3,1,台中市,台中市西屯區西安街,,透天厝,1房1衛,,有對外窗,https://www.rakuya.com.tw/rent/rent_item?ehid=05dd5523935117a,ec0e3ba3d8242fc6c52020a623e666b5.jpeg,1.7956225545460391
3203,全新完工電梯透天☆可租補☆陽台獨洗☆飲水機☆子母車,,11500,13.0,0.5,5,1,台中市,台中市南屯區黎明路二段,,電梯大廈,1房1衛 - 1陽台,,有對外窗;陽台,https://www.rakuya.com.tw/rent/rent_item?ehid=01435428117979e,b7f330d6e4e4c25a32d5505e3421318d.jpeg,0.578026221097406
3204,✨勤美誠品✨租屋補助✨陽台獨洗✨加賴約看✨,,8999,13.0,0.1,4,1,台中市,台中市西區模範街,,公寓,1房1衛 - 1陽台,,有對外窗;陽台,https://www.rakuya.com.tw/rent/rent_item?ehid=0679de292800260,bdb44f99098d48c591cfb6fbe35318e8.jpeg,1.5311073852060058
3205,整棟全新⏳可雙租補⏳陽台獨洗⏳衛浴開窗⏳子母車,,9499,12.0,0.1,3,1,台中市,台中市南區和昌街,,電梯大廈,1房1衛 - 1陽台,,有對外窗;陽台,https://www.rakuya.com.tw/rent/rent_item?ehid=09c0d129076227e,6afb55ed6a37345aaf7c807a3e68c4f1.jpeg,0.6091261798008394
3206,秒殺台電❤️水免費❤️可寵❤️獨洗曬❤️限女❤️,,6499,8.0,0.1,8,1,台中市,台中市西屯區櫻城三街,,透天厝,1房1衛 - 1陽台,,,https://www.rakuya.com.tw/rent/rent_item?ehid=061ddd291662097,22d657d17c92f6deefb1a93b50ea4075.jpeg,1.6554343288556348
3207,整棟新蓋⭐陽台獨洗⭐雙份租補⭐捷運站,,11499,13.0,0.0,7,1,台中市,台中市北屯區熱河路二段,,透天厝,1房1衛 - 1陽台,,有對外窗,https://www.rakuya.com.tw/rent/rent_item?ehid=00979f29026306f,7931106faba34877b509fbad1b395815.jpeg,2.3140843399714326
3208,♥️陽台獨洗✨飲水機✨子母車✨,,11999,11.0,0.0,1,1,台中市,台中市東區練武路,,透天厝,1房1衛,,,https://www.rakuya.com.tw/rent/rent_item?ehid=045a69277218608,b31fef26f2ceb8e4a53badfda4d32ca6.jpeg,1.4345662261383942
3209,❤近74❤汽車好停❤陽台獨洗❤子母車❤質感大空間❤,,11999,12.0,0.0,3,0,台中市,台中市南屯區環中路四段,,電梯大廈,開放式格局,,陽台,https://www.rakuya.com.tw/rent/rent_item?ehid=03e56528827235f,2ff34e93ccb913b395fd1722a6f0e8da.jpeg,0.0593680731305577
3210,⭐近逢甲商圈⭐可雙租補⭐全新未住⭐設備齊全⭐採光佳,,18999,22.0,0.1,6,1,台中市,台中市西屯區光明路,,透天厝,1房1衛,,有對外窗,https://www.rakuya.com.tw/rent/rent_item?ehid=07daa5283672214,906317d8b36b0c8e4a594a0cf7197e49.jpeg,1.1503437808002723
3211,❤可寵物❤逢甲❤共洗獨曬❤可租屋補助❤子母車❤,,5499,10.0,1.9,3,1,台中市,台中市西屯區文華路,,別墅,1房1衛,,有對外窗,https://www.rakuya.com.tw/rent/rent_item?ehid=0d9a68213233012,c9ca70d7774da5aba5098432332c80ba.jpeg,2.0375753014904903
3212,水湳逢甲/全新未住/可貓/單租補/衛浴乾濕分離,,13999,12.5,0.1,2,0,台中市,台中市北屯區陳平路,,透天厝,開放式格局,,有對外窗;陽台,https://www.rakuya.com.tw/rent/rent_item?ehid=0e5b89291085849,d71ed02054c1b2a749e4f70ff27c41e5.jpeg,0.2734688657425386
3213,中科❤走路到✨陽台洗衣機❤,,8999,5.0,0.1,3,1,台中市,台中市西屯區中科路,,透天厝,1房1衛 - 1陽台,,有對外窗,https://www.rakuya.com.tw/rent/rent_item?ehid=06d24126567977a,1684fa7c77f1dbb40a1bfc08b15cce07.jpeg,0.07449174655177149
3214,漢口商圈✔可短租陽台洗衣機,,7799,10.0,0.1,1,1,台中市,台中市北區漢口路三段,,透天厝,1房1衛 - 1陽台,,有對外窗,https://www.rakuya.com.tw/rent/rent_item?ehid=0c66f6291370246,862b718436a9db1598ccb20dd91dd386.jpeg,0.8827416239525896
3215,實習短租✨租屋補助✅陽台獨洗✨機車好停✨IG搶先看,,7799,14.0,0.0,4,1,台中市,台中市北區太原八街,,電梯大廈,1房1衛 - 1陽台,,有對外窗,https://www.rakuya.com.tw/rent/rent_item?ehid=022626291804609,38cb283082538ff1b7463cbf146bd8a5.jpeg,0.777263216450134
3216,✨免管理費✨可租補✨陽台獨洗✨電梯新屋✨流理台,,10000,12.0,7.9,6,1,台中市,台中市北屯區北屯路,,電梯大廈,1房1衛 - 1陽台,,有對外窗;陽台,https://www.rakuya.com.tw/rent/rent_item?ehid=0a7d8612549681f,3422797dc16a6e0ff6b37fcde13766d0.jpeg,0.12625807617541235
3217,雙租補❤️小資大空間❤️共洗❤️垃圾自理❤️爬2樓,,4999,5.0,0.1,2,1,台中市,台中市北區錦新街,,透天厝,1房1衛,,有對外窗,https://www.rakuya.com.tw/rent/rent_item?ehid=0064a5291403006,e1c8c436049be60151b97871a2bbf8ee.jpeg,1.1273860808561513
3218,⭐近火車站⭐可雙租補⭐共洗曬⭐飲水機⭐木質地板,,5999,9.0,0.1,5,1,台中市,台中市中區民族路,,透天厝,1房1衛,,有對外窗,https://www.rakuya.com.tw/rent/rent_item?ehid=0ae77b293160492,30765f6be754f7c65faf2d02b5c02731.jpeg,1.6909307801643796
3219,＜明唐天廈＞近太原車站/三光國中∣高樓層三房24廈,,22000,24.0,30.1,9,3,台中市,台中市北屯區東光路/明唐天廈,,電梯大廈,3房2廳2衛 - 1廚房,,,https://www.rakuya.com.tw/rent/rent_item?ehid=022e4f291680883,5a68ff5712b802b30d1f9c758d28a82b.jpeg,0.802828587037912
3220,✨近大潤發✨陽台獨洗曬✅可雙租補✨子母車✨第四台,,7999,10.0,0.1,2,1,台中市,台中市北區民權路,,電梯大廈,1房1衛 - 1陽台,,有對外窗;陽台,https://www.rakuya.com.tw/rent/rent_item?ehid=092fad293427249,aa3b398d4dd8d5dc6cbfe477723f265e.jpeg,1.1505994990178532
3221,可寵可貓可狗/大陽台獨洗曬/近旱溪.74,,10000,9.0,0.0,3,1,台中市,台中市太平區新平路二段,,透天厝,1房1衛 - 1陽台,,有對外窗;陽台,https://www.rakuya.com.tw/rent/rent_item?ehid=01f8b029205922e,509a936ef30186b83b9e7ab002b294ab.jpeg,0.4155580774907273
3222,電梯上樓✨租屋補助✅採光超好✨陽台獨洗✨IG搶先看,,12499,15.0,0.1,9,1,台中市,台中市南屯區大川街,,電梯大廈,1房1衛 - 1陽台,,有對外窗;陽台,https://www.rakuya.com.tw/rent/rent_item?ehid=04e6d1291896897,1b0b4fc103c4a138dc98089e3fedea76.jpeg,1.1362546481395672
3223,獨曬窗♥衛浴開窗♥東海澄清中科♥近新光遠百♥逢甲,,7800,8.5,20.6,3,1,台中市,台中市西屯區黎明路三段,,透天厝,1房1衛,,有對外窗,https://www.rakuya.com.tw/rent/rent_item?ehid=003a89270710723,7b9e54e8631e8dc78ae31182049de37d.jpeg,1.0056135208619301
3224,小資首選❤️租補一房一廳❤️陽台獨洗獨曬❤️可貓咪,,10999,12.0,0.1,5,1,台中市,台中市西區向上路一段,,透天厝,1房1廳1衛,,有對外窗,https://www.rakuya.com.tw/rent/rent_item?ehid=00241d293164875,704c2eeb5ddb6c11dc5c4fd6bac701f3.jpeg,1.5267998288604185
3225,可貓電梯✨租補✨陽台獨洗曬✨機車位,,7499,8.0,0.0,5,1,台中市,台中市西屯區順和三街,,電梯大廈,1房1衛 - 1陽台,,有對外窗;陽台,https://www.rakuya.com.tw/rent/rent_item?ehid=0a1403284283403,c034dd86455c274e8daac16ce4cb06da.jpeg,0.3549822203458065
3226,逢甲大套房**不用七千住的舒適又不壓迫,,6499,10.0,0.1,6,1,台中市,台中市西屯區西安街,,公寓,1房1衛,,有對外窗,https://www.rakuya.com.tw/rent/rent_item?ehid=099868292603045,2a4cf092e11644f71aac7b02b490a87d.jpeg,1.7779427516741733
3227,曉明女中⭐可租補可短租⭐系統裝潢⭐投幣共洗,,5999,10.0,2.9,3,1,台中市,台中市北屯區青島路三段,,透天厝,1房1廳1衛,,,https://www.rakuya.com.tw/rent/rent_item?ehid=0a31c629146829b,bfc075e44c6e1bbe48379c0c1c56b46b.jpeg,2.2143896520726774
3228,可貓低總價2房❤️可租補❤️免爬梯❤️,,16999,19.0,0.0,4,2,台中市,台中市西屯區中工三路,,電梯大廈,2房1廳1衛 - 1室1陽台1廚房,,有對外窗;陽台,https://www.rakuya.com.tw/rent/rent_item?ehid=0c0a4a27791050e,805bfeca447ea181b57bc9ebd51995e2.jpeg,0.4798952281427644
3229,可租補❤運動套房✅小資首選❤精美裝潢❤採光,,5800,9.0,8.2,5,1,台中市,台中市北區進化路,,公寓,1房1衛,,有對外窗,https://www.rakuya.com.tw/rent/rent_item?ehid=016c91168393736,26df33e4729970afd749c17ac33349f8.jpeg,0.0
3230,✨全新完工✨租屋補助✨乾溼分離✨加賴約看✨,,6999,13.0,0.1,3,1,台中市,台中市太平區振武路,,透天厝,1房1衛,,有對外窗;陽台,https://www.rakuya.com.tw/rent/rent_item?ehid=08431929241697e,ea464cf59da066fb0a09ac67c1041bf3.jpeg,0.508428534040782
3231,一中教育大⭐獨曬窗⭐飲水子母⭐搶,,6099,9.0,0.0,2,1,台中市,台中市中區中山路,,透天厝,1房1衛,,有對外窗,https://www.rakuya.com.tw/rent/rent_item?ehid=05820f273759380,51d8fd912247f5d9cee00327664cb5f9.jpeg,0.0221618615452551
3232,秒殺逢甲小資首選✨超大坪數✨電梯管理員✨租屋補助,,7999,15.0,0.0,10,0,台中市,台中市西屯區福星路,,電梯大廈,開放式格局,,有對外窗;陽台,https://www.rakuya.com.tw/rent/rent_item?ehid=0e8cb5245383462,084a6db772801438fd0e7f3368ec1b92.jpeg,1.8621947526251679
3233,逢甲大學✨可凸窗曬✨小資首選✨租屋補助,,7999,12.0,0.0,6,0,台中市,台中市西屯區文華路,,華廈,開放式格局,,有對外窗,https://www.rakuya.com.tw/rent/rent_item?ehid=0f5c5d24496737b,0303f038658926069e4a99037c05f8ce.jpeg,1.945911841284852
3234,❤近興大❤可租屋補助❤固定機車位❤陽台獨洗❤子母車,,7799,10.0,0.0,5,0,台中市,台中市南區崇倫街,,電梯大廈,開放式格局,,陽台,https://www.rakuya.com.tw/rent/rent_item?ehid=01340028837695c,d91cb80b850ac409af3fc0275d021511.jpeg,0.5396807840174185
3235,最好的回憶就留在這✨可寵✨雙租補✨採光強✨汽車位,,13999,16.0,0.1,3,1,台中市,台中市南區復興路二段,,透天厝,1房1衛 - 1陽台,,有對外窗;陽台,https://www.rakuya.com.tw/rent/rent_item?ehid=021b6029206494b,20089c9380b394893274d1bd2378fb19.jpeg,0.5306825891157655
3236,❤️逢甲新光大遠百❤️全新一房一廳陽✔台獨洗機車位,,13999,15.0,0.2,1,1,台中市,台中市西屯區杏林路,,透天厝,1房1廳1衛 - 1陽台,,有對外窗,https://www.rakuya.com.tw/rent/rent_item?ehid=0cbbf529127403c,4f726cab7805f26fe1a27708d44fb205.jpeg,1.159852217292655
3237,全新兩房一廳雙陽台一廚✨乾溼分離✨可雙租補報稅✨,,25000,25.0,1.4,5,2,台中市,台中市西屯區西安街,,電梯大廈,2房1廳1衛 - 2陽台1廚房,,有對外窗;陽台,https://www.rakuya.com.tw/rent/rent_item?ehid=0e0e0e278752618,4a7f06ddde9653d011a8fa2bfa0c1915.jpeg,1.5225742098857988
3238,讚! ! ! 直接入住電梯美屋✨租屋補助✨陽台獨洗,,11500,13.0,0.0,2,0,台中市,台中市太平區太平五街,,電梯大廈,開放式格局,,有對外窗;陽台,https://www.rakuya.com.tw/rent/rent_item?ehid=0dd0c9274507364,e2a4939649a2b00d469a60107c8f1788.jpeg,0.20734612330397642
3239,✨免管理費✨可租補✨運動套房✅精美套房✨小陽台✨,,5500,8.0,13.3,5,1,台中市,台中市東區進德路,,公寓,1房1衛 - 1陽台,,有對外窗;陽台,https://www.rakuya.com.tw/rent/rent_item?ehid=0bde1016435848b,c7a7b63721aeb5761995382f96cdc1c4.jpeg,0.0
3240,親親戲院✔電梯✔短租❤子母車飲水機,,6999,11.0,2.4,3,1,台中市,台中市北區進化北路,,電梯大廈,1房1衛,,有對外窗,https://www.rakuya.com.tw/rent/rent_item?ehid=01bb8d198512475,080d786e5c6bfb4441e6089909f1818f.jpeg,0.0
3241,整棟出租✨近五權車站✨可租補✨可戶籍✨可竉✨環境優,,18999,60.0,0.1,3,4,台中市,台中市南區建國南路三段,,透天厝,4房2廳2衛,,有對外窗;陽台,https://www.rakuya.com.tw/rent/rent_item?ehid=0f446629226658e,f24a3997639223d24fd60e69c8512f8f.jpeg,0.9498420937049639
3242,❤️太平首選❤️獨立陽台|租屋補助|衛浴窗,,6900,9.0,0.1,3,1,台中市,台中市太平區太平路,,電梯大廈,1房1衛 - 1陽台,,有對外窗;陽台,https://www.rakuya.com.tw/rent/rent_item?ehid=0e300f291498368,88bc574d678b4c1566243166c513b6d5.jpeg,0.15175492064877188
3243,南區電梯套房❤️台水台電❤️子母車陽台,,6499,7.0,0.0,2,1,台中市,台中市南區信義南街,,電梯大廈,1房1廳1衛 - 1陽台,,有對外窗;陽台,https://www.rakuya.com.tw/rent/rent_item?ehid=09dff4277631893,4dab982c92020dc9fdd135a2fc973912.jpeg,0.726673892615946
3244,✨獨立套房✨✨勤益科大✨中台科技✨,,6999,15.0,1.6,3,0,台中市,台中市太平區市民大道,,透天厝,開放式格局,,有對外窗;陽台,https://www.rakuya.com.tw/rent/rent_item?ehid=04a065271627886,46f825aecb4b1a9cdc302ed535a14109.jpeg,0.3123203851964804
3245,可短租♥電梯陽台獨洗♥流理臺♥中科大♥台體♥中國醫,,8999,9.0,1.7,5,1,台中市,台中市北區進化路,,透天厝,1房1衛 - 1陽台,,有對外窗;陽台,https://www.rakuya.com.tw/rent/rent_item?ehid=07a964265455584,5f170638e374fa2a64cdc8bf93c73470.jpeg,0.0
3246,秒殺逢甲❤獨洗曬陽台❤精美套房❤機車位❤子母車,,6699,10.0,7.5,5,1,台中市,台中市西屯區福上巷,,公寓,1房1衛 - 1陽台,,有對外窗;陽台,https://www.rakuya.com.tw/rent/rent_item?ehid=0849ce19179222f,67afd3459f1dd05ced09ec626f528139.jpeg,1.7462967497241153
3247,✨電梯可寵✨租屋補助✨陽台獨洗✨加賴約看✨,,11799,15.0,0.1,2,1,台中市,台中市西屯區漢成街,,電梯大廈,1房1衛 - 1陽台,,有對外窗;陽台,https://www.rakuya.com.tw/rent/rent_item?ehid=02bcbf29314439f,9736b00bad31779170e02a28b5956f4c.jpeg,0.9507630212121739
3248,⭐可貓咪⭐電梯美屋⭐雙租屋補助⭐獨洗凸窗⭐加賴⭐,,5499,12.0,0.0,4,1,台中市,台中市西屯區工業區三十八路,,電梯大廈,1房1衛,,有對外窗,https://www.rakuya.com.tw/rent/rent_item?ehid=0c596b28481922c,0aeac630ac6c129e3a9245356d351d68.jpeg,0.32284771303784265
3249,一中✨低總價✔CP秒殺半年,,3499,8.5,0.0,3,1,台中市,台中市東區富台街,,透天厝,1房1衛,,,https://www.rakuya.com.tw/rent/rent_item?ehid=0f8de922812213f,96a8628e015eb69995ddf95eab4b07b5.jpeg,0.0
3250,一中商圈✨可租補可貓咪✨獨洗獨曬✨小資舒適✨子母車,,7499,10.0,0.1,3,1,台中市,台中市北區育才街,,透天厝,1房1衛,,有對外窗,https://www.rakuya.com.tw/rent/rent_item?ehid=06b43b29333361f,a9431b95d2d5f9393d9b81096b13453d.jpeg,1.1904766056234728
3251,水湳逢甲/全新未住/可貓/單租補衛浴乾濕分離,,11500,12.0,0.1,3,0,台中市,台中市北屯區陳平路,,透天厝,開放式格局,,有對外窗,https://www.rakuya.com.tw/rent/rent_item?ehid=03e591291087207,13584c0e01300d69af694447acac1081.jpeg,0.2797216569100814
3252,整棟全新⏳可租補⏳陽台獨洗⏳衛浴開窗⏳機車位子母車,,7499,16.0,0.1,5,1,台中市,台中市北屯區僑孝街,,電梯大廈,1房1廳1衛 - 1陽台,,有對外窗;陽台,https://www.rakuya.com.tw/rent/rent_item?ehid=0d6e07293467763,fdf5577b0eb849193ac0cb9317a1a860.jpeg,1.0762649347296047
3253,秒殺大二房⏳可租補⏳台水電⏳傢俱全配⏳電梯管理員,,16499,32.0,0.0,3,2,台中市,台中市西屯區西屯路二段上石北二巷/上石北二巷13號華廈,,電梯大廈,2房2廳2衛 - 2陽台1廚房,,有對外窗;陽台,https://www.rakuya.com.tw/rent/rent_item?ehid=0fa49529025716a,92f26754c77914647a9012567b69f091.jpeg,0.0
3254,全新可寵❤️雙租補❤️電梯❤️乾溼分攤❤️陽台獨洗,,7799,8.0,0.1,4,1,台中市,台中市太平區坪林路,,電梯大廈,1房1衛 - 1陽台,,,https://www.rakuya.com.tw/rent/rent_item?ehid=0906a228002437d,b29f3290f2471806c13ec10c83c4d53c.jpeg,0.15565745573177914
3255,✨很大間一房一廳✨台電租補|獨立陽台|逢甲東海,,14800,20.0,0.0,5,1,台中市,台中市西屯區西屯路三段,,電梯大廈,1房1廳1衛 - 1陽台,,有對外窗;陽台,https://www.rakuya.com.tw/rent/rent_item?ehid=0d795f28968262a,a5ecf25ba5329180e5f969b14159756e.jpeg,0.49313410572910893
3256,❤️東海中科❤️乾溼分離流理台網速300M車位可租,,12799,15.0,3.6,4,1,台中市,台中市西屯區工業區十六路,,電梯大廈,1房1衛,,有對外窗;有中庭,https://www.rakuya.com.tw/rent/rent_item?ehid=079bb925963515b,e7d73ad04067ce14982427324945b925.jpeg,0.40283678812281026
3257,L1A89）遠東廣場【超值1房1廳】一層一戶★陽台,,15000,25.0,20.0,6,1,新北市,新北市中和區中正路,,公寓,1房1廳1衛 - 1陽台,,,https://www.rakuya.com.tw/rent/rent_item?ehid=0fe944209700599,4bfb2ca082b9ece2c4b10c45a4b9be87.jpeg,0.3026415546626988
3258,超大空間✨極簡色調✨可租補✨陽台獨洗✨衛浴開窗,,9999,14.0,0.1,3,1,台中市,台中市東區練武路,,透天厝,1房1衛 - 1陽台,,有對外窗;陽台,https://www.rakuya.com.tw/rent/rent_item?ehid=0a01aa293429645,cd22eeea3d7db1967f339661319217c1.jpeg,1.465406261314195
3259,全新秒殺⭐雙人補助⭐陽台獨洗⭐子母車飲水機⭐近水湳,,12000,13.0,0.0,5,1,台中市,台中市北屯區后庄七街,,電梯大廈,1房1衛 - 1陽台,,有對外窗;陽台,https://www.rakuya.com.tw/rent/rent_item?ehid=0d73bf282903518,9d5a2c42dee123af786637d8fbf6101e.jpeg,0.23552352939085489
3260,✨近大潤發✨可租補✅台水台電✨子母車✨陽台獨洗曬,,6199,10.0,0.1,8,1,台中市,台中市北區忠太東路,,電梯大廈,1房1衛 - 1陽台,,有對外窗;陽台,https://www.rakuya.com.tw/rent/rent_item?ehid=0595d529342742d,c3f9fd759c7b8d6982ad89f3d479b971.jpeg,0.0
3261,電梯大空間／台水電／可租補可貓／陽台獨洗／商圈車站,,9999,16.0,0.1,5,1,台中市,台中市中區臺灣大道一段,,電梯大廈,1房1廳1衛 - 1陽台,,有對外窗;陽台,https://www.rakuya.com.tw/rent/rent_item?ehid=078e6b29341440a,eb65a08cfe9afc257eca5ceca145a4f6.jpeg,1.261601455636169
3262,台水電獨洗烘✨可寵雙租補短租✨首月租金優惠✨採光佳,,12499,12.0,0.0,6,1,台中市,台中市北區篤行路,,電梯大廈,1房1衛,,,https://www.rakuya.com.tw/rent/rent_item?ehid=044e2f287472069,ef3fc7aa4fb9b6e648bacc0c7bf6d0d6.jpeg,1.0752281836614832
3263,首月租金優惠✨台水台電✨可寵雙租補可短租✨獨洗烘,,12499,12.0,0.0,6,1,台中市,台中市北區篤行路,,電梯大廈,1房1衛,,,https://www.rakuya.com.tw/rent/rent_item?ehid=0e2010287472879,6f94d6e06d42ccaeb72a312d6e34cbb2.jpeg,1.0752281836614832
3264,❤️東海中科❤️共洗窗曬子母車機車位❤️汽車位可租,,5499,10.0,4.3,4,1,台中市,台中市龍井區遊園南路,,透天厝,1房1廳1衛,,有對外窗,https://www.rakuya.com.tw/rent/rent_item?ehid=01dc2327209128d,e2f53428e2cdc15e4083862c940b99d2.jpeg,0.18708062841596843
3265,✨勤益全新電梯套房✨可租補✨子母車✨機車位,,15500,16.0,0.1,5,1,台中市,台中市太平區中山路二段,,電梯大廈,1房1廳1衛 - 1室1陽台,,有對外窗;有中庭;陽台,https://www.rakuya.com.tw/rent/rent_item?ehid=0438f8288800787,72cae84dc46d9a20a6b1984b7d52d383.jpeg,0.2826186813451548
3266,獨立套房✨全新電梯✨近74道路✨✨獨曬,,9999,12.0,0.7,5,1,台中市,台中市太平區市民大道,,透天厝,1房1廳1衛 - 1陽台,,有對外窗;陽台,https://www.rakuya.com.tw/rent/rent_item?ehid=0b2aeb27117199a,f097a975c4d34836d9b736c39f15acde.jpeg,0.2992451049223695
3267,秒殺❤明亮可租補❤學生精美套房❤可短租❤子母車,,5199,8.0,6.5,2,1,台中市,台中市北區梅亭街,,透天厝,1房1衛,,有對外窗,https://www.rakuya.com.tw/rent/rent_item?ehid=001590233221648,728f0e7ec1e9510b4e2a706a9fe30aae.jpeg,1.4910853400778945
3268,短租半年✨可貓可狗✨可租補✨大空間✨,,4799,8.0,0.2,6,1,台中市,台中市北屯區東山路一段,,公寓,1房1衛,,有對外窗,https://www.rakuya.com.tw/rent/rent_item?ehid=0472b329149856d,ba1988c94c3b91934f0b2a9376bf4b77.jpeg,0.6873405446114371
3269,可寵⭐可短租⭐陽台獨洗⭐公益精誠,,6799,11.0,0.1,5,1,台中市,台中市西區精忠街,,透天厝,1房1衛 - 1陽台,,有對外窗,https://www.rakuya.com.tw/rent/rent_item?ehid=0a952028700946c,fad41254d5ae26bc304ca1d23e910457.jpeg,0.06976675927959702
3271,✨西區美套房✨獨洗獨曬✨運動套房✨大空間✨,,7500,12.0,10.2,6,1,台中市,台中市西區中美街,,公寓,1房1衛,,有對外窗,https://www.rakuya.com.tw/rent/rent_item?ehid=026e1918107810b,21b50257ece4bb4afb55ba043e2426a0.jpeg,1.7820848298498775
3272,近中國醫✨租屋補助✨木質地板✨採光佳✨,,4999,9.0,0.1,5,1,台中市,台中市北區大德街,,公寓,1房1衛,,有對外窗,https://www.rakuya.com.tw/rent/rent_item?ehid=0d2ce2292125153,09ac055a9ae672caa1b7bdc145860678.jpeg,1.1273860808561513
3273,全新秒殺✅可補助✅陽台獨洗✅飲水機✅限一人✅近捷運,,11000,12.0,0.0,3,1,台中市,台中市南屯區大墩路,,電梯大廈,1房1衛 - 1陽台,,有對外窗;陽台,https://www.rakuya.com.tw/rent/rent_item?ehid=0d66f6282727311,e7c93f1bdd779bb7ce2839ea09c23ec8.jpeg,1.3488391242224504
3274,太平整棟全新✨雙租補❗屋內大採光✨陽台獨洗曬✨,,7999,10.0,0.1,3,1,台中市,台中市太平區光興路,,電梯大廈,1房1衛 - 1陽台,,有對外窗;陽台,https://www.rakuya.com.tw/rent/rent_item?ehid=08eb7a292430702,a5284365633fc81f457456045114e466.jpeg,0.08269614855407818
3275,北屯⛅台水電⛅可租補雙租補⛅陽台獨洗⛅崇德捷運北平,,14999,12.0,3.1,3,1,台中市,台中市北屯區天津路四段/總統閣廈,,電梯大廈,1房1衛 - 1陽台,,有對外窗;陽台,https://www.rakuya.com.tw/rent/rent_item?ehid=02c892291031916,fa5d7ee73af4212b329923651094ad2d.jpeg,2.079609060894215
3276,東海✔台水電✨機車好停✨專屬洗衣機,,4499,12.0,1.9,1,1,台中市,台中市龍井區新興路,,透天厝,1房1衛,,有對外窗,https://www.rakuya.com.tw/rent/rent_item?ehid=039df3216002217,1d8b3ebc4f2204ae4efb20a9496ffad1.jpeg,0.38379625520962707
3277,中興大✨小資首選電梯✨超大坪數✨採光好,,6999,13.0,0.0,5,0,台中市,台中市南區南和路,,電梯大廈,開放式格局,,有對外窗,https://www.rakuya.com.tw/rent/rent_item?ehid=0ab44b278157827,bcbb5d813bbc373c6077c899ebc69ddd.jpeg,0.006225655518866719
3278,秋紅谷❤獨洗獨曬❤機車位❤可租屋補助❤子母車,,7299,10.0,0.1,2,1,台中市,台中市西屯區台灣大道三段,,透天厝,1房1廳1衛,,有對外窗,https://www.rakuya.com.tw/rent/rent_item?ehid=0ed74226594019b,918a5f6cb19a0496ec785a7ed151a9f3.jpeg,1.1603237143720473
3279,類一房一廳✨陽台獨洗✨系統裝潢流理台✨可租補機車位,,15999,18.0,0.0,4,1,台中市,台中市西屯區西屯路二段,,透天厝,1房1衛 - 1陽台,,,https://www.rakuya.com.tw/rent/rent_item?ehid=038075288665778,3007ac0e16212ecee661ac20ead5ad36.jpeg,0.9399634068874508
3280,龍井一路發，電梯二房二廳，全新裝潢、家電出租！,,18000,19.13,27.2,3,2,台中市,台中市龍井區竹師路二段/龍井一路發,,電梯大廈,2房2廳1衛 - 1陽台1廚房,,有對外窗;有中庭;陽台,https://www.rakuya.com.tw/rent/rent_item?ehid=0a952328815030d,bc819820f9e962aae7b9e2a918abbf1d.jpeg,0.05391223216564189
3281,獨曬窗♥衛浴開窗♥逢甲澄清中科♥近新光遠百♥老虎成,,7500,8.5,15.6,4,1,台中市,台中市西屯區黎明路三段,,透天厝,1房1衛,,有對外窗,https://www.rakuya.com.tw/rent/rent_item?ehid=0b0b90270807631,071b7a8384c511097cf33696a720fe11.jpeg,1.0103968261619976
3282,秒殺勤益❤獨洗曬陽台❤電梯精美套房❤機車位❤可租補,,6499,10.0,1.9,2,1,台中市,台中市太平區中山路二段,,電梯大廈,1房1衛 - 1陽台,,有對外窗;陽台,https://www.rakuya.com.tw/rent/rent_item?ehid=0749d725526703f,2dbf1e2ccdac0e2f89046c5d51fa79f4.jpeg,0.31307708053626493
3283,親親戲院✔可貓✔租補❤洗衣機✨短租,,6199,12.3,0.0,2,1,台中市,台中市北區進化北路,,透天厝,1房1衛,,有對外窗,https://www.rakuya.com.tw/rent/rent_item?ehid=0f1e09224548639,33cb6bb58fe1193e145a1d83fbb33267.jpeg,0.0
3284,可貓狗⭐獨洗曬⭐流理台⭐小資價,,5499,8.9,0.0,2,1,台中市,台中市南區和昌街,,透天厝,1房1衛,,為邊間,https://www.rakuya.com.tw/rent/rent_item?ehid=0d4082284078780,a4013e9b5b1fce4afbc05bf646ae30d5.jpeg,0.6510405868875702
3285,秒殺近興大✨電梯小資首選✨陽台獨洗✨,,6999,11.0,0.0,3,0,台中市,台中市南區台中路,,透天厝,開放式格局,,有對外窗;陽台,https://www.rakuya.com.tw/rent/rent_item?ehid=06bde7251489005,28b81a3989072e9817bfa8d5df6cd4f4.jpeg,0.04980524415093375
3286,勤美草悟｜LaOne｜正1房1廳｜平面車位,,28000,25.0,14.0,7,1,台中市,台中市西區英才路/勝美La one,,電梯大廈,1房1廳1衛 - 1陽台1廚房,,有對外窗;陽台,https://www.rakuya.com.tw/rent/rent_item?ehid=0df852287819090,172e209dc5c04ade0ecca1068ebafa2d.jpeg,1.3004303683669018
3287,太平樓中樓✅超大空間獨洗獨曬✅電梯管理員,,11999,14.0,0.0,1,1,台中市,台中市太平區中山路二段,,電梯大廈,1房1廳1衛 - 1陽台,,有對外窗;樓中樓;陽台,https://www.rakuya.com.tw/rent/rent_item?ehid=06611828721425c,8e908f7aa161a54471ae5568ed0cbb38.jpeg,0.2910008830497828
3288,忠孝夜市走路到⭐可租補⭐獨洗超省⭐吃吃喝喝真方便⭐,,5099,8.0,2.6,2,1,台中市,台中市南區忠孝路,,透天厝,1房1廳1衛,,,https://www.rakuya.com.tw/rent/rent_item?ehid=067a3e291471488,3ede4d636a13c9d0f42f7af59e6b95d9.jpeg,0.0
3289,可短租補助/台體大/木質地板/便宜啦/獨洗,,4999,11.0,0.1,5,1,台中市,台中市北區健行路,,電梯大廈,1房1衛,,,https://www.rakuya.com.tw/rent/rent_item?ehid=0fb77b202243156,ff258317b83fb6f67d39683cea5b6610.jpeg,0.9055874756973116
3290,三房⚡台水電⚡可租補⚡陽台獨洗⚡全新整理⚡,,25000,20.0,0.1,4,3,台中市,台中市西區中美街,,公寓,3房2廳1衛 - 1陽台,,有對外窗;陽台,https://www.rakuya.com.tw/rent/rent_item?ehid=043bdc285351405,a6220af4dcc89aff1fa72e8689cd8428.jpeg,1.5530615615560681
3291,水湳✨可貓可短租✨機車位,,6799,11.0,0.1,6,1,台中市,台中市北屯區大連路一段,,公寓,1房1廳1衛,,有對外窗,https://www.rakuya.com.tw/rent/rent_item?ehid=056bc1221996014,19324600c0379d12e0a14404da64f2f5.jpeg,1.2672559110935757
3292,超秒❤️可貓❤️雙租補❤️台水台電❤️附一個機車位,,10999,12.0,0.0,3,1,台中市,台中市太平區振福路,,透天厝,1房1廳1衛 - 1陽台,,有對外窗;陽台,https://www.rakuya.com.tw/rent/rent_item?ehid=06a187277612823,e99019480a8104bebffa4ed81ac79ac6.jpeg,0.5957763659300795
3293,西屯超佛套房@獨洗曬@近逢甲,,5500,10.0,0.0,4,1,台中市,台中市西屯區西屯路二段,,透天厝,1房1衛 - 1陽台,,有對外窗;陽台,https://www.rakuya.com.tw/rent/rent_item?ehid=0de99c286362915,c200a12996df3e8cad4b5e518a924914.jpeg,1.0668697916342351
3294,可多人租補⚡24管理員⚡平車⚡近勤益科大,,20500,25.0,0.0,4,2,台中市,台中市太平區環中東路三段/陞霖執美,,電梯大廈,2房1廳1衛 - 1陽台1廚房,,有對外窗;有中庭;陽台,https://www.rakuya.com.tw/rent/rent_item?ehid=061c0f287614414,c81d485f1731432dd48c3bea4512002c.jpeg,0.5799929244886393
3295,小資可貓✨採光良好✨短租首選✨洗衣自理✨IG搶先看,,4999,11.0,0.0,4,1,台中市,台中市西區法院前街,,公寓,1房1衛,,有對外窗,https://www.rakuya.com.tw/rent/rent_item?ehid=03684029324758e,9c1ce954fc22761c6a641281342f38e7.jpeg,1.3394471862763104
3296,逢甲✔電梯管理員✔子母車❤可租補,,7499,10.3,0.0,10,1,台中市,台中市西屯區福星路,,電梯大廈,1房1衛,,有對外窗,https://www.rakuya.com.tw/rent/rent_item?ehid=0d711224017186a,c4d6e75d306b0f464f372bdf7a2629f3.jpeg,1.8767755649586988
3297,可雙租補✅台水電✅近逢甲✅獨洗窗曬爬梯,,7999,10.0,0.0,5,1,台中市,台中市西屯區西安街,,公寓,1房1衛,,有對外窗,https://www.rakuya.com.tw/rent/rent_item?ehid=05f802281257885,b4f7f7c89c6fba3788934c2515efbf8f.jpeg,1.733556299318824
3298,可租補✨可寵物❤電梯套房✅近一中街✨採光佳❤,,5500,8.0,5.1,2,1,台中市,台中市東區富台街,,電梯大廈,1房1衛,,有對外窗,https://www.rakuya.com.tw/rent/rent_item?ehid=07831f153135932,bc9b14c09af13a44d5bbdecaf1e9a860.jpeg,0.0
3299,三房一廳❤️雙陽台獨洗曬❤️台水台電❤️可寵,,31999,30.0,0.1,14,3,台中市,台中市太平區環中東路三段,,電梯大廈,3房1廳2衛 - 2陽台1廚房,,有對外窗;陽台,https://www.rakuya.com.tw/rent/rent_item?ehid=03d2cd29206329f,0549ccfc0de34b9cd92660e261635aae.jpeg,0.5528584962394198
3300,秒殺全新整理✨陽台獨洗✨雙租屋補助✨可短租✨可貓,,9999,14.0,0.1,2,1,台中市,台中市西區大隆路,,透天厝,1房1衛 - 1陽台,,,https://www.rakuya.com.tw/rent/rent_item?ehid=06b2af29100101c,9a83cd833c7ed6c4f5ab3ad9df77c575.jpeg,1.4803188080711236
3301,✨小資首選✨獨洗獨曬✨床墊換新✨租屋補助✨秒殺套房,,6499,13.0,0.0,2,1,台中市,台中市北區瑞祥街,,透天厝,1房1衛,,,https://www.rakuya.com.tw/rent/rent_item?ehid=0c955c28703663e,b2dd08ba3dc3ffba341f27709228f90a.jpeg,0.8104403355687928
3302,東海中科⭐台水電⭐陽台獨洗⭐租屋補助,,5999,9.0,0.1,1,1,台中市,台中市龍井區遠東街,,透天厝,1房1衛 - 1陽台,,有對外窗,https://www.rakuya.com.tw/rent/rent_item?ehid=03f5e9286266263,caeba0756755b6a0139c30f6251aa41d.jpeg,0.3595475079774165
3303,勤益科大✨太平最最最秒殺❗騎樓停車位✨乾溼分離✨,,5299,10.0,0.1,4,1,台中市,台中市太平區中山路二段,,透天厝,1房1衛,,有對外窗,https://www.rakuya.com.tw/rent/rent_item?ehid=091a9329146942b,a663ecc94f7b4007195bc8c8ca8f5e7a.jpeg,0.32113080654859766
3304,電梯兩房◕可補助◕陽台獨洗◕中國醫逢甲水湳,,18000,20.0,0.0,5,2,台中市,台中市西屯區大鵬路,,透天厝,2房1廳1衛 - 2陽台,,有對外窗;陽台,https://www.rakuya.com.tw/rent/rent_item?ehid=03376713145046d,ea97faa59131fc58e8179280bb58a9c8.jpeg,0.6906342844667573
3305,❤️✨租補✨陽台獨洗✨獨立機車位♥️台水電,,7599,10.0,0.0,4,1,台中市,台中市西屯區華夏巷西五弄,,電梯大廈,1房1衛 - 1陽台,,陽台,https://www.rakuya.com.tw/rent/rent_item?ehid=03bac7281840322,11018a869e4bbb74b4e2deef83a6ba24.jpeg,1.933348331042185
3306,瑞安大廈｜質感新屋｜二房平車｜視野戶,,26000,38.33,1.2,12,2,台中市,台中市中區民族路/巨陽瑞安,,電梯大廈,2房1廳1衛 - 2陽台1廚房,,有對外窗;為邊間;陽台,https://www.rakuya.com.tw/rent/rent_item?ehid=082a1924699492d,e4fde4451f6aaea624bfa2a8df9ff749.jpeg,1.4277622575199422
3307,秒殺近逢甲電梯✨採光陽台✨小資首選✨好美,,5799,13.0,0.0,3,0,台中市,台中市西屯區福星路,,華廈,開放式格局,,有對外窗;陽台,https://www.rakuya.com.tw/rent/rent_item?ehid=066dbc246877337,3798cb6deef10b534957773bd1e04b6b.jpeg,1.9370168526496974
3308,中興大學✨陽台採光好✔可租補,,5600,10.0,0.0,5,1,台中市,台中市南區仁和路,,公寓,1房1衛 - 1陽台,,有對外窗,https://www.rakuya.com.tw/rent/rent_item?ehid=0354b5278190152,b2ad4583387464b60930d08d362b1f64.jpeg,0.20692030382742516
3309,電梯✨超大空間✅可租補❤️陽台可獨洗✨子母車,,8999,16.0,0.1,4,1,台中市,台中市太平區中山路二段,,電梯大廈,1房1廳1衛 - 1陽台,,有對外窗;陽台,https://www.rakuya.com.tw/rent/rent_item?ehid=0828d929108214d,a4511e51a7355e16155a7cebaeb74fc9.jpeg,0.3009869218781037
3310,可租補、戶籍♥電梯陽台獨洗♥平面車位♥北屯好市多,,7999,15.0,3.9,6,1,台中市,台中市北屯區松竹路一段,,電梯大廈,1房1廳1衛 - 1陽台,,有對外窗;陽台,https://www.rakuya.com.tw/rent/rent_item?ehid=0e4501257606940,facc86d302dcfc915993eb5f608a1bea.jpeg,0.43798330530493257
3311,曉明女中✔可租補短租✔飲水機子母車,,6499,8.0,0.1,2,1,台中市,台中市北區漢口路四段,,透天厝,1房1衛,,有對外窗,https://www.rakuya.com.tw/rent/rent_item?ehid=0e0ce624762776b,d2a1aa8012b3f2accfac371f3928d3ef.jpeg,1.670093456372383
3312,文心中清✨可雙租補✨陽台獨洗✨全部全新✨電梯透天,,11499,13.0,0.1,5,1,台中市,台中市北屯區華美西街二段,,華廈,1房1衛 - 1陽台,,有對外窗;陽台,https://www.rakuya.com.tw/rent/rent_item?ehid=0cde08293426468,586b3c70b402c11c483a21ccfddfd387.jpeg,0.8430856724663461
3313,整棟全新⏳質感二房⏳可租補報稅⏳陽台獨洗⏳子母車,,18000,26.0,0.1,2,2,台中市,台中市北屯區水湳路,,電梯大廈,2房1廳1衛 - 2陽台,,有對外窗;陽台,https://www.rakuya.com.tw/rent/rent_item?ehid=09bcad293087215,e8d7cee0f49aa811a291d6849934d964.jpeg,0.9192965105486177
3314,西屯秒殺兩房一廳@可貓貓@可租補@平車位,,23000,25.0,0.2,11,2,台中市,台中市西屯區青海南街/達麗大道,,電梯大廈,2房1廳1衛 - 1陽台1廚房,,有對外窗;有中庭;陽台,https://www.rakuya.com.tw/rent/rent_item?ehid=03c42b28986511e,a302d740449e457bf946d75a8d2cd336.jpeg,0.7229480152639844
3315,逢甲✨共洗共曬✨採光佳✨小資首選✨子母車,,6499,10.0,0.0,3,1,台中市,台中市西屯區逢甲路,,透天厝,1房1衛,,有對外窗;陽台,https://www.rakuya.com.tw/rent/rent_item?ehid=0119be289198423,c173688b8b8a9ac7486b4067393ef10c.jpeg,1.6742817785200255
3316,❤近中醫❤獨洗陽台❤可租屋補助❤可貓咪❤,,4499,10.0,3.8,5,1,台中市,台中市北區五常街,,公寓,1房1衛 - 1陽台,,有對外窗;陽台,https://www.rakuya.com.tw/rent/rent_item?ehid=0d164715112970e,095eb5e8f40caa34ef087fe9835026e7.jpeg,0.0
3317,近捷運/超新屋/可短租半年/報稅雙租補,,10500,11.5,0.0,3,0,台中市,台中市北屯區遼陽四街,,透天厝,開放式格局,,有對外窗;陽台,https://www.rakuya.com.tw/rent/rent_item?ehid=09dee329070181f,ae7d6eabc3a1df80c2d5aefcf26e6b5d.jpeg,2.580917244576586
3318,水湳逢甲/2房合租首選超新屋/機車位/報稅/雙租補,,18000,20.0,0.0,3,2,台中市,台中市北屯區水湳路,,透天厝,2房1廳1衛 - 2陽台,,有對外窗;陽台,https://www.rakuya.com.tw/rent/rent_item?ehid=09555e290674259,23e1dba79b034cd20835ff279dfcabbb.jpeg,0.9192965105486177
3319,豪宅住店☆台水電☆營登☆停車場多車位☆可裝潢裝電梯,,250000,99.0,1.4,4,6,台中市,台中市西屯區何厝街,,別墅,6房2廳5衛,,有對外窗;陽台,https://www.rakuya.com.tw/rent/rent_item?ehid=09f438279411784,ae05f8e79cc432bb0dfb0dd425135645.jpeg,0.8115027091928528
3320,✨電梯美屋✨租屋補助✨陽台獨洗✨台水台電✨加賴約看,,6199,13.0,0.1,8,1,台中市,台中市北區忠太東路,,電梯大廈,1房1衛 - 1陽台,,有對外窗;陽台,https://www.rakuya.com.tw/rent/rent_item?ehid=042f3c29345586d,421eb25aecbc9ed2d27a3a43f6b7db07.jpeg,0.0
3321,✅捷運台水電✅三房二衛平車✅超新裝潢家具✅高樓層,,26999,46.0,0.1,11,3,台中市,台中市北屯區南興北一路,,電梯大廈,3房2廳2衛 - 1陽台1廚房,,,https://www.rakuya.com.tw/rent/rent_item?ehid=0a25b9291311001,30f412d9d167be53cefa91a7d50c4c7e.jpeg,0.3174821951865135
3322,電梯✨可租補✨流理臺✨陽台獨洗曬✨系統櫃✨衛浴開窗,,12999,14.0,0.1,7,1,台中市,台中市南屯區黎明路二段,,透天厝,1房1衛 - 1陽台,,有對外窗,https://www.rakuya.com.tw/rent/rent_item?ehid=0b48b0292305562,38190dcf424392d55b622cdc357c84c2.jpeg,0.5699117840579419
3323,北區一中⛅可租補雙租補⛅智能家電雙門冰箱⛅精緻套房,,9999,10.0,2.2,3,1,台中市,台中市北區太平路,,透天厝,1房1衛,,有對外窗,https://www.rakuya.com.tw/rent/rent_item?ehid=02826c28910915f,f5ec27d8eb023ae79bbdc687e05f746e.jpeg,1.2963973980690027
3324,逢甲✔一房一廳✔陽台洗衣機✔機車位,,11999,13.0,0.0,5,1,台中市,台中市西屯區河南路二段,,透天厝,1房1衛 - 1陽台,,有對外窗,https://www.rakuya.com.tw/rent/rent_item?ehid=05a4a7286913596,1f1053e54f9c8d0e1ff47c9f32a33532.jpeg,1.2477027828422125
3325,近捷運/超新屋/可短租半年/報稅雙租補/報稅,,11999,12.0,0.0,7,0,台中市,台中市北屯區遼陽四街,,透天厝,開放式格局,,有對外窗;陽台,https://www.rakuya.com.tw/rent/rent_item?ehid=05809229070605e,6cd339858b3008e56ab2a6e297f3e6b7.jpeg,2.5411481794079696
3326,可租補獨洗流理台✨東海正一房一廳✨室內機車位,,12500,14.0,0.1,3,1,台中市,台中市龍井區新興路,,透天厝,1房1廳1衛 - 1陽台,,有對外窗;陽台,https://www.rakuya.com.tw/rent/rent_item?ehid=0464c229127153a,cf60cd4ada0e48958fb2c43be0b3d636.jpeg,0.33903279090035277
3327,東海中科全新❤️陽台獨洗❤️分離式冷氣可租補,,8999,10.0,1.3,7,1,台中市,台中市西屯區順和七街,,電梯大廈,1房1衛 - 1陽台,,有對外窗,https://www.rakuya.com.tw/rent/rent_item?ehid=0768e8283336289,677edc24640e526b84d86b02696b4b6b.jpeg,0.30602014799646665
3328,勤益區電梯獨立套房。可租補。可獨洗。,,13500,12.0,0.7,5,0,台中市,台中市太平區中山路二段,,電梯大廈,開放式格局,,,https://www.rakuya.com.tw/rent/rent_item?ehid=0a7b5828749582e,74bfbffa3aa46299084a60da2fe5bae3.jpeg,0.28708541666343423
3329,可貓咪✨木地板✨陽台獨洗✨採光佳✨大空間✨,,7500,11.0,7.6,3,1,台中市,台中市北屯區四平路,,公寓,1房1衛 - 1陽台,,有對外窗;陽台,https://www.rakuya.com.tw/rent/rent_item?ehid=0294ad22236918b,dfea8d5317ae3d1b06f929800ba6f496.jpeg,0.0
3330,全新裝潢❤️電梯小資族套房❤️雙租補❤️近中興大學,,7999,8.0,0.1,8,1,台中市,台中市南區學府路,,電梯大廈,1房1衛,,,https://www.rakuya.com.tw/rent/rent_item?ehid=0e80d9292065822,d34d914ceacbe47fdfbde0545d1cbc71.jpeg,0.0
3331,可貓可狗✨雙租屋補助✨採光佳✨子母車✨家具會補,,7499,11.0,0.0,3,1,台中市,台中市南屯區大昌街,,電梯大廈,1房1衛,,有對外窗,https://www.rakuya.com.tw/rent/rent_item?ehid=0763b4289285584,c1389dda7b036c19bc0fb96aaee47811.jpeg,1.4219867493272598
3332,【秒殺正廣】@電梯可貓@可租屋補助@陽台獨洗機車位,,7500,8.0,0.0,2,0,台中市,台中市西屯區順和三街,,透天厝,開放式格局,,有對外窗;陽台,https://www.rakuya.com.tw/rent/rent_item?ehid=0c1d4025449049b,71fdd21550a66e7455f260d30a3271aa.jpeg,0.3549764816964248
3333,拎包入住✨西屯小資秒殺套房❗逢甲公園✨近逢甲夜市✨,,5499,8.0,0.1,1,1,台中市,台中市西屯區西屯路二段,,透天厝,1房1衛,,有對外窗,https://www.rakuya.com.tw/rent/rent_item?ehid=0a961f291324450,cc3fca6c420d5e5be8a36713ef2c0e51.jpeg,1.0668940980522086
3334,全新未住♥️多戶可選✨雙租補✨陽台獨洗✨採光佳✨,,7999,11.0,0.1,3,1,台中市,台中市太平區光興路,,電梯大廈,1房1衛 - 1陽台,,,https://www.rakuya.com.tw/rent/rent_item?ehid=029bd8291593877,5ccad6880cd1e524581b53ff40b3d6ff.jpeg,0.08269614855407818
3335,✨超美套房✨可貓✨可租補✨陽台獨洗曬✨流理臺,,12799,12.0,0.1,3,1,台中市,台中市西區日新街,,透天厝,1房1衛 - 1陽台,,有對外窗;陽台,https://www.rakuya.com.tw/rent/rent_item?ehid=004d14293231022,2cea45b35c2710bc7f21e0bd30ac8da9.jpeg,1.099348357035391
3336,可租補⚡全新⚡學生最愛⚡逢甲商圈,,6999,10.0,0.0,5,1,台中市,台中市西屯區光明路,,電梯大廈,1房1衛,,有對外窗,https://www.rakuya.com.tw/rent/rent_item?ehid=07223c28361993f,ab8fdff6aff26a5c16b4b9513321581a.jpeg,1.2918235201648443
3337,整棟超新✨陽台獨洗小資首選✨近逢甲文心櫻花,,6999,10.0,0.0,3,1,台中市,台中市西屯區櫻城五街,,電梯大廈,1房1衛 - 1陽台,,有對外窗,https://www.rakuya.com.tw/rent/rent_item?ehid=05b21329341597b,9df45d9e297a9cf3a02453efaf5d5088.jpeg,1.641497838474525
3338,近中臺科大✨可短租✨含車位✨電梯套房✨,,11500,10.0,0.0,6,1,台中市,台中市北屯區祥順路二段,,華廈,1房1衛 - 1陽台,,有對外窗;陽台,https://www.rakuya.com.tw/rent/rent_item?ehid=0cc589290399849,77fedc3b57c140a10bc131a32d7d8caa.jpeg,0.24646803336133044
3339,走路到勤益⭐我最方便⭐可租補⭐整棟超新⭐機車位*1,,7299,12.0,0.1,4,1,台中市,台中市太平區中山路二段,,透天厝,1房1廳1衛 - 1陽台,,陽台,https://www.rakuya.com.tw/rent/rent_item?ehid=0fabce29221720c,b506f0ab138b54817bb3692201081f7a.jpeg,0.3086626250865143
3340,近中興大學⭐快搶免仲⭐可租補⭐獨洗共曬⭐限時優惠,,4999,10.0,0.0,3,1,台中市,台中市南區台中路,,透天厝,1房1廳1衛,,,https://www.rakuya.com.tw/rent/rent_item?ehid=0b2d6329203935a,faacc96588f051b22db577f3160bf75d.jpeg,0.051933331939630775
3341,✨精美套房❤小資福音❤中台醫學生首選❤可寵,,5799,8.0,4.8,1,1,台中市,台中市北屯區東山路二段中興巷,,透天厝,1房1衛 - 1室,,有對外窗,https://www.rakuya.com.tw/rent/rent_item?ehid=0035b718646200d,81363877c22ff9907a580f18e52dfc47.jpeg,0.19858670583634508
3342,免管理費✨可租補✨電梯管理員✨木地板✨,,8500,9.0,7.7,3,1,台中市,台中市北屯區北平路三段,,電梯大廈,1房1衛,,有對外窗,https://www.rakuya.com.tw/rent/rent_item?ehid=00f768226125514,5222a20fc5589bcda506e9e0b883c2b7.jpeg,2.4963029026696164
3343,✨可租補✨近東海工業區✨獨洗曬✨飲水機✨子母車✨,,8999,12.0,0.0,3,1,台中市,台中市西屯區順和七街,,電梯大廈,1房1衛 - 1陽台,,,https://www.rakuya.com.tw/rent/rent_item?ehid=0f2667287534866,d0884eb51332b7d725a134de0a34b368.jpeg,0.30602014799646665
3344,備食材完全可宅在家裡夢想街廚房樓中樓電梯套房可租補,,13500,9.0,0.1,4,1,台中市,台中市龍井區臺灣大道五段/東海夢想街2,,華廈,1房1廳1衛 - 1廚房,,有對外窗;樓中樓,https://www.rakuya.com.tw/rent/rent_item?ehid=0440b427354668c,a16418d32d45c787b142f81e3f7de63a.jpeg,0.27652374581628447
3345,兩房一廳✨可租補✨家具全配✨機車好停✨陽台獨洗,,19999,18.0,0.1,1,2,台中市,台中市北區中清路一段,,透天厝,2房1廳1衛 - 1陽台,,,https://www.rakuya.com.tw/rent/rent_item?ehid=07874129145349c,b899b77b0944bdc7ce0e16a69519e36d.jpeg,1.0620823703162474
3346,✨超夯乾淨美屋✨台電計費✨可租補✨近中友百貨✨速洽,,5999,10.0,0.0,4,1,台中市,台中市北區天祥街,,公寓,1房1衛,,有對外窗,https://www.rakuya.com.tw/rent/rent_item?ehid=0be092288784941,d95b7ca18dc8b724cff75f919c9d79c4.jpeg,0.6207481975963045
3347,✨秒殺物件✨陽台獨洗✨絕美採光✨住戶單純✨秒殺套房,,8499,15.0,0.0,7,1,台中市,台中市北區陜西路,,電梯大廈,1房1衛 - 1陽台,,,https://www.rakuya.com.tw/rent/rent_item?ehid=0bfcb529017468a,1f25661e896d5df97012da4785c782ca.jpeg,0.0
3348,長安醫院旁⭐錯過可惜⭐全新電梯⭐陽台獨曬⭐子母車,,6599,10.0,2.4,3,1,台中市,台中市太平區東村八街,,電梯大廈,1房1廳1衛 - 1陽台,,有對外窗,https://www.rakuya.com.tw/rent/rent_item?ehid=09925129146766d,05544efd2f89b6a099350bb24c307f9c.jpeg,0.2215646262346292
3349,秒殺逢甲❤獨曬❤電梯精美套房❤可貓寵❤子母車,,7499,10.0,4.7,5,1,台中市,台中市西屯區福星路,,電梯大廈,1房1衛 - 1室,,有對外窗,https://www.rakuya.com.tw/rent/rent_item?ehid=0dea15186501282,dbf400cdf2438a6fc7f4ebc33d5dd202.jpeg,1.8767755649586988
3350,幸福就是你❤️絕美樓中樓❤️有電梯❤️陽台獨洗,,15999,19.0,0.1,7,0,台中市,台中市北屯區南京東路三段,,透天厝,開放式格局,,有對外窗;陽台,https://www.rakuya.com.tw/rent/rent_item?ehid=086640293402851,fef70ce35366f501e92835b12284c537.jpeg,0.8627319445981012
3351,西區公益⛅可貓⛅可租補⛅機車位⛅西屯中清⛅,,6499,10.0,3.0,1,1,台中市,台中市西區篤行路,,透天厝,1房1衛,,有對外窗,https://www.rakuya.com.tw/rent/rent_item?ehid=03dbab291836418,93e1761210ac9a3e1511d086507b862b.jpeg,1.4512536241580707
3352,逢甲❤可租屋補助❤可貓咪❤共洗共曬❤機車位❤子母車,,4999,10.0,0.0,5,1,台中市,台中市西屯區福上巷,,電梯大廈,1房1廳1衛,,有對外窗,https://www.rakuya.com.tw/rent/rent_item?ehid=0f66ef274767302,a4835c2f76f98c0296c452a863ec7a28.jpeg,1.8111749513946231
3353,勤益秒殺✨小資最愛✨代收包裹✨機車好停✨IG搶先看,,5299,11.0,0.1,4,1,台中市,台中市太平區中山路二段,,透天厝,1房1衛,,有對外窗,https://www.rakuya.com.tw/rent/rent_item?ehid=0fcf7b291804531,920c982b52ef649160205a95316914ce.jpeg,0.32113080654859766
3354,走路到勤益⭐雙租補可貓寵⭐全新未住電梯⭐機車位1,,8799,13.0,0.0,3,1,台中市,台中市太平區中山路二段,,電梯大廈,1房1廳1衛 - 1陽台,,,https://www.rakuya.com.tw/rent/rent_item?ehid=01abbb29147135b,bc55578d8c0c2414290f7e9d6ba3e941.jpeg,0.30179381597393096
3355,近中興大學⭐免仲介費可租補⭐獨洗共曬⭐小資族最愛我,,4999,10.0,0.0,3,1,台中市,台中市東區七中路,,透天厝,1房1廳1衛,,,https://www.rakuya.com.tw/rent/rent_item?ehid=035a4c291465605,1d052314f838c6792f0021a15f4a4d59.jpeg,0.0
3356,✨無人不愛✨逢甲可貓✨陽台獨洗✨乾濕分離✨,,10499,13.0,0.1,4,1,台中市,台中市西屯區河南路二段,,透天厝,1房1廳1衛 - 1陽台,,有對外窗;陽台,https://www.rakuya.com.tw/rent/rent_item?ehid=00cb35291797819,d15024fd502d526284e004b049a2a391.jpeg,1.267243517095314
3357,❤️東海商圈❤️共洗陽台曬❤️可租補全採光機車好停,,3999,7.0,8.0,2,1,台中市,台中市龍井區新興路,,電梯大廈,1房1衛 - 1陽台,,有對外窗;陽台,https://www.rakuya.com.tw/rent/rent_item?ehid=032cfd28300121b,c4890b4c5efdd560cee7c1b5729c7586.jpeg,0.3896698637392301
3358,❤️電梯可租補❤️陽台獨洗曬❤️子母車飲水機,,8999,10.0,0.1,7,1,台中市,台中市西屯區順和七街,,透天厝,1房1衛 - 1陽台,,,https://www.rakuya.com.tw/rent/rent_item?ehid=0d3034279883932,739832eda382d78c8ef92dc9785e0beb.jpeg,0.30602014799646665
3359,電梯別墅☆子母車☆可租補☆飲水機☆需冰箱、電視可配,,10000,12.0,1.4,3,1,台中市,台中市南屯區大川街,,電梯大廈,1房1衛 - 1陽台,,有對外窗,https://www.rakuya.com.tw/rent/rent_item?ehid=03280827938202b,b6164d4c0e69bad933954da1a076fcfa.jpeg,1.166147427982352
3360,電梯透天☆可雙租補☆子母車☆陽台獨曬☆飲水機,,8800,10.0,3.4,4,1,台中市,台中市西屯區福上巷,,電梯大廈,1房1衛 - 1陽台,,,https://www.rakuya.com.tw/rent/rent_item?ehid=076595278182499,51740fde0b1e571727f32f65ca432e39.jpeg,1.689618733259318
3361,爬梯3樓☆陽台獨洗☆乾濕分離☆聯網電視☆變頻冷氣,,9800,11.0,5.4,3,1,台中市,台中市西屯區大有一街,,公寓,1房1衛 - 1陽台,,有對外窗;陽台,https://www.rakuya.com.tw/rent/rent_item?ehid=04f7a6277022085,28f580c5fa58c17dda00b20b40a3ed38.jpeg,1.41805880843403
3362,✨可貓咪✨租屋補助✨陽台獨洗✨台電✨請加賴✨,,7999,13.0,0.0,4,1,台中市,台中市東區復興路五段,,公寓,1房1衛 - 1陽台,,有對外窗;陽台,https://www.rakuya.com.tw/rent/rent_item?ehid=096e3d290462226,854c3f5f48d977051998a9cf7cd8894b.jpeg,1.605938786118086
3363,三房⚡台水電⚡管理員⚡陽台獨洗⚡子母車⚡雙平面車位,,30000,41.0,0.0,12,3,台中市,台中市東區六順路/大熊康橋,,電梯大廈,3房2廳2衛 - 2陽台1廚房,,有對外窗;陽台,https://www.rakuya.com.tw/rent/rent_item?ehid=033a2028844946f,4c664476663444f4ef009bf9f9a8ca58.jpeg,0.0
3364,♥️可雙租補✨近東海工業區✨全新完工✨乾濕分離,,12999,15.0,0.0,2,1,台中市,台中市龍井區台灣大道五段,,電梯大廈,1房1衛 - 1陽台,,,https://www.rakuya.com.tw/rent/rent_item?ehid=0d22b0288559777,725c3fbb6d3532271259b59af8c44e73.jpeg,0.14657629640745712
3365,承義佩樺｜環瑞通商｜精緻商辦平車,,66000,51.9,0.1,10,0,台中市,台中市西區台灣大道二段/環瑞通商大樓,,電梯大廈,2衛,,,https://www.rakuya.com.tw/rent/rent_item?ehid=03e667292266261,43f4e3af7825d108ae1b2588c290ccfe.jpeg,1.252336610806176
3366,鉅虹HOKI｜質感新屋｜三房平車｜稀有釋出,,40000,48.31,2.1,5,3,台中市,台中市北屯區旱溪西路三段/鉅虹HOKI,,電梯大廈,3房2廳2衛 - 2陽台1廚房,,有對外窗;陽台,https://www.rakuya.com.tw/rent/rent_item?ehid=0345dc28998848b,3febf819a05ea7d7a05c3007edd23029.jpeg,0.43943660375789134
3367,北區⛅陽台獨洗⛅大陽台⛅電梯⛅文心⛅中清⛅太原⛅,,8499,10.0,2.1,7,1,台中市,台中市北區陜西路,,透天厝,1房1衛 - 1陽台,,有對外窗;陽台,https://www.rakuya.com.tw/rent/rent_item?ehid=0e0368292923602,cb74d612d0e772a6a5868042790fa757.jpeg,0.0
3368,北屯⛅兩房兩廳一衛一陽台⛅可租補多租補⛅可貓⛅平車,,27999,42.0,3.1,9,2,台中市,台中市北屯區文心路四段/達麗世紀雙星,,電梯大廈,2房2廳1衛 - 1陽台,,有對外窗;陽台,https://www.rakuya.com.tw/rent/rent_item?ehid=070b0e291865530,3cf60603a95b271e44e7861e935fbfd8.jpeg,1.938251015940577
3369,北屯昌平⛅可租補⛅陽台獨洗⛅電梯⛅採光超棒⛅,,8499,10.0,1.1,3,1,台中市,台中市北屯區昌平路二段國泰巷,,透天厝,1房1衛 - 1陽台,,有對外窗;陽台,https://www.rakuya.com.tw/rent/rent_item?ehid=07a6ef290122507,149c5de250ff9f827411c5c25b8c2662.jpeg,2.1213299002714368
3370,水湳市場✔走路到中國醫✔子母車,,6199,10.23,2.5,2,1,台中市,台中市北屯區雷中街,,透天厝,1房1衛 - 1陽台,,有對外窗,https://www.rakuya.com.tw/rent/rent_item?ehid=0def4c195383069,0038bf6d2c84f2f00c5095f2f8916899.jpeg,0.40548357013109676
3371,⭐水湳中國醫⭐可租補⭐設備齊全⭐多間可選⭐陽台獨洗,,7599,11.0,0.1,3,1,台中市,台中市西屯區長安路二段,,華廈,1房1衛 - 1陽台,,陽台,https://www.rakuya.com.tw/rent/rent_item?ehid=044fad29166211d,a471c8d439f701fffc5b131e1da9f322.jpeg,0.8598366381946381
3372,一中❤共洗共曬❤可租屋補助❤可短租❤子母車,,5999,10.0,9.3,3,1,台中市,台中市北區梅亭街,,透天厝,1房1衛,,有對外窗,https://www.rakuya.com.tw/rent/rent_item?ehid=061573137675288,5a2a306a40e54929201c41e086bf0781.jpeg,1.4646273486727115
3373,今天天氣好溫暖✨雙租補✨可短租✨採光強✨近興大,,10499,13.0,0.1,4,1,台中市,台中市南區新和街,,電梯大廈,1房1衛,,有對外窗,https://www.rakuya.com.tw/rent/rent_item?ehid=078c32292064752,01647ece1d1da34c17b7b31ecacea556.jpeg,0.043493537248201104
3374,全新落城太平租補中大間精美套✨3種價位歡迎入住,,10000,12.0,0.1,7,0,台中市,台中市太平區市民大道,,電梯大廈,開放式格局,,有對外窗;陽台,https://www.rakuya.com.tw/rent/rent_item?ehid=03aa7c276052687,9f7260cb4a7e5b9c126a28a53f23339b.jpeg,0.2992415821165285
3375,近水湳校區⭐你最愛大空間⭐陽台獨洗⭐小資族最划算,,8999,13.0,0.0,3,1,台中市,台中市北屯區中清路二段,,透天厝,1房1廳1衛 - 1陽台,,,https://www.rakuya.com.tw/rent/rent_item?ehid=01dd09291474152,78294f4b3e2f4e72f3767d202eb10fae.jpeg,0.8626949566874076
3376,近勤益✅可貓可租補✅陽台獨洗有電梯✅小資看這間,,7999,11.0,0.0,4,1,台中市,台中市太平區新平路一段,,電梯大廈,1房1衛 - 1陽台,,有對外窗;陽台,https://www.rakuya.com.tw/rent/rent_item?ehid=0949e328525527f,30469fb0d045f80831b92b3dd5011893.jpeg,0.28790510978086475
3377,可租補✨電梯套房✨子母車✨近新時代✨,,6200,8.0,6.6,5,1,台中市,台中市東區振興路,,電梯大廈,1房1衛,,有對外窗,https://www.rakuya.com.tw/rent/rent_item?ehid=0d80db15168697f,118276a1c86db85bb399855066e5660a.jpeg,1.7893580271197527
3378,可租補✨電梯新屋✨陽台獨洗✨免管理費✨流理台✨,,10000,12.0,8.9,3,1,台中市,台中市北屯區大連路二段,,電梯大廈,1房1衛 - 1陽台,,有對外窗;陽台,https://www.rakuya.com.tw/rent/rent_item?ehid=061c3212289847a,708c71ea5a3d21ac374eb995119c83e2.jpeg,2.2090192540296556
3379,近水湳中國醫✨可租補✨陽台獨曬✨衛浴開窗,,6999,11.0,0.0,5,1,台中市,台中市北屯區文心路三段,,電梯大廈,1房1衛 - 1陽台,,有對外窗;陽台,https://www.rakuya.com.tw/rent/rent_item?ehid=07252d26606085a,7505ba8777bcee29bdc04fad287b9034.jpeg,0.9483748573740302
3380,可寵⭐短租⭐可租補⭐2月免租金,,6799,10.0,0.0,5,1,台中市,台中市南區合作街,,透天厝,1房1衛,,有對外窗,https://www.rakuya.com.tw/rent/rent_item?ehid=0aedda293928832,50a8f08e404bc85eb79f62129f1711b0.jpeg,1.3807570567872485
3381,可貓咪⭐電梯免爬⭐小資價⭐正逢甲,,7499,9.5,0.0,7,1,台中市,台中市西屯區福星路,,透天厝,1房1衛,,為邊間,https://www.rakuya.com.tw/rent/rent_item?ehid=0eda34285554326,0d30bbe865f6120dc39ffce4b57d5c2f.jpeg,1.8767755649586988
3382,可租補惠宇三房傢俱電平車,,28000,54.35,0.0,13,3,台中市,台中市北屯區太原路三段,,電梯大廈,3房2廳2衛,,,https://www.rakuya.com.tw/rent/rent_item?ehid=06eb0d260724149,3bacb1fd2065fa2975490ef6d66dcde7.jpeg,0.2374082688844208
3383,昌平路整棟透天四大獨立套房+整層客餐廳,,45000,78.0,20.1,4,4,台中市,台中市北屯區昌平路一段,,透天厝,4房2廳4衛 - 2陽台1廚房,,有對外窗,https://www.rakuya.com.tw/rent/rent_item?ehid=030e2a292474027,dd926495c2296799a2a20aba91389c09.jpeg,2.00296191637209
3384,近逢甲大學✨陽台獨洗✨可租補✨可貓✨子母車✨飲水機,,7999,10.0,0.1,5,1,台中市,台中市西屯區福上巷,,公寓,1房1衛 - 1陽台,,有對外窗;陽台,https://www.rakuya.com.tw/rent/rent_item?ehid=0dbb8f292728695,b2a30aed5013a55afdd3031865e5ddab.jpeg,1.7090537367842824
3385,逢甲大學❤小資首選✔共洗共曬✔採光佳✔子母車✔,,6499,10.0,0.0,2,1,台中市,台中市西屯區福上巷龍欣三弄,,電梯大廈,1房1衛,,有對外窗,https://www.rakuya.com.tw/rent/rent_item?ehid=00bad5280476421,0fceabb515544a6ece8916c4fa2cfd73.jpeg,1.6062215436208374
3386,逢甲❤獨洗獨曬❤可租屋補助❤子母車❤僅此一間❤,,5499,10.0,2.4,6,1,台中市,台中市西屯區河南路二段,,電梯大廈,1房1衛,,,https://www.rakuya.com.tw/rent/rent_item?ehid=019cfc193675124,a5a449a01bf5f3c8f95d779c8e69f7b1.jpeg,1.3704992321672658
3387,太平國小✔電梯✨可貓✔專屬洗衣機,,7999,11.0,0.0,4,1,台中市,台中市太平區中興路,,電梯大廈,1房1衛,,有對外窗,https://www.rakuya.com.tw/rent/rent_item?ehid=0444e226635404c,63d771f5e4be2c9e9fb1733a6d33cb4a.jpeg,0.2930098103088943
3388,台中車站✔可貓洗衣機✔子母車✨半年,,5999,10.0,2.2,4,1,台中市,台中市東區復興路四段,,透天厝,1房1衛 - 1陽台,,有對外窗,https://www.rakuya.com.tw/rent/rent_item?ehid=0e49f920373024e,bae70480c4243e4f620641841532ffab.jpeg,1.977511293875791
3389,超大空間✨租屋補助✅陽台獨洗✨採光超好✨IG搶先看,,15499,15.0,0.1,5,1,台中市,台中市北屯區中清路二段,,電梯大廈,1房1衛 - 1陽台,,有對外窗;陽台,https://www.rakuya.com.tw/rent/rent_item?ehid=0d20f8293248164,92ade2d4a85fe661547c554291af50d4.jpeg,0.8100534176785136
3390,逢甲✔電梯秒殺✔飲水機✔子母車,,6499,14.5,0.0,3,1,台中市,台中市西屯區河南路二段,,電梯大廈,1房1廳1衛 - 1陽台,,有對外窗;陽台,https://www.rakuya.com.tw/rent/rent_item?ehid=09bc6e25695486a,b4a25313b4237c8bb19147151043fbbd.jpeg,1.34235724831937
3391,精城sogo商圈❤可雙租屋補助❤可貓寵❤可短租,,5999,8.0,0.1,2,1,台中市,台中市西區大隆路,,透天厝,1房1衛,,有對外窗,https://www.rakuya.com.tw/rent/rent_item?ehid=0cafc0291089458,5058bb0fb46ae1f961543b20b49e0e2a.jpeg,1.57460658640698
3392,✨電梯陽台獨洗✨台水台電✨租屋補助✨加賴約看✨,,13499,16.0,0.0,5,1,台中市,台中市北區五權路,,電梯大廈,1房1衛 - 1陽台,,有對外窗;陽台,https://www.rakuya.com.tw/rent/rent_item?ehid=0a0b8c293456047,b00f250a24247829fc35ef8632f66aaa.jpeg,0.0
3393,可補助/陽台獨洗/水湳中國醫/室內機車位,,8499,11.0,0.0,3,1,台中市,台中市北屯區中平路,,電梯大廈,1房1衛 - 1陽台,,,https://www.rakuya.com.tw/rent/rent_item?ehid=094ff0225909248,53abdd140271dc2e5c6a0e1433ab213c.jpeg,0.22500489147647343
3394,⭐近中國醫⭐兩房⭐三衛浴⭐可租補⭐台水電⭐傢俱齊全,,16999,40.0,0.1,5,2,台中市,台中市西屯區長安路二段,,公寓,2房1廳3衛 - 2陽台,,有對外窗;陽台,https://www.rakuya.com.tw/rent/rent_item?ehid=084960292981206,dc96e13526ee44a8b630a6e822dcdd05.jpeg,0.7829869511802998
3395,全新完工電梯別墅@近新光遠百@獨洗曬@流理台,,12000,12.0,0.0,3,1,台中市,台中市西屯區河南路二段,,別墅,1房1衛 - 1陽台,,有對外窗;陽台,https://www.rakuya.com.tw/rent/rent_item?ehid=0602dc283770444,a54f7c2b62aaf8d0d2339f60381115f3.jpeg,1.2476907631366776
3397,逢甲大學❤共洗獨曬✔可租屋補助✔子母車,,4499,10.0,0.1,3,1,台中市,台中市西屯區華夏巷西四弄,,透天厝,1房1衛,,有對外窗,https://www.rakuya.com.tw/rent/rent_item?ehid=0115e6227890790,e6eb53294d3e8f49975372afc6a16ce6.jpeg,2.0461823206318974
3398,小資逢甲✨租屋補助✅實習短租✨採光良好✨IG搶先看,,6499,11.0,0.1,5,1,台中市,台中市西屯區西安街,,透天厝,1房1衛,,有對外窗,https://www.rakuya.com.tw/rent/rent_item?ehid=02da10291894331,5260b246ea3293676a00ad7f2061f04b.jpeg,1.7779427516741733
3399,可寵台水電✨含管含汽機車位✨文心森林公園,,31000,25.0,0.1,6,2,台中市,台中市南屯區大墩七街,,電梯大廈,2房2廳1衛 - 1陽台1廚房,,有對外窗;陽台,https://www.rakuya.com.tw/rent/rent_item?ehid=0af78a29108303a,751215ef611ac002f98d63bdc581736f.jpeg,0.8728192169031695
3400,✨電梯美屋✨可凸窗曬✨租屋補助✨加賴約看✨,,5499,11.0,0.1,6,1,台中市,台中市西屯區青海路二段,,電梯大廈,1房1衛,,有對外窗,https://www.rakuya.com.tw/rent/rent_item?ehid=06918429308880a,65bdf38f314e466a3e9181894601d7ee.jpeg,1.509473413276271
3401,質感大三房⏳全新裝潢⏳含平車位⏳傢俱全配⏳太宇尊爵,,22999,52.51,0.0,2,3,台中市,台中市北屯區北屯路/太宇尊爵A,,電梯大廈,3房2廳2衛 - 2陽台1廚房,,有對外窗;陽台,https://www.rakuya.com.tw/rent/rent_item?ehid=085f5129323136e,7f3ba48557d9f20bde3f932f772dd1ff.jpeg,0.11491217982383801
3402,整棟全新➕大二房➕可貓咪➕陽台獨洗➕流理台➕子母車,,18999,30.0,0.1,3,2,台中市,台中市北屯區東山路一段,,透天厝,2房1廳1衛 - 1陽台1廚房,,有對外窗;陽台,https://www.rakuya.com.tw/rent/rent_item?ehid=05618f292534859,b84722ffdc9c8ce9b2ea9089c45b5875.jpeg,0.5839496140287327
3403,可寵可補助◕系統裝潢◕獨洗曬◕costco,,7999,10.0,0.0,4,0,台中市,台中市北屯區松竹路二段,,透天厝,開放式格局,,有對外窗,https://www.rakuya.com.tw/rent/rent_item?ehid=0bdb1e153849159,4010a030fc8ea61ad5447c33b47c5160.jpeg,0.6503388472709605
3404,社宅歐麥尬✨先生小姊這地段✨價值好負擔小,,23000,33.0,0.1,12,3,台中市,台中市西區三民路一段/城市經典,,電梯大廈,3房2廳1衛 - 1陽台1廚房,,有對外窗;陽台,https://www.rakuya.com.tw/rent/rent_item?ehid=0082d8276754373,4b3f79664dbdb75abbed61b009b786d3.jpeg,0.0
3405,✨二房✨可寵✨可租補✨電梯✨,,16999,17.0,3.1,4,2,台中市,台中市西屯區中工三路,,電梯大廈,2房1廳1衛 - 1陽台,,,https://www.rakuya.com.tw/rent/rent_item?ehid=0a496228064093f,10090917b82f65712ba33e7f4b830679.jpeg,0.4798952281427644
3406,✨超便宜三房❤️台水台電✅可租補入戶籍✨電梯管理員,,15999,28.0,0.1,3,3,台中市,台中市北區梅川東路三段,,電梯大廈,3房2廳1衛 - 3陽台,,有對外窗;陽台,https://www.rakuya.com.tw/rent/rent_item?ehid=0a724829316175a,7f2a8eac66e15bc992f5f7b0302a715f.jpeg,0.8542553206882945
3407,秒殺❤小資平價首選❤中國醫精美套房❤黃金地段❤,,2999,8.0,7.1,2,1,台中市,台中市北區大德街,,透天厝,1房1衛,,有對外窗,https://www.rakuya.com.tw/rent/rent_item?ehid=041433205464310,adb6f069d295ddaa439aa47e5b686b14.jpeg,1.2049883115393876
3408,✨電梯✨精美兩房✨採光佳✨子母車✨流理臺,,14800,17.0,7.0,2,2,台中市,台中市西屯區天水東街,,電梯大廈,2房1廳1衛,,有對外窗,https://www.rakuya.com.tw/rent/rent_item?ehid=04c27120736713a,02be2430f6ccef55137dc5ea5a1f70b9.jpeg,0.8598966583522998
3409,錯過就不在✨西區小資秒殺三房✨可寵子母車魔術大空間,,13999,23.0,0.1,2,3,台中市,台中市西區美村路一段,,公寓,3房1廳1衛 - 1陽台,,有對外窗;陽台,https://www.rakuya.com.tw/rent/rent_item?ehid=09c60e29346792f,a84cfa1c45d716dd8048012d1c2c04a7.jpeg,0.9179374514434863
3410,✨近一中街✅精美裝潢✨含天然瓦斯✨子母車✨飲水機,,8000,11.0,4.6,4,1,台中市,台中市東區進化路,,透天厝,1房1衛 - 1陽台,,有對外窗;陽台,https://www.rakuya.com.tw/rent/rent_item?ehid=03b19d22454460e,a4e1105a984aba263862249c6e382e5d.jpeg,0.0
3411,近勤美✨陽台獨洗✨台水台電✨管理室✨,,8499,11.0,0.1,11,1,台中市,台中市西區公益路,,電梯大廈,1房1衛 - 1陽台,,有對外窗;陽台,https://www.rakuya.com.tw/rent/rent_item?ehid=0d9e50293055356,db09173c8d305de1113a172f0c5daf46.jpeg,0.0
3412,近逢甲✨管理員✨採光佳✨木質地板✨機車位可租,,4999,8.0,0.0,12,1,台中市,台中市西屯區福星路,,電梯大廈,1房1衛,,有對外窗,https://www.rakuya.com.tw/rent/rent_item?ehid=0fff31280923617,3c2d89349274f8fbcd6aa2613621bff1.jpeg,1.9734666137059693
3413,走路中國醫✨陽台獨洗✨系統裝潢✨衛浴開窗,,6299,10.0,0.0,5,1,台中市,台中市北區美德街,,公寓,1房1衛 - 1陽台,,有對外窗;陽台,https://www.rakuya.com.tw/rent/rent_item?ehid=09082128504082d,dc63bb7c0100e97b50b12f52ff3f52d7.jpeg,1.1204972551471812
3414,樓中樓❤租補❤大空間❤陽台獨洗❤子母車❤近東海榮總,,11799,10.0,0.1,3,1,台中市,台中市西屯區西屯路三段宏恩三巷,,別墅,1房1廳1衛 - 1陽台,,有對外窗,https://www.rakuya.com.tw/rent/rent_item?ehid=0f9659291861025,01a46fbca3674295a0384b43496940d3.jpeg,0.5568058308842578
3415,✨小資首選✨租屋補助✨秒殺物件✨加賴約看✨,,5999,13.0,0.1,1,1,台中市,台中市太平區富宜路,,透天厝,1房1衛,,有對外窗,https://www.rakuya.com.tw/rent/rent_item?ehid=0b79f629230309f,1a018725ac2d110ca043fa20464e596f.jpeg,0.5033665111683832
3416,⭐近中山醫⭐電梯⭐可租補⭐獨洗曬⭐子母車⭐全新整理,,10499,12.0,0.1,3,1,台中市,台中市西區三民路一段,,透天厝,1房1衛,,有對外窗,https://www.rakuya.com.tw/rent/rent_item?ehid=02fe0c293248647,14f5255da4e0f8648d32146e2ced3c01.jpeg,0.0
3417,✨超夯可寵✨台電計價✨可租補✨陽台獨洗✨子母車✨,,14499,16.0,0.0,3,1,台中市,台中市西屯區長安路二段,,電梯大廈,1房1廳1衛 - 1陽台,,有對外窗;陽台,https://www.rakuya.com.tw/rent/rent_item?ehid=02dcf9290234427,a257c48bd6bd868cc583033943deb91c.jpeg,0.797140370266753
3418,✨華麗雙租補✨水湳中國醫✨可貓狗✨子母車,,12499,12.0,0.0,3,1,台中市,台中市北屯區大連北街,,透天厝,1房1廳1衛 - 1陽台,,有對外窗;陽台,https://www.rakuya.com.tw/rent/rent_item?ehid=036def28438017f,f67c01868abc95ba7452360a541b6234.jpeg,0.7371609439336835
3419,✨超夯精緻小屋✨陽台獨洗✨近中國醫✨飲水機✨速洽✨,,6999,11.0,0.0,6,1,台中市,台中市北區梅川東路三段,,公寓,1房1衛 - 1陽台,,有對外窗;陽台,https://www.rakuya.com.tw/rent/rent_item?ehid=04c46b28794883d,a5828f5cf9c40b426a8e9cf348cb291f.jpeg,0.941111592602019
3420,全新裝潢✨超大空間✨陽台獨洗✨租屋補助✨電梯套房,,8999,15.0,0.0,3,1,台中市,台中市北區精武路,,電梯大廈,1房1衛 - 1陽台,,,https://www.rakuya.com.tw/rent/rent_item?ehid=018a9b27586581e,1b874420c00b92b7112db3f8f474cefc.jpeg,1.0016119975542248
3421,木地板❤️電梯❤️獨洗曬❤️忠孝夜市❤️採光超棒,,7999,10.0,0.1,5,1,台中市,台中市南區台中路,,透天厝,1房1衛 - 1陽台,,,https://www.rakuya.com.tw/rent/rent_item?ehid=000f45274085621,cbcafae27c8892db06304319513080be.jpeg,0.04900512506908337
3422,電梯租補✅很大間✅機車位可租✅陽台✅飲水機✅子母車,,7999,11.0,0.1,5,1,台中市,台中市太平區中山路二段,,透天厝,1房1衛 - 1陽台,,有對外窗;陽台,https://www.rakuya.com.tw/rent/rent_item?ehid=0de74a273129946,9a937cb9ecbf78ceafe9adb3995b7b26.jpeg,0.3052610915761651
3423,商一⚡有電梯⚡可營登⚡台電分算⚡文武百業⚡審計新村,,46000,40.0,0.1,5,0,台中市,台中市西區向上路一段,,電梯大廈,開放式格局,,,https://www.rakuya.com.tw/rent/rent_item?ehid=077ff3249811325,6e496a68995a92fddd3bcfdc6fb06540.jpeg,1.3062357166887482
3424,台中水湳經貿園區優雅整幢別墅出租,,38000,43.0,0.1,2,4,台中市,台中市北屯區經貿一路,,別墅,4房3廳1.5衛 - 2陽台1廚房,,有對外窗;有中庭;陽台,https://www.rakuya.com.tw/rent/rent_item?ehid=04032e281944604,996dc4562810065ba0f9ae4636e70d3d.jpeg,0.3499918122761738
3425,新光逢甲⭐免爬高⭐G車位⭐小資價,,5699,9.0,0.0,2,1,台中市,台中市西屯區西屯路二段,,透天厝,1房1衛,,有對外窗,https://www.rakuya.com.tw/rent/rent_item?ehid=063abb28899993e,147c6946f1573c8f3919ca6c52bec153.jpeg,1.0621384183067082
3426,東海中科⭐租屋補助⭐車位可租⭐小資價,,6999,9.0,0.0,2,1,台中市,台中市龍井區大順街,,透天厝,1房1衛,,有對外窗,https://www.rakuya.com.tw/rent/rent_item?ehid=03eeca28838563c,5ca67a95abf05abfd164b9fb06fcc3ee.jpeg,0.3413734442845251
3427,整棟出租✨地下室停車位✨三年約傢俱全配✨台水電計✨,,25999,40.0,0.2,3,5,台中市,台中市龍井區東海街,,透天厝,5房2廳4衛 - 2陽台,,有對外窗;陽台,https://www.rakuya.com.tw/rent/rent_item?ehid=060ab6291092334,d46c2536765c3def34068ad158f3aacf.jpeg,0.33037787263338364
3428,東海商圈電梯✨可租屋補助✨多間可選✨子母車飲水機,,2799,5.0,0.2,5,0,台中市,台中市龍井區新興路,,電梯大廈,開放式格局,,有對外窗,https://www.rakuya.com.tw/rent/rent_item?ehid=026e5d29126828f,66785c8d4df494a5213188c87f327cd4.jpeg,0.4085256326954047
3429,整棟全新✨可雙租補✨陽台獨洗✨電梯,,7999,10.0,0.1,3,1,台中市,台中市太平區光興路,,電梯大廈,1房1衛 - 1陽台,,有對外窗;陽台,https://www.rakuya.com.tw/rent/rent_item?ehid=0ba472283286595,34193eff626cde8fae02afbb05b82d51.jpeg,0.08269614855407818
3430,陽台獨洗曬✨太平全新透天❗走路逛家樂福✨澄清醫院✨,,7999,11.0,0.1,1,1,台中市,台中市太平區太平二十街,,透天厝,1房1衛 - 1陽台,,有對外窗;陽台,https://www.rakuya.com.tw/rent/rent_item?ehid=05427a291452850,b1b3ca4b2886da773cb09f1f400e51de.jpeg,0.28586322956965293
3431,❤️可租補✨陽台獨洗✨飲水機✨子母車✨東海工業區✨,,8499,11.0,0.0,2,1,台中市,台中市西屯區順和七街,,電梯大廈,1房1衛 - 1陽台,,陽台,https://www.rakuya.com.tw/rent/rent_item?ehid=0509cd289560364,4cafd7aeb14d3f7641e79d13bc2c5340.jpeg,0.30811480634616184
3432,✨可租補✨陽台獨洗✨可寵✨台水,,8999,12.0,0.0,4,1,台中市,台中市東區復興路五段,,透天厝,1房1衛 - 1陽台,,,https://www.rakuya.com.tw/rent/rent_item?ehid=029b8a28023891d,0ae4e419da15d388cd3eca4991814553.jpeg,1.5834529368369803
3433,一中北區⛅台水電⛅可租補陽台獨洗乾濕分離⛅全新⛅,,15999,11.0,1.1,4,1,台中市,台中市北區三民路三段,,透天厝,1房1衛 - 1陽台,,有對外窗;陽台,https://www.rakuya.com.tw/rent/rent_item?ehid=0822cf29185981b,b463ad340a7ac26af7ebbf98e750d7c5.jpeg,0.0
3434,✨超秒殺✨可租補✨陽台獨洗曬✨子母車✨飲水機✨,,9499,12.0,0.1,3,1,台中市,台中市北屯區雷中街,,電梯大廈,1房1衛 - 1陽台,,有對外窗;陽台,https://www.rakuya.com.tw/rent/rent_item?ehid=05e51d293229103,9d815988608475bf88e07b2089edcb92.jpeg,0.38507976883961115
3435,精銳建設｜百萬精裝｜三房平車｜稀有釋出,,40000,57.0,0.1,12,3,台中市,台中市南屯區永春東三路/精銳旅建築,,電梯大廈,3房2廳2衛 - 2陽台1廚房,,有對外窗;陽台,https://www.rakuya.com.tw/rent/rent_item?ehid=047fca283624216,84629d6acff3569f3b6ef59de6484249.jpeg,0.5665745726121162
3436,向上路✔電梯❤陽台洗衣機,,9999,10.0,0.0,7,1,台中市,台中市西區向上路一段,,電梯大廈,1房1衛 - 1陽台,,有對外窗,https://www.rakuya.com.tw/rent/rent_item?ehid=00a51829060334d,c652fa8e0a95e22f5d3633337cb625a4.jpeg,1.5439456742340194
3437,三信公園✨CP高✔衛浴開窗✔大空間,,4199,10.2,0.0,5,1,台中市,台中市西屯區漢口路二段,,公寓,1房1衛,,有對外窗,https://www.rakuya.com.tw/rent/rent_item?ehid=0bbdd8235051399,fffea52b834ef313b450ea98b3b54a5b.jpeg,0.923788084409143
3438,❤近逢甲❤獨洗獨曬❤可租屋補助❤管理員❤子母車❤,,6499,12.0,4.6,5,1,台中市,台中市西屯區寶慶街,,電梯大廈,1房1衛 - 1陽台,,陽台,https://www.rakuya.com.tw/rent/rent_item?ehid=0e539c128917762,d2da1e71115f20861d7baccb0877304b.jpeg,1.8690387583853942
3439,錯過就不在❤️租補入戶籍超值2房家具電全✨全新交屋,,16000,17.0,0.2,7,0,台中市,台中市龍井區沙田路五段/睿鍇馥築,,電梯大廈,開放式格局,,有對外窗;陽台,https://www.rakuya.com.tw/rent/rent_item?ehid=0a0dcf29180126e,b6b03be4a692c4ce1e3264d9f43c40a9.jpeg,0.04991754563687547
3440,只想見你可寵✨採光好溫馨機能好,,15500,10.0,0.0,1,0,台中市,台中市南屯區大墩六街,,電梯大廈,開放式格局,,有對外窗,https://www.rakuya.com.tw/rent/rent_item?ehid=008e1827644309f,93a478885063211eee3b30d661bf870c.jpeg,1.2249960234893666
3441,澄清中科/超新屋/機車位,,9500,11.5,0.0,4,0,台中市,台中市西屯區福安七街,,透天厝,開放式格局,,有對外窗;陽台,https://www.rakuya.com.tw/rent/rent_item?ehid=0add95290675781,83dbf9023da6feec6a0bc6b4940f2501.jpeg,0.6161199554622842
3442,中興大學/可租補/機車位/超新屋,,7800,11.5,0.1,1,0,台中市,台中市南區仁義街,,透天厝,開放式格局,,有對外窗,https://www.rakuya.com.tw/rent/rent_item?ehid=071ee0290674468,fe70e5b11957b88524eba14eb82bd59d.jpeg,3351.2820512820513
3443,別融化了眼淚我妝都花了✨可租補✨一層四戶✨陽台獨洗,,9499,11.0,0.1,3,1,台中市,台中市北屯區雷中街,,電梯大廈,1房1衛 - 1陽台,,有對外窗;陽台,https://www.rakuya.com.tw/rent/rent_item?ehid=05ea12293239040,51329bfeb15b36601c31a1fb88cf240c.jpeg,0.38507976883961115
3444,近綠園道✨三房一廳✨獨立門牌✨台水電✨現況出租,,18880,25.0,0.1,3,3,台中市,台中市西區向上路一段,,公寓,3房1廳1衛,,有對外窗;陽台,https://www.rakuya.com.tw/rent/rent_item?ehid=07ddf7292627967,989dec7b68e45a95c9f86204fddf5fe0.jpeg,1.4359245990926157
3445,西屯可寵✨正一房一廳流理臺✨近澄清.榮總.工業區,,15000,14.0,0.1,5,1,台中市,台中市西屯區福雅路,,電梯大廈,1房1廳1衛 - 1陽台,,有對外窗;陽台,https://www.rakuya.com.tw/rent/rent_item?ehid=04b089291809931,10c48ff22628e4617468c3fd423608a2.jpeg,0.05217957839012048
3446,逢甲✔大套房✨洗衣機✔好停機車,,5799,8.0,0.0,1,1,台中市,台中市西屯區福星路,,透天厝,1房1衛,,有對外窗,https://www.rakuya.com.tw/rent/rent_item?ehid=0fd0a1227081165,db5a17aca7c5ed960bb9dc8377936b7c.jpeg,1.9370168526496974
3447,4房2廳3衛1廚☆️可雙租補報稅☆️可貓☆️台水電,,40000,35.0,1.2,6,4,台中市,台中市西屯區朝馬二街,,電梯大廈,4房2廳3衛 - 1陽台1廚房,,有對外窗;陽台,https://www.rakuya.com.tw/rent/rent_item?ehid=077e99285189630,653cd98f4c62cb130ba149edffa63a37.jpeg,0.42407765450033397
3448,南屯透天二樓☆可貓☆飲水機☆子母車☆陽台獨洗獨曬,,11000,14.0,5.4,2,1,台中市,台中市南屯區大墩東街,,電梯大廈,1房1衛 - 1陽台,,有對外窗;陽台,https://www.rakuya.com.tw/rent/rent_item?ehid=055b77277814061,cef2ccd3cfda1a2fe5c638ee6d2c04cd.jpeg,1.041122910023014
3449,電梯透天☆台水台電☆可貓☆雙租補☆飲水機☆子母車,,11000,14.0,5.4,3,1,台中市,台中市太平區振福路,,電梯大廈,1房1衛 - 1陽台,,有對外窗;陽台,https://www.rakuya.com.tw/rent/rent_item?ehid=0efdbb277619492,cdff84d5e7b3e4fe3bb470d3dbdbd3e5.jpeg,0.5957700504947558
3450,❤️近水安宮捷運站❤️可貓貓❤️獨洗曬.機車位❤️,,12199,12.0,4.6,3,1,台中市,台中市南屯區大英街,,電梯大廈,1房1衛 - 1陽台,,有對外窗,https://www.rakuya.com.tw/rent/rent_item?ehid=05904428794831c,9ba2cb6788dff246cbef6a0f0826f2bd.jpeg,1.3871457787937387
3451,可租補⭐️近逢甲水湳⭐️獨洗窗曬⭐️超大坪數有電梯,,9999,13.0,0.0,8,1,台中市,台中市西屯區中平路,,華廈,1房1廳1衛,,有對外窗,https://www.rakuya.com.tw/rent/rent_item?ehid=0ca93828015959c,c4e6af7d2fb1f89417f4ed36de2a94cb.jpeg,0.6521753781696824
3452,Q9B21）產業園區【電梯廠房】營登★廠登★可停車,,140000,228.0,20.0,0,0,新北市,新北市三重區光復路二段,,廠房,,,,https://www.rakuya.com.tw/rent/rent_item?ehid=053b06286798363,73b3246aaedbe467a537b6ab9bd10ce7.jpeg,0.17353921185476393
3453,可貓寵★可雙租補★電梯陽台獨洗★流理臺★中國醫一中,,12600,12.0,1.8,2,1,台中市,台中市北區梅川西路三段,,透天厝,1房1衛 - 1陽台,,有對外窗,https://www.rakuya.com.tw/rent/rent_item?ehid=04b552270283041,93602ced5fb13e4f8038136c7141e8e7.jpeg,0.8632572777207207
3454,全新電梯◕系統裝潢◕獨洗陽台◕乾濕分離◕一中街,,11800,15.0,3.9,3,0,台中市,台中市東區玉皇街,,透天厝,開放式格局,,有對外窗;陽台,https://www.rakuya.com.tw/rent/rent_item?ehid=0a083514952735a,ed38c82d7ebc32508639f3d1549667a7.jpeg,0.8122849486055719
3455,全新裝潢➕大三房➕可寵物➕台水電➕可入戶籍➕美術館,,17499,40.0,0.2,3,3,台中市,台中市西區向上路一段,,公寓,3房2廳1衛 - 1陽台1廚房,,有對外窗;陽台,https://www.rakuya.com.tw/rent/rent_item?ehid=0182a229122914d,961e84d91283673c2c5c90fd7513e1ba.jpeg,1.4480893183449415
3456,一中商圈★可貓咪★可工作室★獨洗獨曬★子母車,,7999,10.0,0.1,5,1,台中市,台中市北區三民路三段,,電梯大廈,1房1廳1衛,,有對外窗,https://www.rakuya.com.tw/rent/rent_item?ehid=0623d027570776c,710d751f03d09d5735f8d6f3e54a378e.jpeg,0.0
3457,南屯全新未住❤️可租補❤️寵物可談❤️,,23000,23.0,0.0,15,2,台中市,台中市南屯區春安路,,電梯大廈,2房1廳1衛 - 1室1陽台1廚房,,有對外窗;陽台,https://www.rakuya.com.tw/rent/rent_item?ehid=0f2462278517485,5c38ce7dfbb163ec77cb1f74bc505209.jpeg,0.13753203794759153
3458,✨可貓咪✨可租補✨近中國醫✨採光佳✨運動3樓,,7000,10.0,3.6,3,1,台中市,台中市北區尚德街,,透天厝,1房1衛,,有對外窗,https://www.rakuya.com.tw/rent/rent_item?ehid=0b224722223636b,9ceb62335b4031324fd50a0eeb12bd2c.jpeg,3734.285714285714
3459,近逢甲大學✨台水台電✨陽台獨洗✨子母車✨採光好,,5499,10.0,0.1,2,1,台中市,台中市西屯區福上巷,,公寓,1房1衛 - 1陽台,,有對外窗;陽台,https://www.rakuya.com.tw/rent/rent_item?ehid=02234329273107b,bc5228a2cc127cf0333690bf76c9ee3d.jpeg,1.789559839819035
3460,中科✨超美一房一廳❤租補❤喵喵,,11799,13.2,0.0,3,1,台中市,台中市西屯區福雅路,,透天厝,1房1廳1衛 - 1陽台,,有對外窗;陽台,https://www.rakuya.com.tw/rent/rent_item?ehid=08f63e235020629,38b05c340a2a922b6a58f2c04ac4ff92.jpeg,0.053632785811968786
3461,全新獨洗曬租捕機車位子母車~飲水機,,10000,10.0,0.1,1,0,台中市,台中市北屯區中清路二段,,電梯大廈,開放式格局,,陽台,https://www.rakuya.com.tw/rent/rent_item?ehid=0d2877293008968,1e6de598230efc7e73c6d5425ef201e3.jpeg,0.8519934746640031
3462,全新❤️系統裝潢❤️雙租補機車位汽車好停1月中入住,,9999,12.0,0.7,7,1,台中市,台中市南屯區龍富路三段,,電梯大廈,1房1衛 - 1陽台,,有對外窗;陽台,https://www.rakuya.com.tw/rent/rent_item?ehid=095e59285558930,344e18f951b7e91147616ac4c19d6734.jpeg,0.09444612946054852
3463,❤️東海中科❤️共洗陽台曬❤️可租補✔室內機車位,,4999,10.0,8.0,6,1,台中市,台中市龍井區新興路,,電梯大廈,1房1衛 - 1陽台,,有對外窗,https://www.rakuya.com.tw/rent/rent_item?ehid=0a159e28300306f,c85478d0cc10ac3ce33a4e9f5e47895b.jpeg,0.37868054539314105
3464,✨可租屋補助✅運動套房✨獨洗獨曬✨採光,,5500,9.0,13.0,6,1,台中市,台中市北屯區東山路一段,,公寓,1房1衛,,有對外窗,https://www.rakuya.com.tw/rent/rent_item?ehid=0d87b1167553205,87bad3d00d606a9c49f45b4010f7d2c9.jpeg,0.675612934181199
3465,東區超秒殺✨貓咪套房✨可租補✨獨洗獨曬✨高級流理台,,7799,12.0,0.1,5,1,台中市,台中市東區振福路,,透天厝,1房1衛,,有對外窗,https://www.rakuya.com.tw/rent/rent_item?ehid=017774293429562,6475e32599091b9821a469b6eae0b502.jpeg,0.0
3466,整棟全新⏳可雙租補⏳可家庭⏳陽台獨洗⏳子母車飲水機,,9999,16.0,0.1,3,1,台中市,台中市北屯區北屯路,,電梯大廈,1房1廳1衛 - 1陽台,,有對外窗;陽台,https://www.rakuya.com.tw/rent/rent_item?ehid=0d11e529346678c,32e8afe0d2d3e157b14e6f131215801a.jpeg,0.12625956254199644
3467,♥️可雙租補✨可寵✨可炊✨子母車✨機車位,,15999,19.0,0.0,3,1,台中市,台中市南區復興路二段,,透天厝,1房1廳1衛 - 1陽台,,,https://www.rakuya.com.tw/rent/rent_item?ehid=02c96328858701b,10f7da19213d2547a5bbc9b7f1adfe33.jpeg,0.5227251411047447
3468,勤美綠園✨可貓可租補✨共用洗衣✨可短租,,5999,10.0,0.1,3,0,台中市,台中市西區大隆路,,透天厝,開放式格局,,有對外窗,https://www.rakuya.com.tw/rent/rent_item?ehid=01456e291777133,46166ffc00684e286c1803244c261f5d.jpeg,1.57460658640698
3469,整棟全新 可貓 可租補 台電 陽台獨洗 乾溼分離,,9600,10.0,0.0,4,1,台中市,台中市太平區坪林路/豐閱翰林院/豐閱榮曜3,,電梯大廈,1房1衛 - 1陽台,,有對外窗;陽台,https://www.rakuya.com.tw/rent/rent_item?ehid=059935289140978,5a20783cff952779fa07ac4d34b940f8.jpeg,0.1518414424022808
3470,逢甲秒殺✨有機車位✨陽台獨洗✨採光良好✨IG搶先看,,6999,11.0,0.1,1,1,台中市,台中市西屯區櫻城五街,,電梯大廈,1房1衛 - 1陽台,,有對外窗,https://www.rakuya.com.tw/rent/rent_item?ehid=0e842b29324747f,806348e583d4cf5348523d933e7afb75.jpeg,1.641497838474525
3471,近忠孝夜市✨兩房一廳✨台電計費✨全配家具電✨,,22000,20.0,0.1,2,2,台中市,台中市西區三民西路,,電梯大廈,2房1廳1衛,,有對外窗,https://www.rakuya.com.tw/rent/rent_item?ehid=016d3c292629567,2421b220970ef7253702d777936794f5.jpeg,0.0
3472,東海✨設計師風格✔電梯短租,,10500,13.0,0.0,3,1,台中市,台中市龍井區新興路,,透天厝,1房1廳1衛,,有對外窗,https://www.rakuya.com.tw/rent/rent_item?ehid=06fbfb234912414,ee26d7133c88913e77f1a5b15f1f8ea6.jpeg,0.34596745905852355
3473,❤小資首選❤大空間✅精美套房❤子母車❤採光,,5500,8.0,7.4,2,1,台中市,台中市北區國豐街,,透天厝,1房1衛,,有對外窗,https://www.rakuya.com.tw/rent/rent_item?ehid=003b20155071333,9e2dbc76d05757f12f4b67d01fa92fc4.jpeg,0.0
3474,近澄清✨雙租屋補助✨陽台獨洗✨乾溼分離✨,,14399,18.0,0.1,3,1,台中市,台中市西屯區中工三路,,電梯大廈,1房1廳1衛 - 1陽台,,有對外窗;陽台,https://www.rakuya.com.tw/rent/rent_item?ehid=08e4b8293055561,bb0e2e7dc8d81719d6b51b1108a2593a.jpeg,0.4889539035397615
3475,✅高樓層三房平車✅新裝潢家具電✅好市多捷運✅,,26999,45.3,0.1,11,3,台中市,台中市北屯區南興北一路,,電梯大廈,3房2廳2衛 - 1陽台1廚房,,,https://www.rakuya.com.tw/rent/rent_item?ehid=04229529131683e,9234dce72edfa605d1f154e8203c9eea.jpeg,0.3174821951865135
3476,電梯❤️陽台❤️很新❤️獨洗❤️飲水機,,6999,9.0,0.1,3,1,台中市,台中市南區台中路,,透天厝,1房1衛 - 1陽台,,有對外窗;陽台,https://www.rakuya.com.tw/rent/rent_item?ehid=0392c1292341331,c828cd93d808ef708cf5a7d1b1b30a8b.jpeg,0.04980524415093375
3477,超值單套⭐陽台獨洗⭐可租補⭐1樓免爬,,5999,9.0,0.0,1,1,台中市,台中市北區自強街,,透天厝,1房1衛 - 1陽台,,有對外窗;陽台,https://www.rakuya.com.tw/rent/rent_item?ehid=01998c286710562,e4e8848c2c3b455195d3fb40ec62fbc2.jpeg,0.6810252798160478
3478,崇德太原｜陽台獨洗｜採光優｜可寵物,,7500,7.0,0.0,4,1,台中市,台中市北區榮華街,,透天厝,1房1衛 - 1陽台,,有對外窗;陽台,https://www.rakuya.com.tw/rent/rent_item?ehid=029040281994408,1dc187706804b690af9c55fae85dd065.jpeg,2.4724883638159674
3479,幸福就是你❤️極簡裝潢❤️有電梯❤️陽台獨洗,,8999,12.0,0.1,5,0,台中市,台中市中區三民路二段,,透天厝,開放式格局,,有對外窗;陽台,https://www.rakuya.com.tw/rent/rent_item?ehid=0eb179293403223,a17be82b4941e9ba51cbfeff016d648e.jpeg,0.0
3480,幸福就是你❤️可租補❤️有電梯❤️陽台獨洗,,11499,14.5,0.1,2,0,台中市,台中市北屯區平德路,,透天厝,開放式格局,,有對外窗;陽台,https://www.rakuya.com.tw/rent/rent_item?ehid=0ee7b4293419528,508d4190d06a533ab5297c1a34c97388.jpeg,0.2689658467845072
3481,CP價✨南區電梯別墅可寵可租補✨舒服的住,,10000,11.0,0.0,2,0,台中市,台中市南區南門路,,電梯大廈,開放式格局,,有對外窗;陽台,https://www.rakuya.com.tw/rent/rent_item?ehid=065452275570901,f4cecb9c9c735075ab7da11f687525da.jpeg,0.0
3482,中區一中⛅可租補⛅三民精武五權⛅小資秒殺,,5599,10.0,3.1,2,1,台中市,台中市中區福音街,,透天厝,1房1衛,,,https://www.rakuya.com.tw/rent/rent_item?ehid=0b9a97290406181,024ef42e392fe59f6954149d702f4622.jpeg,4668.69083764958
3483,一中、中國醫商圈高樓層大套房～獨喜獨曬(兩間可選),,12000,8.0,0.1,9,1,台中市,台中市北區五權路,,電梯大廈,1房1廳1衛 - 1陽台,,有對外窗;陽台,https://www.rakuya.com.tw/rent/rent_item?ehid=087b9828723302f,fd758dca4e1b12450efebce3a38cb45b.jpeg,0.0
3484,秒殺近一中✨可凸窗曬✨小資首選✨木質地,,4999,11.0,0.0,4,0,台中市,台中市北區德化街,,透天厝,開放式格局,,有對外窗,https://www.rakuya.com.tw/rent/rent_item?ehid=03211b251577021,0d82a825a92f9b02afafdf3856aa671c.jpeg,5229.045809161832
3485,逢甲水湳✨陽台獨洗✨衛浴開窗✨超新電梯,,8999,13.0,0.0,3,0,台中市,台中市西屯區中平路,,電梯大廈,開放式格局,,有對外窗;陽台,https://www.rakuya.com.tw/rent/rent_item?ehid=05131b282481891,1a5440f9c2a85c7d38b600660bd4886e.jpeg,0.6603592667292175
3486,逢甲大學✨共用洗衣✨精美裝潢✨小資首選,,6499,15.0,0.0,2,0,台中市,台中市西屯區逢甲路,,透天厝,開放式格局,,有對外窗,https://www.rakuya.com.tw/rent/rent_item?ehid=07703f289982012,9cdf9486908bc2d13dc181cccf1d26ca.jpeg,1.6742817785200255
3487,逢甲大學❤獨洗獨曬❤採光佳❤大空間,,8499,12.0,0.0,4,1,台中市,台中市西屯區至善路,,公寓,1房1廳1衛,,有對外窗,https://www.rakuya.com.tw/rent/rent_item?ehid=08ae0828670308a,456e637d25a51e7f4182e1274ff8f674.jpeg,1.206107301157673
3488,逢甲❤可租屋補助❤台水電❤管理員❤陽台獨洗❤子母車,,5999,10.0,0.1,13,1,台中市,台中市西屯區青海路二段,,電梯大廈,1房1衛 - 1陽台,,陽台,https://www.rakuya.com.tw/rent/rent_item?ehid=06b29c290776649,97e28997170476cdb68108953cf4ddcd.jpeg,1.4931796507768005
3489,✨近中國醫✅可租補報稅❤️陽台獨洗✨短租首選,,7699,12.0,0.1,2,1,台中市,台中市北區美德街,,電梯大廈,1房1廳1衛 - 1陽台,,有對外窗,https://www.rakuya.com.tw/rent/rent_item?ehid=00f6c829106680d,56bc225a5ba10f322fdb3b8ef0d1cd1c.jpeg,1.0933538264690086
3490,近中興大學⭐整棟全新電梯⭐可租補⭐室內機車位1格,,7799,11.0,3.3,5,1,台中市,台中市南區仁義街,,電梯大廈,1房1廳1衛,,,https://www.rakuya.com.tw/rent/rent_item?ehid=0687c629146627a,49d68f2ab36e5b03202a8d3b4ad7e957.jpeg,3351.711757917682
3491,透天電梯☆可租補☆台電包水☆乾溼分離☆陽台獨洗曬,,14000,16.0,1.4,3,1,台中市,台中市太平區長億二街,,電梯大廈,1房1衛 - 1陽台,,有對外窗;陽台,https://www.rakuya.com.tw/rent/rent_item?ehid=08f4a427867168f,927756539a77ea51b1b6fcf721bc6c7f.jpeg,0.1568130391545029
3492,❤️東海中科❤️流理臺❤️樓中樓大坪數❤️無敵視野,,19300,20.0,6.0,6,1,台中市,台中市龍井區藝術街,,電梯大廈,1房1廳1衛,,有對外窗,https://www.rakuya.com.tw/rent/rent_item?ehid=059a64283425727,08dcb5d90668f794d9d938f216395afc.jpeg,0.3606455763645804
3493,承義佩樺｜NTC七期地標｜雙車高級商辦,,106000,79.89,7.0,19,0,台中市,台中市西屯區市政北二路/NTC國家商貿中心,,電梯大廈,開放式格局,,有對外窗;為邊間;有中庭;陽台,https://www.rakuya.com.tw/rent/rent_item?ehid=00a0d7292424829,358f4077358e37eee1df92f0714ab34a.jpeg,0.40820653515313066
3494,北區一中⛅中國醫中科⛅流理台⛅全新⛅秒殺a小資首選,,8499,10.0,1.1,4,1,台中市,台中市北區梅亭街,,透天厝,1房1衛,,有對外窗,https://www.rakuya.com.tw/rent/rent_item?ehid=04ccaa29183452a,b077a4db6a560d1edc444b3a013ebd32.jpeg,1.4037467328599806
3495,東海全新❤租屋補助❤陽台獨洗❤室內機車位❤先選先贏,,8799,11.0,0.1,5,0,台中市,台中市龍井區遊園北路,,電梯大廈,開放式格局,,陽台,https://www.rakuya.com.tw/rent/rent_item?ehid=045570293112596,78435f0e50a8230fafbd5ecf8f67f093.jpeg,0.32198069329660195
3496,旱溪✔可寵✔可半年✔機車好停,,4999,11.2,0.0,6,1,台中市,台中市太平區中山路四段,,公寓,1房1衛,,有對外窗,https://www.rakuya.com.tw/rent/rent_item?ehid=07a58e261344531,586f3c4ba30694d3f86b2bb28bed2261.jpeg,0.6578222045686565
3497,☞❤秒殺❤近中醫❤精美套房❤沙發❤採光佳❤☜,,3999,10.0,4.6,2,1,台中市,台中市北區大德街,,別墅,1房1衛,,有對外窗,https://www.rakuya.com.tw/rent/rent_item?ehid=0cde83130912781,995a9ef1d7b36abd63fde8d50ec1e71d.jpeg,1.1601028514750795
3498,近勤益⛅陽台獨洗⛅可雙租補⛅可貓⛅子母車⛅乾溼分離,,9600,10.0,0.0,4,1,台中市,台中市太平區坪林路,,電梯大廈,1房1衛 - 1陽台,,,https://www.rakuya.com.tw/rent/rent_item?ehid=0babc129293941b,1674ba1e99146598f2853a84b216a0a1.jpeg,0.1518414424022808
3499,走路到精城商圈❤可雙租屋補助❤可貓寵❤可短租首選,,5499,8.0,0.1,2,1,台中市,台中市西區大隆路,,電梯大廈,1房1衛,,有對外窗,https://www.rakuya.com.tw/rent/rent_item?ehid=08c83e29190533e,4302507513cb1f33c6ee9a69ef923ee7.jpeg,1.5917888897792971
3500,租屋補助✨可短租✨陽台獨洗✨可貓搶✨採光佳,,9999,13.0,0.0,4,1,台中市,台中市北屯區中清路二段,,透天厝,1房1衛 - 1陽台,,有對外窗;陽台,https://www.rakuya.com.tw/rent/rent_item?ehid=0b1eeb28928681d,6d0d928d0cb392cec8ad386c873f3af8.jpeg,0.8520035047125272
3501,好停車✓報稅補助戶籍✓空間大到內褲穿不下✓陽台自裝,,8499,16.0,0.0,6,1,台中市,台中市太平區環太東路,,電梯大廈,1房1衛 - 1陽台,,有對外窗,https://www.rakuya.com.tw/rent/rent_item?ehid=0a9d8c185836625,9a6d728eb93267dc33295307d4be2ce7.jpeg,0.5412279822001659
3502,全新質感⏳可貓可租補⏳陽台獨洗⏳流理台⏳子母車⏳,,8999,16.0,0.1,3,1,台中市,台中市東區振福路,,透天厝,1房1廳1衛 - 1陽台1廚房,,有對外窗;陽台,https://www.rakuya.com.tw/rent/rent_item?ehid=00779829346359d,82240b729b45931f16babd06d0f29a94.jpeg,0.0
3503,逢甲商圈電梯免爬⭐超低價⭐搶租,,4500,8.7,0.1,8,1,台中市,台中市西屯區河南路二段,,華廈,1房1衛,,有對外窗,https://www.rakuya.com.tw/rent/rent_item?ehid=07b31b29284777b,c24bc1429f52191c48c0db54e89c8d77.jpeg,1.4057508407998507
3504,逢甲⛅可租補雙租補⛅可寵可貓可狗⛅西屯⛅子母車⛅,,9499,10.0,2.1,2,1,台中市,台中市西屯區西屯路二段,,透天厝,1房1衛 - 1陽台,,有對外窗;陽台,https://www.rakuya.com.tw/rent/rent_item?ehid=0839e229211795b,ad57de5c800fc9c50bf35ae12636fa15.jpeg,0.8491759058307269
3505,勤益大學✨可租補✨陽台獨洗✨子母車✨飲水機✨機車位,,6399,10.0,0.1,3,1,台中市,台中市太平區中山路一段,,透天厝,1房1衛 - 1陽台,,有對外窗;陽台,https://www.rakuya.com.tw/rent/rent_item?ehid=08de3229273110e,22937a6cc407e2882810babf9b705055.jpeg,0.21820914239714292
3506,整棟全新多間可選可雙租補流理台超大空間,,14000,10.0,0.3,5,1,台中市,台中市太平區太順路,,電梯大廈,1房1衛 - 1陽台,,有對外窗;陽台,https://www.rakuya.com.tw/rent/rent_item?ehid=0c5032293051087,341295d278ba662b053bfda58a2594ce.jpeg,0.34613609862152467
3507,自租❤️17分軍功東山商圈｜讓度假~成為回家的日常,,23000,51.75,0.8,0,4,台中市,台中市新社區中和街一段/怡朗朗,,別墅,4房2廳5衛 - 1室2陽台1廚房,,有對外窗,https://www.rakuya.com.tw/rent/rent_item?ehid=0cf328265625086,b417708d8525d109fe321353781589bb.jpeg,0.025334849095608968
3508,⭐近一中⭐可貓⭐流理台⭐木質地⭐陽台獨洗⭐衛浴開窗,,12799,15.0,0.1,3,1,台中市,台中市西區日新街,,透天厝,1房1衛 - 1陽台,,有對外窗;陽台,https://www.rakuya.com.tw/rent/rent_item?ehid=0f54e7293241426,148af7fd88681c21ee5c918d21457805.jpeg,1.099348357035391
3509,✨精裝２房✨可貓可租補✨近水湳、中國醫✨有電梯✨,,21999,20.0,0.1,5,2,台中市,台中市北區梅川西路三段,,電梯大廈,2房1廳1衛 - 1陽台1廚房,,有對外窗;陽台,https://www.rakuya.com.tw/rent/rent_item?ehid=05341729179805b,09cd0ea63e3f1311b8047360380f8ee9.jpeg,0.8110154597697824
3510,整棟全新⏳質感裝潢⏳陽台獨洗⏳子母車⏳室內機車位,,11499,16.0,0.0,3,1,台中市,台中市北區梅川東路三段,,電梯大廈,1房1廳1衛 - 1陽台,,有對外窗;陽台,https://www.rakuya.com.tw/rent/rent_item?ehid=00552b290257800,dbc6a32cf216ad6c8404eea6cd9a0753.jpeg,0.8870982655765383
3511,整棟新蓋✨陽台獨洗✨系統裝潢✨絕美採光✨電梯套房,,9999,13.0,0.1,7,1,台中市,台中市北屯區大連西路,,電梯大廈,1房1衛 - 1陽台,,,https://www.rakuya.com.tw/rent/rent_item?ehid=05ed2a293385194,40761f951a369a10a3a54a3b2356a045.jpeg,0.8629393723342749
3512,♥️可租補✨台水電✨陽台獨洗✨子母車✨,,12499,15.0,0.0,3,1,台中市,台中市太平區太平路,,透天厝,1房1衛 - 1陽台,,,https://www.rakuya.com.tw/rent/rent_item?ehid=00e3db28853851c,df0455df3278f0b7342756d0296d9dd6.jpeg,0.14142640974286175
3513,秒殺勤益中台電梯✅優質學生套房✅陽台獨洗,,6300,12.0,0.0,1,1,台中市,台中市太平區中山路一段,,電梯大廈,1房1衛 - 1陽台,,陽台,https://www.rakuya.com.tw/rent/rent_item?ehid=0a128c25749046d,188856038598c99ea31a08dfd38e0f2b.jpeg,0.2186293251477872
3514,中興大學✨可租補✨可寵✨陽台獨洗✨子母車✨飲水機,,9999,10.0,0.1,2,1,台中市,台中市南區南平路,,華廈,1房1衛 - 1陽台,,有對外窗;陽台,https://www.rakuya.com.tw/rent/rent_item?ehid=0cf3c2292916833,057b99b49c5501d2ae1dd3479f0ca8e1.jpeg,0.6611229062238396
3515,⭐近逢甲商圈⭐樓中樓⭐全新整理⭐陽台獨洗⭐,,20799,20.0,0.1,5,2,台中市,台中市西屯區福星路,,透天厝,2房1廳1衛 - 1陽台,,有對外窗;樓中樓;陽台,https://www.rakuya.com.tw/rent/rent_item?ehid=012c91283367168,b42ef383e86a68125a2657772a33acc7.jpeg,1.6686056366918627
3516,整棟全新｜可貓｜陽台獨洗｜子母車｜流理台,,21000,22.0,0.1,3,2,台中市,台中市北屯區東山路一段,,透天厝,2房1廳1衛 - 1陽台,,,https://www.rakuya.com.tw/rent/rent_item?ehid=0676c829245423a,cec4270fdd8b201702d701f1b2467072.jpeg,0.5775480148255073
3517,戀愛的感覺❤️女孩夢想中甜美香閨可短租1個月起❤️,,8999,12.0,6.2,8,1,台中市,台中市龍井區新興路,,電梯大廈,1房1衛,,有對外窗,https://www.rakuya.com.tw/rent/rent_item?ehid=09c3d3283001555,716f763d533a47773b4cbb64b4f2e630.jpeg,0.3523258282854057
3518,可貓便宜3房❤️電梯管理員❤️台水電❤️秒殺大空間,,24000,28.0,0.0,11,3,台中市,台中市西區向上路一段,,電梯大廈,3房2廳2衛 - 2室2陽台1廚房,,有對外窗;陽台,https://www.rakuya.com.tw/rent/rent_item?ehid=0f423d276426203,77e9d60234d7afe42d481c9ad20cac90.jpeg,1.398709144822472
3519,✨1+1房一廳✅精美新屋✨獨洗獨曬✨木地板✨採光,,12500,15.0,4.6,3,2,台中市,台中市北區英才路,,透天厝,2房1廳1衛,,有對外窗,https://www.rakuya.com.tw/rent/rent_item?ehid=0eba01229449144,78c4ebee6a511551750bddd3d5746434.jpeg,0.37971672580839505
3520,近興大秒殺⭐小資首選⭐可雙租補⭐代收垃圾⭐獨曬共洗,,6499,7.0,0.1,4,1,台中市,台中市南區福新街,,電梯大廈,1房1衛,,有對外窗,https://www.rakuya.com.tw/rent/rent_item?ehid=08a2e3292803605,fdf5740546e3ca74e47cb22ad1b731e0.jpeg,0.10994345637561143
3521,全新未住⏳大三房⏳可租補⏳含平車位⏳亞哥文青硯,,28999,54.51,0.1,7,3,台中市,台中市北屯區中清路二段/亞哥文青硯,,電梯大廈,3房2廳2衛 - 2陽台1廚房,,有對外窗,https://www.rakuya.com.tw/rent/rent_item?ehid=0c7f65291196908,0c3b493af389d716fe136d6b8afd429f.jpeg,0.7563443437587996
3522,全新完工一房一廳@可貓寵@可租補@送電費6666,,16000,16.0,0.1,3,1,台中市,台中市南區新華街,,透天厝,1房1廳1衛 - 1陽台,,有對外窗;陽台,https://www.rakuya.com.tw/rent/rent_item?ehid=03ed5129311314f,5458611ba331743dcbc760fc82df5bb5.jpeg,0.0988932507900363
3523,東海電梯式小資房✨秒殺價❗下樓逛東海✨陽台獨洗✨,,8799,10.0,0.1,3,1,台中市,台中市龍井區遊園北路,,電梯大廈,1房1衛 - 1陽台,,有對外窗;陽台,https://www.rakuya.com.tw/rent/rent_item?ehid=03afdf293338277,d5aaf2af614dd5e6473bf9bf1ef65f45.jpeg,0.32198069329660195
3524,興大可狗電梯租補✅全新未住,,14000,15.0,0.0,6,1,台中市,台中市南區忠孝路,,電梯大廈,1房1廳1衛,,有對外窗,https://www.rakuya.com.tw/rent/rent_item?ehid=00fae0274978684,199ede9b6e0a4ac9a7fbee1723d875c1.jpeg,0.0
3525,✨金字塔頂級學舍✨勤益大學點✨一房一廳專套✨,,10999,10.0,0.0,6,1,台中市,台中市太平區中山路一段,,電梯大廈,1房1衛,,有對外窗;陽台,https://www.rakuya.com.tw/rent/rent_item?ehid=0f16d7272804713,4423618c389d87880db73e2ce069f4cf.jpeg,0.204490897876991
3526,西屯家具全2房❤️可租補❤️很便宜❤️,,25999,28.0,0.0,4,2,台中市,台中市西屯區福星北路,,電梯大廈,2房2廳2衛 - 2室1陽台1廚房,,有對外窗;陽台,https://www.rakuya.com.tw/rent/rent_item?ehid=06e8b0277613651,cf8779a7ac1e0822566aa12a39dc988c.jpeg,0.7714769782574148
3527,近一中街❤精美套房✅大空間❤含天然瓦斯❤子母車,,8000,10.0,6.4,4,1,台中市,台中市東區進化路,,透天厝,1房1衛,,有對外窗;陽台,https://www.rakuya.com.tw/rent/rent_item?ehid=09489f21353002e,e96d90450f1319e15f4c8b84454860e4.jpeg,0.0
3528,✨手刀預約✨勤美草悟道✨陽台獨洗✨科博館✨,,10999,14.0,0.1,3,1,台中市,台中市西屯區精明一街,,透天厝,1房1廳1衛 - 1陽台,,有對外窗;陽台,https://www.rakuya.com.tw/rent/rent_item?ehid=0e6c44291995791,3b77c3250b5634170bbb4da688714f7d.jpeg,1.5975851396639922
3529,獨洗曬⭐電梯免爬⭐小資必租⭐近一中,,6199,9.0,0.0,5,1,台中市,台中市東區玉皇街,,華廈,1房1衛,,有對外窗,https://www.rakuya.com.tw/rent/rent_item?ehid=0c5d00281085425,2aa80df51a410c22ba95eb0c1cbd2036.jpeg,0.8773189971927366
3530,可租補報稅♥️可短租✨陽台獨洗✨,,8499,11.0,0.1,6,1,台中市,台中市北區美德街,,電梯大廈,1房1衛 - 1陽台,,,https://www.rakuya.com.tw/rent/rent_item?ehid=07f4a9292496470,f38e7cd093fd08d9ee5492d973c9bf77.jpeg,1.0804288933059492
3531,幸福就是你❤️可租補❤️有電梯❤️陽台獨洗,,17999,21.0,0.1,3,0,台中市,台中市北屯區大連路一段,,透天厝,開放式格局,,有對外窗;陽台,https://www.rakuya.com.tw/rent/rent_item?ehid=0bd94d29337686b,37ae326de038e9ab1b94061e5bf9bc23.jpeg,1.1312343405001395
3532,南屯區東興商圈4房+平車出租,,39800,38.8,0.0,6,4,台中市,台中市南屯區東興路三段/英棋麗城,,電梯大廈,4房2廳2衛,,,https://www.rakuya.com.tw/rent/rent_item?ehid=0d5985284367185,7bba196bcece8327f57b13d640fad0cb.jpeg,1.2763075973792388
3533,北區⛅可租補⛅可寵可貓可狗⛅陽台獨洗⛅太原近74,,11999,12.0,1.1,2,1,台中市,台中市北區國強街,,華廈,1房1衛 - 1陽台,,有對外窗;陽台,https://www.rakuya.com.tw/rent/rent_item?ehid=0b324029292979f,df932e21f033e8300a9cec9161a15e8e.jpeg,0.6559685457376375
3534,東海✨共洗獨曬✨可租屋補助✨子母車✨小資首選✨,,4499,10.0,0.0,3,1,台中市,台中市龍井區新興路,,透天厝,1房1衛,,有對外窗,https://www.rakuya.com.tw/rent/rent_item?ehid=0fddb428415370a,456a3ab2e6e799bdc844f89e7469c06a.jpeg,0.38379625520962707
3535,✅科博館✅可雙租屋補助✅陽台獨洗✅子母車,,7999,12.0,0.1,7,1,台中市,台中市西區民權路,,電梯大廈,1房1廳1衛 - 1室,,有對外窗,https://www.rakuya.com.tw/rent/rent_item?ehid=0ac0e5255380880,3acea7c3ab3fc89f0b12eff077c04d42.jpeg,1.4875097338678014
3536,可短租.租補.可貓✨超值多間可選✨中科.東海,,5500,9.0,0.1,6,1,台中市,台中市龍井區新興路,,電梯大廈,1房1衛,,,https://www.rakuya.com.tw/rent/rent_item?ehid=05c86b292065245,f038d9563b3558e079b34a295fc38fc9.jpeg,0.37415273253705644
3537,✅養貓南區最頂✅雙租補|木紋地板|獨立陽台|近興大,,10999,14.0,0.0,6,1,台中市,台中市南區國光路,,電梯大廈,1房1廳1衛 - 1陽台,,有對外窗;陽台,https://www.rakuya.com.tw/rent/rent_item?ehid=07e53a289403051,4e14094551f469a69baaea449ab7d483.jpeg,0.6931061682849936
3538,勤益首選✨超大坪數✨陽台獨洗✨小資最愛✨IG搶先看,,6499,13.0,0.0,4,1,台中市,台中市太平區中山路二段,,透天厝,1房1衛 - 1陽台,,有對外窗,https://www.rakuya.com.tw/rent/rent_item?ehid=093188291804597,4b953ad91359c9376bb8b41f5f8fcb8b.jpeg,0.31307708053626493
3539,可貓貓首選✨陽台獨洗✨流理臺✨機車位✨採光佳衛浴窗,,8499,9.0,0.0,2,0,台中市,台中市太平區宜欣七街,,透天厝,開放式格局,,,https://www.rakuya.com.tw/rent/rent_item?ehid=06567f28866699e,26bdb4ff1eb6bb531ad39552ca72c600.jpeg,0.5138625224260002
3540,獨曬窗♥老虎成♥近新光遠百♥東海澄清中科♥逢甲僑光,,8999,12.0,20.6,3,1,台中市,台中市西屯區黎明路三段,,透天厝,1房1衛,,有對外窗,https://www.rakuya.com.tw/rent/rent_item?ehid=062db3270710639,713f949ab55e2f245d2bbcefbc5fd61b.jpeg,0.9885256096464811
3541,⭐近逢甲⭐可貓⭐可租補⭐管理員⭐子母車⭐飲水機,,7999,11.0,0.1,5,1,台中市,台中市西屯區福上巷,,公寓,1房1衛,,有對外窗,https://www.rakuya.com.tw/rent/rent_item?ehid=05bff8292980912,2bec442a715476fbdc24a5944b9c2bde.jpeg,1.7090537367842824
3542,全新兩房❤️雙租補❤️含車含管❤️傢俱可談,,20999,25.0,0.0,10,2,台中市,台中市北屯區環太東路,,電梯大廈,2房1廳1衛 - 1陽台,,,https://www.rakuya.com.tw/rent/rent_item?ehid=0938b1293133017,7c1a2308d78c0a26fd76dd4ad8c90980.jpeg,0.17180315398813895
3543,1樓大間⭐可租補⭐74環線⭐小資價,,5999,10.0,0.1,1,1,台中市,台中市太平區富宜路,,透天厝,1房1衛,,有對外窗,https://www.rakuya.com.tw/rent/rent_item?ehid=0040de292010759,a48147d9a64667120ab216dc15e0cd73.jpeg,0.5033665111683832
3544,整棟新蓋南區秒殺屋✨雙租補❗陽台獨洗✨電梯式✨,,9499,10.0,0.1,3,1,台中市,台中市南區和昌街,,電梯大廈,1房1衛 - 1陽台,,有對外窗;陽台,https://www.rakuya.com.tw/rent/rent_item?ehid=003910291311670,8aaaa3e7a05894f8d97ef51b9ad6b804.jpeg,0.6091261798008394
3545,水湳市場❤一房一廳✔陽台❤電梯✔租補,,13799,15.0,0.1,6,1,台中市,台中市西屯區長安路二段,,透天厝,1房1廳1衛 - 1陽台,,有對外窗;陽台,https://www.rakuya.com.tw/rent/rent_item?ehid=06915e291370330,2414b5ac6ec9be6cc0fffde70b350ed2.jpeg,0.80164006402987
3546,小資推推✨逢甲首選✅可租補報稅❤️台電計費,,5799,9.0,0.1,5,1,台中市,台中市西屯區至善路,,公寓,1房1衛,,有對外窗,https://www.rakuya.com.tw/rent/rent_item?ehid=0bd02129107401b,a935231cd872a228bafd5764844437ba.jpeg,1.2637335825949232
3547,台水電☆可雙租補☆子母車☆獨洗曬☆可貓狗☆全戶濾水,,17500,19.0,5.4,2,1,台中市,台中市北屯區松山街,,透天厝,1房1衛 - 1陽台,,有對外窗;陽台,https://www.rakuya.com.tw/rent/rent_item?ehid=09b827277110597,334103cb6950a390bdb7d87938f6b805.jpeg,0.5128422745386355
3548,❤️逢甲僑光❤️可租屋補助❤️可貓寵首選❤️子母車,,5999,6.0,8.2,2,1,台中市,台中市西屯區福上巷,,電梯大廈,1房1衛,,有對外窗,https://www.rakuya.com.tw/rent/rent_item?ehid=01ce56286373138,bdf0b3b3c15e24e4abd9786bd84c9f08.jpeg,1.7702427304535155
3549,近興大✨租屋補助✨可貓搶✨機車位✨子母車,,5899,9.0,0.0,1,1,台中市,台中市南區仁德街,,透天厝,1房1衛,,有對外窗,https://www.rakuya.com.tw/rent/rent_item?ehid=0c2745290267586,dc1a6a589b7a95a447f23d3159aa1e18.jpeg,4431.259535514494
3550,雙租屋補助✨可貓流理台✨陽台獨洗✨機車位✨,,13499,14.0,0.0,3,1,台中市,台中市北屯區大連北街,,透天厝,1房1衛 - 1陽台,,有對外窗;陽台,https://www.rakuya.com.tw/rent/rent_item?ehid=0f72c829047476c,ab91a6be0f23544849b125466e08bf68.jpeg,0.7306817772740081
3551,獨洗陽台✨可租補✨流理臺✨衛浴開窗✨機車位,,10000,13.0,0.0,5,1,台中市,台中市北屯區北屯路,,電梯大廈,1房1衛 - 1陽台,,有對外窗;陽台,https://www.rakuya.com.tw/rent/rent_item?ehid=0ed95b22578454a,b5a794dab580d3d4dbcee999fe479fb8.jpeg,0.12625807617541235
3552,北屯⛅三房兩廳兩衛兩陽台⛅可租補⛅近74近太平⛅,,35800,45.0,2.1,12,3,台中市,台中市北屯區太和二街/佳昂太和2,,電梯大廈,3房2廳2衛 - 2陽台,,有對外窗;陽台,https://www.rakuya.com.tw/rent/rent_item?ehid=0609bc292379974,901741845d7d0331884475453c715cd9.jpeg,0.2520449156469543
3553,北屯水湳⛅可租補可報稅可戶籍⛅陽台獨洗⛅流理台機車,,10499,11.0,2.1,2,1,台中市,台中市北屯區雷中街,,透天厝,1房1衛 - 1陽台,,有對外窗;陽台,https://www.rakuya.com.tw/rent/rent_item?ehid=03e55f29012626e,f9b4f34b0201acd624cc362c08a3dddc.jpeg,0.38056845092175967
3554,西屯⛅一房兩廳一衛一陽台⛅可租補可寵電梯台水電,,16999,18.0,3.1,4,1,台中市,台中市西屯區漢成六街,,電梯大廈,1房2廳1衛 - 1陽台,,,https://www.rakuya.com.tw/rent/rent_item?ehid=0cc76a289103539,36ca577e1148212cdd4fac6c75ea2299.jpeg,0.9214362567653468
3555,文華高中❤共洗共曬❤可租屋補助❤小資首選❤子母車,,6999,10.0,0.1,2,1,台中市,台中市西屯區甘肅路一段,,透天厝,1房1廳1衛,,有對外窗,https://www.rakuya.com.tw/rent/rent_item?ehid=03f20429338521a,e61f4787125227af9645525b0286fda5.jpeg,0.8798926466664962
3556,可貓可短租⭐獨洗曬⭐室內G車⭐搶,,5599,10.0,0.0,6,1,台中市,台中市北屯區大連路一段,,透天厝,1房1衛,,有對外窗,https://www.rakuya.com.tw/rent/rent_item?ehid=04c709293928859,a66a487bdf9109d6ea61eb2db12a95aa.jpeg,1.2980805855180009
3557,可貓⭐陽台獨洗⭐小資價⭐中醫教育大,,4799,8.5,0.1,5,1,台中市,台中市北區英才路,,透天厝,1房1衛 - 1陽台,,有對外窗,https://www.rakuya.com.tw/rent/rent_item?ehid=0e6f4729324121a,76523e27b80a04e0214be3fec2f05385.jpeg,0.4263251479235496
3558,小資首選✨可貓咪可雙租補✨凸窗曬衣✨一中街台中車站,,5499,10.2,0.1,2,1,台中市,台中市北區精武路,,透天厝,1房1衛,,有對外窗,https://www.rakuya.com.tw/rent/rent_item?ehid=0ea5b5293452154,62d12f5b35273b18aa42884b32a94f83.jpeg,1.0636870015650777
3559,教育大學❤獨洗獨曬❤可寵物❤可租屋補助❤子母車,,6599,10.0,0.1,4,1,台中市,台中市中區中華路一段,,透天厝,1房1衛,,有對外窗,https://www.rakuya.com.tw/rent/rent_item?ehid=09fc3a293379938,4ef5ce663572f9539140b5d9b20c6250.jpeg,4312.774662827702
3560,電梯套房⚡機車位⚡陽台獨洗⚡近逢甲商圈,,9999,13.0,0.0,1,1,台中市,台中市西屯區光明路,,電梯大廈,1房1衛 - 1陽台,,有對外窗;陽台,https://www.rakuya.com.tw/rent/rent_item?ehid=052d41288729776,8381d32d7437c0149fa88405c63eb62d.jpeg,1.2377413808250832
3561,秒殺逢甲❤明亮獨曬❤電梯精美套房❤黃金商圈❤子母車,,7499,12.0,4.7,5,1,台中市,台中市西屯區福星路,,電梯大廈,1房1廳1衛,,有對外窗,https://www.rakuya.com.tw/rent/rent_item?ehid=059d25186724423,c2bb63ddda7a7612e020f75917538677.jpeg,1.8767755649586988
3562,天瀚向陽美視野三房平車,,38000,73.8,0.0,12,3,台中市,台中市西屯區福林路,,電梯大廈,3房2廳2衛,,,https://www.rakuya.com.tw/rent/rent_item?ehid=0fea7a258730323,25d2eaf03d820c446acafbbabc2d36db.jpeg,0.3302618816821738
3563,走路三分到捷運站✨台電兩房全新✨可租補可貓咪可報稅,,20000,20.0,0.1,2,2,台中市,台中市西屯區文心路三段,,透天厝,2房1廳1衛 - 1陽台,,有對外窗;陽台,https://www.rakuya.com.tw/rent/rent_item?ehid=07d7e2290929280,53aca14e5c56c5525af07a6c47e132b5.jpeg,0.9996014354259256
3564,電梯管理員✨可貓咪✨台水電✨雙租補入籍✨家具已全配,,13999,15.0,0.1,11,1,台中市,台中市北區漢口路四段,,電梯大廈,1房1衛 - 1陽台,,有對外窗;陽台,https://www.rakuya.com.tw/rent/rent_item?ehid=0f4920292799408,2a83b4e2af11d6f6b0f2a4f60a3db40e.jpeg,1.5251148281795421
3565,秒殺一中❤黃金益民商圈❤學生套房❤可貓寵❤子母車,,5999,8.0,2.9,2,1,台中市,台中市北區錦新街,,透天厝,1房1衛,,有對外窗,https://www.rakuya.com.tw/rent/rent_item?ehid=0414a3253756870,bf8bf29d04dd52ea1e2905bb0e02ee32.jpeg,1.1019073626837295
3566,❤一年新屋❤電梯✅陽台獨洗❤機車位❤美裝潢,,8500,11.0,5.4,3,1,台中市,台中市西屯區中工三路,,電梯大廈,1房1衛 - 1陽台,,有對外窗;陽台,https://www.rakuya.com.tw/rent/rent_item?ehid=033bb5121092765,0aec286b262e69b8e1dcdf4d58c6aea1.jpeg,0.5199364145633427
3567,秒殺可寵❤️短租❤️雙租補❤️小資最愛,,5999,7.0,0.1,3,1,台中市,台中市西區大隆路,,透天厝,1房1衛,,有對外窗,https://www.rakuya.com.tw/rent/rent_item?ehid=06a82929177232e,21b07b3b46b60f020d089deadc750cb0.jpeg,1.57460658640698
3568,全新整層❤️三房❤️租補❤️台水電❤️附傢俱,,24999,30.0,0.1,13,3,台中市,台中市東區德興一街,,電梯大廈,3房1廳2衛 - 1陽台,,,https://www.rakuya.com.tw/rent/rent_item?ehid=07ebce285188106,bd732df2bb8eaeac4d504f8796de76ff.jpeg,0.26900720440326586
3569,貓咪的家⚡飲水機⚡陽台獨洗⚡子母車⚡流理臺⚡可租補,,20000,16.0,0.1,3,2,台中市,台中市南區建國南路二段,,公寓,2房1廳1衛 - 1陽台,,有對外窗;陽台,https://www.rakuya.com.tw/rent/rent_item?ehid=0a875024225006c,4bc0630460f4f0cfd1f19844c87bf8ae.jpeg,1.7658400357432253
3570,可寵⭐可短租⭐獨洗衣⭐小資價,,5999,9.0,0.0,3,1,台中市,台中市北區尚德街,,公寓,1房1衛 - 1陽台,,有對外窗,https://www.rakuya.com.tw/rent/rent_item?ehid=00ca63293777036,6c88cc4792d1c3acd1da0afedda2bf73.jpeg,4357.39289881647
3571,走路中國醫⭐陽台獨洗⭐流理臺⭐小資價,,6299,9.2,0.0,5,1,台中市,台中市北區美德街,,公寓,1房1衛 - 1陽台,,有對外窗,https://www.rakuya.com.tw/rent/rent_item?ehid=043445268521366,559426abcdb39700202ec84bdeadd585.jpeg,1.1204972551471812
3572,⭐可雙租補⭐陽台獨洗⭐台電分算⭐對外窗採光佳⭐,,8499,14.0,0.1,2,1,台中市,台中市大雅區雅楓街,,公寓,1房1衛 - 1陽台,,有對外窗,https://www.rakuya.com.tw/rent/rent_item?ehid=008a25284286872,c97991c0220b965138f6cbbdb4fcfad8.jpeg,0.03952788634046155
3573,兩房家具全配✨可租補✨變頻冷暖✨汽機車位✨電梯管理,,20499,28.0,0.0,2,2,台中市,台中市大肚區太平路/豪邸心賞,,電梯大廈,2房1廳1衛 - 2陽台1廚房,,有對外窗;有中庭;陽台,https://www.rakuya.com.tw/rent/rent_item?ehid=0198ee288990858,ba29105c59c50878603c616ece47e1f2.jpeg,0.08612895254287233
3574,近中國醫✨租屋補助✅實習短租✨陽台獨洗✨IG搶先看,,7699,15.0,0.1,6,1,台中市,台中市北區美德街,,電梯大廈,1房1衛 - 1陽台,,有對外窗,https://www.rakuya.com.tw/rent/rent_item?ehid=0ed0a1291904223,9d60f7f973abdec2d999249fc724f865.jpeg,1.0933538264690086
3575,❤️東海中科❤️共洗窗曬飲水機機車位❤️可租補,,3999,8.0,5.8,5,1,台中市,台中市龍井區台灣大道五段,,電梯大廈,1房1衛,,有對外窗,https://www.rakuya.com.tw/rent/rent_item?ehid=00423a28109138c,6d8f74435bd20bc9097f3c1c7b22d3a1.jpeg,0.16922805510960853
3576,✨稀有釋出✨大套✨租屋補助✨勤益✨電梯✨,,8999,14.0,0.0,5,1,台中市,台中市太平區中山路二段,,電梯大廈,1房1廳1衛 - 1陽台,,有對外窗;陽台,https://www.rakuya.com.tw/rent/rent_item?ehid=0f282b285707509,a01df6452eacabdb9cfc620ffba58c99.jpeg,0.3009869218781037
3577,＜東區九期旁＞物流分據點/辦公首選112臨旱溪店住,,200000,162.0,31.1,0,12,台中市,台中市東區旱溪西路一段,,透天厝,12房4廳8衛,,有對外窗,https://www.rakuya.com.tw/rent/rent_item?ehid=0993a3292334923,2ac53ec70060c4eb322c3d61706ca219.jpeg,0.6877940165889381
3578,首月租金半價✨台水台電獨洗曬✨可寵可雙租補✨可短租,,15499,15.0,0.0,6,1,台中市,台中市北區篤行路,,電梯大廈,1房1衛,,,https://www.rakuya.com.tw/rent/rent_item?ehid=0dddc7287471843,9e8842e87e8fcee4f6893398e7d79852.jpeg,1.0491940415672696
3579,❤️東海夢幻美屋❤️乾溼分離機車位❤️可租補,,6999,10.0,0.0,8,1,台中市,台中市龍井區台灣大道五段,,電梯大廈,1房1衛,,有對外窗,https://www.rakuya.com.tw/rent/rent_item?ehid=012ec7281090946,d5199ed0a6f5da46555a818ca496d55a.jpeg,0.15771660647795688
3580,可租補⚡台水台電⚡3房2廳⚡近中興大學,,20000,25.0,0.0,4,3,台中市,台中市南區南和路,,公寓,3房2廳2衛 - 1陽台1廚房,,有對外窗;陽台,https://www.rakuya.com.tw/rent/rent_item?ehid=03ec2028826033b,6d9ec65c8716494acad691d01686f0fb.jpeg,0.005512507915951796
3581,✨電梯美屋✨無對外窗✨獨洗✨租屋補助✨加賴約看✨,,6999,13.0,0.1,2,1,台中市,台中市西屯區西屯路二段,,電梯大廈,1房1衛,,,https://www.rakuya.com.tw/rent/rent_item?ehid=0d39b4293455760,57f8a08c45d00aab1880f73982715dda.jpeg,1.0355340346381643
3582,✨電梯別墅✨雙租屋補助✨獨洗乾溼分離✨加賴約看✨,,10999,15.0,0.1,4,1,台中市,台中市太平區環太東路,,電梯大廈,1房1衛,,有對外窗,https://www.rakuya.com.tw/rent/rent_item?ehid=0fc3c6293034846,302e378bd0487e4f083bfca2ced6feaa.jpeg,0.5249910551265058
3583,⭐電梯⭐可租補、報稅、入籍⭐投幣共洗⭐獨立陽台,,9999,13.0,0.1,7,1,台中市,台中市北屯區祥順路二段,,透天厝,1房1衛 - 1陽台,,有對外窗;陽台,https://www.rakuya.com.tw/rent/rent_item?ehid=043401293050387,cb516d4dd962347c26667bcc1ffb1a85.jpeg,0.2505307855164024
3584,⭐近市政府⭐電梯⭐管理員⭐可租補⭐獨洗曬⭐全新整理,,6499,9.0,0.1,2,1,台中市,台中市西屯區青海路一段,,電梯大廈,1房1衛,,有對外窗,https://www.rakuya.com.tw/rent/rent_item?ehid=099f5029298077c,d7f7d83920946f28f4bb0998938cab98.jpeg,1.102575805366846
3585,✨優質貓宅✨雙租補✨忠孝夜市✨陽台獨洗✨變頻冷氣✨,,11499,14.0,0.0,3,1,台中市,台中市南區五權南路,,公寓,1房1廳1衛 - 1陽台,,有對外窗;陽台,https://www.rakuya.com.tw/rent/rent_item?ehid=0f74d228820821e,67b820fb231e4805094b91809bc56755.jpeg,0.0
3586,1樓免爬⭐獨洗衣⭐流理臺⭐超值價,,4999,8.9,0.0,1,1,台中市,台中市南區福南街,,透天厝,1房1衛,,有對外窗,https://www.rakuya.com.tw/rent/rent_item?ehid=0ddfff291492888,171fb3d1fb5056628f41c05493d05a4d.jpeg,0.11360416361794232
3587,全新❤可雙租補❤近興大❤陽台獨洗❤乾溼分離❤機車位,,9499,12.0,0.0,5,0,台中市,台中市南區和昌街,,電梯大廈,開放式格局,,陽台,https://www.rakuya.com.tw/rent/rent_item?ehid=0fdd42287605185,e4f7b45a61c106d6e258162df20299e0.jpeg,0.6091261798008394
3588,長安路 中清 文心 崇德,,7599,10.0,0.1,8,1,台中市,台中市西屯區長安路二段,,華廈,1房1廳1衛,,有對外窗;陽台,https://www.rakuya.com.tw/rent/rent_item?ehid=079a0529298050d,1ea824cb83455c370aea825fb74fe41f.jpeg,0.8598366381946381
3589,秒殺❤入戶籍租屋補助❤電梯精美套房❤機車位❤子母車,,7499,12.0,4.6,6,1,台中市,台中市太平區環中東路四段,,電梯大廈,1房1衛 - 1室1陽台,,有對外窗;陽台,https://www.rakuya.com.tw/rent/rent_item?ehid=004ee018646377d,7e7f3be883ec6a64ea4c374d3f547b97.jpeg,0.30147765380093133
3590,全新電梯套房❤️雙租補❤️陽台獨洗獨曬❤️採光極佳,,7999,10.0,0.1,3,1,台中市,台中市太平區光興路,,電梯大廈,1房1衛 - 1陽台,,有對外窗;陽台,https://www.rakuya.com.tw/rent/rent_item?ehid=09b19c283829004,5b772def0ba2b14daa05889cb516d802.jpeg,0.08269614855407818
3591,全新電梯套房❤️雙租補❤️陽台獨洗獨曬❤️子母車,,10499,12.0,0.0,3,1,台中市,台中市北屯區遼陽四街,,電梯大廈,1房1衛 - 1陽台,,有對外窗;陽台,https://www.rakuya.com.tw/rent/rent_item?ehid=0af5c0282155076,9c8e2c68040c770ce12e302a5ceca0e2.jpeg,2.58094603988757
3592,近興大✅室內機車位✅採光佳✅子母車✅,,6999,11.0,0.0,3,1,台中市,台中市南區南和路,,電梯大廈,1房1衛,,有對外窗,https://www.rakuya.com.tw/rent/rent_item?ehid=04432023956004d,c06663a716c99835f64e40a04f2a7817.jpeg,0.006225655518866719
3593,小資首選⚡有電梯⚡共洗曬⚡飲水機⚡子母車⚡可租補,,5000,5.0,0.1,6,0,台中市,台中市西區中山路,,公寓,開放式格局,,有對外窗,https://www.rakuya.com.tw/rent/rent_item?ehid=0bb367224006896,87daaab03ba1fdc6dbc6a70aeeb2b34a.jpeg,0.13307579329001384
3594,正一中⭐大空間⭐共洗曬⭐小資價,,5999,9.2,0.0,4,1,台中市,台中市北區育才南街,,透天厝,1房1衛,,有對外窗,https://www.rakuya.com.tw/rent/rent_item?ehid=0df92d28377954d,0c9a00939adb906c0386f010cc8d8f96.jpeg,1.297543506730265
3595,一中/中國醫蛇年新春暖✨貓咪天堂✨溫馨的窩✨等你來,,5499,8.0,0.1,4,0,台中市,台中市北區梅亭街,,透天厝,開放式格局,,有對外窗,https://www.rakuya.com.tw/rent/rent_item?ehid=01686c293007330,6ac45300e8141cf4954c692ed7fd00a7.jpeg,1.480609544892093
3596,✨陽台獨洗曬✨可雙租補✨飲水機✨子母車✨,,12199,15.0,0.0,2,1,台中市,台中市北屯區中清路二段,,電梯大廈,1房1衛 - 1陽台,,陽台,https://www.rakuya.com.tw/rent/rent_item?ehid=0f13b4288107670,9ac9af41974ea5bb8cce60a71d2163a8.jpeg,0.8324817453965224
3597,教育大學✨可貓寵✨飲水機✨可短租✨採光好,,7499,10.0,0.1,10,1,台中市,台中市西區民權路,,電梯大廈,1房1衛,,有對外窗,https://www.rakuya.com.tw/rent/rent_item?ehid=07ec51292493597,257aa42a80e9fae132551d3864c7ccf3.jpeg,1.499156797228522
3598,獨洗凸窗曬/大空間/採光/近南屯,,12500,8.0,0.1,2,1,台中市,台中市南屯區大墩十八街,,透天厝,1房1衛,,有對外窗,https://www.rakuya.com.tw/rent/rent_item?ehid=0f93f029279415d,cca9ab37128fbd72cc12e7ab32129ae5.jpeg,1.2699199682010356
3599,興大秒殺✨租屋補助✅含機車位✨系統裝潢✨IG搶先看,,7699,11.0,0.1,5,1,台中市,台中市南區仁義街,,電梯大廈,1房1衛,,有對外窗,https://www.rakuya.com.tw/rent/rent_item?ehid=0728c7293247465,345cd07bc780295fd4909d61eb724aca.jpeg,3395.2461358618
3600,超大空間❤️少女最愛系統櫃✨含平車機車位✅可租補,,28499,45.0,0.1,11,2,台中市,台中市南屯區春安三街,,電梯大廈,2房2廳1衛 - 1陽台,,有對外窗;陽台,https://www.rakuya.com.tw/rent/rent_item?ehid=0ea55029107433a,d44c2063895d676b9a09b688426abc19.jpeg,0.13616443210386056
3601,可租補✅一房一廳✅情侶最愛✅獨洗窗曬10/27可住,,14999,18.0,0.0,2,1,台中市,台中市南屯區五權西路二段,,透天厝,1房1廳1衛,,有對外窗,https://www.rakuya.com.tw/rent/rent_item?ehid=03b869280066641,a23e50429274805a1fade6b5381cfc57.jpeg,0.0
3602,全新秒殺✅洗衣免費✅飲水機✅採光佳✅樓梯超好爬,,4499,8.0,6.0,4,1,台中市,台中市北區德化街,,公寓,1房1衛,,有對外窗,https://www.rakuya.com.tw/rent/rent_item?ehid=04e42f251572731,4fbc06d0651001c033b2412dfac7b397.jpeg,5810.180040008891
3603,✨運動4樓套房✨陽台獨洗✨類房廳✨大空間,,7000,9.0,12.2,4,1,台中市,台中市北區北興街,,透天厝,1房1衛 - 1陽台,,有對外窗;陽台,https://www.rakuya.com.tw/rent/rent_item?ehid=06f556179996264,b33fe87ddda9225cb705156423c7ad74.jpeg,2.493331535347328
3604,電梯三房一廳❤️可租補❤️陽台獨洗獨曬❤️平面車位,,29499,30.0,0.1,4,3,台中市,台中市北屯區敦富路,,電梯大廈,3房1廳2衛 - 2陽台1廚房,,有對外窗;陽台,https://www.rakuya.com.tw/rent/rent_item?ehid=0510d829278865d,d64c76779beb7a7a7828220d2db97559.jpeg,0.31273597964175276
3605,⚠️這麼優質⚠️家具電全配⚠️租補台電⚠️車位,,20999,36.0,0.0,7,3,台中市,台中市東區十甲東路,,電梯大廈,3房2廳2衛 - 1陽台1廚房,,,https://www.rakuya.com.tw/rent/rent_item?ehid=000960287786334,81948f8a706d53c22f0f7ea4a9124a4c.jpeg,0.0
3606,中興大⭐獨曬窗⭐雙人租補⭐小資價,,6499,10.0,0.1,4,1,台中市,台中市南區福新街,,華廈,1房1衛,,有對外窗,https://www.rakuya.com.tw/rent/rent_item?ehid=0db6c2292805142,bc0420bf5133052b7c7b34ba687a786b.jpeg,0.10994345637561143
3607,可短租一個月✨雙租屋補助✨電梯✨機車位,,15500,15.0,0.1,8,1,台中市,台中市龍井區台灣大道五段,,電梯大廈,1房1廳1衛,,有對外窗,https://www.rakuya.com.tw/rent/rent_item?ehid=014b88290919636,af90d6d594e4a8b76891c6001cf71e6b.jpeg,0.14367237312529607
3608,可租補 勤益大學 滾筒獨洗 烘衣機 生活機能優質,,6100,9.0,0.0,2,1,台中市,台中市太平區中山路一段二一五南巷,,透天厝,1房1衛,,有對外窗,https://www.rakuya.com.tw/rent/rent_item?ehid=0d0c91281708849,2eb5c0f53ce1c7041d46dbbb00d561f3.jpeg,0.21422697632919058
3609,全新完工✨可租補✨一房一廳✨陽台獨洗✨流理台,,15000,17.0,1.1,2,1,台中市,台中市南區民意街,,透天厝,1房1廳1衛 - 1陽台1廚房,,有對外窗;陽台,https://www.rakuya.com.tw/rent/rent_item?ehid=0ed24d291356523,fb67e360b86494129ebac297cbb2d457.jpeg,2.4799530529413625
3610,近逢甲✨小資首選✨獨曬窗✨電梯秒殺✨,,4499,8.0,0.1,8,1,台中市,台中市西屯區河南路二段,,電梯大廈,1房1衛,,有對外窗,https://www.rakuya.com.tw/rent/rent_item?ehid=0fc79828244229e,1296fe9df12ca06e3d0afecc1ce2d0c1.jpeg,1.4057908547964053
3611,✨小資雙租補兩房✨陽台獨洗流理台✨寵物天堂✨電梯✨,,21999,31.0,0.0,4,2,台中市,台中市南屯區大英街,,電梯大廈,2房1廳1衛,,,https://www.rakuya.com.tw/rent/rent_item?ehid=0f389a277123020,92a4b86e8b8fed3d764390dd9d3d96bd.jpeg,1.2983521037570058
3613,中科❤大空間❤系統衣櫃,,8999,10.0,0.0,3,1,台中市,台中市西屯區中工三路,,透天厝,1房 - 1室,,有對外窗,https://www.rakuya.com.tw/rent/rent_item?ehid=053d6d285329618,5b0bd0a0f5008dd95304a45f54b775b6.jpeg,0.5164089997440374
3614,❤️逢甲狠便宜❤️大空間三房✅含車位✨家庭首選,,25000,40.0,0.1,8,3,台中市,台中市西屯區青海路二段,,電梯大廈,3房1廳2衛 - 1陽台,,有對外窗;陽台,https://www.rakuya.com.tw/rent/rent_item?ehid=0e4471291937206,9349283711b531243bf015661c508702.jpeg,1.2661217811300047
3615,♥️可雙租補✨陽台獨洗✨子母車✨固定機車位✨,,13499,13.0,0.0,1,1,台中市,台中市南屯區文山一街,,電梯大廈,1房1衛 - 1陽台,,,https://www.rakuya.com.tw/rent/rent_item?ehid=07e1d6282016755,a22fda21dd729e3f14ad8c428f08308f.jpeg,0.21987664519809177
3616,近中科工業區東海可租補✨可加獨洗✨子母飲水機車位,,6500,7.0,0.0,6,1,台中市,台中市龍井區新仁路,,華廈,1房1衛 - 1陽台,,有對外窗;陽台,https://www.rakuya.com.tw/rent/rent_item?ehid=07908d286940650,41f6a8de4df86bf541ae4c6a012aa88f.jpeg,0.1455414386454747
3617,北屯全新電梯可寵物雙租補✨陽台獨洗✨飲水機子母車,,14000,10.0,0.0,3,1,台中市,台中市北屯區新興路,,華廈,1房1衛 - 1陽台,,陽台,https://www.rakuya.com.tw/rent/rent_item?ehid=0f41c528416404b,1e0b8d5229e38b0331b2c2dbc4045f93.jpeg,0.14055802899824343
3618,慈明✨租補❤可喵✨新整理,,8299,11.0,0.0,1,1,台中市,台中市太平區德隆路,,透天厝,1房1衛,,有對外窗,https://www.rakuya.com.tw/rent/rent_item?ehid=0bb09d290603680,8f53efb9a4ee4242b9f2b8d55ec4a143.jpeg,0.1067253377999506
3619,❤近逢甲❤共洗共曬❤小資首選❤管理員❤子母車,,4499,10.0,2.6,12,1,台中市,台中市西屯區福星路,,電梯大廈,1房1衛,,有對外窗,https://www.rakuya.com.tw/rent/rent_item?ehid=0ba9bd19012180f,d9b3094a423c76a8404345fcf197fd48.jpeg,2.000126770006742
3620,興進路五房,,40000,70.0,0.1,6,5,台中市,台中市北區興進路/自在琉璃,,電梯大廈,5房2廳3衛 - 3陽台1廚房,,有對外窗;為邊間;有中庭;陽台,https://www.rakuya.com.tw/rent/rent_item?ehid=03960c29333202c,6fec2e14cb57f26834bfce30055b0ae1.jpeg,1.112670546214156
3621,全新電梯大樓☆台水電☆租金含車位☆公設齊全,,27000,35.0,1.4,4,3,台中市,台中市西屯區福星北路/達麗J12,,電梯大廈,3房1廳2衛 - 1陽台1廚房,,有對外窗;陽台,https://www.rakuya.com.tw/rent/rent_item?ehid=0539df27818163f,cd1fff42312727177b720413e71df522.jpeg,0.7683572235448569
3622,水湳❤整棟可營登❤租補✨住商合一,,50000,80.0,0.0,3,4,台中市,台中市西屯區長安路二段,,透天厝,4房2廳5衛 - 2陽台1廚房,,有對外窗;陽台,https://www.rakuya.com.tw/rent/rent_item?ehid=0ca59b257279517,71fb062b306c39582f085f30ff32fd4f.jpeg,0.6980538689040025
3623,小資三房✅租補✅子母車✅機車好停✅變頻冷氣✅台水電,,21999,30.0,0.0,4,3,台中市,台中市北區育樂街,,透天厝,3房1廳1衛 - 1陽台1廚房,,有對外窗;陽台,https://www.rakuya.com.tw/rent/rent_item?ehid=05084b290667775,273132f34b11d3b344c97f4132148a02.jpeg,0.7955588871060085
3624,逢甲★陽台獨洗★可貓咪★管理員★可租屋補助★子母車,,6999,10.0,0.1,5,1,台中市,台中市西屯區福上巷,,公寓,1房1衛 - 1陽台,,有對外窗;陽台,https://www.rakuya.com.tw/rent/rent_item?ehid=05a59029285195d,c7c0865630fc77b12f162d5dd5e7a6f6.jpeg,1.7369578897638145
3625,近公益公園✨陽台獨洗✨寵物天堂✨火速預約✨可短租,,6799,8.0,0.1,5,0,台中市,台中市西區精忠街,,公寓,開放式格局,,有對外窗;陽台,https://www.rakuya.com.tw/rent/rent_item?ehid=03e40929105312b,62bebc61e2de48dcd361ed11f5b1fb1b.jpeg,0.06976675927959702
3626,大坪數◕乾濕分離◕流理台陽台獨洗◕一中中國醫,,10999,15.0,2.3,5,0,台中市,台中市中區公園路,,透天厝,開放式格局,,有對外窗;陽台,https://www.rakuya.com.tw/rent/rent_item?ehid=03198f201186594,1c344d6780ff50ae5ad37a6566d96b37.jpeg,0.0668527935367086
3627,電梯可報稅◕獨洗陽台◕機車位◕勤美SOGO,,14015,16.0,4.0,5,1,台中市,台中市西區精誠二十四街,,別墅,1房1廳1衛 - 1陽台,,有對外窗;有中庭;陽台,https://www.rakuya.com.tw/rent/rent_item?ehid=0f609110590346f,0b9ed6309be494884dc512aa1f3ebb43.jpeg,1.4847619411180633
3628,科博館✨可貓咪✨陽台獨洗✨小資首選✨,,4799,10.0,0.1,5,1,台中市,台中市西區英士路,,公寓,1房1衛 - 1陽台,,有對外窗;陽台,https://www.rakuya.com.tw/rent/rent_item?ehid=0d1fb5293210132,5c132dbee44d76177ecff73e9c4b3387.jpeg,1.5965441764075787
3629,木地板✨精美大3房✨流理台✅子母車✨電梯✨,,17800,20.0,6.4,2,3,台中市,台中市西屯區天水東街,,電梯大廈,3房1廳1衛,,有對外窗,https://www.rakuya.com.tw/rent/rent_item?ehid=01afc2155067791,2360e137868f445ee5b293d930647580.jpeg,0.8422627497739967
3630,松竹車站✔有陽台❤機車好停❤陽台,,7499,10.88,2.3,6,1,台中市,台中市北屯區松竹路二段,,透天厝,1房1衛 - 1陽台,,有對外窗;陽台,https://www.rakuya.com.tw/rent/rent_item?ehid=02fbe7203778822,1e3f1a624c1e83ebd8cc3c93e17ff94b.jpeg,0.655430940174721
3631,北區短租套房@近一中@共洗獨曬,,5000,9.0,0.0,3,1,台中市,台中市北區瑞祥街,,透天厝,1房1衛,,有對外窗,https://www.rakuya.com.tw/rent/rent_item?ehid=0cce2a288003113,392d634320e9886913076c74a11ec4ab.jpeg,0.8374037724103309
3632,租補❤️小資最愛❤️飲水機❤️獨洗窗曬❤️沙發,,6999,10.0,0.1,5,1,台中市,台中市北區崇德路一段,,透天厝,1房1衛,,有對外窗,https://www.rakuya.com.tw/rent/rent_item?ehid=0785ad293289600,50c9ad7d5eab66703c17683dc7956437.jpeg,1.4184118490484674
3633,中國醫⭐租屋補助⭐可短租⭐小資價,,4999,10.2,0.2,5,1,台中市,台中市北區德化街,,華廈,1房1衛,,有對外窗,https://www.rakuya.com.tw/rent/rent_item?ehid=0b841128837689e,c5c7ec4c1dd77222ae59479ae784f40e.jpeg,5229.045809161832
3634,幸福就是你❤️可租補❤️有電梯❤️陽台獨洗,,17199,20.0,0.1,5,0,台中市,台中市中區民族路,,透天厝,開放式格局,,有對外窗,https://www.rakuya.com.tw/rent/rent_item?ehid=04ea2829337679b,1a3dc421079d31f1a660878e44285fd0.jpeg,1.4938606889872492
3635,⭐️逢甲商圈⭐台水台電⭐可租補⭐電梯大樓⭐管理員⭐,,8550,11.0,0.1,1,1,台中市,台中市西屯區西安街,,電梯大廈,1房1衛 - 1陽台,,陽台,https://www.rakuya.com.tw/rent/rent_item?ehid=05c7bb286911745,79520109fc5500429c9c97f4e166e04d.jpeg,1.7197519219160387
3636,5房豪景華麗裝潢樓中樓家具車位,,70000,90.0,0.0,18,5,台中市,台中市西區五權西三街/熊都國美館,,電梯大廈,5房2廳3衛 - 1陽台1廚房,,有對外窗;樓中樓;陽台,https://www.rakuya.com.tw/rent/rent_item?ehid=051386290372381,48c51c113de37dba92064e8efe6c407d.jpeg,0.0
3637,興大/可租補/機車位.超新屋流理臺,,8300,11.5,0.1,2,0,台中市,台中市南區忠明南路,,透天厝,開放式格局,,有對外窗,https://www.rakuya.com.tw/rent/rent_item?ehid=0da485292851059,82d138b33d523c8c42d81ef10970917d.jpeg,0.44823993922699634
3638,❤️全新完工❤️陽台獨洗❤️乾溼分離❤️可雙人租補,,15999,15.0,1.6,6,1,台中市,台中市南屯區文心南三路,,電梯大廈,1房1衛 - 1陽台,,有對外窗;陽台,https://www.rakuya.com.tw/rent/rent_item?ehid=0e2c30255919670,8a0bd5486f205fc9cf41efd7ef9cf79a.jpeg,0.4643306208371876
3639,全新電梯大空間❤️雙租補❤️可寵❤️陽台獨洗曬,,11999,13.0,0.0,6,1,台中市,台中市北區榮華街,,電梯大廈,1房1衛 - 1陽台,,有對外窗,https://www.rakuya.com.tw/rent/rent_item?ehid=03c45c284737794,13d691f5f1951f966ad8038598a946ca.jpeg,2.338712782503773
3640,整棟全新電梯➕陽台獨洗➕衛浴開窗➕子母車➕機車位,,8999,16.0,0.1,3,1,台中市,台中市大雅區科雅路,,電梯大廈,1房1衛 - 1陽台,,有對外窗;陽台,https://www.rakuya.com.tw/rent/rent_item?ehid=0ee3e8292193888,d368d4c4405ff99ee19c10208a546bce.jpeg,0.0493256159599568
3641,台電⭐報稅入籍補助⭐電梯⭐小資價,,5499,8.9,2.2,4,1,台中市,台中市太平區中興東路,,透天厝,1房1衛,,有對外窗,https://www.rakuya.com.tw/rent/rent_item?ehid=0ee0cb29099817e,e8324a99edabfcdc35e5385674797d3e.jpeg,0.2255657862615391
3642,✨️超小資✨️陽台獨洗✨️近中國醫✨可貓✨️採光好,,4499,8.0,0.1,5,0,台中市,台中市北區五常街,,透天厝,開放式格局,,,https://www.rakuya.com.tw/rent/rent_item?ehid=08a060292810012,08e37ce78eb8c9d901629507a1465550.jpeg,0.0
3643,在我眼裡哪裡都是你✨可租補✨流理台✨陽台獨洗,,12999,16.0,0.1,3,1,台中市,台中市西屯區西苑三街,,電梯大廈,1房1衛 - 1陽台,,有對外窗;陽台,https://www.rakuya.com.tw/rent/rent_item?ehid=0379cd293056081,7aff5439516008f30042231925e0f6d7.jpeg,0.5949840452855332
3644,極美套房生活機能✨倒數幾間✨陽台獨洗曬✨大空間,,8500,9.0,0.0,1,0,台中市,台中市太平區大興十五街,,透天厝,開放式格局,,有對外窗;陽台,https://www.rakuya.com.tw/rent/rent_item?ehid=0d3d9e27643699c,9b7146344d50f4677254c6ef6f894996.jpeg,0.1469605850130306
3645,專簽-豐邑市政都心七期市政路優質商辦,,168000,132.6,14.6,6,0,台中市,台中市西屯區市政路/豐邑市政都心,,電梯大廈,開放式格局,,為邊間;有中庭;陽台,https://www.rakuya.com.tw/rent/rent_item?ehid=0fae35267565087,cc4134074f579fcc044a4fa83e8334d1.jpeg,0.7960324894265781
3646,近逢甲夜市✨管理員✨一房一廳✨可租補✨陽台獨洗,,13500,10.0,0.1,1,1,台中市,台中市西屯區長安路二段,,公寓,1房1廳1衛 - 1陽台,,陽台,https://www.rakuya.com.tw/rent/rent_item?ehid=037cf328948199b,0ccf7ab144139eee22e042b5d68f479b.jpeg,0.8036471362785766
3647,全新整理✅可租補✅三房✅台水電✅小資首選✅SOGO,,25999,26.0,0.1,4,3,台中市,台中市西區中美街,,透天厝,3房2廳1衛 - 1陽台1廚房,,有對外窗;陽台,https://www.rakuya.com.tw/rent/rent_item?ehid=0da73f290927441,7cbdd846dedbca1a6217ae74bc6a092f.jpeg,1.5465256091919473
3648,⭐可貓咪⭐雙租屋補助⭐電梯美屋⭐陽台獨洗⭐加賴速洽,,6299,13.0,0.0,4,1,台中市,台中市西屯區工業區三十八路,,電梯大廈,1房1衛 - 1陽台,,有對外窗;陽台,https://www.rakuya.com.tw/rent/rent_item?ehid=0be52c28457732e,cb2b0ec1d73c04d79acd31002aefe1b0.jpeg,0.3174391848540795
3649,中國醫⭐可短租⭐獨曬窗⭐小資價,,5499,8.9,0.1,2,1,台中市,台中市北區五常街,,透天厝,1房1衛,,有對外窗,https://www.rakuya.com.tw/rent/rent_item?ehid=00cb53290720766,a351d745d8a8848bcaa1c89d8c2aaf51.jpeg,0.0
3650,陽台獨洗◕沙發大間◕限男◕勤美SOGO,,6600,11.0,0.0,4,0,台中市,台中市西區華美街,,透天厝,開放式格局,,有對外窗;陽台,https://www.rakuya.com.tw/rent/rent_item?ehid=079c3e16156583f,7a34bb5b28924bba8d0c1f43b1b2a7e0.jpeg,1.810107489218888
3651,東海台電計可貓咪可租補✨大空間✨包水費,,8500,10.0,0.0,5,1,台中市,台中市龍井區台灣大道五段,,華廈,1房1衛,,,https://www.rakuya.com.tw/rent/rent_item?ehid=007e1a28284080b,0fbe6e3505bab49e067a8fe3141fb6ae.jpeg,0.15405523394469414
3652,逢甲❤可貓咪✔機車位✔共洗獨曬✔可租屋補助✔子母車,,5799,10.0,0.0,1,1,台中市,台中市西屯區福上巷,,透天厝,1房1廳1衛,,有對外窗,https://www.rakuya.com.tw/rent/rent_item?ehid=0bf91423385146c,9b1224d7f65ff0f642ddfa41c248e90c.jpeg,1.7777227035831105
3653,松竹捷運站✔CP高❤女生宿舍,,3799,10.2,0.0,3,1,台中市,台中市北屯區北屯路/國家廣場,,透天厝,1房1衛,,有對外窗,https://www.rakuya.com.tw/rent/rent_item?ehid=050a4322802427e,a0353833b137b798c9455f9e77820259.jpeg,0.14234178765071415
3654,秒殺❤中國醫❤可租屋補助❤獨洗電梯精美套房❤可短租,,7499,10.0,2.9,5,1,台中市,台中市北區美德街,,電梯大廈,1房1衛,,有對外窗,https://www.rakuya.com.tw/rent/rent_item?ehid=011311256880277,881b64d295ff28ae26414096ead7ebaf.jpeg,1.0968436141699414
3655,多間倒數中✨可租屋補助✨採光明亮視野佳✨蛇來運轉✨,,6999,15.0,0.1,4,0,台中市,台中市大肚區遊園路二段,,電梯大廈,開放式格局,,有對外窗;陽台,https://www.rakuya.com.tw/rent/rent_item?ehid=006f2d292983252,cb086865aa3ea88cbd411d5ace8a8e0a.jpeg,0.10376092531444532
3656,西區勤美⛅可租補可寵可貓可狗⛅獨洗⛅小資首選⛅,,5499,10.0,3.1,3,1,台中市,台中市西區美村路一段,,透天厝,1房1衛,,有對外窗,https://www.rakuya.com.tw/rent/rent_item?ehid=0c8887289114247,6d2e14146fb86ab388722c0b204adde9.jpeg,1.026270875881884
3657,⭐近東海⭐電梯⭐四房⭐管理員⭐台水電⭐現況出租,,19999,40.0,0.1,11,4,台中市,台中市西屯區福瑞街,,電梯大廈,4房1廳2衛 - 2陽台1廚房,,有對外窗;陽台,https://www.rakuya.com.tw/rent/rent_item?ehid=0f8176292981272,c832aa32ba7d3972047e947a115d53d6.jpeg,0.4235466892005104
3658,蛇年新輝煌✨超優質一房一廳採光好✨台水電✨雙租補✨,,10999,18.0,0.1,5,0,台中市,台中市西屯區大弘街,,電梯大廈,開放式格局,,有對外窗,https://www.rakuya.com.tw/rent/rent_item?ehid=087517292997889,4a03d2c2e7f0ef3745c39c3b94b479e0.jpeg,1.1305987142237484
3659,東海全新完工電梯套房✨超美可養貓可租補✨陽台獨洗,,12000,10.0,0.0,3,1,台中市,台中市龍井區台灣大道五段,,透天厝,1房1衛 - 1陽台,,有對外窗;陽台,https://www.rakuya.com.tw/rent/rent_item?ehid=03ca31282877946,d2b173dbcd2006d0efc56e3b1f1a83b2.jpeg,0.147932134162851
3660,新光遠百✨租屋補助✨大空間✨淺淺微笑,,9799,14.0,0.1,5,0,台中市,台中市西屯區何厝街,,電梯大廈,開放式格局,,有對外窗;陽台,https://www.rakuya.com.tw/rent/rent_item?ehid=08716f292565181,9fecf75987ee5b72627e22d4bd508a60.jpeg,1.1300759280076262
3661,❤全新整理❤雙人租補❤可短租貓咪❤勤美綠園道❤小資,,5999,8.0,0.1,4,0,台中市,台中市西區大隆路,,透天厝,開放式格局,,,https://www.rakuya.com.tw/rent/rent_item?ehid=0dd434291866868,a23991aecd51d1ea1fa301af3cb99c6f.jpeg,1.57460658640698
3662,【租】逢甲路、朝馬站旁， 正公園前，陽光電梯套房,,13000,13.0,9.3,4,1,台中市,台中市西屯區逢甲路,,電梯大廈,1房1廳1衛 - 1陽台,,有對外窗;陽台,https://www.rakuya.com.tw/rent/rent_item?ehid=0ea8ab137518318,927c6802ce364a7999a74aacf829d011.jpeg,1.5419304613016716
3663,東山四維捷運站直接入住美套房C,,11000,9.0,33.5,2,1,台中市,台中市北屯區東山路一段,,電梯大廈,1房1廳1衛,,有對外窗;為邊間;陽台,https://www.rakuya.com.tw/rent/rent_item?ehid=0c455027180703c,b48f3283b762a050faea866d20da2b02.jpeg,0.6213311417701084
3664,電梯❤️陽台❤️很新❤️獨洗❤️機車位❤️飲水機,,6599,9.0,0.1,2,1,台中市,台中市太平區東村八街,,電梯大廈,1房1衛 - 1陽台,,有對外窗;陽台,https://www.rakuya.com.tw/rent/rent_item?ehid=0d10e2273842303,c426a472818737cc958b73bcfa1219a6.jpeg,0.2215646262346292
3665,中國醫⭐租屋補助⭐採光⭐小資價,,4999,9.0,0.0,5,1,台中市,台中市北區大德街,,公寓,1房1衛,,有對外窗,https://www.rakuya.com.tw/rent/rent_item?ehid=0c7e7c277686858,c789b03305d98ae1b7b9fe21d708357d.jpeg,1.1273860808561513
3666,［套房出租］地段佳、設備全、生活機能佳,,6500,5.5,10.1,6,1,台中市,台中市北區五常街,,透天厝,1房1衛,,,https://www.rakuya.com.tw/rent/rent_item?ehid=0f55ce96217511,5a33e8e1ca516aace3b7015f0e6218f6.jpeg,0.0
3667,二房一廳✨可貓咪✨雙層冰箱流理台,,19999,16.0,0.1,3,2,台中市,台中市北屯區東山路一段,,透天厝,2房1廳1衛 - 1陽台,,有對外窗;陽台,https://www.rakuya.com.tw/rent/rent_item?ehid=084abe29256005e,1b21e15c6838038e1dd8bb36a01983a8.jpeg,0.5806540294462529
3668,✨採光超好✨浴室開窗✨合式風格✨木質地板,,10999,12.0,0.0,3,1,台中市,台中市龍井區藝術街,,電梯大廈,1房1衛,,,https://www.rakuya.com.tw/rent/rent_item?ehid=05c75228167986c,a04c1447be3f7ec0f403c8430e120777.jpeg,0.38440356283607446
3669,西屯⛅可貓可狗⛅陽台獨洗⛅衛浴開窗⛅文心⛅漢口⛅,,11499,10.0,2.1,2,1,台中市,台中市西屯區漢成街,,透天厝,1房1衛 - 1陽台,,有對外窗;陽台,https://www.rakuya.com.tw/rent/rent_item?ehid=0dc1c329238727f,f302941f5e7ca4a8189b85b87eaa2073.jpeg,0.9536061840541619
3670,東海中科工業區✨電梯全新可寵物可雙租補✨超美陽台✨,,8000,10.0,0.1,5,1,台中市,台中市龍井區遊園南路,,華廈,1房1衛 - 1陽台,,有對外窗;陽台,https://www.rakuya.com.tw/rent/rent_item?ehid=0465aa291267884,93b556db8d988dd488396e39d55d0a7f.jpeg,0.17866182878548173
3671,近東海中科工業區可租補有電梯✨陽台獨洗曬✨子母飲水,,7500,10.0,0.1,2,1,台中市,台中市龍井區新仁路,,華廈,1房1衛 - 1陽台,,有對外窗;陽台,https://www.rakuya.com.tw/rent/rent_item?ehid=0b2fad29194176d,8a946acd1a1eec7df06fc32f6eb004c4.jpeg,0.14301951001682042
3672,太平區/可貓/陽台獨洗曬/可租補/小資首選,,7600,7.0,0.1,5,1,台中市,台中市太平區大源十九街,,華廈,1房1衛 - 1陽台,,有對外窗;陽台,https://www.rakuya.com.tw/rent/rent_item?ehid=07d388292059420,a63cb1a3db7fcff29e2ae1a093d147bf.jpeg,0.2557896201016381
3673,便宜小資｜大面窗｜走路一中｜子母車｜飲水機,,6700,6.0,0.1,5,1,台中市,台中市北區精武路,,透天厝,1房1衛,,,https://www.rakuya.com.tw/rent/rent_item?ehid=014f96292573904,9bda10473997e3c00e443e79d4c7434c.jpeg,1.0379530754121509
3674,走路到中國醫⭐️可短租3個月⭐️共洗窗曬⭐️子母車,,5799,10.0,0.1,2,1,台中市,台中市北區五常街,,透天厝,1房1廳1衛,,,https://www.rakuya.com.tw/rent/rent_item?ehid=096b8d291468277,71f5dc940d5758c587166b0e3d79523a.jpeg,0.0
3675,精美新屋❤兩房一廳✨獨洗獨曬✨大空間✅近中山醫❤,,12500,14.0,5.5,5,2,台中市,台中市南區忠明南路,,透天厝,2房1廳1衛,,有對外窗,https://www.rakuya.com.tw/rent/rent_item?ehid=0f656516128699d,c122442488c5f10dac9c4e6134fcc80c.jpeg,0.42718131653444447
3676,小資族套房❤️可租補❤️陽台獨洗獨曬❤️子母車,,9999,10.0,0.0,4,1,台中市,台中市北區篤行路,,透天厝,1房1衛 - 1陽台,,有對外窗;陽台,https://www.rakuya.com.tw/rent/rent_item?ehid=0d6ddc290675774,3fc7d13e984b1670860371dfe2150a1f.jpeg,1.1035284600127246
3677,近火車站✨可雙租補✨採光佳✨多間選✨機車位,,7799,10.0,0.0,5,1,台中市,台中市西區民權路,,電梯大廈,1房1衛,,有對外窗,https://www.rakuya.com.tw/rent/rent_item?ehid=02462028656211f,a1c2a5166f7e53e53757359416a061a5.jpeg,1.4920586381658039
3678,可貓咪⭐可短租⭐獨洗衣⭐中車中醫,,6999,10.0,0.0,4,1,台中市,台中市中區民族路,,透天厝,1房1衛 - 1陽台,,有對外窗,https://www.rakuya.com.tw/rent/rent_item?ehid=0c3c7528803907e,903bd3952ac1282be8fdfd84ffd31b51.jpeg,1.6591371957779806
3679,中國醫⭐1樓免爬⭐乾溼⭐租補短租,,5499,9.1,0.0,1,1,台中市,台中市北區梅亭街,,透天厝,1房1衛,,有對外窗,https://www.rakuya.com.tw/rent/rent_item?ehid=0b3e9a28031806f,34c729dec5207ff60a97e59ae34d46fa.jpeg,1.480609544892093
3680,走路勤益台電梯管理員✅可租室內車位✅含網路第四台,,5000,10.0,0.0,5,1,台中市,台中市太平區中山路一段,,電梯大廈,1房1衛,,有對外窗,https://www.rakuya.com.tw/rent/rent_item?ehid=09a6fb251951927,33fef00b01e16a9b5b1c19b5c0f6f597.jpeg,0.22503873987254372
3681,北區微笑系列❤️親親戲院旁❤️台電❤可談,,24999,28.0,0.0,13,2,台中市,台中市北區育樂街,,電梯大廈,2房1廳1衛 - 1室1陽台1廚房,,陽台,https://www.rakuya.com.tw/rent/rent_item?ehid=0f162927790093a,fc4f1fab0ba978eccaa1c6925664e4d4.jpeg,0.784604346176192
3682,秒殺❤明亮採光❤空間大套房❤學生小資首選❤黃金地段,,5199,8.0,7.2,2,1,台中市,台中市北區梅亭街,,公寓,1房1衛,,有對外窗,https://www.rakuya.com.tw/rent/rent_item?ehid=03e154242750293,9a253be41a48a63f7daa4846728ca853.jpeg,1.4910853400778945
3683,近中興大❤兩房一廳✅精美裝潢❤木地板❤獨洗獨曬,,13000,15.0,6.7,4,2,台中市,台中市南區五權南路,,透天厝,2房1廳1衛,,有對外窗,https://www.rakuya.com.tw/rent/rent_item?ehid=010133222208675,3933ba7afc7ed4b88323bb50e5480e9c.jpeg,0.0
3684,✨電梯陽台獨洗✨可短租✨乾溼分離✨租屋補助✨請加賴,,10999,13.0,0.1,2,1,台中市,台中市南屯區保安一街,,電梯大廈,1房1衛 - 1陽台,,有對外窗;陽台,https://www.rakuya.com.tw/rent/rent_item?ehid=0298bf29200339f,76172697e301c323dafda0b7d8a6f95f.jpeg,0.22218722557788445
3685,⭐近中國醫⭐電梯⭐子母車⭐飲水機⭐機車位⭐陽台獨洗,,10999,14.0,0.1,2,1,台中市,台中市北區梅川東路三段,,透天厝,1房1衛 - 1陽台,,有對外窗;陽台,https://www.rakuya.com.tw/rent/rent_item?ehid=0762ba293155801,72dca71c3294d1f3bcb7a38a7da534d7.jpeg,0.8916982902616868
3686,【秒殺正廣】@超大二房@可貓寵@全新未住@近文心路,,18999,20.0,0.0,4,2,台中市,台中市北屯區東山路一段,,透天厝,2房1廳1衛 - 1陽台,,有對外窗;陽台,https://www.rakuya.com.tw/rent/rent_item?ehid=0d6d96256750589,a5de0f884760bc21c7384ecc41173cc6.jpeg,0.5839496140287327
3687,逢甲僑光⭐陽台獨洗⭐超低價⭐須爬梯,,4999,8.5,2.5,6,1,台中市,台中市西屯區西屯路二段,,公寓,1房1衛 - 1陽台,,有對外窗,https://www.rakuya.com.tw/rent/rent_item?ehid=0517bd267738761,d918522a2e4848c848195a685922c094.jpeg,1.0797805265781564
3688,♥️可雙租補✨全新裝潢✨陽台獨洗✨飲水機✨子母車✨,,11499,15.0,0.0,1,1,台中市,台中市西屯區長安路二段,,公寓,1房1廳1衛,,,https://www.rakuya.com.tw/rent/rent_item?ehid=0adbe4289463780,8b28c790918991e859b451106896c3bf.jpeg,0.8186342318495728
3689,東海台電計可貓咪可租補✨大空間乾濕分離✨機車位另租,,8500,12.0,0.0,1,1,台中市,台中市龍井區台灣大道五段,,透天厝,1房1廳2衛,,有對外窗,https://www.rakuya.com.tw/rent/rent_item?ehid=052a8b282815250,b38844d880816b8c4114385260f4fd2e.jpeg,0.15405523394469414
3690,☘️青海西屯惠來商圈~稀有小資文青透天,,35000,35.0,48.1,0,3,台中市,台中市西屯區惠安巷,,透天厝,3房2廳3衛 - 2陽台1廚房,,有對外窗;有中庭;陽台,https://www.rakuya.com.tw/rent/rent_item?ehid=0f892129147697e,12959c948713b8f810b8e3838c3da825.jpeg,0.0
3691,全新補助/有車位租/陽台獨洗/室內機車位/木質地,,8799,11.0,0.2,5,1,台中市,台中市龍井區遠東街,,電梯大廈,1房1衛 - 1陽台,,,https://www.rakuya.com.tw/rent/rent_item?ehid=03896c293155737,8951c3a9be0dd5c9795e0b68ae236609.jpeg,0.34317691448540644
3692,【秒殺正廣】@可短租一個月@獨洗@可租屋補助,,7500,8.0,0.1,3,0,台中市,台中市龍井區遠東街,,透天厝,開放式格局,,有對外窗;陽台,https://www.rakuya.com.tw/rent/rent_item?ehid=014453282847474,920d3697cb38dc751e3446fd1e3d6ba8.jpeg,0.34983189500517226
3693,♥️可租補✨子母車✨流理台✨獨洗✨,,10000,12.0,0.0,6,1,台中市,台中市北區益華街,,電梯大廈,1房1衛 - 1陽台,,,https://www.rakuya.com.tw/rent/rent_item?ehid=02c51829072376d,079f1430e52a038514be8cf9d18bd770.jpeg,2.3889618665316212
3694,幸福就是你❤️系統裝潢❤️有電梯❤️陽台獨洗,,11499,14.5,0.1,5,0,台中市,台中市北屯區南京東路三段,,透天厝,開放式格局,,有對外窗;陽台,https://www.rakuya.com.tw/rent/rent_item?ehid=0ae7e7293403022,d638dad0925a9d8437089af8c5c4baa8.jpeg,0.8959007841985767
3695,❤中臺科大❤共洗獨曬❤可租屋補助❤子母車,,4999,10.0,2.4,2,1,台中市,台中市北屯區部子路,,電梯大廈,1房1衛,,有對外窗,https://www.rakuya.com.tw/rent/rent_item?ehid=07fc7319349833e,2dfe3e258c8afcd64ae006404532fc0d.jpeg,0.23369999372833847
3696,全新可貓✨租屋補助✅陽台獨洗✨系統裝潢✨IG搶先看,,13499,15.0,0.1,3,1,台中市,台中市北屯區陳平路,,透天厝,1房1衛 - 1陽台,,有對外窗;陽台,https://www.rakuya.com.tw/rent/rent_item?ehid=098b11293248046,e1c0295e1f862bab0a22fcc1fd25b549.jpeg,0.27460576649193996
3697,❤️東海中科短租首選❤️夢幻視野戶乾溼分離車位可租,,8999,10.0,7.1,10,1,台中市,台中市龍井區台灣大道五段,,電梯大廈,1房1衛,,有對外窗,https://www.rakuya.com.tw/rent/rent_item?ehid=0d0e22286036578,0f497693dee23080f08184e8c0b806a1.jpeg,0.15301007399823333
3698,全新兩房一廳❤️可租補❤️陽台獨洗獨曬❤️可貓咪,,21999,20.0,0.1,4,2,台中市,台中市太平區中山路四段,,電梯大廈,2房1廳1衛 - 1陽台,,有對外窗;陽台,https://www.rakuya.com.tw/rent/rent_item?ehid=0fac9629281138c,22a25e4d2c92002d49f8d306591c1408.jpeg,0.5527997752690893
3699,低調奢華規格超大配家具車位頂級視野,,85000,50.0,0.0,10,4,台中市,台中市西屯區玉門路/太子雲世紀特A區,,電梯大廈,4房2廳3衛 - 2陽台,,有對外窗;陽台,https://www.rakuya.com.tw/rent/rent_item?ehid=0b439429037129e,3fec10edf0c390dc519a73494cf49b92.jpeg,0.4763133691094446
3700,近勤益科大✨獨洗烘✨採光佳✨機能佳✨小資族,,5999,10.0,0.9,2,1,台中市,台中市太平區中山路一段,,透天厝,1房1衛,,有對外窗,https://www.rakuya.com.tw/rent/rent_item?ehid=08418a27041410c,dbb8fa6fffae685b356a435f2eeb4ae8.jpeg,0.2199584754685372
3701,全新電梯⛅可雙租補⛅陽台獨洗⛅子母車⛅多戶可選⛅,,10999,12.0,0.1,4,1,台中市,台中市北屯區華美西街二段,,電梯大廈,1房1衛 - 1陽台,,有對外窗;陽台,https://www.rakuya.com.tw/rent/rent_item?ehid=038d4b293417526,d33e376d084bf777cfbb57e9f89a0015.jpeg,0.8474574710094531
3703,新屋⭐獨洗曬⭐時尚裝潢⭐搶租中,,6999,11.0,0.0,4,1,台中市,台中市太平區太平二十街,,透天厝,1房1衛 - 1陽台,,有對外窗,https://www.rakuya.com.tw/rent/rent_item?ehid=0d96bf289792021,a87c70757e4bfc505d47dc819fa53837.jpeg,0.29053059088044686
3704,可短租⭐洗衣免投⭐中國醫⭐小資價,,5499,9.0,0.0,5,1,台中市,台中市北區衛道路,,透天厝,1房1衛,,有對外窗,https://www.rakuya.com.tw/rent/rent_item?ehid=01784d285730507,bd05e3a41c2b22a832a8aecfcf7db47a.jpeg,0.0
3705,東海中科工業區超省✨電梯全新可寵物可雙租補✨美陽台,,7000,8.0,0.1,5,1,台中市,台中市龍井區遊園南路,,華廈,1房1衛,,有對外窗,https://www.rakuya.com.tw/rent/rent_item?ehid=0dd343291267931,a5feed00817d6c3eb1d45c79f40c9067.jpeg,0.18157845138817413
3706,東海中科工業區✨電梯全新可寵物可雙租補✨超美陽台,,9000,12.0,0.1,5,1,台中市,台中市龍井區遊園南路,,華廈,1房1衛 - 1陽台,,陽台,https://www.rakuya.com.tw/rent/rent_item?ehid=00cdd1291267890,2730b5bd45c74bed11eca5346b3c514b.jpeg,0.17616058512374785
3707,全新秒殺✨系統裝潢✨獨洗流裡臺✨機車位✨IG搶先看,,13999,16.0,0.1,6,1,台中市,台中市北屯區中清西二街,,電梯大廈,1房1衛 - 1陽台,,有對外窗;陽台,https://www.rakuya.com.tw/rent/rent_item?ehid=065532293241803,e1112d51596ffae94f8ffbb20c51947d.jpeg,0.7917210518700069
3708,電梯管理✨台水台電✨正三房家具全配✨可租補平車位,,36499,50.0,0.0,7,3,台中市,台中市南屯區大業路/三采大業天地,,電梯大廈,3房1廳2衛 - 2陽台,,,https://www.rakuya.com.tw/rent/rent_item?ehid=09a14e289132578,73ca683de15d50b0df7741b602fa09ea.jpeg,0.5685424442391486
3709,近中興大學⭐免仲介費⭐可租補⭐獨洗共曬⭐小資族最愛,,4999,10.0,0.0,3,1,台中市,台中市南區台中路,,透天厝,1房1廳1衛,,,https://www.rakuya.com.tw/rent/rent_item?ehid=066e54292605416,d7d2d93e4916c9ae39a00631c839b3af.jpeg,0.051933331939630775
3710,北區忠明路獨立套房 科博館.大潤發旁 可貓,,10000,7.0,30.1,12,1,台中市,台中市北區忠明路,,電梯大廈,1房1廳,,有對外窗;為邊間,https://www.rakuya.com.tw/rent/rent_item?ehid=07e370292569760,0ce58ec3093e84847d465cc025498a3d.jpeg,1.1184278401365269
3711,整棟新蓋⛅陽台獨洗⛅乾濕分離⛅電梯套房⛅汽車超好停,,10999,16.0,0.0,3,1,台中市,台中市北屯區祥順路二段,,電梯大廈,1房1衛 - 1陽台,,有對外窗;陽台,https://www.rakuya.com.tw/rent/rent_item?ehid=03dbf2252100498,75fdc1b7155176ef1babbeb4e305d4e9.jpeg,0.24774858781250833
3712,水湳達麗｜精裝２房平車｜可貓｜可租補,,28000,25.0,0.0,3,2,台中市,台中市北屯區信平路/達麗創世紀,,電梯大廈,2房1廳1衛 - 1陽台1廚房,,有對外窗;陽台,https://www.rakuya.com.tw/rent/rent_item?ehid=038e19285480288,245cb86d1bb8556dc17529122de6b681.jpeg,0.3348519613369816
3713,近中醫優質三房美邸,,25000,29.33,0.0,3,3,台中市,台中市北區漢口路四段,,公寓,3房2廳2衛,,,https://www.rakuya.com.tw/rent/rent_item?ehid=0235e629287917a,efa17efb65d50fceb4ebaadc24282df1.jpeg,1.4302154680611596
3714,東海❤好停車✔台水電✨大空間,,3999,12.0,0.0,1,1,台中市,台中市龍井區新興路,,透天厝,1房1衛,,有對外窗,https://www.rakuya.com.tw/rent/rent_item?ehid=00da15279095619,54ee9f56cab8292fe310ec4b5ce83198.jpeg,0.3896698637392301
3715,超便宜小資/可租補/共洗曬/電梯/採光,,5000,5.0,9.2,6,1,台中市,台中市西區中山路,,華廈,1房1衛,,有對外窗,https://www.rakuya.com.tw/rent/rent_item?ehid=0be66024208298b,230faaa20b8aaa7770e96de5e3998047.jpeg,0.13307579329001384
3716,免仲介費/還送電費6666元/可寵可貓可狗,,18000,10.0,0.0,3,1,台中市,台中市南區新華街,,透天厝,1房1廳1衛 - 1陽台,,有對外窗;陽台,https://www.rakuya.com.tw/rent/rent_item?ehid=0445b3292073595,a4910e9cb4fca5ec3133b5ba1ce762a4.jpeg,0.09759973064469653
3717,質感秒殺✨租屋補助✅陽台獨洗✨機車位✨IG搶先看,,8499,13.0,0.1,3,1,台中市,台中市北屯區中清路二段,,電梯大廈,1房1衛 - 1陽台,,有對外窗;陽台,https://www.rakuya.com.tw/rent/rent_item?ehid=0c1e51293248186,7aa534597358532dcddc0cad1a3cbd6b.jpeg,0.8685999639429628
3718,中科台體✨租屋補助✅陽台獨洗✨系統裝潢✨IG搶先看,,8499,14.0,0.1,5,1,台中市,台中市北區精武路,,透天厝,1房1衛 - 1陽台,,有對外窗;陽台,https://www.rakuya.com.tw/rent/rent_item?ehid=0761e529324780f,4e2cb35f833fff73d5f6cae750b291ef.jpeg,1.0084678694553653
3719,近捷運松竹站✨三房兩廳✨台水電✨有車位✨可寵,,31500,25.0,0.1,20,3,台中市,台中市北屯區北屯路,,電梯大廈,3房2廳2衛 - 2陽台1廚房,,有對外窗;陽台,https://www.rakuya.com.tw/rent/rent_item?ehid=03ac1c293018480,5778f9dd885bd0606c96883e7aa2dba7.jpeg,0.11110518636783352
3720,正一房一廳✨台水台電✨家具全配✨可租汽車位✨極新屋,,19999,21.0,0.1,5,1,台中市,台中市南屯區文心南三路/親家ONECITY,,電梯大廈,1房1廳1衛 - 1陽台,,,https://www.rakuya.com.tw/rent/rent_item?ehid=0507ff29145272b,7495c8eeb69660d7208efbd7e1a57e6e.jpeg,0.4529468932231055
3721,✨夢幻水湳✨台電計價✨可貓✨租屋補助✨,,13499,15.0,0.0,3,1,台中市,台中市西屯區長安路二段,,電梯大廈,1房1廳1衛 - 1陽台,,有對外窗;陽台,https://www.rakuya.com.tw/rent/rent_item?ehid=0921fe28439394d,29785c54b349edcc7fe0841314b5a797.jpeg,0.803653938999139
3722,逢甲僑光⭐免爬高⭐飲水子母⭐超值價,,3999,8.2,0.0,3,1,台中市,台中市西屯區逢明街,,透天厝,1房1衛,,為邊間,https://www.rakuya.com.tw/rent/rent_item?ehid=0cccb6293700067,2b95fcdb2e08a637a2200d98453b05e7.jpeg,1.4228516738821033
3723,✨超豪華✨可貓一房一廳精美住家✨價位CP舒服入住✨,,16500,23.0,0.1,3,1,台中市,台中市西屯區西屯路三段,,透天厝,1房1廳1衛 - 1陽台1廚房,,有對外窗;陽台,https://www.rakuya.com.tw/rent/rent_item?ehid=0d09ec276448822,6f2a073a96c650af14532f1838cb52ac.jpeg,0.4871297454580831
3724,全新建築物/前後院中庭綠化/適合診所/企業辦公室,,250000,120.0,0.1,1,0,台中市,台中市西屯區馬龍潭路,,別墅,,,,https://www.rakuya.com.tw/rent/rent_item?ehid=05f5d629186039d,e78fbb536a3d5697677864a012efc1c1.jpeg,0.3170156086176665
3725,大降價✨捷運站走路到✨陽台獨洗曬✨可貓✨全新完工,,11000,10.0,0.0,1,1,台中市,台中市西屯區長安路二段,,透天厝,1房1衛 - 1陽台,,有對外窗;陽台,https://www.rakuya.com.tw/rent/rent_item?ehid=07da7b282833444,7d2c5c1d47652934e062189974dab97f.jpeg,0.8228705152873113
3726,中科大✔可貓狗✨可租補✔CP高,,3999,8.0,0.1,3,1,台中市,台中市西區林森路,,透天厝,1房1衛,,有對外窗,https://www.rakuya.com.tw/rent/rent_item?ehid=0eb962293241482,faa7a18511e57068464db22e002e8676.jpeg,1.1834830432994332
3727,市政府❤可租補✔洗衣機✔飲水機✔子母車,,4499,10.23,2.4,5,1,台中市,台中市西屯區重慶路,,透天厝,1房1衛,,陽台,https://www.rakuya.com.tw/rent/rent_item?ehid=046acb198957264,dab09ae72ddaee6b022a7a4b8216d56a.jpeg,0.9309800590656382
3728,⭐️逢甲達麗漂亮社區⭐️電梯2房,,24000,13.85,2.2,2,2,台中市,台中市西屯區福星北路/達麗J12,,電梯大廈,2房1廳1衛 - 1陽台1廚房,,有對外窗;有中庭;陽台,https://www.rakuya.com.tw/rent/rent_item?ehid=0a88b3268407977,50621ed73ceb46de087b882e8a80a911.jpeg,0.7781614302167519
3729,想念一百天✨可小寵物✨精誠商圈✨租補短租✨採光陽台,,9999,13.0,0.1,2,1,台中市,台中市西區精誠路,,電梯大廈,1房1廳1衛 - 1陽台,,有對外窗;陽台,https://www.rakuya.com.tw/rent/rent_item?ehid=04579c293055808,d80c1b50cde7cca0fe8ade99a5d188ab.jpeg,1.494237185044257
3730,✨精美兩房✨流理台✨美裝潢✨樓中樓✨近大遠百,,16000,19.0,6.7,4,2,台中市,台中市西屯區台灣大道三段,,透天厝,2房1廳1衛 - 1廚房,,有對外窗,https://www.rakuya.com.tw/rent/rent_item?ehid=03dbf919105711f,a877a97b5d989177d3d679a3493d5aad.jpeg,0.5104775421733303
3731,可貓短租補助/超級便宜/走路喝春水堂/搶,,5499,8.0,1.2,5,1,台中市,台中市西區精誠路,,透天厝,1房1衛,,,https://www.rakuya.com.tw/rent/rent_item?ehid=0f4c9e291020586,aa9d59acb5d258e768240dd33fb5db76.jpeg,1.6377572727615064
3732,可寵可短租/陽台獨洗/樓梯運動/豪華路段,,5499,10.0,12.4,6,1,台中市,台中市西區精誠路,,公寓,1房1衛 - 1陽台,,,https://www.rakuya.com.tw/rent/rent_item?ehid=060899196560245,cc5ce29701994c7dec54b720baf6fb6d.jpeg,1.5340611530109411
3733,⭐近市政府⭐可寵⭐可租補⭐流理台⭐子母車⭐陽台獨洗,,13499,18.0,0.1,4,1,台中市,台中市西屯區漢口路二段,,透天厝,1房1衛 - 1陽台,,有對外窗;陽台,https://www.rakuya.com.tw/rent/rent_item?ehid=00aaa5293373436,328db049b9bd825cbbfc7d4a880e857a.jpeg,0.6049008143004272
3734,可短租❤可租屋補助❤可貓❤獨洗曬❤木質地❤,,7999,12.0,0.2,4,1,台中市,台中市西屯區逢甲路,,公寓,1房1廳1衛,,有對外窗,https://www.rakuya.com.tw/rent/rent_item?ehid=0ecd7e29190414e,4763ffa57584505461d9e8956170bf26.jpeg,1.6324832288638396
3735,寵物美容｜1+2樓店｜有車位可租｜美業美甲｜超美的,,44000,28.8,0.1,2,0,台中市,台中市南屯區大墩七街,,電梯大廈,,,有對外窗,https://www.rakuya.com.tw/rent/rent_item?ehid=007b8028315491c,e9a6961f3b94e7585469472164f19b40.jpeg,0.8415609889660366
3736,超大大大⛅西區⛅八房三廳五衛三陽台⛅可租補可報稅⛅,,130000,150.0,2.1,11,8,台中市,台中市西區美村路一段/一即一切,,電梯大廈,8房3廳5衛 - 3陽台,,有對外窗;陽台,https://www.rakuya.com.tw/rent/rent_item?ehid=0ad0c829187148f,a1ffe6fb6cd9adf50bae5121e7acace0.jpeg,0.7293794339294548
3737,走路到新光遠百捷運✨可貓可短租可雙租補✨室內機車位,,8000,6.0,0.0,2,2,台中市,台中市西屯區文心路三段,,公寓,2房1衛,,有對外窗,https://www.rakuya.com.tw/rent/rent_item?ehid=08118328886193e,6701614720fa7003c6ee12d55245d2aa.jpeg,1.110766112677738
3738,中國醫❤陽台獨洗❤採光佳❤小資首選,,6499,10.0,0.1,5,1,台中市,台中市北區榮華街,,公寓,1房1衛 - 1陽台,,有對外窗;陽台,https://www.rakuya.com.tw/rent/rent_item?ehid=083d00293382185,c5d3b610ddd494928a8f286e1ff8ab0a.jpeg,2.3119538254985716
3739,小資秒殺✅可租補✅子母車飲水機✅ 台電計算✅近勤益,,5499,7.0,0.0,4,1,台中市,台中市太平區中興東路,,電梯大廈,1房1衛,,有對外窗,https://www.rakuya.com.tw/rent/rent_item?ehid=07c9c4290470732,6974cc81400e1688cb59ecd0b054c05e.jpeg,0.2255657862615391
3740,科博館✔CP套房✔洗衣機,,4999,10.2,0.0,3,1,台中市,台中市北區英才路,,透天厝,1房1衛 - 1陽台,,有對外窗,https://www.rakuya.com.tw/rent/rent_item?ehid=00366b221765732,3bef434af54c93c5f310708cf2336ef5.jpeg,0.4057291557783654
3741,電梯✨報稅補助✨陽台獨洗✨水湳經貿,,14000,16.0,0.0,2,0,台中市,台中市北屯區水湳路,,透天厝,開放式格局,,有對外窗;陽台,https://www.rakuya.com.tw/rent/rent_item?ehid=0fe18f26165029f,fccb477f0460dfd25c5da67ceb162a57.jpeg,0.9418344119950326
3742,生活機能佳、火陽台、附個人洗衣機 可寵,,12000,7.0,0.0,5,1,新北市,新北市三重區仁愛街,,公寓,1房1衛,,有對外窗,https://www.rakuya.com.tw/rent/rent_item?ehid=00020f220006298,1bfc86c61681e9edc92a572ea8e8ae56.jpeg,1.1873500242018304
3743,全新雙租補兩房❤️可貓咪❤️陽台獨洗曬❤️子母車,,20999,20.0,0.1,4,2,台中市,台中市西區日新街,,透天厝,2房1廳2衛 - 1陽台,,有對外窗;陽台,https://www.rakuya.com.tw/rent/rent_item?ehid=0dc4b229316486e,511ce18d28b221ec958022c5d9ba2199.jpeg,0.978729669794132
3744,有喜歡來談❤租補❤大兩房❤含平車❤台水電❤百萬裝潢,,28500,28.0,0.1,11,2,台中市,台中市南屯區春安三街,,電梯大廈,2房1廳1衛 - 1陽台1廚房,,有對外窗,https://www.rakuya.com.tw/rent/rent_item?ehid=0d9f5529280950f,5c6ce4266851a526f996be9cc34affaf.jpeg,0.13527974169518306
3745,✨全新套房✨子母車✨總站夜市✨電梯上樓✨實拍速洽✨,,9999,10.0,0.0,5,1,台中市,台中市北屯區一新一街,,電梯大廈,1房1廳1衛,,有對外窗,https://www.rakuya.com.tw/rent/rent_item?ehid=0d4fe1286699192,7cbb1fae0bf44f32d163331f42842ddf.jpeg,0.0
3746,可短租電梯套房@獨洗陽台@可租補,,10000,12.0,0.0,3,1,台中市,台中市東區進德北路,,透天厝,1房1衛 - 1陽台,,有對外窗;陽台,https://www.rakuya.com.tw/rent/rent_item?ehid=05f67c290405317,587bc9194fa692e2662e1233fc050462.jpeg,0.12824639233565507
3747,兩房⚡台水電⚡子母車⚡管理員⚡陽台獨洗⚡機械車位,,25000,21.0,0.0,3,2,台中市,台中市西屯區福吉街/親家福星道,,電梯大廈,2房1廳1衛 - 1陽台,,有對外窗;陽台,https://www.rakuya.com.tw/rent/rent_item?ehid=085ab4251350524,93817d8498614b3dcb137c70605a3c88.jpeg,0.9352443468262004
3748,五房⚡美術館⚡公司客⚡陽台獨洗⚡家庭客⚡可報稅,,70000,90.0,0.0,17,5,台中市,台中市西區五權西三街/熊都國美館,,電梯大廈,5房2廳3衛 - 1陽台1廚房,,有對外窗;陽台,https://www.rakuya.com.tw/rent/rent_item?ehid=06961b23662970c,13e9b5c539d55f8fe01aad0ff62a10ec.jpeg,0.0
3749,中醫科博館⭐時尚套房⭐採光佳⭐超低價,,4999,9.0,0.1,5,1,台中市,台中市北區美德街,,公寓,1房1衛,,有對外窗,https://www.rakuya.com.tw/rent/rent_item?ehid=0484f529343052e,aa9a6b540dbd1b8f4687d6a116c00914.jpeg,0.48579304251862954
3750,台中車站⭐獨洗曬⭐電梯管理⭐小資必租,,6299,9.0,2.2,8,1,台中市,台中市東區大勇街,,華廈,1房1衛,,有對外窗,https://www.rakuya.com.tw/rent/rent_item?ehid=049c3f28882561c,d672b2a6aa7fc1dda0734fda304bc293.jpeg,0.1250836523100512
3751,水湳⛅可租補⛅可貓⛅電梯⛅陽台獨洗⛅機車位⛅北屯⛅,,15999,17.0,1.1,4,1,台中市,台中市北屯區同平巷,,透天厝,1房1衛 - 1陽台,,有對外窗;陽台,https://www.rakuya.com.tw/rent/rent_item?ehid=0f56ef29292270e,06a3370acda989be9c28a4d4f7323549.jpeg,0.45867953823064983
3752,近大坑口✨台水台電✨陽台獨洗✨可雙租補✨可養寵物,,12499,12.0,0.1,19,1,台中市,台中市北屯區天津路四段,,電梯大廈,1房1衛 - 1陽台,,有對外窗;陽台,https://www.rakuya.com.tw/rent/rent_item?ehid=0693b9292729503,bce41984d27a77bf1f23f96075ec92fc.jpeg,2.1233334942215953
3753,全新秒殺⚡可雙租補⚡勤益科大⚡子母車,,8999,12.0,0.0,3,1,台中市,台中市太平區光興路,,電梯大廈,1房1衛 - 1陽台,,有對外窗;陽台,https://www.rakuya.com.tw/rent/rent_item?ehid=08ee5f284576090,b38dc754bc5ba74ad6bfd59dc132439d.jpeg,0.0815382631174796
3754,超大空間三房一廳❤️陽台獨洗獨曬❤️台水台電,,23499,25.0,0.0,2,3,台中市,台中市北屯區北屯路,,電梯大廈,3房1廳2衛 - 2陽台1廚房,,有對外窗;陽台,https://www.rakuya.com.tw/rent/rent_item?ehid=0027f029316501e,d1ffcefc4012cee822f98337f92a5dd1.jpeg,0.11464423196492757
3755,小資兩房⛅陽台獨洗⛅子母車飲水機⛅租屋補助⛅中國醫,,18000,18.0,0.0,2,2,台中市,台中市北屯區水湳路,,電梯大廈,2房1廳1衛 - 1陽台,,有對外窗;陽台,https://www.rakuya.com.tw/rent/rent_item?ehid=00c3da28751589d,4e2f2a540271d9bc854cdd14d78cd657.jpeg,0.9192965105486177
3756,⭐近一中⭐電梯⭐可寵⭐子母車⭐飲水機⭐陽台獨洗,,13499,16.0,0.1,5,1,台中市,台中市西區民權路,,透天厝,1房1衛 - 1陽台,,有對外窗;陽台,https://www.rakuya.com.tw/rent/rent_item?ehid=0f9c90293246327,2dba78713a29064cf950d5ccecbe4459.jpeg,1.3989531530725752
3757,⭐近市政府⭐獨洗曬⭐子母車⭐乾溼分離⭐全新整理,,9499,12.0,0.1,3,1,台中市,台中市西區精誠路,,透天厝,1房1衛,,有對外窗,https://www.rakuya.com.tw/rent/rent_item?ehid=09d67f293247398,4f84d4436313f693a3f7852a2de85e47.jpeg,1.5323174178241148
3758,台中車站短租✔電梯✨子母車,,4499,10.23,0.0,9,1,台中市,台中市東區復興路四段,,透天厝,1房1衛,,有對外窗,https://www.rakuya.com.tw/rent/rent_item?ehid=0de285251949074,4b63bc96e5b07d36a797e1071c051cdc.jpeg,2.050568563548579
3759,❤逢甲大學❤共洗烘衣❤小資首選❤採光佳❤,,4499,10.0,0.1,8,1,台中市,台中市西屯區河南路二段,,電梯大廈,1房1衛,,有對外窗,https://www.rakuya.com.tw/rent/rent_item?ehid=0f0aa422572380d,089332d6dc44fa56c829ea64bfc8eb3a.jpeg,1.4057908547964053
3760,近市政府大遠百秋紅谷✨三房一廳✨台水電✨機械車位,,22000,25.0,0.1,4,3,台中市,台中市西屯區台灣大道三段,,電梯大廈,3房2衛 - 1陽台1廚房,,有對外窗;陽台,https://www.rakuya.com.tw/rent/rent_item?ehid=0e77c4292637594,f371f18a18c8a92d7a73c8d194df8de3.jpeg,1.0219471481660398
3761,百萬裝潢三房一廳❤️可租補❤️陽台獨洗曬❤️台水電,,28499,25.0,0.1,11,2,台中市,台中市南屯區春安三街,,電梯大廈,2房1廳1衛 - 1陽台1廚房,,有對外窗;陽台,https://www.rakuya.com.tw/rent/rent_item?ehid=045a68292811350,14c2052ffc10e393220770adf1b87d5f.jpeg,0.13616443210386056
3762,走路逢甲✨可租補✨獨洗曬✨可貓可短租,,7999,12.0,0.0,3,1,台中市,台中市西屯區逢甲路,,透天厝,1房1衛,,有對外窗,https://www.rakuya.com.tw/rent/rent_item?ehid=030dfe27750519d,9ecd5cdbe27ea6631190ce7ef27019e5.jpeg,1.6324832288638396
3763,超級大空間✨陽台獨洗✨租屋補助✨室內機車位✨,,7999,14.0,0.0,2,1,台中市,台中市北區太原八街,,電梯大廈,1房1衛 - 1陽台,,,https://www.rakuya.com.tw/rent/rent_item?ehid=08a74c288306129,6c4e04fc9c97477bdc6d0337a940bad6.jpeg,0.7748935401548807
3764,近勤美 ikea@秒殺三房一廳@可寵@可議價,,18800,22.0,0.1,3,3,台中市,台中市南屯區向上路一段,,公寓,3房1廳1衛 - 1陽台1廚房,,有對外窗,https://www.rakuya.com.tw/rent/rent_item?ehid=04fddc291150620,1c543920066f1310c7f6eb9cf37e7087.jpeg,1.3505701725980022
3765,西屯寵物有善*機能超棒*不用6千就租的到,,5999,7.0,0.1,3,1,台中市,台中市西屯區西安街,,透天厝,1房1衛,,有對外窗,https://www.rakuya.com.tw/rent/rent_item?ehid=0a1cdd29232584d,dbe16366fec1f66eb105c115957e5d14.jpeg,1.7956225545460391
3766,屋主超好東海商圈旁✨鈔省~可貓租補陽台獨洗全新傢俱,,4000,9.0,0.0,5,0,台中市,台中市龍井區新興路,,公寓,開放式格局,,有對外窗;陽台,https://www.rakuya.com.tw/rent/rent_item?ehid=099b7927645301d,f55bdc4c7c87ff25a84f4d4264c5ed45.jpeg,0.38965722067382713
3767,北區⛅可租補⛅可報稅⛅大陽台獨洗⛅電梯近全新⛅,,8999,10.0,1.1,1,1,台中市,台中市北區梅豐街,,透天厝,1房1衛 - 1陽台,,有對外窗;陽台,https://www.rakuya.com.tw/rent/rent_item?ehid=0b1726292926085,c1dc7d0424470263c37a340d55024bbc.jpeg,0.7590104986491311
3768,可貓✨全新未住兩房樓中樓✨台水台電✨陽台獨洗機車位,,17999,20.0,0.1,3,2,台中市,台中市北區陝西路,,樓中樓,2房1廳1衛 - 1陽台,,,https://www.rakuya.com.tw/rent/rent_item?ehid=04fc3028913434e,e3aba4582de8065def338e08b6f667f8.jpeg,9.583333333333325e-06
3769,東海❤️夢幻美屋❤️可短租1個月起室內機車位❤️,,8999,12.0,4.0,8,1,台中市,台中市龍井區新興路,,電梯大廈,1房1衛,,有對外窗,https://www.rakuya.com.tw/rent/rent_item?ehid=0227ae28300309c,a1ef330cd2c356d8d18648f603ccfeae.jpeg,0.3523258282854057
3770,近中國醫❤️共洗窗曬飲水機子母車可短租,,5499,7.0,7.0,2,1,台中市,台中市北區五常街,,透天厝,1房1衛,,,https://www.rakuya.com.tw/rent/rent_item?ehid=054a70259761747,ecffc3ffcd2c80aad42670722649d95e.jpeg,0.0
3771,秒殺勤益❤學生合租首選❤電梯套房❤子母車❤台水台電,,3999,8.0,0.0,4,1,台中市,台中市太平區中山路一段,,電梯大廈,1房1衛,,有對外窗,https://www.rakuya.com.tw/rent/rent_item?ehid=034324232431317,f4d4ad06e7615f8966d427e31d9ba995.jpeg,0.23157523330788535
3772,中國醫附校❤水湳市場✅精美裝潢❤木地板❤採光佳,,5000,8.0,5.3,3,1,台中市,台中市西屯區大鵬路,,透天厝,1房1衛,,有對外窗,https://www.rakuya.com.tw/rent/rent_item?ehid=0cae25198130772,826032ce1c2714a5b6585ebcc2887a39.jpeg,0.803864344833173
3773,便宜甜甜價✨可租補✨獨洗獨曬✨台水台電✨可以乖乖寵,,4299,12.0,0.1,4,1,台中市,台中市西屯區慶和街,,透天厝,1房1衛,,有對外窗,https://www.rakuya.com.tw/rent/rent_item?ehid=0c3a07293429875,829c8bc5869bc9e7cdd08a73b4c1c9d4.jpeg,1.9754406028552884
3774,整棟全新⏳可租補可短租⏳陽台獨洗⏳質感裝潢⏳機車位,,9999,16.0,0.1,3,1,台中市,台中市西屯區中清路二段,,電梯大廈,1房1廳1衛 - 1陽台,,有對外窗;陽台,https://www.rakuya.com.tw/rent/rent_item?ehid=0fa5cb290159472,c5d084b79ae2aba6aa1b8c22ce28f170.jpeg,0.17199137259657782
3775,中醫商圈*全新2房*可炊*...可租補,,18800,25.0,30.0,14,2,台中市,台中市北屯區進化路,,電梯大廈,2房2廳1衛 - 2陽台1廚房,,有對外窗;陽台,https://www.rakuya.com.tw/rent/rent_item?ehid=0f634e293385103,7a3f9fe5291919cd502b69c9e57dedcf.jpeg,0.83531840127123
3776,乖貓的家✨租屋補助✅獨洗烘✨系統櫃裝潢✨IG搶先看,,11499,14.0,0.1,3,1,台中市,台中市北屯區陳平路,,透天厝,1房1衛,,有對外窗,https://www.rakuya.com.tw/rent/rent_item?ehid=0cb21029324801c,80710909b6175268a57c9df456da04ef.jpeg,0.27972448065588745
3777,O1C21）捷運江子翠5分【超值1房2衛】寵★補助,,15000,15.0,20.1,5,1,新北市,新北市板橋區江寧路三段,,公寓,1房2廳2衛,,,https://www.rakuya.com.tw/rent/rent_item?ehid=01670429300764d,1b50d8249fa604b491dddc614689f7ef.jpeg,0.628052379895632
3778,質感大二房➕可貓可租補➕超大坪數➕代收包裹➕子母車,,23499,40.0,0.1,3,2,台中市,台中市東區忠孝路,,透天厝,2房2廳1衛 - 1陽台1廚房,,有對外窗;陽台,https://www.rakuya.com.tw/rent/rent_item?ehid=01a06d292451541,f70e87f2c9aba441591ab899c9d8d3b4.jpeg,0.0
3779,❤️整棟全新❤️電梯❤️租補❤️陽台洗曬❤️系統櫃,,8799,9.0,0.0,5,1,台中市,台中市龍井區遊園北路,,透天厝,1房1衛 - 1陽台,,,https://www.rakuya.com.tw/rent/rent_item?ehid=0ff4e6293098848,8f957cc3e9751056f8e499175d8d4b2c.jpeg,0.32198069329660195
3780,四房⚡頂級裝潢⚡高階主管最愛⚡可報稅⚡平面車位,,85000,100.0,0.0,10,4,台中市,台中市西屯區玉門路/太子雲世紀特A區,,電梯大廈,4房2廳3衛 - 1陽台1廚房,,有對外窗;陽台,https://www.rakuya.com.tw/rent/rent_item?ehid=0e5da3246783979,ad3809f6e4eba739b78565d986f67d96.jpeg,0.4763133691094446
3781,可貓咪⭐雙租助⭐機車位⭐近一中,,5499,9.0,0.0,2,1,台中市,台中市北區精武路,,透天厝,1房1衛,,有對外窗,https://www.rakuya.com.tw/rent/rent_item?ehid=0392ee290005082,1d623e50656e4a9bf425eed1d8cb4a1f.jpeg,1.0636870015650777
3782,樓中樓超美✨可雙租補✨陽台獨洗✨機車位✨電梯,,24000,16.0,0.0,6,1,台中市,台中市西屯區長安路二段,,電梯大廈,1房1廳1衛 - 1陽台,,有對外窗;陽台,https://www.rakuya.com.tw/rent/rent_item?ehid=02d082286710344,2b899e06667dc59ef73bb97145a99816.jpeg,0.7538438855224784
3784,北區電梯⛅可租補⛅陽台獨洗⛅機車位⛅太原⛅秒殺的唷,,9499,10.0,1.1,7,1,台中市,台中市北區國強街,,電梯大廈,1房1衛 - 1陽台,,有對外窗;陽台,https://www.rakuya.com.tw/rent/rent_item?ehid=04911e29292152a,033547c3c12a0e646e14c803c49f1255.jpeg,0.6741396472672673
3785,✨中國醫藥✨陽台獨洗曬✨採光超好✨健身爬梯,,6499,10.0,0.1,5,1,台中市,台中市北區榮華街,,公寓,1房1衛 - 1陽台,,有對外窗;陽台,https://www.rakuya.com.tw/rent/rent_item?ehid=0d0a7d29344934c,1a012e4b581109e11568c23bacf5fc96.jpeg,2.5161345301961355
3786,正面-中清文心G7捷運/角間大店面,,42000,22.14,25.1,2,2,台中市,台中市北區北平三街/文學院,,電梯大廈,2房2廳2衛 - 1陽台1廚房,,有對外窗;為邊間;陽台,https://www.rakuya.com.tw/rent/rent_item?ehid=069cab292603279,b73119b875c53bd9ff23a45fca2fb83e.jpeg,0.2844115839203479
3787,中興大學旁✨可租補✨有採光✨學生小套房,,2999,6.0,0.1,2,1,台中市,台中市南區復新街,,透天厝,1房1衛,,有對外窗,https://www.rakuya.com.tw/rent/rent_item?ehid=02890f29257404e,e6658e511c8dd174ad6d8fb5cc50c60e.jpeg,0.1214239661340074
3788,超大間/電梯免爬梯/陽台獨洗曬/可租補,,11000,9.0,0.1,4,1,台中市,台中市大雅區永興路,,華廈,1房1衛 - 1陽台,,有對外窗;陽台,https://www.rakuya.com.tw/rent/rent_item?ehid=09c95b292795972,2eb47037e485cb5777a41204027c6911.jpeg,0.21235368136446742
3789,中山醫興大/機車位/學生小資首選,,9500,12.0,0.0,7,0,台中市,台中市南區福平街,,透天厝,開放式格局,,有對外窗;陽台,https://www.rakuya.com.tw/rent/rent_item?ehid=029cc3290675880,fdfdde0cecdb04f8654a5ce9a74d87e4.jpeg,0.06701304710385234
3790,室內機車✨租屋補助✅全新完工✨陽台獨洗✨IG搶先看,,8799,13.0,0.1,4,1,台中市,台中市龍井區遊園北路,,電梯大廈,1房1衛 - 1陽台,,有對外窗;陽台,https://www.rakuya.com.tw/rent/rent_item?ehid=082cc8293247755,bd0fb4a068b53ba286ce0e915d8eb0b4.jpeg,0.32198069329660195
3791,朝馬站旁，逢甲路 正公園前面，電梯套房,,10000,9.0,8.6,3,0,台中市,台中市西屯區逢甲路,,電梯大廈,開放式格局,,有對外窗;為邊間;陽台,https://www.rakuya.com.tw/rent/rent_item?ehid=04710b15874542a,b6b3fd79400c220e81669865aed28090.jpeg,1.58965877011405
3792,秒殺❤租屋補助❤電梯精美套房❤機車位❤子母車,,5499,8.0,7.7,5,1,台中市,台中市太平區中興東路,,電梯大廈,1房1衛,,有對外窗,https://www.rakuya.com.tw/rent/rent_item?ehid=01939c186724126,6229e1c5df5efdbe841f03cf0c5ff739.jpeg,0.2255657862615391
3793,整棟全新⏳可雙租補⏳陽台獨洗⏳系統裝潢⏳子母車⏳,,9999,15.0,0.1,2,1,台中市,台中市北區中清路一段,,電梯大廈,1房1衛 - 1陽台,,有對外窗;陽台,https://www.rakuya.com.tw/rent/rent_item?ehid=092bab293467870,f96f1c29a62d465201ec318170720240.jpeg,1.149260270067306
3794,中國醫⭐獨曬窗⭐可短租⭐乾溼分離,,5499,8.9,0.0,4,1,台中市,台中市北區永興街,,透天厝,1房1衛,,有對外窗,https://www.rakuya.com.tw/rent/rent_item?ehid=0ffe46284912819,8ccf60406bf5aee2b4c9ed172776bc1a.jpeg,1.7574888749477262
3795,大空間✨近中科榮總工業區可貓咪可租補✨陽台獨洗曬,,10000,12.0,0.0,3,1,台中市,台中市西屯區順和九街,,透天厝,1房1衛 - 1陽台,,陽台,https://www.rakuya.com.tw/rent/rent_item?ehid=02b25b283314197,4d24190e5d77acea7d09bbc1625f8642.jpeg,0.29327663363580037
3796,小資大空間✨可租補可小寵✨陽台獨洗✨一中街✨中國醫,,6999,13.0,0.1,3,1,台中市,台中市北區中清路一段,,透天厝,1房1衛 - 1陽台,,有對外窗;陽台,https://www.rakuya.com.tw/rent/rent_item?ehid=0e4f9b29332603f,95f0e228ed07d6e8f01ca122cdffbdf6.jpeg,1.199476296634988
3797,✨兩房一廳✨精美裝潢✨陽台獨洗✨獨洗獨曬,,14500,18.0,1.6,2,2,台中市,台中市東區建成路,,透天厝,2房1廳1衛 - 1室1陽台,,有對外窗;陽台,https://www.rakuya.com.tw/rent/rent_item?ehid=031534232034518,d32ae3569bc56c4de9559f3f7d7e2679.jpeg,0.026666374767661295
3798,新屋！沙田A+家兩房~可租補。附傢俱家電。含管理費,,17000,21.0,2.3,5,2,台中市,台中市龍井區沙田路四段/沙田A+家華廈區,,華廈,2房2廳1衛 - 2陽台1廚房,,有對外窗;陽台,https://www.rakuya.com.tw/rent/rent_item?ehid=0ac33c292980227,647520b6ec6751924fd3f35740b8230c.jpeg,0.02151562900572185
3799,超省台水電✨一房一廳✨雙租屋補助✨電梯管理✨可貓,,15999,20.0,0.1,5,1,台中市,台中市西屯區逢甲路,,電梯大廈,1房1廳1衛 - 1陽台,,,https://www.rakuya.com.tw/rent/rent_item?ehid=03fd51286561645,94e6366347d1fe4d489a12922da1be3b.jpeg,1.5060135146423186
3800,電梯可租補✨兩房一廳✨含汽車位✨台水電✨乾溼分離,,22499,25.0,0.1,10,2,台中市,台中市太平區立智街,,電梯大廈,2房1廳1衛 - 1陽台,,有對外窗;陽台,https://www.rakuya.com.tw/rent/rent_item?ehid=0635b0292046164,0a82a8f802a0b9186b3716d4c478450d.jpeg,0.435353251510855
3801,♥️租補✨陽台獨洗✨飲水機✨子母車✨騎樓機車,,7999,11.0,0.0,2,1,台中市,台中市西屯區天水東街,,電梯大廈,1房1衛 - 1陽台,,,https://www.rakuya.com.tw/rent/rent_item?ehid=03963928858233b,bc0982bbc4b9e7ba9efaa82b5992a368.jpeg,0.9239507955733426
3802,鈔省可租補台水電✨設備讚租金可談趕快搶,,7800,10.0,0.1,12,0,台中市,台中市北屯區天津路四段/總統閣廈,,電梯大廈,開放式格局,,有對外窗;陽台,https://www.rakuya.com.tw/rent/rent_item?ehid=08dfc2276816393,b2bb88db645804b04d64e45acec414ad.jpeg,2.2447096107223534
3803,北屯⛅三房兩廳兩衛一陽台⛅可租補雙租補⛅平車台水電,,26000,37.0,2.1,4,3,台中市,台中市北屯區松竹路二段/盛堂龍庭,,電梯大廈,3房2廳2衛 - 1陽台,,有對外窗;陽台,https://www.rakuya.com.tw/rent/rent_item?ehid=0120aa291865822,3103a6e435300eae2fa4d52c7b4ef14f.jpeg,0.568783338361603
3804,逢甲夜市✨學生快搶✨佛心價✨代收包裹,,3999,10.0,0.1,6,0,台中市,台中市西屯區慶和街,,透天厝,開放式格局,,有對外窗,https://www.rakuya.com.tw/rent/rent_item?ehid=05235a292537043,ef7a8a47d8e795ae7ebfd5a12bbdf059.jpeg,1.9394425789535397
3805,L0M78）捷運景安【超值租案】獨洗衣機★一層４戶,,10000,5.0,20.1,2,1,新北市,新北市中和區復興路,,公寓,1房1衛,,,https://www.rakuya.com.tw/rent/rent_item?ehid=0f9cec29283534f,249bd8c3a417f7cbe52aef83fad50f20.jpeg,0.8082505191386634
3806,頂級3房2廳2衛雙陽☆採光佳☆可寵租補☆平車,,38000,45.0,1.3,3,3,台中市,台中市北屯區信平路/達麗創世紀,,電梯大廈,3房2廳2衛 - 2陽台,,,https://www.rakuya.com.tw/rent/rent_item?ehid=02b55928252302b,64159083a8846c9400b31e14647668ec.jpeg,0.3242571201970434
3807,全新質感⏳可租補⏳台水電⏳陽台獨洗⏳管理員⏳麗園道,,11499,17.0,0.0,4,1,台中市,台中市北區忠太東路/麗園道,,電梯大廈,1房1廳1衛 - 1陽台,,有對外窗;陽台,https://www.rakuya.com.tw/rent/rent_item?ehid=0fd543290126965,b97ed4a77fce474f0152811d9a3b3ec2.jpeg,0.0
3808,文武百業｜可營登｜台灣大道｜Ｂ1+1F,,38000,45.0,0.1,1,0,台中市,台中市西區台灣大道二段,,透天厝,,,有對外窗,https://www.rakuya.com.tw/rent/rent_item?ehid=067836291864062,55fd3d91f892542858cba191fa4f46dc.jpeg,1.3244788190059127
3809,中科.榮總.澄清✨乾濕分離獨洗曬✨大空間,,8000,10.0,0.1,2,1,台中市,台中市西屯區福雅路,,透天厝,1房1廳1衛,,,https://www.rakuya.com.tw/rent/rent_item?ehid=0c72fe287272630,1303ea0f7a4d3f23d199067fcda93de8.jpeg,0.03164866681342819
3810,✨雙租屋補助✨陽台獨洗✨近新時代✨加賴聯絡✨,,10499,13.0,0.0,2,1,台中市,台中市東區練武路,,透天厝,1房1衛 - 1陽台,,有對外窗;陽台,https://www.rakuya.com.tw/rent/rent_item?ehid=08859e290093509,0705ab1e6d45c7ad0116d6070064116f.jpeg,1.1456593106969337
3811,逢甲❤子母車飲水機,,4299,10.0,0.0,5,1,台中市,台中市西屯區文華路,,透天厝,1房1衛,,有對外窗,https://www.rakuya.com.tw/rent/rent_item?ehid=0eb09b221765101,41550ffdc228c6fa13b659471b34d761.jpeg,2.102283522636616
3812,中國醫★共洗獨曬★採光佳★小資首選★,,4999,10.0,0.0,5,1,台中市,台中市北區大德街,,公寓,1房1廳1衛,,有對外窗,https://www.rakuya.com.tw/rent/rent_item?ehid=0eba3a275976773,48c10266aecfa48d798d8e5c19594a1c.jpeg,1.1273860808561513
3813,❤️東海中科❤️變頻冷氣❤️可貓.可租補❤️,,3999,7.0,6.3,3,1,台中市,台中市龍井區新興路,,電梯大廈,1房1衛,,有對外窗,https://www.rakuya.com.tw/rent/rent_item?ehid=07265529357529b,5a6b2c7cc9679d1198ab0924cc323c49.jpeg,0.3829898089322719
3814,❤️東海中科❤️可寵可租補可代收包裹❤️木質地板,,4799,10.0,3.6,5,1,台中市,台中市龍井區台灣大道五段,,透天厝,1房1衛,,有對外窗,https://www.rakuya.com.tw/rent/rent_item?ehid=0adcd8283002178,f8ebc7fd01024c2ae0b19d6d3cdca3b1.jpeg,0.1653097512356621
3815,✨精美兩房✅逢甲商圈✨免爬高✨木地板✨陽台,,13300,15.0,4.4,1,2,台中市,台中市西屯區福上巷,,透天厝,2房1廳1衛 - 1陽台,,有對外窗;陽台,https://www.rakuya.com.tw/rent/rent_item?ehid=0f11ff22892208f,5e0c4cf96c849c1560a6c67f13631c8b.jpeg,0.6174705116632915
3816,✨熱門租屋✨電梯上樓✨子母車✨水湳中國醫✨衛浴開窗,,11499,14.0,0.0,4,1,台中市,台中市北區梅川東路三段,,電梯大廈,1房1廳1衛 - 1陽台,,有對外窗;陽台,https://www.rakuya.com.tw/rent/rent_item?ehid=08ac93285681192,eee3baac9005f9e46906fcd909990714.jpeg,0.8724274012064742
3817,全新電梯❤️雙租補❤️陽台洗曬❤️衛浴開窗,,7999,10.0,0.1,3,1,台中市,台中市太平區光興路,,透天厝,1房1衛 - 1陽台,,,https://www.rakuya.com.tw/rent/rent_item?ehid=0d1baa283285624,43448a373802b4a2a69a52cb41bedc47.jpeg,0.08269614855407818
3818,東海可貓鼠兔✨一房一廳雙租補✨大露臺獨洗曬✨流理臺,,12000,15.0,0.0,4,1,台中市,台中市龍井區新興路,,透天厝,1房1廳1衛 - 1陽台,,有對外窗;陽台,https://www.rakuya.com.tw/rent/rent_item?ehid=0da6db28413578d,8ff54c612c79dbd166788fd95363fc63.jpeg,0.34063320366445954
3819,近逢甲大學✨陽台獨洗✨流理臺✨飲水機✨垃圾處理✨可,,8999,10.0,0.1,2,1,台中市,台中市西屯區西屯路二段,,別墅,1房1衛 - 1陽台,,有對外窗;陽台,https://www.rakuya.com.tw/rent/rent_item?ehid=08a4ac292975586,23f9b9116cba5ec667d835fd3079244f.jpeg,1.0046319332252425
3820,全新秒殺✨系統裝潢✨機車位✨獨洗流裡臺✨IG搶先看,,9999,12.0,0.1,7,1,台中市,台中市北屯區中清西二街,,電梯大廈,1房1衛 - 1陽台,,有對外窗;陽台,https://www.rakuya.com.tw/rent/rent_item?ehid=0c1e37293241819,6ce27373ce0dc64040e587bbcea94dad.jpeg,0.8231725809824649
3821,電梯免爬⭐可短租⭐大空間⭐小資價,,6499,9.5,0.0,4,1,台中市,台中市北區華中街,,華廈,1房1衛,,有對外窗,https://www.rakuya.com.tw/rent/rent_item?ehid=06a6c2293776338,a2a0ca28cb5131aada92856b30a03ba8.jpeg,1.924534026841655
3822,電梯⭐獨立陽台⭐衛浴窗⭐近勤益,,6599,10.5,0.0,3,1,台中市,台中市太平區東村八街,,別墅,1房1衛 - 1陽台,,有對外窗,https://www.rakuya.com.tw/rent/rent_item?ehid=015d0b286906487,e9a862059b9ff7b381b89d2fb68da0fd.jpeg,0.2121585807812723
3823,超級甜甜價*還有陽台可獨洗曬*可寵怎麼能不租,,4999,7.0,0.1,4,1,台中市,台中市龍井區新興路,,透天厝,1房1衛 - 1陽台,,有對外窗;陽台,https://www.rakuya.com.tw/rent/rent_item?ehid=03dd1e29232620f,c9fdfc1a62e3efa87908ab7af151e769.jpeg,0.37868054539314105
3824,可寵可獨洗曬**租的便宜還有陽台**東海首選,,6999,8.0,0.1,2,1,台中市,台中市龍井區新興路,,公寓,1房1衛 - 1陽台,,有對外窗;陽台,https://www.rakuya.com.tw/rent/rent_item?ehid=0d6de1293255596,de77cb56039f96500df079e657eccbd9.jpeg,0.3631632386005586
3825,電梯管理室✨可寵超CP價兩房一廳✨可雙租補✔瓦斯✨,,20000,20.0,0.0,11,2,台中市,台中市北區梅亭街,,電梯大廈,2房1廳1衛 - 1陽台1廚房,,有對外窗;陽台,https://www.rakuya.com.tw/rent/rent_item?ehid=01686b274664424,eed118771cc74569ecc03b45f4b15c6e.jpeg,1.2724705772655396
3826,貓咪請進✨租屋補助✅室內機車✨陽台獨洗✨IG搶先看,,8999,13.0,0.1,5,1,台中市,台中市北屯區東山路一段,,電梯大廈,1房1衛 - 1陽台,,有對外窗;陽台,https://www.rakuya.com.tw/rent/rent_item?ehid=03210d29324738f,54342197a99827a3427ddf463ffd1aca.jpeg,0.6361997813610754
3827,近中國醫⛅可租補⛅陽台獨洗⛅小資首選⛅可短租,,8499,12.0,0.1,5,1,台中市,台中市北區美德街,,華廈,1房1衛 - 1陽台,,有對外窗;陽台,https://www.rakuya.com.tw/rent/rent_item?ehid=0cdc75292558679,0a891e41c2b29eabcea2658c4b2c18ea.jpeg,1.0804288933059492
3828,整棟全新電梯✨租補短租✨陽台洗曬✨乾溼分離✨流理臺,,10999,12.0,0.1,6,1,台中市,台中市南屯區保安一街,,透天厝,1房1衛 - 1陽台,,有對外窗;陽台,https://www.rakuya.com.tw/rent/rent_item?ehid=0f7eca27568771c,d789bde8933fd4f55a987e46179f8e4b.jpeg,0.22218722557788445
3829,秒殺❤近科博館❤共洗獨曬❤採光佳❤小資首選❤,,4499,10.0,2.6,3,1,台中市,台中市北區英才路,,別墅,1房1衛,,有對外窗,https://www.rakuya.com.tw/rent/rent_item?ehid=0550c119195954e,80c5d8a678952ecd2e5e5f28cef076f2.jpeg,0.42985180583478233
3830,✨太宇尊爵❤️超漂亮三房✅含平車✨近北屯大買家,,24999,40.0,0.1,2,3,台中市,台中市北屯區北屯路,,電梯大廈,3房2廳2衛 - 1陽台,,有對外窗;陽台,https://www.rakuya.com.tw/rent/rent_item?ehid=08577229316274e,f286bb83bfbdd2b30c5b3d5136885043.jpeg,0.11387971653071587
3831,公益路❤可租補✔可寵子母車,,7499,11.0,2.0,3,1,台中市,台中市南屯區公益路二段,,電梯大廈,1房1衛,,有對外窗,https://www.rakuya.com.tw/rent/rent_item?ehid=0c2bc6211501258,c9d52b8dce1f41a8f90bf1c67b68bbf5.jpeg,0.8900278857945584
3832,水湳中國醫✨可短租✨陽台獨洗✨可貓搶✨流理臺,,10499,13.0,0.1,3,1,台中市,台中市北屯區瀋陽北路,,透天厝,1房1衛 - 1陽台,,有對外窗;陽台,https://www.rakuya.com.tw/rent/rent_item?ehid=06a16c292738781,5255007c93b5ffd17b1d073e5fc08d17.jpeg,1.1031542629316462
3833,全新秒殺⭐可租補⭐可寵⭐一房一廳⭐代收包裹⭐陽台洗,,18999,15.0,0.1,11,1,台中市,台中市南區忠明南路,,電梯大廈,1房1廳1衛 - 1陽台,,有對外窗;陽台,https://www.rakuya.com.tw/rent/rent_item?ehid=0d4d22262162148,8d728725cb047c96d72f9cbaa4e676dc.jpeg,0.4074711705485302
3834,整棟全新即將完工✨陽台獨洗✨可雙租屋補助✨電梯套房,,11999,15.0,0.0,3,1,台中市,台中市北屯區建和路二段,,電梯大廈,1房1衛 - 1陽台,,,https://www.rakuya.com.tw/rent/rent_item?ehid=099ee527992919d,766be603a70ddadb04159dd1ea16f46b.jpeg,0.5625368240895466
3835,近中國醫⭐一樓免爬⭐共洗衣⭐超低價,,4999,7.5,2.1,1,1,台中市,台中市北區雙十路二段,,透天厝,1房1衛,,有對外窗,https://www.rakuya.com.tw/rent/rent_item?ehid=04f1e0273617092,324422f56c3c0ca099519c37f7f065fb.jpeg,0.9813235847759398
3836,近中科榮總工業區可貓咪可租補✨陽台獨洗曬✨機車位,,8500,8.0,0.0,3,1,台中市,台中市西屯區順和三街,,透天厝,1房1衛 - 1陽台,,陽台,https://www.rakuya.com.tw/rent/rent_item?ehid=029be2283314023,e3cfe9422ed4399e581bd819d51477b7.jpeg,0.34966484020341765
3837,❤️東海❤️天然氣洗澡暖呼呼❤️共洗陽台曬✔可租補,,4333,7.0,6.2,5,1,台中市,台中市龍井區新興路,,透天厝,1房1衛 - 1陽台,,有對外窗,https://www.rakuya.com.tw/rent/rent_item?ehid=0a5297290018943,60f351958507b7ab72de73df5017fd39.jpeg,0.38565257079029697
3838,整棟全新⏳可租補報稅⏳陽台獨洗⏳衛浴開窗⏳子母車,,9500,15.0,0.1,3,1,台中市,台中市北屯區水湳路,,電梯大廈,1房1衛 - 1陽台,,有對外窗;陽台,https://www.rakuya.com.tw/rent/rent_item?ehid=04c36f293086641,98eb07e02942ba7d067406136f8e506b.jpeg,0.9891925908314919
3839,貓咪奔跑✨台水台電✅代收包裹✨超大坪數✨IG搶先看,,8999,16.0,0.1,2,1,台中市,台中市中區成功路,,電梯大廈,1房1衛,,,https://www.rakuya.com.tw/rent/rent_item?ehid=0f5655293241799,f5824878b2d51a9a94639ea75fc3876b.jpeg,0.5083558379546568
3840,電梯大樓三房兩廳兩衛兩陽台✨附機上車位✨管理員,,25000,30.0,5.4,5,3,台中市,台中市南區工學路/長億城攬翠區陽光區,,電梯大廈,3房2廳2衛 - 2陽台1廚房,,有對外窗;有中庭;陽台,https://www.rakuya.com.tw/rent/rent_item?ehid=09f9a327875520b,663a28ccb6fa212ed2644a085ba1c6a7.jpeg,0.5155949179530827
3841,房東人超好*出入單純*東海區生活機能優*壓金也超省,,5888,7.0,0.1,3,1,台中市,台中市龍井區新興路,,透天厝,1房1衛,,有對外窗,https://www.rakuya.com.tw/rent/rent_item?ehid=0e1ee129206815b,1c01eeb084ad4ff7006f485578b65f18.jpeg,0.3614427857179651
3842,逢甲新光✨限女✨可寵台電計✨陽台獨洗,,6499,12.0,0.1,8,0,台中市,台中市西屯區櫻城三街,,電梯大廈,開放式格局,,有對外窗;陽台,https://www.rakuya.com.tw/rent/rent_item?ehid=02279429311210d,abedd9d19197cb8220890d43f8d74219.jpeg,1.6554343288556348
3843,這間不搶就沒有了✨優質鄰居✨嶺東秒殺✨陽台獨洗,,8799,12.0,0.1,1,1,台中市,台中市南屯區永春路,,電梯大廈,1房1衛 - 1陽台,,有對外窗;陽台,https://www.rakuya.com.tw/rent/rent_item?ehid=0d3c8429206517a,7550ba4b5f6531717df675480a94c8da.jpeg,0.18773795910084
3844,可租補✨電梯新屋✨陽台獨洗✨採光佳✨飲水機.子母車,,11000,14.0,4.0,5,1,台中市,台中市北區國強街,,電梯大廈,1房1衛 - 1陽台,,有對外窗;陽台,https://www.rakuya.com.tw/rent/rent_item?ehid=0cbd0c249447368,b20a214cdda3422b1f0ad5533f2387f9.jpeg,0.6626221353687548
3845,【秒殺正廣】@陽台獨洗@流理台@大空間沙發@近東海,,5500,10.0,1.9,2,0,台中市,台中市龍井區遊園南路,,透天厝,開放式格局,,有對外窗;陽台,https://www.rakuya.com.tw/rent/rent_item?ehid=0150e2216294197,c2de1122264860bf20a423ebb063905a.jpeg,0.18707636626852822
3846,✨小資秒殺✨絕美採光✨可租屋補助✨可短租可貓✨,,7999,14.0,0.1,2,1,台中市,台中市西屯區逢甲路,,透天厝,1房1衛,,,https://www.rakuya.com.tw/rent/rent_item?ehid=008cd2291505953,431359b391eda9fd7b2876cdbd400a4a.jpeg,1.6324832288638396
3847,寵物的家⚡電梯⚡一房一廳⚡陽台獨洗⚡子母車⚡機車位,,15000,12.0,0.0,6,0,台中市,台中市西屯區工業區三十八路,,透天厝,開放式格局,,有對外窗;陽台,https://www.rakuya.com.tw/rent/rent_item?ehid=0949f724800835d,9bf511b067bc5b44284c982c6eb76a0f.jpeg,0.2865133213421161
3848,中國醫⭐獨洗曬⭐小資必租,,4500,8.7,0.0,4,1,台中市,台中市北區德化街,,透天厝,1房1衛,,有對外窗,https://www.rakuya.com.tw/rent/rent_item?ehid=02353e275975646,d9f87bdc9e43f08ee6b5938477c45cc2.jpeg,5808.888888888889
3849,捷運站好市多裝潢兩房一廳✨可雙租補可養貓✨陽台洗曬,,25500,20.0,0.1,4,2,台中市,台中市南屯區大墩一街,,透天厝,2房1廳1衛 - 1陽台,,有對外窗;陽台,https://www.rakuya.com.tw/rent/rent_item?ehid=09d7fd29092922e,751c1078b7ffa816d7aa824c03a82843.jpeg,0.9484625087558816
3850,走路到新光遠百捷運✨可貓可短租可雙租補✨獨立洗衣機,,8000,6.0,0.0,2,1,台中市,台中市西屯區文心路三段,,公寓,1房1衛,,有對外窗,https://www.rakuya.com.tw/rent/rent_item?ehid=08f723288861617,eff024d46f8a3b2e213c26d00e3720c2.jpeg,1.110766112677738
3851,南屯捷運站旁文心1號可租補,,25500,27.0,0.1,13,2,台中市,台中市南屯區文心路一段/文心1號,,電梯大廈,2房1廳1衛,,有對外窗;有中庭;陽台,https://www.rakuya.com.tw/rent/rent_item?ehid=0a62d3292145964,e208b578f0f050db3acff00323f8492d.jpeg,1.2777400589654706
3852,逢甲商圈✨兩房一廳✨樓中樓✨木地板✨採光,,14000,16.0,5.4,3,2,台中市,台中市西屯區惠中路,,透天厝,2房1廳1衛,,有對外窗;樓中樓,https://www.rakuya.com.tw/rent/rent_item?ehid=073f3227650748b,56fa251f88140cf5aba55fdfbe9d1a49.jpeg,1.1980898662231227
3853,空屋三房/三冷氣/含車位/74線旁/超便宜,,22999,35.0,0.7,8,3,台中市,台中市西屯區河南路二段,,電梯大廈,3房1廳2衛 - 1陽台1廚房,,,https://www.rakuya.com.tw/rent/rent_item?ehid=0f890e23722869b,c4eca07a23a2626bf49fd1964aa5f431.jpeg,1.1599796420012625
3854,整棟新蓋✨陽台獨洗✨乾溼分離✨絕美採光✨騎樓機車位,,9599,15.0,0.0,1,1,台中市,台中市北區進化北路,,透天厝,1房1衛 - 1陽台,,,https://www.rakuya.com.tw/rent/rent_item?ehid=010c0628927766d,be2eaba085f21d0cff00df8143435fdd.jpeg,0.0
3855,水湳經貿靈蛇送吉祥✨可租屋補助✨獨洗✨寵物天堂✨,,5999,8.0,0.1,3,0,台中市,台中市北屯區中清路二段,,公寓,開放式格局,,有對外窗,https://www.rakuya.com.tw/rent/rent_item?ehid=0aea0c29301299a,0ec7cdfdbbcd1cdcbf986f9726b423a0.jpeg,0.9062712186371941
3856,可貓❤️可短租❤️一中街中國醫,,5999,10.0,0.0,2,0,台中市,台中市北區健行路,,透天厝,開放式格局,,,https://www.rakuya.com.tw/rent/rent_item?ehid=0ab86b162685549,e3be110fa11e597e3b6e44644484d8c7.jpeg,0.8851213652267578
3857,可雙租補✨可寵台水電✨宿舍工作室,,18000,30.0,0.1,3,2,台中市,台中市烏日區中山路三段,,透天厝,2房1廳2衛 - 2陽台1廚房,,,https://www.rakuya.com.tw/rent/rent_item?ehid=01d485291571902,fce124a3c2770e9028cd00fe9e67163f.jpeg,0.08086834824846284
3858,小資首選✨室內機車✨採光超好✨共洗窗曬✨IG搶先看,,5499,13.0,0.1,4,1,台中市,台中市南區正義街,,電梯大廈,1房1衛,,有對外窗,https://www.rakuya.com.tw/rent/rent_item?ehid=099b5a29324433d,b13176f17aa8052433c2e533569b8811.jpeg,2.211827543957935
3859,直接拎包入住超美凡爾賽高樓視野大四房平車,,33000,62.99,27.1,14,4,台中市,台中市北屯區崇德路二段/凡爾賽皇家大廈,,電梯大廈,4房2廳3衛,,有對外窗;為邊間;有中庭;樓中樓;陽台,https://www.rakuya.com.tw/rent/rent_item?ehid=06420a292707849,72228403d8dcc80458f2b2e180f0e0d4.jpeg,1.9500667473805535
3860,小資首選⚡有電梯⚡共洗獨曬⚡飲水機⚡可租補⚡機車位,,7100,6.0,0.0,2,0,台中市,台中市太平區太平十六街,,透天厝,開放式格局,,有對外窗;陽台,https://www.rakuya.com.tw/rent/rent_item?ehid=07442d22596295d,0e4bce20b198abcd87ac8af04bea26f8.jpeg,0.27034295733993247
3861,嶺東典藏美套✔可租汽車位✔租補,,13499,12.0,1.8,6,1,台中市,台中市南屯區嶺東路,,電梯大廈,1房1廳1衛 - 1陽台,,有對外窗;陽台,https://www.rakuya.com.tw/rent/rent_item?ehid=0417b0218320086,9e79c0bd54ee16b5c8f0e3195a6a95a1.jpeg,0.12770128301897907
3862,⭐近市政府⭐可租補⭐小冰箱⭐木質地板⭐全新整理,,6999,10.0,0.1,2,1,台中市,台中市西屯區甘肅路一段,,透天厝,1房1衛,,有對外窗,https://www.rakuya.com.tw/rent/rent_item?ehid=060cdd293373055,3592d30b3d5674f922b0b1c4bb37e7b7.jpeg,0.8581028523504628
3863,秒殺大雅✨可雙租屋補助✨陽台獨洗✨生活環境優✨,,13999,12.0,0.2,3,0,台中市,台中市大雅區民權街,,透天厝,開放式格局,,有對外窗;陽台,https://www.rakuya.com.tw/rent/rent_item?ehid=04344e291192617,b8a5091ad53dd8940bcc0412d8d67be5.jpeg,0.036335024119637994
3864,逢甲✨短租✔可寵❤機車好停,,5499,10.2,0.0,1,1,台中市,台中市西屯區河南路二段,,透天厝,1房1衛,,有對外窗,https://www.rakuya.com.tw/rent/rent_item?ehid=0ca96d26108953c,5be8f3c5e9b46f1e5cd80c5b61dbd27a.jpeg,1.3704992321672658
3865,✨可貓咪✅近親親戲院✨獨洗獨曬✨流理台✨電梯管理員,,6200,8.0,5.7,4,1,台中市,台中市北區北屯路,,電梯大廈,1房1衛,,有對外窗,https://www.rakuya.com.tw/rent/rent_item?ehid=0ecb54253624696,9c9e344e2525d338c619db37ffeb05f3.jpeg,0.1337542492314353
3866,小資首選❤️租補電梯套房❤️大露台獨洗曬❤️子母車,,9299,9.0,0.1,6,1,台中市,台中市西區正福街,,電梯大廈,1房1衛 - 1陽台,,有對外窗;陽台,https://www.rakuya.com.tw/rent/rent_item?ehid=05b14e293165020,a219aed09e1fe135aa243b4410f9be29.jpeg,0.06718301980632392
3867,整棟全新⏳質感裝潢⏳獨洗陽台⏳汽車位⏳電梯子母車,,13499,18.0,0.0,2,1,台中市,台中市西屯區西屯路二段,,電梯大廈,1房1廳1衛 - 1陽台,,有對外窗;陽台,https://www.rakuya.com.tw/rent/rent_item?ehid=0cf29c29036771d,feb1d88c42ea5ee1a753f726743283d1.jpeg,0.9582397026536925
3868,真的手腳要快*可寵租金又折扣**就在龍井東海,,4499,8.0,0.1,6,1,台中市,台中市龍井區新興路,,透天厝,1房1衛 - 1陽台,,有對外窗;陽台,https://www.rakuya.com.tw/rent/rent_item?ehid=03000e293184455,a64e24936e78927bd98e1da2c5dc5422.jpeg,0.3772168908346049
3869,✨一中商圈✨可租補✨獨洗曬✨台水電✨會補床墊❗,,6499,12.0,0.1,5,1,台中市,台中市中區市府路,,公寓,1房1衛,,有對外窗,https://www.rakuya.com.tw/rent/rent_item?ehid=006863293455464,7955eb661ba79ae6f153cbfb3b905dad.jpeg,0.0837664429528468
3870,逢甲/超新屋/機車位/租補.一房一廳,,15999,14.0,0.1,1,0,台中市,台中市西屯區櫻城三街,,透天厝,開放式格局,,有對外窗;陽台,https://www.rakuya.com.tw/rent/rent_item?ehid=0ccafc29218825e,538bd13aa8bb8eb03138bc99d1747a40.jpeg,0.5472131657330751
3871,全新整理✨可雙租補✅陽台獨洗✨採光超佳✨IG搶先看,,8499,13.0,0.1,5,1,台中市,台中市中區成功路,,電梯大廈,1房1衛 - 1陽台,,有對外窗;陽台,https://www.rakuya.com.tw/rent/rent_item?ehid=024b0129324172e,42de39fcbb9371fe239cf28665ae56be.jpeg,0.4925782759349824
3872,可租補~全新電梯大樓,,23000,20.0,0.2,2,2,台中市,台中市大雅區月祥路/春日城,,電梯大廈,2房2廳1衛,,有對外窗;有中庭;陽台,https://www.rakuya.com.tw/rent/rent_item?ehid=09547c292070457,6cdde31b6940e47f87330ef5e38a8075.jpeg,0.03528782552602678
3873,❤電梯套房✅精美裝潢❤獨洗陽台❤中華夜市,,7900,10.0,10.2,8,1,台中市,台中市中區中華路二段,,電梯大廈,1房1衛 - 1陽台,,有對外窗;陽台,https://www.rakuya.com.tw/rent/rent_item?ehid=0dc39a22841672a,d7f5a19389812e51871400beabed3b7c.jpeg,0.8844395369125216
3874,✨電梯新屋✨陽台獨洗✨流理台✨乾溼分離✨秒殺物件✨,,11499,15.0,0.1,3,1,台中市,台中市大雅區中清路四段,,電梯大廈,1房1衛 - 1陽台,,有對外窗;陽台,https://www.rakuya.com.tw/rent/rent_item?ehid=051f34287756139,0966e02c7a39a6ca2db215e8b133c7ab.jpeg,0.06846403372696547
3875,⭐近逢甲⭐可貓⭐可租補⭐獨洗曬⭐子母車⭐獨立陽台,,5299,8.0,0.1,1,1,台中市,台中市西屯區西屯路二段,,透天厝,1房1衛 - 1陽台,,有對外窗;陽台,https://www.rakuya.com.tw/rent/rent_item?ehid=039e3929333445a,5e0d66f4a405c499528de73b41c08b2d.jpeg,1.0718680432625434
3876,⭐兩房⭐可貓⭐流理台⭐子母車⭐飲水機⭐陽台獨洗,,19999,40.0,0.1,3,2,台中市,台中市北屯區東山路一段,,透天厝,2房1廳1衛 - 1陽台,,有對外窗;陽台,https://www.rakuya.com.tw/rent/rent_item?ehid=0de67129305091c,1b9ce2b88a5619b9181de2012c861471.jpeg,0.5806540294462529
3877,可貓咪⭐陽台⭐新光逢甲⭐小資價,,4999,9.0,0.0,4,1,台中市,台中市西屯區上明二街,,透天厝,1房1衛 - 1陽台,,有對外窗,https://www.rakuya.com.tw/rent/rent_item?ehid=000813289454577,525469ebd72c09ecd75476c54f382cc4.jpeg,1.517968014818791
3878,秒殺近靜宜大學✨陽台獨洗✨機車位✨竉物天堂✨採光佳,,7799,10.0,0.1,2,0,台中市,台中市沙鹿區台灣大道七段,,電梯大廈,開放式格局,,有對外窗,https://www.rakuya.com.tw/rent/rent_item?ehid=0b805a292267615,91b134ccdd9714ce34682f50f2c973fe.jpeg,0.13415214934778333
3879,承義佩樺｜五期精華｜生產力大樓附車位,,39500,36.7,31.1,7,0,台中市,台中市南屯區文心路一段/生產力大樓,,電梯大廈,開放式格局,,,https://www.rakuya.com.tw/rent/rent_item?ehid=0981fd292183810,6f6862da03f258f8fef7318b51a1c1d5.jpeg,1.2200634795075174
3880,幸福就是你❤️系統裝潢❤️有電梯❤️陽台獨洗,,11499,14.5,0.1,1,0,台中市,台中市北屯區南京東路三段,,透天厝,開放式格局,,有對外窗;陽台,https://www.rakuya.com.tw/rent/rent_item?ehid=0a6079293402955,7ee54c2f73c4e7b39516db5681ee58c4.jpeg,0.8959007841985767
3881,可貓鼠兔✨雙租補✨獨洗曬✨流理臺雙層冰箱✨年繳優惠,,10000,12.0,0.0,2,1,台中市,台中市龍井區新興路,,透天厝,1房1衛 - 1陽台,,有對外窗;陽台,https://www.rakuya.com.tw/rent/rent_item?ehid=04e43d28399085b,aaeca992da97ef7495effc527d0861bb.jpeg,0.34795532804247503
3882,✨大肚區最大間✅獨洗曬✨飲水機✨雙門冰箱✨流理臺,,10999,18.0,0.0,3,1,台中市,台中市大肚區育樂街,,透天厝,1房1廳1衛,,有對外窗;陽台,https://www.rakuya.com.tw/rent/rent_item?ehid=09bd9728723594b,ae12eff16144f48d498a32bafdda421c.jpeg,0.14550313887401284
3883,中山醫興大/機車位學生小資首選,,7999,12.0,0.0,7,0,台中市,台中市南區福平街,,透天厝,開放式格局,,有對外窗;陽台,https://www.rakuya.com.tw/rent/rent_item?ehid=0408d029067589c,8c44b988b5dfe90235e0eb78b49533bd.jpeg,0.06840298707559553
3884,東海秒殺✨租屋補助✅全新完工✨室內機車✨IG搶先看,,8799,13.0,0.1,3,1,台中市,台中市龍井區遊園北路,,電梯大廈,1房1衛 - 1陽台,,有對外窗;陽台,https://www.rakuya.com.tw/rent/rent_item?ehid=08a06e29324773e,f4e4460632cbcb4b623cb9934d6fdf31.jpeg,0.32198069329660195
3885,❤️東海中科❤️可短租❤️獨洗曬❤️流理台.機車位,,14999,18.0,6.3,10,1,台中市,台中市龍井區台灣大道五段,,電梯大廈,1房1廳1衛,,有對外窗,https://www.rakuya.com.tw/rent/rent_item?ehid=0974d627681330e,8bebabdcc613f3ee2dd2f1cde4da6c6a.jpeg,0.14420646772624118
3886,勤益科大坪林公園旁優質單人套房E 6700／ 月,,6700,11.8,0.0,3,1,台中市,台中市太平區中山路二段,,透天厝,1房1廳1衛,,有對外窗,https://www.rakuya.com.tw/rent/rent_item?ehid=0bb508289204038,fc6b1312bf18a8b86dc8be34af425b22.jpeg,0.3119075070836514
3887,可租補✨可貓咪✨陽台獨洗✨採光佳✨精美套房✨,,8500,10.0,3.7,3,1,台中市,台中市東區進化路,,透天厝,1房1衛 - 1陽台,,有對外窗;陽台,https://www.rakuya.com.tw/rent/rent_item?ehid=0c38c0261848440,6646e28a27cd82d205edffd0a74d7122.jpeg,0.0
3888,【秒殺正廣】@中科稀有@獨洗曬@沙發@可貓,,7500,8.0,1.9,4,0,台中市,台中市西屯區台灣大道四段,,透天厝,開放式格局,,有對外窗,https://www.rakuya.com.tw/rent/rent_item?ehid=09fa80217504245,12d98539015b969a76b35d12aa109ed0.jpeg,0.6379287497153141
3889,台體中科大✨陽光套房✨可貓✨可租補✨視野佳✨環境佳,,5999,8.0,0.1,11,0,台中市,台中市北區一中街,,樓中樓,開放式格局,,有對外窗,https://www.rakuya.com.tw/rent/rent_item?ehid=0ccdae291652802,4a6a7775b0cdc1d6e4fd8bcb8bddfd64.jpeg,0.0
3890,東海可貓咪可短租可租補✨獨洗✨室內機車位✨全新整理,,8000,8.0,0.0,2,1,台中市,台中市龍井區遠東街,,透天厝,1房1衛,,有對外窗,https://www.rakuya.com.tw/rent/rent_item?ehid=04253e283991012,79a790169bb8cb94b3de2b48d77a4beb.jpeg,0.34711441021179307
3891,逢甲✔飲水機子母車✔可貓可短租,,7999,10.0,0.0,9,1,台中市,台中市西屯區西屯路二段,,電梯大廈,1房1廳1衛,,有對外窗,https://www.rakuya.com.tw/rent/rent_item?ehid=0f472e221994908,523b4a8378f1123269a1bed7822d6709.jpeg,1.0188982253946917
3892,近中科~全新大樓兩房 高樓視野戶,,22000,20.0,0.2,12,2,台中市,台中市大雅區月祥路/春日城,,電梯大廈,2房2廳1衛,,有對外窗;為邊間;有中庭;陽台,https://www.rakuya.com.tw/rent/rent_item?ehid=00969a292192319,0a0734c830a4bc4bdb952226278aae99.jpeg,0.03545902026554765
3893,可貓咪⭐可短租⭐雙租補⭐精誠商圈,,5499,8.5,0.1,4,1,台中市,台中市西區大隆路,,透天厝,1房 - 1室,,有對外窗,https://www.rakuya.com.tw/rent/rent_item?ehid=04a638292063350,7cde84c72faf8183a47305cfdb920fb3.jpeg,1.5917888897792971
3894,獨洗衣⭐租補最省⭐室內G車⭐超值價,,5099,8.7,0.0,2,1,台中市,台中市南區忠孝路,,透天厝,1房1衛,,有對外窗,https://www.rakuya.com.tw/rent/rent_item?ehid=0666b328307069f,c37e68f19686cd66224167b5a3b96c0e.jpeg,0.0
3895,中國醫⭐免爬高⭐大空間⭐小資價,,3999,8.5,0.1,3,1,台中市,台中市北區尚德街,,透天厝,1房1衛,,有對外窗,https://www.rakuya.com.tw/rent/rent_item?ehid=04a06028378029d,14971243fe854e9c0ac2e5688e8005bf.jpeg,1.4896522219516855
3896,清水梧棲新電梯套房✨雙租補✨台電可養貓✨乾溼分離,,6000,5.0,3.2,4,1,台中市,台中市清水區自立路,,透天厝,1房1衛,,有對外窗,https://www.rakuya.com.tw/rent/rent_item?ehid=02c241286938109,9a048be2d812f9069ff9c1c3fce2eb32.jpeg,0.0507585980028104
3897,中國醫✨共用洗衣機✨租屋補助✨多間選,,4499,11.0,0.0,3,0,台中市,台中市北區英才路,,透天厝,開放式格局,,有對外窗,https://www.rakuya.com.tw/rent/rent_item?ehid=0aa2dc278267186,c19ec143dc909d008eb7ca84223d4286.jpeg,0.4035343483346936
3898,❤兩房一廳✅近中興大學❤精美裝潢❤木地板❤,,13000,15.0,6.9,3,2,台中市,台中市南區五權南路,,透天厝,2房1廳1衛,,有對外窗,https://www.rakuya.com.tw/rent/rent_item?ehid=059bf9160430345,ce0791d2e7e806f070c28ac89a8250ff.jpeg,0.0
3899,✨稀有可寵✨雙租屋補助✨可凸窗曬✨流理台✨加賴約看,,13499,17.0,0.0,3,1,台中市,台中市北屯區興安路一段,,透天厝,1房1衛,,有對外窗,https://www.rakuya.com.tw/rent/rent_item?ehid=03cbf7293357917,23dff3aac2e687872314f7df7beea78c.jpeg,1.948164686056455
3900,可補助◕可貓◕可短租◕獨洗陽台◕74中科,,9999,12.0,0.0,3,0,台中市,台中市北屯區中清路二段,,透天厝,開放式格局,,有對外窗;陽台,https://www.rakuya.com.tw/rent/rent_item?ehid=00b20419898743e,9bd3b5cb8e09e11415e474431ff6b7f3.jpeg,0.8520035047125272
3901,中國醫｜五義街｜可租補｜獨曬,,7500,6.0,0.0,5,1,台中市,台中市北區五義街,,公寓,1房1衛,,有對外窗,https://www.rakuya.com.tw/rent/rent_item?ehid=008e48285189777,0ea7282b2c3288bbc6bce2a99f6ced35.jpeg,0.0
3902,<符合資格>免仲可租補2房2衛1廳家具家電可談＾＾,,20000,20.0,0.1,12,2,台中市,台中市沙鹿區興安路/和築T1,,電梯大廈,2房1廳2衛 - 1廚房,,,https://www.rakuya.com.tw/rent/rent_item?ehid=076680292145289,b72905dd1b3630c1c9402b5268799e4c.jpeg,0.21590656004144534
3903,東海可寵物管理室獨洗曬✨雙租補✨免費健身房✨機車位,,5500,8.0,0.0,1,1,台中市,台中市龍井區新興路,,華廈,1房1衛 - 1陽台,,陽台,https://www.rakuya.com.tw/rent/rent_item?ehid=0d531d28339278c,2ce22e6f32a248f40481045a084e26bf.jpeg,0.37415273253705644
3904,嶺東科大✨全新電梯✨陽台獨洗✨流理臺✨,,10999,13.0,0.1,5,0,台中市,台中市南屯區保安一街,,華廈,開放式格局,,有對外窗;陽台,https://www.rakuya.com.tw/rent/rent_item?ehid=05e08b258008929,aeaf63164803cb4cc36bd61305bb958a.jpeg,0.22218722557788445
3905,小資族套房✨飲水機✨採光好✨近中國醫✨可窗曬,,4499,10.0,0.1,5,1,台中市,台中市北區大德街,,公寓,1房1衛,,有對外窗,https://www.rakuya.com.tw/rent/rent_item?ehid=08a2d0292839913,0376fb7700523be652315d0d7ff292bb.jpeg,1.1426162797955184
3906,全新整理✨可雙租補✅陽台獨洗✨採光良好✨IG搶先看,,13999,16.0,0.1,5,1,台中市,台中市中區成功路,,電梯大廈,1房1衛 - 1陽台,,有對外窗;陽台,https://www.rakuya.com.tw/rent/rent_item?ehid=03c2b7293241661,72cf7702d41c0a7a77b62abf5a8fb050.jpeg,0.4828733468530839
3907,秒殺逢甲❤可貓狗首選❤可短租套房❤機車位❤子母車,,3999,12.0,6.9,1,1,台中市,台中市西屯區福上巷,,透天厝,1房1衛,,有對外窗;陽台,https://www.rakuya.com.tw/rent/rent_item?ehid=059a7a214683950,683ecbc2fe5f6bdf9e80c56946c077da.jpeg,1.8158615650248124
3908,系統裝潢◕電梯管理員◕獨洗陽台◕一中中國醫,,10499,16.0,4.2,5,0,台中市,台中市北區五權路,,電梯大廈,開放式格局,,有對外窗;陽台,https://www.rakuya.com.tw/rent/rent_item?ehid=08cda0138804291,4ec43ec3b68494828a1222280de8f16a.jpeg,0.0
3909,全新台電✨近工業區火車站✨可租補可租車位✨陽台獨洗,,10600,10.0,0.0,5,1,台中市,台中市大肚區太平路,,華廈,1房1衛 - 1陽台,,陽台,https://www.rakuya.com.tw/rent/rent_item?ehid=0fd109284377817,444b8b9174118c343f79a0ab008cd491.jpeg,0.09281390986247669
3910,木質調裝潢✨嶺東文山商圈.文心森林公園.ikea,,13000,10.0,0.0,3,1,台中市,台中市南屯區環中路四段,,電梯大廈,1房1衛 - 1陽台,,,https://www.rakuya.com.tw/rent/rent_item?ehid=042b9f286640417,d8dff16d6f3d5d43703b0003ce62cb76.jpeg,0.05882286312658034
3911,可貓咪❤電梯管理員✅新整理❤獨洗獨曬❤親親戲院,,6200,8.0,4.6,4,1,台中市,台中市北區北屯路/來來錢站,,電梯大廈,1房1衛,,有對外窗,https://www.rakuya.com.tw/rent/rent_item?ehid=045687208711616,f4913a26f860d02ad61ed5c329680208.jpeg,0.1337542492314353
3912,西區精選✨運動套房✨✅獨立洗衣機✨沙發大空間✨採光,,6500,10.0,8.8,6,1,台中市,台中市西區中美街,,公寓,1房1衛,,有對外窗,https://www.rakuya.com.tw/rent/rent_item?ehid=0e7bd0164135330,1eb3de4bd46e0f47c7550771157d2cb0.jpeg,1.8135091491651953
3913,✨電梯新屋✨租屋補助✨陽台獨洗✨加賴聯繫✨,,7799,12.0,0.0,5,1,台中市,台中市北區國強街,,電梯大廈,1房1衛 - 1陽台,,有對外窗;陽台,https://www.rakuya.com.tw/rent/rent_item?ehid=0c01e4290226583,47dcf35ae03fd48ca159268ea30bf15f.jpeg,0.690217928705389
3914,✨超夯可寵✨台水台電✨雙租補✨臺中公園✨,,9999,10.0,0.0,3,1,台中市,台中市中區成功路,,電梯大廈,1房1衛,,有對外窗,https://www.rakuya.com.tw/rent/rent_item?ehid=0410b228472032e,292300f68ab72ab993ba0980d11a505c.jpeg,0.5020557408166
3915,超級大空間✨獨洗獨曬✨租屋補助✨絕美採光✨寵物天堂,,6899,14.0,0.0,4,1,台中市,台中市中區中華路一段,,透天厝,1房1衛,,,https://www.rakuya.com.tw/rent/rent_item?ehid=0b837c28851305f,c90faf67fe5548dc1e7709ffdbb85957.jpeg,4125.235541382809
3916,北屯可寵三房!!!電梯管理員@獨洗大陽台,,24000,30.0,0.0,4,3,台中市,台中市北屯區九龍街,,電梯大廈,3房1廳2衛 - 1陽台1廚房,,有對外窗;有中庭;陽台,https://www.rakuya.com.tw/rent/rent_item?ehid=0b181128774440e,3b75fc8755dafe2f475d8ff41131bc6a.jpeg,0.0
3917,近大學✨秒殺全新電梯套房雙租補✨陽台獨洗✨子母車,,9000,12.0,0.0,3,1,台中市,台中市太平區光興路,,透天厝,1房1衛 - 1陽台,,有對外窗;陽台,https://www.rakuya.com.tw/rent/rent_item?ehid=03ad08283313803,06c375a860f31be5fa7b884ea463be36.jpeg,0.08153718511442043
3918,L0N98）捷運南勢角【超值租案】補助洽★獨洗衣機,,11000,7.0,20.2,6,1,新北市,新北市中和區忠孝街,,公寓,1房1衛,,,https://www.rakuya.com.tw/rent/rent_item?ehid=09178b28748382e,e3883cc2c24770d69f675f80b57c8057.jpeg,0.0
3919,【秒殺正廣】@電梯@飯店式裝潢@可短租加價@近東海,,8999,7.0,3.5,5,0,台中市,台中市龍井區台灣大道五段,,電梯大廈,開放式格局,,有對外窗,https://www.rakuya.com.tw/rent/rent_item?ehid=03e3d4163839034,87e6b7b937e680719d80f3e7fcace552.jpeg,0.15301007399823333
3920,雙租補❤️流理臺❤️可寵❤️可工作室❤️子母車❤️,,13499,16.0,0.1,3,1,台中市,台中市北屯區興安路一段,,透天厝,1房1衛 - 1陽台,,有對外窗,https://www.rakuya.com.tw/rent/rent_item?ehid=01c9cd292220737,3cb0669253d3f5d4e5e615e0efd3a91f.jpeg,1.948164686056455
3921,南屯⛅四房兩廳三衛兩陽台⛅雙主臥⛅可租補可報稅⛅,,110000,50.0,2.1,7,4,台中市,台中市南屯區惠文路/雙橡園F1特區,,電梯大廈,4房2廳2衛 - 2陽台,,有對外窗;陽台,https://www.rakuya.com.tw/rent/rent_item?ehid=0f9d78292379339,5e359fcf5e79d359766406ec4f9571e2.jpeg,0.9161949321835036
3922,西區⛅五房兩廳三衛⛅樓中樓⛅可報稅⛅南屯⛅美術館⛅,,70000,100.0,2.1,18,5,台中市,台中市西區五權西三街/熊都國美館,,電梯大廈,5房2廳3衛,,有對外窗,https://www.rakuya.com.tw/rent/rent_item?ehid=0d11aa29238328a,4b6317f045d8b6124ce793b0cc986d9a.jpeg,0.0
3923,南屯類一房一廳✨視野絕佳✨流理臺電磁爐✨浴缸可泡澡,,13000,14.0,20.1,13,1,台中市,台中市南屯區大墩一街/利亞倫敦,,電梯大廈,1房1廳1衛 - 1陽台,,有對外窗;陽台,https://www.rakuya.com.tw/rent/rent_item?ehid=008dcd293012986,1c907fb81397e9ab78b67be9620192de.jpeg,1.0221677854782814
3924,❀逢甲僑光❀超級便宜套房❀只有一間❀先搶先贏❀,,3999,8.5,0.0,3,1,台中市,台中市西屯區逢甲路,,透天厝,1房1衛,,有對外窗,https://www.rakuya.com.tw/rent/rent_item?ehid=0ed67519245670b,beb2df29a54f7de21741cbd018fab8ad.jpeg,1.7802346060543686
3925,中台科大⭐小陽台⭐洗衣免投⭐小資價,,5999,9.0,2.5,2,1,台中市,台中市北屯區部子路,,透天厝,1房1衛 - 1陽台,,有對外窗,https://www.rakuya.com.tw/rent/rent_item?ehid=01def0293948640,6320e43f5d37ca0c7cd84eff94471f3d.jpeg,0.2284184168327117
3926,近中清捷運稀有大四房一樓,,45000,29.04,0.0,1,4,台中市,台中市北區中清路一段,,公寓,4房2廳1衛,,,https://www.rakuya.com.tw/rent/rent_item?ehid=0cf1d6258557340,03453e457f41605dc14a58e5fecd255f.jpeg,0.9745050401204278
3927,秒殺❤獨洗曬陽台❤機車位套房❤學生首選❤走路一中,,5499,10.0,6.5,7,1,台中市,台中市北區五順街,,電梯大廈,1房1衛,,有對外窗;陽台,https://www.rakuya.com.tw/rent/rent_item?ehid=0e1e58227914646,da6110ea41ee66815fc6464de40990bb.jpeg,0.0
3928,✨全新超夯✨新光遠百✨逢甲商圈✨室內機車,,11999,14.0,0.0,5,1,台中市,台中市西屯區河南路二段,,電梯大廈,1房1廳1衛 - 1陽台,,有對外窗;陽台,https://www.rakuya.com.tw/rent/rent_item?ehid=0b7ac3284717708,08c779ef0da2b9b6635152b7efdda223.jpeg,1.2477027828422125
3929,超值⭐陽台獨洗⭐專屬機車位⭐東山商圈,,6499,10.0,0.0,2,1,台中市,台中市北屯區東山路一段,,透天厝,1房1衛 - 1陽台,,有對外窗,https://www.rakuya.com.tw/rent/rent_item?ehid=088b3e289606551,4c43f783b43681f1bde8e0474f6dbaab.jpeg,0.6617548993274897
3930,中國醫多間可選✨生活機能好✨可短租✨子母車,,4999,8.0,0.2,5,0,台中市,台中市北區衛道路,,透天厝,開放式格局,,有對外窗,https://www.rakuya.com.tw/rent/rent_item?ehid=0991bb29105472d,96b3cbb561a3343127c20f72456389ad.jpeg,0.0
3931,超近台積電✨整棟全新電梯透天✨機車位✨陽台獨洗曬,,9000,12.0,0.1,3,1,台中市,台中市大雅區科雅六路,,電梯大廈,1房1衛 - 1陽台,,有對外窗;陽台,https://www.rakuya.com.tw/rent/rent_item?ehid=0a30fc291930104,33d5dc33d72ef8c03b36052a94fe7b33.jpeg,0.06442444255954206
3932,♥️全新未住✨乾濕分離✨子母車✨附平車位,,11499,15.0,0.0,2,1,台中市,台中市大雅區中清路四段,,電梯大廈,1房1衛 - 1陽台,,,https://www.rakuya.com.tw/rent/rent_item?ehid=0a8b2e28857438b,a781b77b1732b359f81a0d7c23d14439.jpeg,0.06846403372696547
3933,北屯⛅這裡有浴缸ㄟ⛅陽台獨洗⛅全新⛅有電梯超秒殺歐,,14999,16.0,1.1,2,1,台中市,台中市北屯區昌平路二段,,透天厝,1房1衛 - 1陽台,,有對外窗;陽台,https://www.rakuya.com.tw/rent/rent_item?ehid=039aaa292919517,320473d1a3bc297e1650b9a0d14c813b.jpeg,1.6431947506700642
3934,大明國小✔採光好✨專屬洗衣機,,5799,10.0,0.1,4,1,台中市,台中市大雅區雅環路三段,,透天厝,1房1衛,,有對外窗,https://www.rakuya.com.tw/rent/rent_item?ehid=07b6d8291370308,9463ccb295904594b7bd2d88cbdab22b.jpeg,0.22088788670566725
3935,中科❤一房一廳✔有陽台✔子母車飲水機,,8999,10.2,2.2,6,1,台中市,台中市西屯區順和七街,,電梯大廈,1房1廳1衛 - 1陽台,,有對外窗;陽台,https://www.rakuya.com.tw/rent/rent_item?ehid=09e5ce20441354d,ad24bea36e4a2f879a55a2d04425b196.jpeg,0.30602014799646665
3936,秒殺可貓可短租✨獨洗陽台✨小資首選✨,,5999,12.0,0.0,4,0,台中市,台中市西屯區文華路,,公寓,開放式格局,,有對外窗;陽台,https://www.rakuya.com.tw/rent/rent_item?ehid=02483d24868246f,de35cd3a39725024a3d1a7357eb5973c.jpeg,2.0155810300145762
3937,中興大學✨全新裝潢✨可雙租補✨獨洗曬✨子母車,,11999,10.0,0.1,8,1,台中市,台中市南區學府路,,電梯大廈,1房1衛,,有對外窗,https://www.rakuya.com.tw/rent/rent_item?ehid=0f3550292918590,0e3bf8553800379e759f0b77053ff108.jpeg,0.0
3938,澄清中科/超新屋/機車位/流理臺/租補短租//,,11500,12.0,0.1,3,0,台中市,台中市西屯區福安六街,,透天厝,開放式格局,,有對外窗,https://www.rakuya.com.tw/rent/rent_item?ehid=0c8aae292851309,424e1b6a644213eb5237a2cc714c3b0e.jpeg,0.6132359401490246
3939,小資首選✨租屋補助✅電梯上樓✨採光良好✨IG搶先看,,5999,14.0,0.1,9,1,台中市,台中市東區台中路,,電梯大廈,1房1衛,,有對外窗,https://www.rakuya.com.tw/rent/rent_item?ehid=0aabf4293241505,964fca2ddf04cb72eb836dafc91b3c44.jpeg,0.12478413512157398
3940,虎嘯東村高樓視野戶三房美廈（可租補）,,24000,42.0,26.1,16,3,台中市,台中市東區進化路/虎嘯東村國宅,,電梯大廈,3房2廳2衛 - 2陽台,,有對外窗;為邊間;有中庭;陽台,https://www.rakuya.com.tw/rent/rent_item?ehid=015d4b29277002e,a7100cdb51598c9d7bf0187ec3b962bb.jpeg,0.0
3941,全新一房一廳❤️台水台電❤️陽台獨洗獨曬❤️可貓咪,,13799,14.0,0.0,1,1,台中市,台中市南區忠明南路,,透天厝,1房1廳1衛 - 1陽台,,有對外窗;陽台,https://www.rakuya.com.tw/rent/rent_item?ehid=00d8be29071056e,b8f1e5e72c6d93e9f282f447dbeff004.jpeg,0.42236949610175945
3942,走路逢甲✨小資首選✨可租補✨子母車✨,,5499,9.0,0.0,2,1,台中市,台中市西屯區文華路,,透天厝,1房1衛,,,https://www.rakuya.com.tw/rent/rent_item?ehid=021e4228252185d,016ec56163b4480163e07e81af1f762c.jpeg,2.0375753014904903
3943,電梯租補❤️短租❤️機車位❤️陽台獨洗曬❤️電磁爐,,11499,12.0,0.1,3,1,台中市,台中市西屯區福安六街,,透天厝,1房1衛 - 1陽台,,有對外窗;陽台,https://www.rakuya.com.tw/rent/rent_item?ehid=03ec25278153075,414a85c059e647fd3ea8eedcd1040f30.jpeg,0.6132421306686764
3944,工業區首選房✨雙租補❗陽台獨洗曬✨生活機能佳✨,,8999,12.0,0.1,2,1,台中市,台中市西屯區工業區三十八路,,透天厝,1房1衛 - 1陽台,,有對外窗;陽台,https://www.rakuya.com.tw/rent/rent_item?ehid=028e4d29332321d,26512f2816d0e0f3495c8e606b3403c8.jpeg,0.3040068575491215
3945,坤悅雅樂｜百萬精裝｜三房平車｜星巴克旁,,32000,26.0,2.1,3,3,台中市,台中市大雅區中清北街/坤悅雅樂,,電梯大廈,3房2廳2衛 - 1陽台1廚房,,有對外窗;陽台,https://www.rakuya.com.tw/rent/rent_item?ehid=0cc327289784451,32aac12bcc7c9bad0e9479ed929b7358.jpeg,0.24804312083890812
3946,沙鹿全新未住一房一廳可雙租補✨流理臺✨大露臺獨洗曬,,14000,20.0,1.3,9,1,台中市,台中市沙鹿區中正街,,電梯大廈,1房1廳1衛 - 1陽台,,有對外窗;陽台,https://www.rakuya.com.tw/rent/rent_item?ehid=0990ca28279197f,6d6ddc3fcdbe3ecd85c1c89256ed784d.jpeg,0.25529927716007483
3947,Q1B13）捷運三和國中【超值1房1廳】獨洗★廚房,,13000,14.0,20.1,5,1,新北市,新北市三重區仁美街,,公寓,1房1廳1衛,,,https://www.rakuya.com.tw/rent/rent_item?ehid=0fa76f29088253c,6e36711def7d29a4678714484dc7d0e8.jpeg,0.43201053574931136
3948,小資族電梯套房❤️可租補❤️陽台獨洗獨曬❤️子母車,,8799,10.0,0.0,7,1,台中市,台中市北區自強街,,電梯大廈,1房1衛 - 1陽台,,有對外窗;陽台,https://www.rakuya.com.tw/rent/rent_item?ehid=07c3b9290710871,1226701ec6ff9d7a8bed9e8591e64c8f.jpeg,0.5531204386411845
3949,⭐近興大⭐可租補⭐獨洗曬⭐木質地板⭐全新整理,,2999,6.0,0.1,6,1,台中市,台中市南區仁和路,,公寓,1房1衛,,,https://www.rakuya.com.tw/rent/rent_item?ehid=02a1cc293162737,e83f451bcba97e4994af9bc40be6b6e2.jpeg,0.21509388286595596
3950,房仲勿擾遠東ABC高級乾溼分離浴裝潢套房,,8800,7.0,0.0,2,1,新北市,新北市中和區連城路,,公寓,1房1衛 - 1陽台,,有對外窗,https://www.rakuya.com.tw/rent/rent_item?ehid=0c3858196879904,45e3482e93bf7c79fed6f86837b9f73e.jpeg,1.4493981487218524
3951,全新七期⏳可租補⏳可半年約⏳精美裝潢⏳高檔地段,,9299,15.0,0.1,3,1,台中市,台中市西屯區四川三街,,電梯大廈,1房1衛,,有對外窗,https://www.rakuya.com.tw/rent/rent_item?ehid=02f4a1293467127,2c9b060cd1a91d4dd884f739c369853a.jpeg,0.0
3952,北屯葳格３Ｆ套房工作室,,14500,11.0,0.0,3,1,台中市,台中市北屯區軍榮街,,其他,1房1衛,,,https://www.rakuya.com.tw/rent/rent_item?ehid=0a4bfb244510891,692887802b8fa7a710fdc72a53cc0df1.jpeg,0.5161848258597294
3953,潭子⛅電梯⛅可租補⛅可報稅⛅陽台獨洗⛅小資首選,,7499,10.0,1.1,3,1,台中市,台中市潭子區雅豐街,,透天厝,1房1衛 - 1陽台,,,https://www.rakuya.com.tw/rent/rent_item?ehid=00ad25291306427,4c2d72f2c75bcd3649d9795df151f15b.jpeg,0.1286167465021038
3954,Q2D72）重陽大橋【超值2房1廳】陽台★房皆有窗,,12500,20.0,20.1,6,2,新北市,新北市三重區五華街,,公寓,2房1廳1衛 - 1陽台1廚房,,,https://www.rakuya.com.tw/rent/rent_item?ehid=05db8029301956e,fe536abea6a59dbc19324295050c7899.jpeg,0.0
3955,⭐電梯⭐兩房⭐台水電⭐陽台獨洗⭐木質地板⭐全新整理,,19500,40.0,0.1,5,2,台中市,台中市南屯區大墩六街,,電梯大廈,2房1廳1衛 - 1陽台,,有對外窗;陽台,https://www.rakuya.com.tw/rent/rent_item?ehid=05fa73293051640,fc616ced916ef387d36b9cf5ce367e3a.jpeg,1.194028362167511
3956,可寵⭐1樓免爬⭐工作室⭐機車位,,6499,10.0,0.0,1,1,台中市,台中市西屯區華夏巷西五弄,,透天厝,1房1衛,,有對外窗,https://www.rakuya.com.tw/rent/rent_item?ehid=0a44d4286908971,a059cb1b49ba64ab7915ca0a5e69d33d.jpeg,0.6648961409382215
3957,逢甲❤可短租❤陽台獨洗❤可貓咪❤子母車,,5999,10.0,0.0,4,1,台中市,台中市西屯區文華路,,公寓,1房1廳1衛 - 1陽台,,有對外窗;陽台,https://www.rakuya.com.tw/rent/rent_item?ehid=07249924730187b,9d0ee8e1a0dc4e586d9ce420c4a66251.jpeg,2.0155810300145762
3958,貓咪喵喵✨租屋補助✅陽台獨洗✨室內機車✨IG搶先看,,8299,14.0,0.1,6,1,台中市,台中市西區正福街,,電梯大廈,1房1衛 - 1陽台,,有對外窗;陽台,https://www.rakuya.com.tw/rent/rent_item?ehid=0d31f2293247341,c59f4455a615b63ae3cf8613ce6e9c12.jpeg,0.06810092983425418
3959,北歐風美裝潢❤️東海中科❤️免投共洗窗曬❤️可短租,,4499,8.0,8.0,4,1,台中市,台中市龍井區台灣大道五段,,電梯大廈,1房1衛,,有對外窗,https://www.rakuya.com.tw/rent/rent_item?ehid=0fe1ac29001891a,90de3d295bde715476a6c2b76e03d3de.jpeg,0.07346956885441433
3960,全新電梯❤陽台獨洗❤近台積電❤子母車❤會補桌椅❤,,8999,6.0,0.1,3,1,台中市,台中市大雅區科雅路,,電梯大廈,1房1衛 - 1陽台,,有對外窗,https://www.rakuya.com.tw/rent/rent_item?ehid=0e3f59291902923,f91bb087d883cab17ed83ad03307cd8b.jpeg,0.0493256159599568
3961,⭐可家庭⭐租屋補助⭐獨洗獨曬⭐加賴速洽⭐,,10999,15.0,0.0,3,1,台中市,台中市北屯區松竹五路二段,,透天厝,1房1衛,,有對外窗,https://www.rakuya.com.tw/rent/rent_item?ehid=0a0cdc28413468a,1cc478f92ef487370e233ab0df20fc9e.jpeg,0.45617200295636456
3962,⭐全新完工⭐獨洗室內曬⭐乾溼衛浴⭐租屋補助⭐請加賴,,10999,15.0,0.0,3,1,台中市,台中市北屯區松竹五路二段,,電梯大廈,1房1衛,,有對外窗,https://www.rakuya.com.tw/rent/rent_item?ehid=04db5c28427779a,411911422ec00d608838de9a890dd6e2.jpeg,0.45617200295636456
3963,✨親家市政✨雙汽車位✨可營登✨歌劇老虎城✨速洽預約,,106780,62.3,0.0,13,0,台中市,台中市西屯區市政北七路/親家TPOWER市政廣場,,電梯大廈,開放式格局,,有對外窗;陽台,https://www.rakuya.com.tw/rent/rent_item?ehid=09461228174854f,58f9fca148fceea4e7a13add9fb286b3.jpeg,0.7709479515352093
3964,整棟全新⏳可雙租補⏳陽台獨洗⏳台電計費⏳可半年約,,12999,18.0,0.0,7,1,台中市,台中市北區大德街,,電梯大廈,1房1廳1衛 - 1陽台,,有對外窗;陽台,https://www.rakuya.com.tw/rent/rent_item?ehid=05843f290232743,58774b5786d361158c92cfbf050f123b.jpeg,1.0048190845826994
3965,逢甲僑光⭐雙採光⭐大空間⭐免爬高,,6499,10.0,0.0,3,1,台中市,台中市西屯區逢甲路,,透天厝,1房1衛,,有對外窗,https://www.rakuya.com.tw/rent/rent_item?ehid=0e5fc4289147348,688a76e54493de7a2ce8ccd3b992c548.jpeg,1.6742817785200255
3966,秒殺✨全新透天套房✨中科洲際大雅公園✨活環境優✨,,9499,10.0,0.2,3,0,台中市,台中市大雅區雅潭路四段,,透天厝,開放式格局,,有對外窗;陽台,https://www.rakuya.com.tw/rent/rent_item?ehid=007f3a29115806c,237becf40cd6e98794a84867e3fd49b2.jpeg,0.3040629863045241
3967,中國醫◕秒殺電梯◕獨洗陽台◕沙發流理台◕機車位,,7500,9.0,5.4,3,0,台中市,台中市北區崇德路一段,,透天厝,開放式格局,,有對外窗;陽台,https://www.rakuya.com.tw/rent/rent_item?ehid=04b270109945129,86011e601cc2a7674505ba8b2d44fadc.jpeg,1.4065300013884425
3968,幸福就是你❤️可租補❤️有電梯❤️陽台獨洗,,10499,13.5,0.1,2,0,台中市,台中市西區大新街,,透天厝,開放式格局,,有對外窗;陽台,https://www.rakuya.com.tw/rent/rent_item?ehid=09ec2f29340308c,b673cadae0dbcae49f0a651fa5bdf915.jpeg,1.0300060411960352
3969,旱溪夜市✨LALAPORT✨小資族套房✨東光綠園道,,3999,10.0,0.1,0,1,台中市,台中市東區振興路,,透天厝,1房1衛,,,https://www.rakuya.com.tw/rent/rent_item?ehid=0aab9c293380751,a50d69d5f89d123f04d7b236f71633ba.jpeg,1.8915688528370058
3970,近中國醫✨可租補✨可貓咪✨小資首選✨採光佳,,6000,10.0,2.8,3,1,台中市,台中市北區尚德街,,透天厝,1房1衛,,有對外窗,https://www.rakuya.com.tw/rent/rent_item?ehid=000ec6222581948,14c43c3a9bb151b159d739aab56d0adf.jpeg,2.4533322368025026
3971,近水安宮✨採光陽台✨大空間✨子母車✨,,9499,13.0,0.0,8,1,台中市,台中市南屯區大墩十七街,,電梯大廈,1房1衛 - 1陽台,,有對外窗;陽台,https://www.rakuya.com.tw/rent/rent_item?ehid=017bea290267154,a015a22e2b3acd27e662b0a677ec5593.jpeg,1.2662623048076562
3972,✅整棟新蓋✅陽台獨洗流理台✅乾溼分離✅可雙租屋補助,,14999,16.0,0.0,3,1,台中市,台中市西區忠仁街,,電梯大廈,1房1衛 - 1陽台,,有對外窗,https://www.rakuya.com.tw/rent/rent_item?ehid=036221283686115,916f94e8d0b030e2a2c92cc8c69c24ff.jpeg,1.132779753060079
3973,短租套房@共洗曬@乾溼分離@近中國醫,,6000,8.0,0.0,2,1,台中市,台中市北區梅亭街,,透天厝,1房1衛,,有對外窗,https://www.rakuya.com.tw/rent/rent_item?ehid=07f7b628138984f,c17905ce49281dc65b6be9fdc63b9c9a.jpeg,1.464597046539425
3974,全新完工❤️電梯❤️陽台獨洗❤️機車位❤️近台積電,,8999,10.0,0.1,3,1,台中市,台中市大雅區科雅路,,透天厝,1房1衛 - 1陽台,,有對外窗;陽台,https://www.rakuya.com.tw/rent/rent_item?ehid=05d493291865645,6350032a956e49af54e3ec1e85bd7ac7.jpeg,0.0493256159599568
3975,全新未住✨可寵物✨可租補✨冷暖變頻✨電梯,,8999,10.0,0.1,4,1,台中市,台中市大肚區遊園路二段,,電梯大廈,1房1衛 - 1陽台,,有對外窗;陽台,https://www.rakuya.com.tw/rent/rent_item?ehid=02c47529133876e,fbd491df14201c54ef6f4dabe98f4e7a.jpeg,0.10066452236725877
3976,✨總太明日✨住家/商用/工作室可貓報稅租補✨✨,,19585,25.0,0.0,2,0,台中市,台中市北屯區太原路三段,,電梯大廈,開放式格局,,有對外窗;陽台,https://www.rakuya.com.tw/rent/rent_item?ehid=03d5cf274403308,daa5e804cd3895a9c74cd2a2eb864539.jpeg,0.24679483808540326
3977,全新電梯透天兩房☆採光佳☆可租補稅☆流理台☆子母車,,16000,20.0,0.5,6,2,台中市,台中市大里區塗城路,,電梯大廈,2房1廳1衛 - 1陽台,,有對外窗;陽台,https://www.rakuya.com.tw/rent/rent_item?ehid=07c735280305540,0055c20a2c6160379c0ea764c66203fe.jpeg,0.41064245089957935
3978,2房1廳1衛1廚1陽☆台水電☆可雙租補☆至善國中旁,,20000,25.0,10.4,12,2,台中市,台中市西屯區逢甲路/漢唐盛世,,電梯大廈,2房1廳1衛 - 1陽台1廚房,,有對外窗;有中庭;陽台,https://www.rakuya.com.tw/rent/rent_item?ehid=098114277811890,0838cd5faf28f94fc27016297c2b51f7.jpeg,1.4690833596011537
3979,龍井蛇麼都有✨可租補✨可短租✨機車位✨生活機能佳✨,,3799,8.0,0.1,3,0,台中市,台中市龍井區新興路,,電梯大廈,開放式格局,,有對外窗,https://www.rakuya.com.tw/rent/rent_item?ehid=077a5329294929d,29940d7e4ec3d74c769d3e8f37431f62.jpeg,0.3765892964617319
3980,IKEA捷運｜大3+1房車位｜可寵物｜可租補,,26000,51.65,30.0,9,3,台中市,台中市南屯區大墩十二街/文心尊龍,,電梯大廈,3房2廳2衛 - 3陽台1廚房,,有對外窗;有中庭;陽台,https://www.rakuya.com.tw/rent/rent_item?ehid=09231e29219049a,bb013a1582aecf77d6b4aa4d6dee5247.jpeg,0.7259354067315278
3981,近中國醫✨中科大✨可租補✨可貓寵✨一中街✨學生小套,,5199,10.0,0.1,5,1,台中市,台中市北區大義街,,公寓,1房1衛,,有對外窗,https://www.rakuya.com.tw/rent/rent_item?ehid=0a2125292975611,856629cca441e759f3a311b11b1e1975.jpeg,1.2445448759061706
3982,超大坪數✨可雙租補✅木質地板✨採光良好✨IG搶先看,,8999,15.0,0.1,2,1,台中市,台中市西屯區工業區三十八路,,透天厝,1房1衛,,有對外窗,https://www.rakuya.com.tw/rent/rent_item?ehid=01b424293244132,8dbbdc964112842e6f88472f2a30a085.jpeg,0.25065466069447434
3983,出租松竹商圈辦公住店,,20000,33.0,29.1,2,1,台中市,台中市北屯區松竹路二段,,電梯大廈,1房1廳2衛 - 1陽台1廚房,,有對外窗;有中庭;陽台,https://www.rakuya.com.tw/rent/rent_item?ehid=09e23929222135f,de535cf7865369d5448701866e0e3ce6.jpeg,0.5852445904102157
3984,❤️逢甲僑光❤️免投共洗獨曬❤️浴室開窗❤️可短租,,5299,8.0,0.0,6,1,台中市,台中市西屯區華夏巷西五弄,,公寓,1房1衛,,有對外窗,https://www.rakuya.com.tw/rent/rent_item?ehid=0a1e0e281091519,09dba50675a2448536581d81b68fad6a.jpeg,2.0212982539279625
3985,✨兩房一廳✨美裝潢✨木地板✨獨洗獨曬,,15500,18.0,5.5,1,2,台中市,台中市西屯區惠中路,,透天厝,2房1廳1衛,,有對外窗,https://www.rakuya.com.tw/rent/rent_item?ehid=02a4ba186004954,86109359a6062b81509612ab5f42e35a.jpeg,1.1843518653026053
3986,✨兩房一廳大空間✨流理台✨獨洗獨曬✨機能佳,,17000,18.0,0.0,3,2,台中市,台中市西區公益路,,透天厝,2房1廳1衛 - 1廚房,,有對外窗,https://www.rakuya.com.tw/rent/rent_item?ehid=0c27c823204194c,1d4651a05ee7274337a6c84f72150ccf.jpeg,0.0
3987,可租補✨電梯新屋✅乾濕分離✨陽台獨洗✨機車位,,10000,15.0,3.8,4,1,台中市,台中市南區學府路,,電梯大廈,1房1衛 - 1陽台,,有對外窗;陽台,https://www.rakuya.com.tw/rent/rent_item?ehid=03355f151988766,411e810b32aee809cc729ac2ba299cbd.jpeg,0.0
3988,✨精美新屋❤電梯✅陽台獨洗✨浴室開窗✨機車位,,8500,12.0,5.4,4,1,台中市,台中市西屯區中工三路,,電梯大廈,1房1衛 - 1陽台,,有對外窗;陽台,https://www.rakuya.com.tw/rent/rent_item?ehid=08368312050946c,0a199be8491f7cabeffa35b1a6ea9309.jpeg,0.5199364145633427
3989,小資首選❤️租補電梯套房❤️陽台獨洗獨曬❤️台電,,9499,10.0,0.1,1,1,台中市,台中市南區台中路,,電梯大廈,1房1衛 - 1陽台,,有對外窗;陽台,https://www.rakuya.com.tw/rent/rent_item?ehid=06e81c29316488b,631f8386cc07c8f56a8c4a16d36c1acf.jpeg,0.034007044520900725
3990,電梯近興大✨陽台獨洗✨落地採光✨子母車✨,,6999,10.0,0.0,2,1,台中市,台中市南區台中路,,電梯大廈,1房1衛 - 1陽台,,有對外窗;陽台,https://www.rakuya.com.tw/rent/rent_item?ehid=04c4ba28984594e,ce8837c62a61a6cb9accee10406a9e0c.jpeg,0.04980524415093375
3991,近逢甲✅獨洗窗曬✅機車位✅快搶,,5999,10.0,0.0,2,1,台中市,台中市西屯區惠中路,,透天厝,1房1衛,,有對外窗,https://www.rakuya.com.tw/rent/rent_item?ehid=0a103a258804114,32870fd493771be901a8e8ebbfbcf436.jpeg,1.3250383161638322
3992,近中國醫✨可租補✨獨洗窗曬✨子母車✨台電新制,,6499,11.0,0.0,4,1,台中市,台中市北區永興街,,電梯大廈,1房1衛,,有對外窗,https://www.rakuya.com.tw/rent/rent_item?ehid=04724f27466612a,677c13f73b05e91361ca4071c344cc2d.jpeg,1.8124964093922227
3993,全新陽台獨洗/台積電旁邊/室內機車/車位好停,,8999,12.0,0.2,5,1,台中市,台中市大雅區東大路二段,,電梯大廈,1房1衛 - 1陽台,,,https://www.rakuya.com.tw/rent/rent_item?ehid=01be4629186613b,ac0aeb1941b2f485ad3943c54bb6688f.jpeg,0.019126259249779166
3994,中台旁/秒殺便宜/陽台獨曬/室內機車位/好停車,,4999,9.0,3.9,5,1,台中市,台中市北屯區東山路二段,,電梯大廈,1房1衛 - 1陽台,,,https://www.rakuya.com.tw/rent/rent_item?ehid=0b05a8214192015,52e3b099db96826505800229587d3161.jpeg,0.08763749764812692
3995,電梯⭐可寵⭐可雙租補⭐乾溼分離⭐附機車位⭐全新整理,,12000,14.0,0.1,4,1,台中市,台中市太平區環太東路,,別墅,1房1衛,,有對外窗,https://www.rakuya.com.tw/rent/rent_item?ehid=0eacf2293309697,eee5a352ae50b365b92259d8e7173884.jpeg,0.502190665973889
3996,【秒殺正廣】超新秒殺@可租屋補助@陽台獨洗@近東海,,11000,12.0,0.0,2,0,台中市,台中市龍井區東海街,,透天厝,開放式格局,,有對外窗;陽台,https://www.rakuya.com.tw/rent/rent_item?ehid=07feda243057125,bd14f2eeccd8d4357907ebba34cf2818.jpeg,0.3637539912261711
3997,逢甲✔子母車✔飯店風✔可貓✔短租,,7499,8.5,0.0,7,1,台中市,台中市西屯區西屯路二段,,電梯大廈,1房1衛,,有對外窗,https://www.rakuya.com.tw/rent/rent_item?ehid=0c1c2d225968228,a45130beffa9ed607122373e9fe03759.jpeg,1.0268761040727967
3998,逢甲✨機車位✔洗衣機✔可短租,,6799,9.88,0.0,1,1,台中市,台中市西屯區河南路二段,,透天厝,1房1衛,,有對外窗,https://www.rakuya.com.tw/rent/rent_item?ehid=0f47f6228883847,c05f33f41634569c61d54a7b78e00dc0.jpeg,1.2547603721181255
3999,整棟全新⏳可雙租補⏳陽台獨洗⏳乾溼分離⏳衛浴開窗⏳,,11499,15.0,0.0,4,1,台中市,台中市北屯區大連路一段,,電梯大廈,1房1衛 - 1陽台,,有對外窗;陽台,https://www.rakuya.com.tw/rent/rent_item?ehid=01ddcf29042810c,4d0e7e14f4ec664f24e62ccaaa2781cf.jpeg,1.1902961292245282
4000,超大三改二房✨✨傢俱電全配✨平車位✨可入戶籍,,26999,58.0,0.1,11,2,台中市,台中市北區東漢街,,電梯大廈,2房2廳2衛 - 1陽台1廚房,,,https://www.rakuya.com.tw/rent/rent_item?ehid=0515c828368595e,4bd134d9313bf280e944908cb61aa86a.jpeg,1.402435355207652
4002,美房❤️陽台獨洗❤️流理臺❤️近捷運站❤️系統櫃,,8999,10.0,0.1,3,1,台中市,台中市西屯區河南路二段,,透天厝,1房1衛 - 1陽台,,,https://www.rakuya.com.tw/rent/rent_item?ehid=0902ef292970445,904220477ef968fff2074f842ce5e79c.jpeg,1.1214027791712626
4003,可貓❤可短租❤可租屋補助❤乾溼分離❤陽台獨洗❤,,10999,15.0,0.0,6,1,台中市,台中市南屯區保安一街,,電梯大廈,1房1廳1衛 - 1陽台,,有對外窗;陽台,https://www.rakuya.com.tw/rent/rent_item?ehid=09834c292145994,e06af0dc1ce228c9f6af5d268b0f1bee.jpeg,0.21038967377728882
4004,可貓咪⭐短租⭐租屋補助⭐逢甲僑光,,5999,9.0,0.0,5,1,台中市,台中市西屯區逢甲路,,透天厝,1房1衛,,有對外窗,https://www.rakuya.com.tw/rent/rent_item?ehid=0f61c8293704486,cdf7acf5b83a6cedc3f532fed8046647.jpeg,1.6909307801643796
4005,逢甲商圈⭐陽台獨洗⭐小資必租,,5499,9.0,0.0,4,1,台中市,台中市西屯區西屯路二段,,透天厝,1房1衛 - 1陽台,,有對外窗;陽台,https://www.rakuya.com.tw/rent/rent_item?ehid=0f82b828524785f,84551d1b78f8a2adad7f4bac666abaa9.jpeg,1.0572728085908158
4006,白金大智電梯套房（近三井Lalaport,,9999,6.0,0.3,6,1,台中市,台中市東區大智路/瀚程大智路192巷20號透天,,透天厝,1房1衛 - 1陽台,,有對外窗;陽台,https://www.rakuya.com.tw/rent/rent_item?ehid=08e05818415972d,fbe885bbca4b14340f93e1a81512c852.jpeg,0.0
4007,台電均分◕電梯◕可補助入戶籍◕近勤益,,5500,8.0,5.1,6,0,台中市,台中市太平區中興東路,,透天厝,開放式格局,,有對外窗,https://www.rakuya.com.tw/rent/rent_item?ehid=02ebc418617232d,320a5af1a352e2bae90fab19fbd53884.jpeg,0.1207978822191068
4008,東海新冷氣電梯可租補✨電4塊超級省✨有小陽台,,5000,8.0,0.0,3,1,台中市,台中市龍井區新興路,,華廈,1房1衛 - 1陽台,,有對外窗;陽台,https://www.rakuya.com.tw/rent/rent_item?ehid=05b93f282949726,bb0fcb8d267b1ef1a075aa051fd56da6.jpeg,0.3786709565162995
4009,勤益科大✨代收包裹✨機車好停✨可短租,,5299,10.0,0.1,5,0,台中市,台中市太平區中山路二段,,透天厝,開放式格局,,有對外窗,https://www.rakuya.com.tw/rent/rent_item?ehid=0f701729253692f,ce28c93a306249c8915e080ce3d826a7.jpeg,0.15143626663328516
4010,旱溪/超新屋樓中樓／健身房/可寵租補/乾濕分離,,15999,16.0,0.1,4,0,台中市,台中市東區長福東街,,樓中樓,開放式格局,,有對外窗,https://www.rakuya.com.tw/rent/rent_item?ehid=01ebb329220576b,c05f073b888845d61a9358c2f69491e3.jpeg,0.08853362750242523
4011,一中台體✨小資首選✨獨洗窗曬✨舒適空間✨IG搶先看,,7999,13.0,0.1,2,1,台中市,台中市北區錦中街,,透天厝,1房1衛,,有對外窗,https://www.rakuya.com.tw/rent/rent_item?ehid=0d4080293247781,ae3b880705ff80c83d0e0b3acca3b2a9.jpeg,1.025023866028327
4012,❤️嶺東精科❤️陽台獨洗流理台❤️乾溼分離.可租補,,14999,15.0,0.6,5,1,台中市,台中市南屯區永春路,,電梯大廈,1房1衛 - 1陽台,,有對外窗;陽台,https://www.rakuya.com.tw/rent/rent_item?ehid=0aec6e280647419,314d5d4322760b861522eceba3dee65b.jpeg,0.16982209028287615
4013,❤️東海中科❤️免投共洗曬❤️飲水機子母車❤️,,3999,8.0,6.7,2,1,台中市,台中市龍井區新興路,,透天厝,1房1衛,,有對外窗,https://www.rakuya.com.tw/rent/rent_item?ehid=0a2e92267878275,69f9dbb617d84a8285d53f7a16ba2379.jpeg,0.2415953155183227
4014,黃金角店 ✨商辦營登✨美容醫療✨安養中心 ✨補習班,,35000,20.0,0.3,2,0,台中市,台中市東區旱溪西路二段,,電梯大廈,,,有對外窗;為邊間;有中庭;樓中樓;陽台,https://www.rakuya.com.tw/rent/rent_item?ehid=08087229039839f,37007b0c18852d337ab9e587e613107f.jpeg,0.2258195066702017
4015,可雙租補.入籍✨超大間視野好✨東海中科,,11000,12.0,0.0,3,1,台中市,台中市大肚區中蔗路,,透天厝,1房1廳1衛 - 1陽台,,,https://www.rakuya.com.tw/rent/rent_item?ehid=097e06283239925,4e339dc5e1df2ed01724598bf769a037.jpeg,0.0304766857513819
4016,秒殺❤全新完工大陽台❤平面汽車位❤三房兩衛❤子母車,,24499,35.0,2.3,9,3,台中市,台中市北屯區環太東路/總太聚作,,電梯大廈,3房1廳2衛 - 1室1陽台1廚房,,有對外窗;陽台,https://www.rakuya.com.tw/rent/rent_item?ehid=0e589e20676941c,b95f9a8c1ecb325d0f2ee68367def998.jpeg,0.16894582756955306
4017,✨全新完工✨可貓✨無釣魚✨陽台獨洗✨衛浴開窗✨,,12799,16.0,0.1,2,1,台中市,台中市大雅區科雅路,,透天厝,1房1廳1衛 - 1陽台,,有對外窗;陽台,https://www.rakuya.com.tw/rent/rent_item?ehid=06bca0292805276,4389050d9f7169857d42bc37b96c2f15.jpeg,0.046369702229963776
4018,中興大⭐採光佳⭐免爬高⭐超值,,4999,9.0,0.0,2,1,台中市,台中市南區興大路,,透天厝,1房1衛,,有對外窗,https://www.rakuya.com.tw/rent/rent_item?ehid=05bf8f27753141c,905a560b89fe54fa32a7a741f3d803f2.jpeg,0.9001777536202668
4019,逢甲西屯兩房一廳一衛一陽台乾溼分離獨洗曬北屯水湳,,21799,25.0,2.3,2,2,台中市,台中市西屯區內江街,,透天厝,2房1衛 - 1陽台,,,https://www.rakuya.com.tw/rent/rent_item?ehid=06a03b28910544d,3b263a81250760ad1d4c38c6f664ced5.jpeg,0.784520777686916
4020,乖貓首選✨小資最愛✨採光陽台✨飲水子母✨IG搶先看,,6499,13.0,0.1,3,1,台中市,台中市西屯區長安路二段,,公寓,1房1衛 - 1陽台,,有對外窗;陽台,https://www.rakuya.com.tw/rent/rent_item?ehid=06d8c129324783f,7e1bbb4e1a4ca694649724e5e7b55a86.jpeg,0.7601804697970846
4021,❤️靜宜弘光❤️陽台獨洗美裝潢❤️子母車機車位❤️,,9900,10.0,1.1,3,1,台中市,台中市沙鹿區台灣大道七段,,電梯大廈,1房1衛 - 1陽台,,有對外窗;陽台,https://www.rakuya.com.tw/rent/rent_item?ehid=0aa93b292323740,2773c9924343fdfadb597e5fc9f99193.jpeg,0.15527234728867662
4022,❤️神林南❤️全新❤️共洗曬❤️可貓貓❤️可租補,,8999,1001.0,0.3,1,1,台中市,台中市大雅區神林南路,,透天厝,1房1衛,,有對外窗,https://www.rakuya.com.tw/rent/rent_item?ehid=0d144028794868e,7d9cb23174e33d781fd1f276ca8666d2.jpeg,0.32313311679890067
4023,❤️東海中科❤️陽台獨洗❤️可貓貓可短租,,3999,8.0,6.1,6,1,台中市,台中市龍井區新興路,,透天厝,1房1衛 - 1陽台,,有對外窗;陽台,https://www.rakuya.com.tw/rent/rent_item?ehid=062a31281091120,83ceccff2ae87aa058b728b970b3f233.jpeg,0.3896698637392301
4024,✨可租補✨ 正東側門 ✨勤益大學✨ 採光通風✨,,5000,10.0,0.0,2,1,台中市,台中市太平區中山路一段,,透天厝,1房1衛,,有對外窗,https://www.rakuya.com.tw/rent/rent_item?ehid=066821281717256,ec11a589e944d252b09e023bb744bf5c.jpeg,0.22503873987254372
4025,近中國醫✨陽台獨洗✨衛浴開窗✨系統櫃✨,,7499,11.0,0.1,4,1,台中市,台中市北區尚德街,,透天厝,1房1衛 - 1陽台,,有對外窗;陽台,https://www.rakuya.com.tw/rent/rent_item?ehid=011bdc29338505f,15d4737f56eaee8743df27774e61b2fc.jpeg,2.3809532112469456
4026,⭐近東海⭐電梯⭐可貓⭐可租補⭐子母車⭐陽台獨洗,,7499,10.0,0.0,3,1,台中市,台中市西屯區順和三街,,透天厝,1房1衛 - 1陽台,,有對外窗;陽台,https://www.rakuya.com.tw/rent/rent_item?ehid=081693293470059,5f7cac25ba8b8d427b307c22022e9f53.jpeg,0.08951725556546425
4027,74環線⭐可租補⭐獨洗曬⭐可短租,,5199,8.7,0.1,2,1,台中市,台中市太平區市民大道,,透天厝,1房1衛,,有對外窗,https://www.rakuya.com.tw/rent/rent_item?ehid=0065ee292309558,921117856f0e13cb302eefc46526df92.jpeg,0.25300003965220597
4028,全新✨可寵物✨可租補✨冷暖變頻✨電梯,,6999,8.0,0.1,4,1,台中市,台中市大肚區遊園路二段,,電梯大廈,1房1衛,,有對外窗,https://www.rakuya.com.tw/rent/rent_item?ehid=077ed829133871d,1ddab5f5e67d33372d8f6216a41abc1b.jpeg,0.06744460145438945
4029,可貓✨雙租屋補助✨乾溼分離✨木質地板✨電梯,,10499,10.0,0.0,4,0,台中市,台中市龍井區台灣大道五段,,電梯大廈,開放式格局,,有對外窗;陽台,https://www.rakuya.com.tw/rent/rent_item?ehid=04cdce282792823,89a5ab737d820c3977e2e0467946bd9a.jpeg,0.15025040140287654
4030,超新裝潢/大坪數/可小孩/頭家厝火車站,,12500,16.0,0.1,1,0,台中市,台中市潭子區中山路一段,,透天厝,開放式格局,,,https://www.rakuya.com.tw/rent/rent_item?ehid=031ba1291937179,7bed2f9f1794e95a42c131a78d28f86e.jpeg,0.19373302337163015
4031,♥️✨雙租補✨獨洗曬✨可寵✨短租✨,,12499,13.0,0.0,4,1,台中市,台中市西屯區安林路,,電梯大廈,1房1衛 - 1陽台,,,https://www.rakuya.com.tw/rent/rent_item?ehid=04cb0a282017635,617d8a4b847b4ade00b032c97a01aa97.jpeg,0.09299270777612827
4032,東海台電計可貓咪可租補✨超低價4500✨包水費,,4500,6.0,0.0,3,1,台中市,台中市龍井區台灣大道五段,,華廈,1房1衛,,有對外窗,https://www.rakuya.com.tw/rent/rent_item?ehid=0a9aeb28283600e,7ae9e78c216cbe4575fd21b7daea8f85.jpeg,0.07346747763930576
4033,⭐台中火車站⭐免仲介費⭐可申請三租補⭐可寵⭐台水電,,24000,26.0,0.1,7,2,台中市,台中市中區建國路,,華廈,2房1廳1衛,,有對外窗,https://www.rakuya.com.tw/rent/rent_item?ehid=0317f728314536b,4c7bd3b2bd8b298b3f8e322867a28c60.jpeg,0.31612808102555545
4034,逢甲☄️CP值高⭐️共用洗衣機✨坪數大,,3799,10.32,0.0,2,1,台中市,台中市西屯區甘肅路一段,,透天厝,1房1衛,,有對外窗;陽台,https://www.rakuya.com.tw/rent/rent_item?ehid=0a3d6725058830c,283308798d6e673d41b75b3550c3ca6d.jpeg,0.9504396529748471
4035,Q0E43）三和國中【超值大空間】租補洽★變頻冷氣,,12000,8.0,20.1,4,1,新北市,新北市三重區溪尾街,,公寓,1房1衛,,,https://www.rakuya.com.tw/rent/rent_item?ehid=06b8b728230004a,aa8e6ea7d141beafe358e4e317a69e1d.jpeg,0.8155732133451917
4036,⭐可雙租補⭐子母車⭐飲水機⭐投幣共洗⭐乾溼分離,,6999,10.0,0.1,2,1,台中市,台中市太平區振武路,,透天厝,1房1衛,,有對外窗,https://www.rakuya.com.tw/rent/rent_item?ehid=0bc5bf293308900,1158b2391d9ec2469dd23f120cded8d3.jpeg,0.4638113361555706
4037,✨亞昕一緒✨３房雙平面車位✨台水電✨總站夜市✨,,35000,45.6,0.0,12,3,台中市,台中市北屯區山西路三段/亞昕一緒,,電梯大廈,3房2廳2衛 - 2陽台1廚房,,有對外窗;陽台,https://www.rakuya.com.tw/rent/rent_item?ehid=0594d0288209653,d8c3506151127018cdeb3f442a64c0cb.jpeg,0.3884787681797723
4038,✨整棟全新✨超夯首選✨子母車✨電梯上樓✨子母車✨,,8999,13.0,0.0,3,1,台中市,台中市太平區宜昌路,,電梯大廈,1房1衛 - 1陽台,,有對外窗;陽台,https://www.rakuya.com.tw/rent/rent_item?ehid=08ccca275346787,cf555053cf6038e2de430bff1f40eada.jpeg,0.27078756516792607
4039,台積電首選✨整棟全新電梯透天✨機車位✨陽台獨洗曬,,9000,10.0,0.1,3,1,台中市,台中市大雅區科雅六路,,電梯大廈,1房1衛 - 1陽台,,有對外窗;陽台,https://www.rakuya.com.tw/rent/rent_item?ehid=07b43929193029d,b07c74441fa2ee4e7c1221f8793022a9.jpeg,0.06442444255954206
4040,靜宜弘光超大一房一廳雙租補✨台電帳單✨可貓✨好停車,,15000,20.0,0.0,1,1,台中市,台中市沙鹿區晉文路,,透天厝,1房1廳1衛 - 1陽台,,有對外窗;陽台,https://www.rakuya.com.tw/rent/rent_item?ehid=030006290270432,09bed7044160b3576ec49671e855f0a6.jpeg,0.16128233320582694
4041,獨立套房✨台積電首選✨陽台獨洗.✨機車位好停車,,10500,10.0,1.0,3,1,台中市,台中市大雅區東大路二段,,華廈,1房1衛 - 1陽台,,有對外窗;為邊間;陽台,https://www.rakuya.com.tw/rent/rent_item?ehid=095084293633105,dd87f7780272ad9a2328d9afde3f402a.jpeg,0.018781090634605566
4042,北區微笑之心2+1房+車位,,28000,24.0,2.2,7,2,台中市,台中市北區育樂街/微笑之心/微笑世紀A區,,電梯大廈,2房2廳1衛 - 1室1陽台1廚房,,有對外窗;有中庭;陽台,https://www.rakuya.com.tw/rent/rent_item?ehid=06aa53289557170,,0.7751202808726425
4043,⭐秒殺物件⭐獨洗獨曬⭐空間超值⭐請加賴⭐,,6499,13.0,0.0,3,1,台中市,台中市西屯區福雅路,,透天厝,1房1衛,,有對外窗,https://www.rakuya.com.tw/rent/rent_item?ehid=0a123228427755f,3a52808ccda8b5bc533acbbf777a70b0.jpeg,0.05025986577170808
4044,北屯✨快來看喔✨可租補高檔大間一房一廳,,12000,16.0,0.1,2,1,台中市,台中市北屯區太順五街,,電梯大廈,1房1廳1衛 - 1陽台,,有對外窗;陽台,https://www.rakuya.com.tw/rent/rent_item?ehid=08763d276445253,267da7346d5cc559e83684439647c19c.jpeg,0.3367402527654372
4045,小資族一房一廳❤️可寵❤️陽台獨洗獨曬❤️,,11999,13.0,0.1,6,1,台中市,台中市北屯區東山路一段,,公寓,1房1廳1衛 - 1陽台,,有對外窗;陽台,https://www.rakuya.com.tw/rent/rent_item?ehid=0736bc29281143a,3c562add9f9e7eac0afeb22308ca699d.jpeg,0.6150921675165978
4046,潭子區金蛇送福✨可租補✨採光明亮大空間✨生活機能優,,6999,12.0,0.1,3,0,台中市,台中市潭子區圓通南路,,透天厝,開放式格局,,有對外窗;陽台,https://www.rakuya.com.tw/rent/rent_item?ehid=0b2f98292982825,c7079e430589b2c641df91c88ab7d282.jpeg,0.37768976814458094
4047,西屯便宜套房✨小資首選❗獨洗陽台✨全新整理✨,,6999,10.0,0.1,2,1,台中市,台中市西屯區櫻城五街,,透天厝,1房1衛 - 1陽台,,有對外窗;陽台,https://www.rakuya.com.tw/rent/rent_item?ehid=0a4c45293333648,c358b4468b8ef8d3374ace02cfc9c0b9.jpeg,1.2627704610767996
4048,小資首選✨台水台電✅代收包裹✨採光超好✨IG搶先看,,7499,13.0,0.1,7,1,台中市,台中市西區日興街,,電梯大廈,1房1衛,,有對外窗,https://www.rakuya.com.tw/rent/rent_item?ehid=0315aa29324160a,fa14dbd6365eb3d7c1d6927dc0b293d6.jpeg,1.2408943702522977
4049,全新電梯⛅可雙租補⛅陽台獨洗⛅子母車⛅可短租半年,,10499,10.0,0.1,4,1,台中市,台中市北屯區遼陽四街,,透天厝,1房1衛 - 1陽台,,有對外窗;陽台,https://www.rakuya.com.tw/rent/rent_item?ehid=0fadeb292967738,d601a374417ef2963c1bbac323a28a06.jpeg,2.5621647397122107
4050,全新秒殺⛅可租補⛅可工作室⛅子母車飲水機⛅多間可選,,11000,13.0,0.0,3,1,台中市,台中市北屯區遼陽五街,,電梯大廈,1房1衛 - 1陽台,,有對外窗;陽台,https://www.rakuya.com.tw/rent/rent_item?ehid=049344283016116,7c9fb5a5286d2e3cd0d570818477f7d5.jpeg,1.9642715526213237
4051,親家河南道｜質感新屋｜三房平車｜採光優,,37000,46.51,1.0,9,3,台中市,台中市西屯區智惠街/親家河南道,,電梯大廈,3房1廳2衛 - 1陽台1廚房,,有對外窗;陽台,https://www.rakuya.com.tw/rent/rent_item?ehid=0fbff8289736436,420b53c81a2961d217a41f12a13adc35.jpeg,1.0012790599258825
4052,M2B23）近福和橋【超值2房1廳】房皆有窗★貓洽,,19000,9.0,20.0,5,2,新北市,新北市永和區得和路,,公寓,2房1廳1衛 - 1廚房,,,https://www.rakuya.com.tw/rent/rent_item?ehid=07afe129355326a,50be7458d12f78150a57d4351893a274.jpeg,0.6135131117848742
4053,❤️東海視野戶❤️獨洗曬中島流理台超美大客廳可短租,,23999,20.0,0.0,10,1,台中市,台中市龍井區台灣大道五段,,電梯大廈,1房1廳1衛,,有對外窗,https://www.rakuya.com.tw/rent/rent_item?ehid=0c7f8d276175737,24b79592a8bc6d0f2af00072c7759e8d.jpeg,0.1134823869997706
4054,照片有點老✨現場讚的勒✨陽台獨洗✨立即跟我預約✨,,6999,12.0,0.1,1,1,台中市,台中市西屯區櫻城五街,,透天厝,1房1衛 - 1陽台,,有對外窗;陽台,https://www.rakuya.com.tw/rent/rent_item?ehid=022b0229342510e,db7a8592d09d0d49c45cb79ffbd7f349.jpeg,1.5792412832858578
4055,陽台獨洗曬✨大雅最頂套房❗一眼就愛上✨採光佳✨,,9999,13.0,0.1,4,1,台中市,台中市大雅區雅潭路四段,,透天厝,1房1衛 - 1陽台,,有對外窗;陽台,https://www.rakuya.com.tw/rent/rent_item?ehid=0bae5f291317582,e4b681403ec788981a840acf2a356544.jpeg,0.30620429340893623
4056,全新電梯/大空間/陽台獨洗/中科台積電,,8999,13.0,0.1,3,0,台中市,台中市大雅區中科路,,透天厝,開放式格局,,,https://www.rakuya.com.tw/rent/rent_item?ehid=082c4129193501a,3b8437a89076b10160969768662cf7d9.jpeg,0.08858477968318772
4057,電梯/系統裝潢/陽台獨洗/機車位/松竹車站,,7499,11.0,0.0,3,0,台中市,台中市北屯區僑孝街,,透天厝,開放式格局,,,https://www.rakuya.com.tw/rent/rent_item?ehid=05d826230560563,ab911c24b1cd3ed703dd402aa9f3cfb0.jpeg,0.2623781628642918
4058,逢甲大學✨可凸窗曬✨小資首選✨木質地,,3999,12.0,0.0,5,0,台中市,台中市西屯區西安街,,透天厝,開放式格局,,有對外窗,https://www.rakuya.com.tw/rent/rent_item?ehid=075354276093238,efe0b5d08d45a777f12ff87d2f13dfde.jpeg,1.8904555103691794
4059,❤近逢甲❤台水台電❤共洗共曬❤可租屋補助❤子母車❤,,6499,10.0,2.7,7,1,台中市,台中市西屯區河南路二段,,電梯大廈,1房1衛,,有對外窗,https://www.rakuya.com.tw/rent/rent_item?ehid=0411f5185918499,bf011d20127bbbbd0f9c9b501ad2d253.jpeg,1.34235724831937
4060,❤️嶺東v精科❤️陽台獨洗可報稅租補戶籍❤️汽車位,,13499,15.0,6.3,7,1,台中市,台中市南屯區保安七街,,電梯大廈,1房1廳1衛 - 1陽台,,有對外窗,https://www.rakuya.com.tw/rent/rent_item?ehid=0a7adc290187069,2585654119c513c56599deac2a202303.jpeg,0.2054742448576054
4061,中科榮總❤️陽台獨洗雙層冰箱❤️衛浴開窗視野佳A,,13999,12.0,4.1,2,1,台中市,台中市西屯區西屯路三段,,電梯大廈,1房1衛 - 1陽台,,有對外窗;陽台,https://www.rakuya.com.tw/rent/rent_item?ehid=0d65ad27676965f,40e2b83722a32f06a0daf725004b04d6.jpeg,0.4780924226268157
4062,嶺東精科⭐️可租補⭐雙面採光⭐子母車⭐電梯⭐,,8000,9.0,6.3,3,1,台中市,台中市南屯區保安五街,,電梯大廈,1房1衛,,有對外窗,https://www.rakuya.com.tw/rent/rent_item?ehid=0630a1240774423,c27cf73b1ef2c40df3ec310e5ac6365b.jpeg,0.212352345070744
4063,小資首選/可補助/獨洗/一中中國醫,,5999,8.0,0.0,5,0,台中市,台中市北區篤行路,,透天厝,開放式格局,,,https://www.rakuya.com.tw/rent/rent_item?ehid=04b0d6290253225,a39813907e8182fb604c55eabc6b2843.jpeg,1.1294021721172967
4064,⭐五權車站/國圖館全新整理裝潢每3房車位全配家電俱,,26000,24.0,30.1,12,3,台中市,台中市西區三民路一段/城市經典,,電梯大廈,3房2廳1衛 - 1陽台1廚房,,有對外窗;有中庭;陽台,https://www.rakuya.com.tw/rent/rent_item?ehid=0c2a58292516813,a669f2435085b3967da9d828229d8aa6.jpeg,0.0
4065,近靜宜弘大套房雙租補✨陽台獨洗曬✨精美家俱✨機車位,,11800,10.0,0.0,2,1,台中市,台中市沙鹿區平等二街,,透天厝,1房1衛 - 1陽台,,陽台,https://www.rakuya.com.tw/rent/rent_item?ehid=0cb69d283388774,e08218c5ee025abf9f54bf55c6a3862a.jpeg,0.16382217450868675
4066,中科✔電梯陽台✔機車好停✔子母車✨短租,,6999,10.0,0.0,5,1,台中市,台中市西屯區順和三街,,電梯大廈,1房1衛 - 1陽台,,有對外窗;陽台,https://www.rakuya.com.tw/rent/rent_item?ehid=0ac6a1195699602,3c034587f69bd467846cf11a59f16058.jpeg,0.3579751923348363
4067,L3J58）遠東廣場【秒殺正3房】補助★寵★附傢俱,,24500,26.0,20.2,5,3,新北市,新北市中和區連城路,,公寓,3房1廳1衛 - 1陽台,,,https://www.rakuya.com.tw/rent/rent_item?ehid=03519828940253a,0a4b443cfb7eeb1902db1f980cdb9b4f.jpeg,1.2904528653227043
4068,東海秒殺一房一廳@可租補@可短租,,8000,14.0,0.0,4,1,台中市,台中市龍井區新興路,,透天厝,1房1廳2衛,,有對外窗,https://www.rakuya.com.tw/rent/rent_item?ehid=01850e283159247,d608360d7b2072333b35f5ccee7fb927.jpeg,0.35732365757096346
4069,全新完工⚡電梯⚡陽台獨洗曬⚡三房⚡子母車⚡文心愛悅,,32000,24.0,0.1,4,3,台中市,台中市南屯區文心南路/文心愛悅,,電梯大廈,3房2廳1衛 - 1陽台1廚房,,有對外窗;樓中樓;陽台,https://www.rakuya.com.tw/rent/rent_item?ehid=011ab6290762261,90439bc2d35a1323851020dac64b1281.jpeg,0.3205345962953496
4070,可短租一個月✨可寵物✨雙租補不加價✨機車位,,7500,9.0,0.1,3,1,台中市,台中市龍井區遠東街,,透天厝,1房1衛,,有對外窗,https://www.rakuya.com.tw/rent/rent_item?ehid=0679a3292974773,49c49154d73ec02d0e073350a5d6385e.jpeg,0.34983189500517226
4071,♥️可租補✨可寵✨獨洗✨飲水機✨子母車✨,,4999,8.0,0.0,1,1,台中市,台中市龍井區新興路,,電梯大廈,1房1衛 - 1陽台,,,https://www.rakuya.com.tw/rent/rent_item?ehid=0e8bae28946667c,d0d34e4c3f4d527bb652757b3b89b3d0.jpeg,0.37868054539314105
4072,北屯好市多⛅兩房兩廳兩衛三陽台⛅可租補⛅捷運⛅總站,,26000,33.0,2.1,7,2,台中市,台中市北屯區南興三路/昌祐又一湛,,電梯大廈,2房2廳2衛 - 3陽台,,,https://www.rakuya.com.tw/rent/rent_item?ehid=0c649129293377f,6c68eb6e367bb9dcf4c9a37998f2684a.jpeg,0.692004846515294
4073,三房三廳三衛雙陽含平車☆租金含稅☆可貓☆客製化傢俱,,68000,45.0,1.2,5,3,台中市,台中市西屯區台灣大道三段/鄉林皇居,,電梯大廈,3房3廳3衛 - 2陽台,,有對外窗;陽台,https://www.rakuya.com.tw/rent/rent_item?ehid=026efa285185475,4a237d24a11578a7da47aceaece2cfe1.jpeg,0.9089849850043549
4074,L0D57）捷運中和【秒殺大空間】貓可洽★垃圾代收,,12000,8.0,20.1,2,1,新北市,新北市中和區橋安街,,電梯大廈,1房1衛,,,https://www.rakuya.com.tw/rent/rent_item?ehid=0e7421285064148,6a89b66cdfe7202cb0457c66f1c5d77b.jpeg,0.6666678414575852
4075,✨西屯區精選✅大空間✨子母車✨飲水機✨採光佳,,6500,9.0,4.7,3,1,台中市,台中市西屯區漢口路二段,,透天厝,1房1衛,,有對外窗,https://www.rakuya.com.tw/rent/rent_item?ehid=0bf1bc22266847c,f5b8c89950e5ff390c97b83fb0887117.jpeg,0.6418482150336402
4076,電梯兩房一廳❤️台水電❤️陽台獨洗獨曬❤️子母車,,19499,19.0,0.1,5,2,台中市,台中市南屯區大墩六街,,電梯大廈,2房1廳1衛 - 1陽台1廚房,,有對外窗;陽台,https://www.rakuya.com.tw/rent/rent_item?ehid=0b222929278807d,7c1dee11a097998a3b71c101408f2968.jpeg,0.89184104493546
4077,全新未住❤️雙租補❤️系統櫃❤️台電❤️陽台獨洗曬,,16899,15.0,0.0,3,1,台中市,台中市中區臺灣大道一段,,電梯大廈,1房1衛 - 1陽台,,有對外窗;陽台,https://www.rakuya.com.tw/rent/rent_item?ehid=0ed68b28242563e,7b200af4dd80e8bbab4f7d925e3f91e9.jpeg,1.1878925313563549
4078,可補助短租/新光遠百/獨洗曬/逢甲走路到/機能讚,,11999,14.0,0.6,2,1,台中市,台中市西屯區青海路二段,,透天厝,1房1衛,,有對外窗,https://www.rakuya.com.tw/rent/rent_item?ehid=0c8ef3183724360,1135c5517888b5669b28498fc368f2b5.jpeg,1.3742249059073355
4079,可貓咪⭐可短租⭐逢甲僑光⭐小資價,,4999,8.9,0.0,4,1,台中市,台中市西屯區西安街,,透天厝,1房1衛,,有對外窗,https://www.rakuya.com.tw/rent/rent_item?ehid=0dd5c1293575253,2eb9873efbb4909b4195a879bfa44f81.jpeg,1.7527499529625385
4080,雙租屋補助✨陽台獨洗曬✨乾溼分離✨電梯,,12499,10.0,0.0,6,0,台中市,台中市龍井區新興路,,電梯大廈,開放式格局,,有對外窗;陽台,https://www.rakuya.com.tw/rent/rent_item?ehid=0c7931282791574,dc64ddae2fabf7b73dd31564261305c5.jpeg,0.3390359137671343
4081,承義佩樺｜西屯七期｜最新地標商辦TOP1,,215000,132.43,1.9,16,0,台中市,台中市西屯區台灣大道三段/台中TOP1環球經貿中心,,電梯大廈,開放式格局,,有對外窗;為邊間;有中庭;陽台,https://www.rakuya.com.tw/rent/rent_item?ehid=0e40bb292475107,10d43ff230eac91de7b2642962998257.jpeg,0.8153205685377335
4082,❤樹孝商圈❤可入戶籍❤陽台獨曬❤可租屋補助❤子母車,,6999,10.0,3.6,3,1,台中市,台中市北屯區太和路一段,,電梯大廈,1房1衛 - 1陽台,,有對外窗;陽台,https://www.rakuya.com.tw/rent/rent_item?ehid=01b35f15910556e,e5a74be5acffcf0e05947c9b07a66bb1.jpeg,0.38080259590401433
4083,嶺東科大／物業管理/雙租補／機車位/汽車位可租,,13500,13.0,0.1,11,0,台中市,台中市南屯區嶺東路,,透天厝,開放式格局,,有對外窗;陽台,https://www.rakuya.com.tw/rent/rent_item?ehid=0f2553290675587,15e4df2439acc5b94e07b2c02356a30b.jpeg,0.12770020206099247
4084,鄉林夏都高樓層美2+1房,,36500,27.0,17.3,8,2,台中市,台中市西區忠明南路/鄉林君悅/鄉林夏都,,電梯大廈,2房2廳2衛 - 1室1陽台1廚房,,有對外窗;有中庭;陽台,https://www.rakuya.com.tw/rent/rent_item?ehid=0696f8281228310,0bd899a2a42f5d6b6df4343e8f53a96f.jpeg,0.6098892438597157
4085,✨電梯新屋✨租屋補助✨陽台獨洗✨乾溼分離✨加賴約看,,10499,13.0,0.1,2,1,台中市,台中市西區大新街,,電梯大廈,1房1衛 - 1陽台,,有對外窗;陽台,https://www.rakuya.com.tw/rent/rent_item?ehid=068fdd29342188a,2b104adb46a52842faff2e2996daebcd.jpeg,0.75322898598021
4086,三房⚡台水電⚡可租補⚡陽台獨洗⚡平面車位⚡子母車,,32000,53.0,0.0,13,3,台中市,台中市南屯區河南路四段/三采市政新境,,電梯大廈,3房2廳2衛 - 2陽台1廚房,,有對外窗;陽台,https://www.rakuya.com.tw/rent/rent_item?ehid=030a95281022040,3ef9d44ee13ae42946a2c079db5a57c2.jpeg,0.6105004981211154
4087,可短租✨一房一廳✨雙租屋補助✨電梯✨機車位,,7999,12.0,0.0,4,1,台中市,台中市龍井區新興路,,電梯大廈,1房1廳2衛,,有對外窗,https://www.rakuya.com.tw/rent/rent_item?ehid=0b6a9128323143c,e0fd2f417f2c3e89e9858669fd1c3ed8.jpeg,0.3573290369620662
4088,超新電梯◕陽台獨曬◕只有一間◕勤益803,,6999,10.0,4.5,5,0,台中市,台中市太平區振福路,,透天厝,開放式格局,,有對外窗;陽台,https://www.rakuya.com.tw/rent/rent_item?ehid=02dc7e13345535b,fb60233f8967766e74b6c3c14c379a4d.jpeg,0.6287912074055386
4089,可貓可租補獨洗晒台電台水電梯美套房,,6000,6.0,0.1,4,1,台中市,台中市沙鹿區臺灣大道七段/致富商學院,,華廈,1房1衛 - 1陽台,,,https://www.rakuya.com.tw/rent/rent_item?ehid=01e4e3270787573,3996329ba73293a1422458d99deff46f.jpeg,0.16496544350913378
4090,北屯大間可寵物✨獨洗烘✨流理臺電磁爐✨全新完工,,13000,10.0,0.0,1,1,台中市,台中市北屯區安順東九街,,透天厝,1房1衛,,有對外窗,https://www.rakuya.com.tw/rent/rent_item?ehid=054f69282949073,d5d3a00a6bdb76de89d496cbf40875ab.jpeg,0.0
4091,中科榮總/可寵貓狗/一房一廳/機車位,,14999,15.0,0.1,5,0,台中市,台中市西屯區福雅路,,透天厝,開放式格局,,有對外窗,https://www.rakuya.com.tw/rent/rent_item?ehid=07e5ba292205743,a4936271e78c69f7527dd4b1d4bdaf99.jpeg,0.035102890170203446
4092,全新完工✨租屋補助✅電梯上樓✨陽台獨洗✨IG搶先看,,8999,13.0,0.1,4,1,台中市,台中市潭子區潭興路二段,,電梯大廈,1房1衛 - 1陽台,,有對外窗;陽台,https://www.rakuya.com.tw/rent/rent_item?ehid=0c1f03293247415,716235954206e39433a2da63de976cd6.jpeg,0.19126259249779165
4093,❤️東海中科❤️飯店式管理和風裝潢大坪數❤️可短租,,8800,15.0,6.0,5,1,台中市,台中市龍井區藝術街,,電梯大廈,1房1廳1衛,,有對外窗,https://www.rakuya.com.tw/rent/rent_item?ehid=07a78e283427679,1a0cfb11e649d671f791beb995be33cf.jpeg,0.1756234525610044
4094,近中華夜市✨近一中✅精美套房✨採光佳✨木地板✨,,6200,8.0,4.6,2,1,台中市,台中市中區中山路,,透天厝,1房1衛,,有對外窗,https://www.rakuya.com.tw/rent/rent_item?ehid=09490d229368904,3767505e728574c43aac17102b15731a.jpeg,0.010531830648144513
4095,台中科大中國醫藥大學一中街採光通風套房,,6800,6.0,20.0,3,0,台中市,台中市北區太平路,,公寓,開放式格局,,,https://www.rakuya.com.tw/rent/rent_item?ehid=01715715033823e,dd387fb3b15cd969e3e19fe6051b1f7f.jpeg,1.3057603002729965
4096,電梯大空間套房❤️雙租補❤️陽台獨洗獨曬❤️子母車,,12499,14.0,0.0,1,1,台中市,台中市南屯區文山一街,,電梯大廈,1房1衛 - 1陽台,,有對外窗;陽台,https://www.rakuya.com.tw/rent/rent_item?ehid=0e657028839134e,37531da67ca985b933134631c4acea0b.jpeg,0.2218263550076393
4097,【秒殺正廣】@可租屋補助@可貓咪@流理台@近東海,,9999,10.0,0.0,3,1,台中市,台中市龍井區遠東街,,透天厝,1房1廳1衛,,有對外窗,https://www.rakuya.com.tw/rent/rent_item?ehid=0f336722176112e,04740031aebdfd221ee6cf854d60a4e6.jpeg,0.33801772649038414
4098,流理台✨可租補✨獨洗✨可寵✨子母車✨全新變頻,,12999,16.0,0.1,1,1,台中市,台中市潭子區雅豐街,,透天厝,1房1衛 - 1陽台,,,https://www.rakuya.com.tw/rent/rent_item?ehid=04c92228060108d,66555cf52285deac339793319b0141d2.jpeg,0.11282517552416106
4099,北區⛅可租補雙租補⛅可貓⛅採光讚讚⛅台灣大道⛅西屯,,11499,10.0,2.1,4,1,台中市,台中市北區日進街,,透天厝,1房1衛,,有對外窗,https://www.rakuya.com.tw/rent/rent_item?ehid=04109d293082499,115d599ad10b13cb9a764019fd6ea8a2.jpeg,1.1198759802482208
4100,太平⛅四房兩廳三衛⛅可租補⛅台水電⛅雙平車⛅管理員,,25000,32.0,3.1,4,4,台中市,台中市太平區長安十一街/珍藏家,,透天厝,4房2廳3衛,,有對外窗;陽台,https://www.rakuya.com.tw/rent/rent_item?ehid=007544292932324,5088b994d25ea78a94bfb20c79afdd27.jpeg,0.43847985196357814
4101,❤️逢甲僑光❤️共洗曬❤️飲水機子母車可貓貓可短租,,6499,8.0,0.0,3,1,台中市,台中市西屯區西安街,,透天厝,1房1衛,,有對外窗,https://www.rakuya.com.tw/rent/rent_item?ehid=03320728416342e,5c2f43007e8961f9db29116b1943f46d.jpeg,1.4669598322117297
4102,租補兩房❤️雙陽台獨洗曬❤️電梯免爬樓梯❤️子母車,,18000,18.0,0.1,6,2,台中市,台中市北屯區水湳路,,電梯大廈,2房1廳1衛 - 2陽台,,有對外窗;陽台,https://www.rakuya.com.tw/rent/rent_item?ehid=0c12ca29334325e,a035d7385472dd5fe171650c472b661e.jpeg,0.9100012981062657
4103,小資族套房❤️雙租補❤️可貓咪❤️可短租,,5499,7.0,0.1,2,1,台中市,台中市西區大隆路,,透天厝,1房1衛,,有對外窗,https://www.rakuya.com.tw/rent/rent_item?ehid=0d91fa291601189,1601e7262b923b952138ddff75b0b3e8.jpeg,1.5917888897792971
4104,✨２房２衛✨含車位✨秋紅谷✨雙租補✨逢甲商圈✨,,27199,30.0,0.0,8,2,台中市,台中市西屯區西屯路二段,,電梯大廈,2房1廳2衛 - 1陽台1廚房,,有對外窗;陽台,https://www.rakuya.com.tw/rent/rent_item?ehid=00cba1287050871,5f462842491406ace719071a0406a470.jpeg,0.869054324743774
4105,全新別墅⏳精美系統⏳陽台獨洗⏳流理台⏳室內機車位,,11499,16.0,0.0,3,1,台中市,台中市西屯區河南路二段,,電梯大廈,1房1廳1衛 - 1陽台1廚房,,有對外窗;陽台,https://www.rakuya.com.tw/rent/rent_item?ehid=0f4f96290259191,5914b927e4446ad72bbec0dc93051af6.jpeg,0.9487158959308072
4106,全新電梯❤️雙租補❤️陽台洗曬❤️管理員❤️近興大,,13999,16.0,0.1,8,1,台中市,台中市南區學府路,,電梯大廈,1房1衛 - 1陽台,,有對外窗;陽台,https://www.rakuya.com.tw/rent/rent_item?ehid=067fdf292906704,146905aaa23112f48f764afd136915a0.jpeg,0.0
4107,可租補致富院中庭花園追劇網路電梯套房,,6500,8.0,0.0,4,1,台中市,台中市沙鹿區臺灣大道七段/致富院,,透天厝,1房1衛,,有對外窗;有中庭;樓中樓;陽台,https://www.rakuya.com.tw/rent/rent_item?ehid=03b95f255126303,eee41a232a390d227782f0f595e79ff7.jpeg,0.16334147071002916
4108,嶺東科大／超新屋/雙租補／機車位,,11999,12.0,0.0,5,0,台中市,台中市南屯區文山一街,,透天厝,開放式格局,,有對外窗;陽台,https://www.rakuya.com.tw/rent/rent_item?ehid=078df8290675566,5fa6fa110663f358b3b9f907d9d0a00e.jpeg,0.2228735860147166
4109,澄清短租✨租屋補助✅獨洗流理臺✨機車位✨IG搶先看,,11499,13.0,0.0,4,1,台中市,台中市西屯區中工三路,,電梯大廈,1房1衛 - 1陽台,,有對外窗,https://www.rakuya.com.tw/rent/rent_item?ehid=0c072a286725403,a262ac391075b36a55665b6522a05989.jpeg,0.31786872801805394
4110,【秒殺正廣】@超快網速@可貓咪@學生最愛@機車位,,4500,7.0,0.0,5,0,台中市,台中市龍井區台灣大道五段,,電梯大廈,開放式格局,,有對外窗,https://www.rakuya.com.tw/rent/rent_item?ehid=08d2ff225266514,8aa2ef16fee21e82d8e0ccbdbed38777.jpeg,0.1666724865846937
4111,可寵⭐可短租⭐一樓免爬⭐小資價,,5499,8.9,0.0,1,1,台中市,台中市西屯區西屯路二段上石北三巷,,透天厝,1房1衛,,有對外窗,https://www.rakuya.com.tw/rent/rent_item?ehid=0fa0e5275714190,302f6761811e779e2496b111818e42e0.jpeg,0.0
4112,【小許推薦】中壢車站✨小資溫馨套房✨可養乖寵,,5500,7.0,5.9,3,1,桃園市,桃園市中壢區健行路,,透天厝,1房1衛,,有對外窗,https://www.rakuya.com.tw/rent/rent_item?ehid=02090b188720452,a1c81e424f0370d3e96d4f607ea5f63b.jpeg,0.0
4113,捷運景安站｜獨立套房‧有陽台‧含管理費,,17000,9.28,31.1,11,1,新北市,新北市中和區中正路/捷運森林,,電梯大廈,1房1衛 - 1陽台1廚房,,有對外窗;有中庭;陽台,https://www.rakuya.com.tw/rent/rent_item?ehid=0491f629099866a,b78cb702f1d90c2c25fa7499ef04ed84.jpeg,0.2535102374152444
4114,近市政府⭐電梯⭐管理員⭐台水電⭐陽台獨洗⭐泡澡浴缸,,8499,11.0,0.1,11,1,台中市,台中市西區公益路,,電梯大廈,1房1衛 - 1陽台,,有對外窗;陽台,https://www.rakuya.com.tw/rent/rent_item?ehid=0e5c27293247674,4fe3261fa7240782c0d5fba37e39c315.jpeg,0.0
4115,大肚秒殺電梯式全新屋✨可租補❗冷暖變頻✨可寵❗,,10499,13.0,0.1,4,1,台中市,台中市大肚區遊園路二段,,電梯大廈,1房1衛 - 1陽台,,有對外窗;陽台,https://www.rakuya.com.tw/rent/rent_item?ehid=04046729131279e,4489fb53a75dd24f389b826d8127f9cf.jpeg,0.03558562138489182
4116,電梯/超新裝潢/可貓/逢甲僑光,,7499,12.0,0.0,6,0,台中市,台中市西屯區福星路,,電梯大廈,開放式格局,,,https://www.rakuya.com.tw/rent/rent_item?ehid=044d8c280511784,c434ab7d8e498125a88af6eb7e92147d.jpeg,1.8767755649586988
4117,實在不錯划算*套房大、陽台大***還可養寵,,6999,8.0,0.1,2,1,台中市,台中市龍井區新興路,,華廈,1房1衛 - 1陽台,,有對外窗;陽台,https://www.rakuya.com.tw/rent/rent_item?ehid=07e2f6293288313,629e100423d73dd57df7ab2fe1c96a54.jpeg,0.3631632386005586
4118,西區電梯⛅可租補⛅可寵可貓可狗⛅陽台獨洗⛅採光超讚,,11799,12.0,2.1,5,1,台中市,台中市西區大忠南街,,透天厝,1房1衛 - 1陽台,,有對外窗;陽台,https://www.rakuya.com.tw/rent/rent_item?ehid=003a8429307849e,eee52dc66da6e7d77e0e58d15e933196.jpeg,0.0
4119,限時降價沙鹿火車站極緻精裝電梯套房萬元有找^^,,8500,9.0,0.1,10,1,台中市,台中市沙鹿區中正街/凱悅W,,華廈,1房1衛,,有對外窗,https://www.rakuya.com.tw/rent/rent_item?ehid=02b6fc292169074,e875781f6e6fa098b5f812206e3055e2.jpeg,0.27770482961083026
4120,⭐️近清泉醫院⭐陽台獨洗⭐設備齊全⭐採光佳⭐,,10499,13.0,0.1,3,1,台中市,台中市大雅區雅潭路四段,,透天厝,1房1衛 - 1陽台,,陽台,https://www.rakuya.com.tw/rent/rent_item?ehid=072b2929137152d,ddf0484aa7c058571d6aae70df2b762a.jpeg,0.29654684487409844
4121,⭐全新未住⭐設備齊全⭐附平面汽車位⭐衛浴乾濕分離⭐,,11499,16.0,0.1,3,1,台中市,台中市大雅區中清路四段,,透天厝,1房1衛 - 1陽台,,有對外窗,https://www.rakuya.com.tw/rent/rent_item?ehid=0afa89285021999,1e504416a44a520f047a7e83d3b88af3.jpeg,0.06846403372696547
4122,❤️新蓋完工養寵物❤️租屋補助\電梯陽台\東海商圈,,7999,12.0,0.1,5,1,台中市,台中市龍井區台灣大道五段,,電梯大廈,1房1衛 - 1陽台,,有對外窗;陽台,https://www.rakuya.com.tw/rent/rent_item?ehid=0e2ea629200873b,07e16e43457dc2c0149617dad4da45af.jpeg,0.1551828960520973
4123,水湳✔流理臺✨租補一房一廳,,8000,12.3,2.0,2,1,台中市,台中市北屯區大連路二段,,電梯大廈,1房1廳1衛,,有對外窗,https://www.rakuya.com.tw/rent/rent_item?ehid=0e9de821243377f,453b29c631778970701d36331743a0f6.jpeg,2.2684947632076593
4124,✨新整理３房✨可租補✨台水電✨勤美草悟道✨,,23999,35.0,0.0,4,3,台中市,台中市西區中美街,,公寓,3房2廳1衛 - 1陽台1廚房,,有對外窗;陽台,https://www.rakuya.com.tw/rent/rent_item?ehid=0427bf288644634,a80140d698c276770627cc3c05b47da4.jpeg,1.5599324943143071
4125,✨全新未住✨滿租倒數✨有平面車位✨子母車✨陽台獨洗,,11999,15.0,0.0,3,1,台中市,台中市大雅區中清路四段,,電梯大廈,1房1廳1衛 - 1陽台,,有對外窗;陽台,https://www.rakuya.com.tw/rent/rent_item?ehid=088d07281934375,de415632566538eb34d75f2c19df3228.jpeg,0.0681272970350662
4126,中醫科博館⭐採光佳⭐衛浴窗⭐超低價,,4699,9.0,0.0,4,1,台中市,台中市北區民權路,,透天厝,1房1衛,,有對外窗,https://www.rakuya.com.tw/rent/rent_item?ehid=0920cc279431924,2a1c8f1225533bdac828c517778d91dc.jpeg,1.058859759267096
4127,可短租⭐電梯單套⭐超低價⭐東海中科,,3999,8.9,0.0,4,1,台中市,台中市龍井區台灣大道五段,,透天厝,1房1衛,,有對外窗,https://www.rakuya.com.tw/rent/rent_item?ehid=09612927221742e,348fb5414870d196d820ea217884a5fe.jpeg,0.16922805510960853
4128,全新完工♥️台積電首選✨子母車✨陽台獨洗,,8999,12.0,0.1,3,1,台中市,台中市大雅區科雅路,,電梯大廈,1房1衛 - 1陽台,,,https://www.rakuya.com.tw/rent/rent_item?ehid=0fa14729257709e,c1ce2a1adaceb5b161e646a019ddcafb.jpeg,0.032212647157522804
4129,近靜宜弘光台水台電可租補✨陽台獨洗曬✨可貓✨管理員,,5000,7.0,0.0,1,1,台中市,台中市沙鹿區台灣大道七段,,華廈,1房,,有對外窗;陽台,https://www.rakuya.com.tw/rent/rent_item?ehid=00b9e528279058f,bf9ba9be3754dae78969f90ba54e5be7.jpeg,0.16877905490440778
4130,精緻套房出租租金免費垃圾代收,,8500,6.0,18.9,4,1,新北市,新北市板橋區金華街,,公寓,1房1衛,,有對外窗;為邊間,https://www.rakuya.com.tw/rent/rent_item?ehid=0e8deb26183110,243bfb863fee7822478d677bbdf95b95.jpeg,0.7114919357182585
4131,✨新福16街✨ 美體.美容.美甲 ✨補習班運動中心,,50000,15.0,0.3,1,0,台中市,台中市東區旱溪西路二段,,電梯大廈,,,為邊間,https://www.rakuya.com.tw/rent/rent_item?ehid=02fcca28715118e,b9335dcba979dc34c8462b7247a8eab9.jpeg,0.4228354976515284
4132,Z2H54）近三重商工【超值１＋１房】可補助★入籍,,14500,10.0,20.2,4,2,新北市,新北市三重區三張街,,公寓,2房1廳1衛,,,https://www.rakuya.com.tw/rent/rent_item?ehid=05213a21707777f,a5e28f0552004baa3db03d00f862fdbe.jpeg,0.0
4133,【秒殺正廣】@全新電梯宅@超級大空間@陽台獨洗,,14400,15.0,3.2,5,0,台中市,台中市西屯區中工三路,,電梯大廈,開放式格局,,有對外窗;陽台,https://www.rakuya.com.tw/rent/rent_item?ehid=0e6c7f173624266,b59ba58b6a4b7e2b70aa472ebaa74c38.jpeg,0.4889500475874569
4134,整棟全新➕一房一廳➕可雙租補➕質感採光➕陽台獨洗➕,,13999,18.0,0.1,6,1,台中市,台中市北屯區華美西街二段,,電梯大廈,1房1廳1衛 - 1陽台,,有對外窗;陽台,https://www.rakuya.com.tw/rent/rent_item?ehid=07cb8c292453473,4ee843bd78c2704fa10b6056767393a5.jpeg,0.8242313366086303
4135,超新電梯透天✨雙租補✨可報稅✨陽台獨洗曬✨機車位,,11500,10.0,0.1,3,1,台中市,台中市烏日區信義街,,電梯大廈,1房1衛 - 1陽台,,有對外窗;陽台,https://www.rakuya.com.tw/rent/rent_item?ehid=0b0f8a29149223b,fd2509ff1355f3ff41f6e2b164374028.jpeg,0.19071931152960095
4136,走路到新光遠百捷運✨可貓可短租可雙租補✨獨洗機車位,,8000,6.0,0.0,2,1,台中市,台中市西屯區文心路三段,,透天厝,1房1衛,,有對外窗,https://www.rakuya.com.tw/rent/rent_item?ehid=0f62b7288860895,035940492b1341cf26e430be65f34bf2.jpeg,0.9423135312514265
4137,再收藏就出租✨大雅超美三房✨平車全新完整家具家電✨,,27000,30.0,0.1,8,3,台中市,台中市大雅區大林路/久樘花園童畫,,電梯大廈,3房2廳2衛 - 2陽台,,陽台,https://www.rakuya.com.tw/rent/rent_item?ehid=064065291924244,6abeeb3f794da3e60578addfc4e49d67.jpeg,0.09070883889071227
4138,頭張路✅室內機車✨專屬洗衣機,,6599,10.0,0.0,3,1,台中市,台中市潭子區頭張路一段,,透天厝,1房1衛,,有對外窗,https://www.rakuya.com.tw/rent/rent_item?ehid=04724b27952081a,5d934c0760b762616ff4fcbe85f2b3db.jpeg,0.2079781161353359
4139,電梯大套房❤️可租補❤️近中科大一中❤️子母車,,10999,12.0,0.0,5,1,台中市,台中市北區進化路,,電梯大廈,1房1衛 - 1陽台,,有對外窗;陽台,https://www.rakuya.com.tw/rent/rent_item?ehid=0c59b928408412d,00fae98f517f9d7d1486e56219b45210.jpeg,0.0
4140,烏日最頂大採光電梯套房⚡租補✅近高鐵站⚡衛浴開窗⚡,,11499,15.0,0.1,3,1,台中市,台中市烏日區信義街,,電梯大廈,1房1廳1衛 - 1陽台,,有對外窗;陽台,https://www.rakuya.com.tw/rent/rent_item?ehid=0548b929147641c,6017dde0c2927710c89d03afcc5ba5fd.jpeg,0.11345468446182849
4142,✨太原車站✨可雙租補✨子母車✨飲水機✨陽台獨洗曬,,9999,13.0,0.1,3,1,台中市,台中市北屯區北屯路,,透天厝,1房1衛 - 1陽台,,有對外窗;陽台,https://www.rakuya.com.tw/rent/rent_item?ehid=023c6e293426940,181f5e0149a36adc098861d1f0c87a65.jpeg,0.11731203448783921
4143,靜宜弘光✨租屋補助✨機車位✨超新電梯,,6999,12.0,0.1,3,0,台中市,台中市沙鹿區東晉一街,,電梯大廈,開放式格局,,有對外窗;陽台,https://www.rakuya.com.tw/rent/rent_item?ehid=0e723d292562759,9c80c8250473069008f223182b9eb469.jpeg,0.22101077091976853
4144,捷運站旁✨近逢甲商圈✨小資族套房✨飲水機✨全新整理,,5699,10.0,0.1,2,1,台中市,台中市西屯區西屯路二段,,透天厝,1房1衛,,有對外窗,https://www.rakuya.com.tw/rent/rent_item?ehid=0fea1729297541e,2681ca37ab0b7bb98a644feab31e1325.jpeg,1.0621384183067082
4145,嶺東可租屋補助❤可短租❤陽台獨洗❤機車位超新電梯,,10499,13.0,0.1,2,0,台中市,台中市南屯區保安一街,,電梯大廈,開放式格局,,陽台,https://www.rakuya.com.tw/rent/rent_item?ehid=0a6ab4287615569,df01ff6de5c61972303088cdb410ec04.jpeg,0.22339862313848752
4146,最好的星空留給你✨採光強✨小資秒殺✨多間可選,,4999,8.0,0.1,3,1,台中市,台中市潭子區潭富一街,,電梯大廈,1房1衛,,有對外窗,https://www.rakuya.com.tw/rent/rent_item?ehid=04a3fe290986731,595f3d0b5df5cc9d02e634ccfb9161f0.jpeg,0.11684999686416923
4147,❤️東海中科❤️共洗窗曬系統櫃❤️可租補室內機車位,,5499,10.0,8.0,5,1,台中市,台中市龍井區新興路,,電梯大廈,1房1衛 - 1陽台,,有對外窗,https://www.rakuya.com.tw/rent/rent_item?ehid=035a6c28300229c,8aa77f7750a04a739091de05eb3ceb34.jpeg,0.37416125683193685
4148,可租補✨運動套房✅獨洗獨曬✨大空間✨採光,,5500,9.0,4.6,6,1,台中市,台中市北屯區東山路一段,,公寓,1房1衛,,有對外窗,https://www.rakuya.com.tw/rent/rent_item?ehid=041d9e22997949e,5ad1c74902d2bd2af87aff25d70fb883.jpeg,0.675612934181199
4149,可租補⛅雅潭夜市⛅全新電梯⛅陽台獨洗⛅乾溼分離⛅,,9499,12.0,0.1,2,1,台中市,台中市大雅區雅潭路四段,,透天厝,1房1衛 - 1陽台,,有對外窗;陽台,https://www.rakuya.com.tw/rent/rent_item?ehid=0b7e6729115865b,19db8bbf1ba35b38bfdbdf530f05a8c9.jpeg,0.14803066438509727
4150,✨雙租屋補助✨獨洗窗曬✨加賴約看✨秒殺物件✨,,8499,13.0,0.1,4,1,台中市,台中市西屯區大信街,,公寓,1房1衛,,有對外窗;陽台,https://www.rakuya.com.tw/rent/rent_item?ehid=0cc8ab29345551f,718f4864c83e3acbd7d4330aa06f8b58.jpeg,0.9821159452283909
4151,【秒殺正廣】@小資首選@共洗共曬@子母車@一層二戶,,3999,7.0,0.0,1,0,台中市,台中市龍井區新興路,,透天厝,開放式格局,,有對外窗,https://www.rakuya.com.tw/rent/rent_item?ehid=0c6b64228974194,4ac9da59bdb5a2731690719025c6ba9e.jpeg,0.3896698637392301
4152,質感大二房⏳可雙租補⏳傢俱全配⏳平面汽車位⏳歡喜樓,,19999,36.0,0.1,9,2,台中市,台中市北屯區柳陽東街/歡喜樓,,電梯大廈,2房2廳1衛 - 2陽台1廚房,,有對外窗;陽台,https://www.rakuya.com.tw/rent/rent_item?ehid=0d5daa293469608,176d4c1b537f6e94b9bab2cd51111d29.jpeg,0.6440482193699736
4153,中興大⭐電梯管理員⭐超低價⭐搶租中,,4999,8.7,0.1,3,1,台中市,台中市南區學府路,,電梯大廈,1房1衛,,有對外窗,https://www.rakuya.com.tw/rent/rent_item?ehid=03c7ec292975595,00c7075f28e5b87dac4703dde97ffcbb.jpeg,0.0
4154,逢甲中國醫⭐獨曬窗⭐G車位⭐超低價,,3999,8.7,0.1,6,1,台中市,台中市西屯區福上巷,,透天厝,1房1衛,,有對外窗,https://www.rakuya.com.tw/rent/rent_item?ehid=08864e29315089f,8454e49f7b56733d98ae41409776f5d4.jpeg,1.8637352911413465
4155,近逢甲商圈✨學生精選套房✨飲水機✨採光好✨木質地板,,3999,10.0,0.1,5,1,台中市,台中市西屯區西安街,,公寓,1房1衛,,有對外窗,https://www.rakuya.com.tw/rent/rent_item?ehid=07c366292975370,6293e03dcd4a723c4ee1c8ee8b1fe8c9.jpeg,1.559792797424747
4156,逢甲商圈／可貓/短租/租補/小資學生最愛,,7999,12.0,0.0,3,0,台中市,台中市西屯區逢甲路,,透天厝,開放式格局,,有對外窗,https://www.rakuya.com.tw/rent/rent_item?ehid=093e78290710972,9e674c52458db980079e2bef88f2ea34.jpeg,1.5518289605209732
4157,全新整理✨可雙租補✅陽台獨洗✨小資首選✨IG搶先看,,7499,12.0,0.1,5,1,台中市,台中市中區成功路,,電梯大廈,1房1衛 - 1陽台,,有對外窗;陽台,https://www.rakuya.com.tw/rent/rent_item?ehid=00755d29324174c,8e4714ae7d874d052509a12b0aab2eea.jpeg,0.5196116558684993
4158,乖寵首選✨租屋補助✅系統裝潢✨獨洗窗曬✨IG搶先看,,8499,13.0,0.1,5,1,台中市,台中市西屯區漢成七街,,公寓,1房1衛,,有對外窗,https://www.rakuya.com.tw/rent/rent_item?ehid=014f3729324151f,fae196d8a228a6d065a80fd0a9930003.jpeg,0.9658993764733297
4159,太平新光特區 曙光之旅2 大空間精緻裝潢 近74號,,34800,40.0,8.1,6,2,台中市,台中市太平區育賢路/曙光之旅2,,電梯大廈,2房2廳2衛 - 2陽台,,,https://www.rakuya.com.tw/rent/rent_item?ehid=0c6d8329270886b,e22760f9cd33694266d839348e92b02b.jpeg,0.38611463078028685
4160,電梯小資族套房❤️可貓咪❤️近逢甲大學夜市,,7499,8.0,0.0,6,1,台中市,台中市西屯區福星路,,電梯大廈,1房1衛,,有對外窗;陽台,https://www.rakuya.com.tw/rent/rent_item?ehid=032bef290675838,494757a4d48d32ddb9d8bb3d5b3117aa.jpeg,1.8767755649586988
4161,✨可貓咪✨一樓免爬高✨租屋補助✨陽台獨洗✨加賴約看,,10999,15.0,0.1,1,1,台中市,台中市西屯區西屯路三段,,透天厝,1房1衛 - 1陽台,,有對外窗;陽台,https://www.rakuya.com.tw/rent/rent_item?ehid=014a6d293455577,23d8202dd850767a9e2ecb5f413c7707.jpeg,0.5102441153757612
4162,✨稀有可寵✨雙租屋補助✨陽台獨洗✨加賴約看✨,,9999,13.0,0.1,3,1,台中市,台中市西區大隆路,,透天厝,1房1衛 - 1陽台,,有對外窗;陽台,https://www.rakuya.com.tw/rent/rent_item?ehid=0656ec293357844,64d3771ec32d69d8a741f67a52035407.jpeg,1.4395578469355184
4163,✨嶺東超夯搶手✨３改２房✨平面車位✨更衣間✨可租補,,28500,40.0,0.1,11,2,台中市,台中市南屯區春安三街/微笑城市,,電梯大廈,2房1廳1衛 - 1陽台1廚房,,有對外窗;陽台,https://www.rakuya.com.tw/rent/rent_item?ehid=03dc16291492104,e730da009f95b51ad25c79a8f85f31ae.jpeg,0.1317430164221064
4164,可補助◕獨洗陽台◕科博館SOGO市政府,,8999,10.0,0.0,2,0,台中市,台中市西屯區何厝街,,透天厝,開放式格局,,有對外窗;陽台,https://www.rakuya.com.tw/rent/rent_item?ehid=0d9d72133521225,d7c7a2473d549ca015d9c189ede752d2.jpeg,1.1415356836447144
4165,小資可貓◕短租加價◕系統櫃◕逢甲僑光,,5999,8.5,0.0,5,0,台中市,台中市西屯區逢甲路,,透天厝,開放式格局,,有對外窗,https://www.rakuya.com.tw/rent/rent_item?ehid=02b40f187710520,1d359ef1a65673ad5c4d252869e78337.jpeg,1.6909307801643796
4166,有質感可租補陽台獨洗晒室內專屬機車格套房,,5500,6.0,0.1,1,1,台中市,台中市沙鹿區東英路/致富讚,,透天厝,1房1衛 - 1陽台,,,https://www.rakuya.com.tw/rent/rent_item?ehid=02393b29204951c,c3949513b7f9e8f02f586aaf3c3f8303.jpeg,0.18386934284678202
4167,靜宜弘光超省台電可雙租補✨可貓貓✨流理台沙發,,6500,7.0,0.0,3,1,台中市,台中市沙鹿區晉文路,,透天厝,1房1衛,,有對外窗,https://www.rakuya.com.tw/rent/rent_item?ehid=03337e290270462,cb8fe019b192c06e738e87b21af2aaf5.jpeg,0.17800032064554458
4168,近四維國小捷運✨兩房一廳✨台水電✨可寵✨可租補✨,,23000,20.0,0.1,15,2,台中市,台中市北屯區天津路四段,,電梯大廈,2房1廳1衛 - 1陽台1廚房,,有對外窗;陽台,https://www.rakuya.com.tw/rent/rent_item?ehid=08902a29328918f,750f872d4e993a5fccc0d7638860d38b.jpeg,1.9236388991880238
4169,可租補✨百萬裝潢✨獨洗✨子母車✨變頻冷氣,,10500,8.0,5.2,3,1,台中市,台中市北區太平路,,透天厝,1房1衛,,有對外窗,https://www.rakuya.com.tw/rent/rent_item?ehid=04dff6267607455,2594b139bb9c2697947e98fa19c60586.jpeg,1.254379158700761
4170,可短租補助/逢甲僑光✓新光遠百旁✓只有一間✓管理員,,4999,10.0,0.2,7,1,台中市,台中市西屯區惠來路三段,,電梯大廈,1房1衛,,有對外窗,https://www.rakuya.com.tw/rent/rent_item?ehid=0e39df19632802f,a094fd069e00fdc4515cfa3b1014d0c3.jpeg,1.1511888579951488
4171,✓可貓✓興大中山醫/室內機車位✓快點搶秒殺,,6499,10.2,0.6,2,1,台中市,台中市南區美村路二段,,透天厝,1房1衛,,有對外窗,https://www.rakuya.com.tw/rent/rent_item?ehid=0172b622517758c,b5dfc3c351f2879838ca9ca72ada1612.jpeg,0.542387718119683
4172,【秒殺正廣】@可租屋補助@一房一廳@室內機車位,,8500,10.0,0.0,5,0,台中市,台中市龍井區台灣大道五段,,透天厝,開放式格局,,有對外窗,https://www.rakuya.com.tw/rent/rent_item?ehid=06e8e525148621a,1488e3a8b9bef16e7c01aa7e36949967.jpeg,0.06790592548877966
4173,整棟新蓋台電雙租補變頻冷氣,,10000,11.0,0.1,13,0,台中市,台中市太平區坪林路,,電梯大廈,開放式格局,,有對外窗;陽台,https://www.rakuya.com.tw/rent/rent_item?ehid=0c3c4f293352067,04e77094b13b63ceacea837a4390f65b.jpeg,0.1511120281784463
4174,近東海夜市✨超划算✨可短租✨可租補✨,,7000,7.0,0.0,3,1,台中市,台中市西屯區工業區三十八路,,華廈,1房1衛,,有對外窗,https://www.rakuya.com.tw/rent/rent_item?ehid=07eeb2289166790,6c1e65cf79262006baa4ffea1d78b8a2.jpeg,0.31335252753844905
4175,全新沙鹿市場旁三房平車視野戶,,23000,20.0,0.7,10,3,台中市,台中市沙鹿區興安路/和築T1,,電梯大廈,3房2廳2衛 - 1陽台,,,https://www.rakuya.com.tw/rent/rent_item?ehid=095bfe292271347,,0.21263176919528956
4176,可短租/陽台獨洗/好停車/先搶先贏,,8999,11.0,2.9,5,1,台中市,台中市南屯區忠勇路,,透天厝,1房1衛 - 1陽台,,,https://www.rakuya.com.tw/rent/rent_item?ehid=0f58c0214327011,f0e74354f29c2b3fcbe7a630bd3b8616.jpeg,0.15904994534026884
4177,近綠園道✨陽台獨洗✨可貓✨有流理台✨,,13000,8.0,0.1,1,1,台中市,台中市西區日新街,,透天厝,1房1衛 - 1陽台,,有對外窗;陽台,https://www.rakuya.com.tw/rent/rent_item?ehid=03e870293307966,8916129fa4b83abf833870d6440685b9.jpeg,1.0973839055417776
4178,中山醫✨租屋補助✅室內機車✨陽台獨洗✨IG搶先看,,7799,13.0,0.1,4,1,台中市,台中市南區忠明南路,,電梯大廈,1房1衛 - 1陽台,,有對外窗,https://www.rakuya.com.tw/rent/rent_item?ehid=06521129324745b,d346f065186250ea5616912007c8ee17.jpeg,0.4516114340639118
4179,O0S41）五權公園【秒殺大空間】可貓★陽台★補助,,16000,14.0,20.1,6,1,新北市,新北市板橋區五權街,,公寓,1房1衛 - 2陽台1廚房,,,https://www.rakuya.com.tw/rent/rent_item?ehid=0ea0a5288584951,207b2a233908036f1e57d9c97e832175.jpeg,0.0
4180,沙鹿靜宜麥當勞星巴客電梯套房可租補,,6500,4.0,0.0,5,1,台中市,台中市沙鹿區台灣大道七段/致富院,,電梯大廈,1房1衛,,有對外窗,https://www.rakuya.com.tw/rent/rent_item?ehid=09770e284552775,c9203839ebd6a43dd6e55de3d14de30c.jpeg,0.16334147071002916
4181,新店～松林路華廈～獨立大套房,,10000,20.0,27.3,4,0,新北市,新北市新店區松林路/生活家,,電梯大廈,開放式格局,,,https://www.rakuya.com.tw/rent/rent_item?ehid=0e1b0419864120f,df6fe8a2243a9d23fcb616f98613b507.jpeg,0.04970790400606786
4182,全新位住➕大三房➕可租補➕含平車位➕大景莊園,,21999,54.51,0.2,4,3,台中市,台中市潭子區僑興一街/佳茂6962大景莊園,,電梯大廈,3房2廳2衛 - 2陽台1廚房,,有對外窗;陽台,https://www.rakuya.com.tw/rent/rent_item?ehid=025433291260796,c9bfa61aa6b1c7ec3a97b6149ae5e01e.jpeg,0.21002754619598624
4183,北屯超大間@類一房一廳@獨洗陽台@流理台@汽車位,,15000,15.0,0.1,3,1,台中市,台中市北屯區松竹路二段,,透天厝,1房1廳1衛 - 1陽台,,有對外窗;陽台,https://www.rakuya.com.tw/rent/rent_item?ehid=085f41291993433,af70a1a614e59c008be0e4ee784c1233.jpeg,0.5464624936856254
4184,可寵⭐可短租⭐電梯⭐東海超低價,,3999,8.0,1.8,5,1,台中市,台中市龍井區新興路,,華廈,1房1衛,,有對外窗,https://www.rakuya.com.tw/rent/rent_item?ehid=01262522802243c,eaf940aaa4982b6d3964c6156537b623.jpeg,0.3896698637392301
4185,可補助◕可貓一房一廳◕獨洗曬◕近中科74,,11999,15.0,0.0,4,1,台中市,台中市西屯區中清路二段,,透天厝,1房1廳1衛,,有對外窗,https://www.rakuya.com.tw/rent/rent_item?ehid=0e2c03198987454,ea8a8624ea6c8c6de875a30e61cbabb0.jpeg,0.16837174838666363
4186,太平⛅電梯⛅可租補雙租補⛅全新陽台獨洗衛浴開窗⛅,,8999,10.0,1.3,2,1,台中市,台中市太平區光興路,,透天厝,1房1衛 - 1陽台,,有對外窗,https://www.rakuya.com.tw/rent/rent_item?ehid=04facd28910592d,a6e4f1e39ba6d5a86027f2acd61e37a2.jpeg,0.0815382631174796
4187,秒殺❤類一房一廳❤陽台獨洗曬❤機車位❤中山醫興大,,9499,13.0,0.0,7,0,台中市,台中市南區福平街,,電梯大廈,開放式格局,,有對外窗;陽台,https://www.rakuya.com.tw/rent/rent_item?ehid=03fcea290322431,a6116f604ab775a97542798aa91739a0.jpeg,0.05601160274030707
4188,陽台獨洗✨流理臺✨機車位✨近潭子車站✨多間可選,,6799,8.0,0.1,4,1,台中市,台中市潭子區潭子街三段公廳巷,,透天厝,1房1衛 - 1陽台,,,https://www.rakuya.com.tw/rent/rent_item?ehid=0dca4329141040e,a3687c2c5d11e56b929c4baa1d428585.jpeg,0.3488337963979851
4189,全新電梯透天☆飲水機☆子母車☆機車位固定☆陽台獨洗,,13000,15.0,0.4,5,1,台中市,台中市沙鹿區東晉一街,,電梯大廈,1房1衛 - 1陽台,,,https://www.rakuya.com.tw/rent/rent_item?ehid=0dc368283675522,fcfce6a84858dbdd8fcf9e296d458c82.jpeg,0.20539786632723955
4190,❤️東海中科❤️可寵❤️共洗獨曬子母車❤️可短租,,3999,8.0,6.2,9,1,台中市,台中市龍井區新興路,,電梯大廈,1房1衛,,有對外窗,https://www.rakuya.com.tw/rent/rent_item?ehid=0ca8a327678310e,265e8450be598baf3dd2a317e0a10e7d.jpeg,0.3896698637392301
4191,全新飯店式⏳可短租⏳陽台獨洗⏳質感裝潢⏳免費汽車位,,10999,16.0,0.0,5,1,台中市,台中市北屯區祥順路二段,,電梯大廈,1房1廳1衛 - 1陽台,,有對外窗;陽台,https://www.rakuya.com.tw/rent/rent_item?ehid=09631d290415693,ed23f7f9ae0fc5af7bc4df1e6c65acd2.jpeg,0.21727157899430294
4192,中興大學✨可租補✨通風佳✨機車位✨子母車飲水機,,7699,10.0,0.1,5,1,台中市,台中市南區仁義街,,電梯大廈,1房1衛,,有對外窗,https://www.rakuya.com.tw/rent/rent_item?ehid=02175829341467d,6cea169b91da83c94f287c4929932ddd.jpeg,3395.2461358618
4193,小資大空間✨租補可寵物✨變頻冷氣✨獨洗獨曬✨一中街,,6599,12.0,0.1,4,1,台中市,台中市中區中華路一段,,透天厝,1房1衛,,有對外窗,https://www.rakuya.com.tw/rent/rent_item?ehid=02c97a293333286,c69a360b4bd9d5bd6064a298acdffea0.jpeg,2.3462857825318046
4194,Q0F87）捷運三重【超值租案】雙面採光★變頻冷氣,,8500,7.0,20.1,6,1,新北市,新北市三重區成功路,,公寓,1房1衛,,,https://www.rakuya.com.tw/rent/rent_item?ehid=0e87eb292673433,2e9a3502a87c7b063c16b3b4a1d713f2.jpeg,0.422638372071957
4195,❤️潭子矽品❤️陽台獨洗.乾溼分離❤️可租補機車位,,7499,10.0,3.6,2,1,台中市,台中市潭子區雅豐街,,電梯大廈,1房1衛 - 1陽台,,有對外窗;陽台,https://www.rakuya.com.tw/rent/rent_item?ehid=0c88be291271190,6a3708af58b0599310695d970cdddc85.jpeg,0.10289339720168304
4196,✨免仲可租補，鶯桃路華廈電梯2房，便宜租~~~,,8000,26.01,0.0,3,2,新北市,新北市鶯歌區鶯桃路,,電梯大廈,2房1廳1衛,,,https://www.rakuya.com.tw/rent/rent_item?ehid=0e43df288242644,2358bc3afef856272ed70060ecb84318.jpeg,0.1245528177818787
4197,近市政府⭐可貓⭐可租補⭐飲水機⭐陽台獨洗⭐雙人沙發,,10999,14.0,0.1,1,1,台中市,台中市西屯區西屯路三段,,透天厝,1房1衛 - 1陽台,,有對外窗;陽台,https://www.rakuya.com.tw/rent/rent_item?ehid=02ff7f293469818,e1f466ee9c59323e4d16da655cc47396.jpeg,0.49058152904143515
4198,洲際W✨視野佳✨台水電✨可工作室✨含汽車位✨環境優,,24999,30.0,0.1,6,0,台中市,台中市北屯區四平路,,電梯大廈,開放式格局,,有對外窗;陽台,https://www.rakuya.com.tw/rent/rent_item?ehid=0943aa292272220,9bae0f1c31b85a88c68483be38aec49e.jpeg,0.0
4199,大中小間任君挑選✨陽台獨洗曬✨可租補✨火速來電✨,,4499,8.0,0.1,2,0,台中市,台中市沙鹿區南陽路,,透天厝,開放式格局,,有對外窗;陽台,https://www.rakuya.com.tw/rent/rent_item?ehid=04ece129242472f,19f4627dae0febdd72c99f458cf0a663.jpeg,0.14035977333380648
4200,✨大空間✨可短租✨大窗戶✨室內機車位✨飲水機✨,,6799,9.0,4.4,1,1,台中市,台中市西屯區西安街,,公寓,1房1衛,,有對外窗,https://www.rakuya.com.tw/rent/rent_item?ehid=0d24f4276140542,79d3da92c1cd28cefff926493317b7f8.jpeg,1.7681187650262051
4201,含1車＆1機可租補沙鹿火車站陽台獨洗曬廚加客廳,,17000,12.0,0.0,10,1,台中市,台中市沙鹿區中正街/凱悅W,,華廈,1房1廳1衛 - 1陽台1廚房,,,https://www.rakuya.com.tw/rent/rent_item?ehid=0558b5292164861,9f58de1cdf0da1f14ce9cd79ae43ce3a.jpeg,0.25631662380729514
4202,近都會公園✨獨洗曬✨可貓✨採光好✨弘光靜宜大學旁,,5499,10.0,0.1,3,1,台中市,台中市沙鹿區北勢東路,,透天厝,1房1衛,,有對外窗,https://www.rakuya.com.tw/rent/rent_item?ehid=0324f829257389a,0dfda426036e7680a0d861523364e6e2.jpeg,0.11652450569908891
4203,正一房一廳/騎樓可停機車/可租補,,16500,9.0,0.1,6,1,台中市,台中市西屯區中清西二街,,華廈,1房1廳1衛 - 1陽台,,有對外窗;陽台,https://www.rakuya.com.tw/rent/rent_item?ehid=00dd68293049844,6fe622108f7bc62d14d3d78ee00f0f62.jpeg,0.7771549696325487
4204,可租補報稅✨極新屋況✨陽台獨洗✨大大採光✨機車位✨,,7499,9.0,0.1,2,1,台中市,台中市潭子區雅豐街,,電梯大廈,1房1衛 - 1陽台,,,https://www.rakuya.com.tw/rent/rent_item?ehid=0575c7291413201,b6aa4f259348fbbd479e361362eda19f.jpeg,0.12038527472596916
4205,運動套房✨小資首選✨飲水機✨子母車✨,,4000,9.0,12.6,5,1,台中市,台中市北區榮華街,,公寓,1房1衛,,有對外窗,https://www.rakuya.com.tw/rent/rent_item?ehid=0f0689269725442,20ae3037d41e5e7a289ab5bd68981edd.jpeg,2.2054598690138616
4206,可租補✨東海工業✨陽台獨洗✨電梯新屋✨子母車,,9000,12.0,3.0,2,1,台中市,台中市西屯區順和七街,,電梯大廈,1房1衛 - 1陽台,,有對外窗;陽台,https://www.rakuya.com.tw/rent/rent_item?ehid=0f7ba3250105597,d0f8a17f2faa27995994b42ea6b43e69.jpeg,0.3060161021578248
4207,✨可租屋補助✅精美套房✨採光佳✨近中國醫✨,,6500,9.0,3.6,2,1,台中市,台中市北區德化街,,透天厝,1房1衛,,有對外窗,https://www.rakuya.com.tw/rent/rent_item?ehid=06f04222300709c,c75d65481887be5bb545cd94408b13ed.jpeg,4021.5384615384614
4208,✨免管理費✨單人床✨陽台獨曬✨逢甲商圈✨佛心出租,,4500,7.0,14.3,2,1,台中市,台中市西屯區文華路,,公寓,1房1衛 - 1陽台,,陽台,https://www.rakuya.com.tw/rent/rent_item?ehid=081c30188660621,a8d89f95ddf3404d86ccb8d8d0a8d2cd.jpeg,2.0899852594106982
4209,全新一房一廳❤️可租補❤️陽台獨洗曬❤️子母車,,12499,13.0,0.0,1,1,台中市,台中市西屯區長安路二段,,公寓,1房1廳1衛 - 1陽台,,有對外窗;陽台,https://www.rakuya.com.tw/rent/rent_item?ehid=058aa0288491455,144a1ede67b81974a2b81b8bcfe915a3.jpeg,0.8107801709231184
4210,✨電梯美屋✨小資首選✨加賴約看✨秒殺物件✨,,3999,10.0,0.1,12,1,台中市,台中市西屯區福星路,,電梯大廈,1房1衛,,有對外窗,https://www.rakuya.com.tw/rent/rent_item?ehid=094491293025775,19f4b281a74d03d679c848105b55a800.jpeg,2.030736661315302
4211,【秒殺正廣】@電梯@獨洗烘@流理台@泡澡浴缸可短租,,15500,10.0,3.3,4,0,台中市,台中市龍井區台灣大道五段,,透天厝,開放式格局,,有對外窗,https://www.rakuya.com.tw/rent/rent_item?ehid=038369163252331,8bd7c46acdc271b04fe0acfe76fb6fac.jpeg,0.14367237312529607
4212,可貓狗⭐短租⭐機車位⭐雙人租補,,5999,9.5,0.1,1,1,台中市,台中市龍井區遠東街,,透天厝,1房1衛,,有對外窗,https://www.rakuya.com.tw/rent/rent_item?ehid=03d3cf292974769,2d2717393e650735bfd0b3826c7bc8b7.jpeg,0.3595475079774165
4213,白金大智東區電梯大套房（近三井Lalaport),,19999,10.0,0.2,6,1,台中市,台中市東區大智路,,透天厝,1房1衛 - 1陽台,,有對外窗;陽台,https://www.rakuya.com.tw/rent/rent_item?ehid=04d45b191912127,e53732a35c1d2719f40e1fd3420e3ae9.jpeg,0.0
4214,近雅潭夜市✨陽台獨洗✨可停機車✨飲水機✨木質地板,,7999,10.0,0.1,3,1,台中市,台中市大雅區神林南路,,透天厝,1房1衛 - 1陽台,,有對外窗;陽台,https://www.rakuya.com.tw/rent/rent_item?ehid=054b4d292701747,f5fab90151d3ec267a7b54e0340e4244.jpeg,0.2919888702032884
4215,O0S89）捷運江子翠4分【超值租案】採光優★限女,,10000,6.0,20.0,4,1,新北市,新北市板橋區江寧路三段,,公寓,1房1衛,,,https://www.rakuya.com.tw/rent/rent_item?ehid=0c4cfc293833887,9aece066c1b645511899febdc76a90de.jpeg,0.6024597965535424
4216,⭐全新未住⭐採光佳⭐全新變頻冷暖氣⭐可租汽車位,,7499,11.0,0.1,3,1,台中市,台中市潭子區嘉豐路,,透天厝,1房1衛 - 1陽台,,有對外窗;陽台,https://www.rakuya.com.tw/rent/rent_item?ehid=0be2ec282480176,dbce56309340d7e27dd395505646ead2.jpeg,0.04527309476874054
4217,L0O04）捷運中和【精緻租案】免爬梯★獨洗★廚房,,13000,5.0,20.0,1,1,新北市,新北市中和區泰和街,,公寓,1房1衛,,,https://www.rakuya.com.tw/rent/rent_item?ehid=08aaa4288326709,f52359c1be961db3681b6c73a89549a3.jpeg,0.9720237054359505
4218,靜宜大間台水台電可租補✨陽台獨洗曬✨可貓✨管理員,,7000,10.0,0.0,2,1,台中市,台中市沙鹿區台灣大道七段,,華廈,1房1衛 - 1陽台,,陽台,https://www.rakuya.com.tw/rent/rent_item?ehid=03d1a1284164244,f030bb8e4500c5a2584b8c1371413cf1.jpeg,0.16186421952317237
4219,超棒的比佛利山莊✨豪華可寵大間✨大陽台獨洗✨,,14500,18.0,0.1,11,0,台中市,台中市大里區永興路,,電梯大廈,開放式格局,,有對外窗;陽台,https://www.rakuya.com.tw/rent/rent_item?ehid=0cfbd2276162595,f7076e75281227a883fcf2956df4ece0.jpeg,1.2409387972236667
4220,小資首選✨租屋補助✅共洗窗曬✨採光超好✨IG搶先看,,8499,14.0,0.1,5,1,台中市,台中市南屯區五權西路三段,,電梯大廈,1房1衛,,有對外窗,https://www.rakuya.com.tw/rent/rent_item?ehid=0d71fa293248109,d7600e05452c6d9a7fff2cf814193bf5.jpeg,0.0
4221,貓咪喵喵✨租屋補助✅獨洗窗曬✨室內機車✨IG搶先看,,6899,13.0,0.1,3,1,台中市,台中市西區正福街,,電梯大廈,1房1衛,,有對外窗,https://www.rakuya.com.tw/rent/rent_item?ehid=0f4681293247355,b980b586f08a8c10e9262bd8ece6bb57.jpeg,0.06964219120354906
4222,可租補、貓寵、短租♥獨洗曬♥逢甲、僑光♥水湳中國醫,,7499,11.0,0.0,2,1,台中市,台中市西屯區逢甲路,,公寓,1房1衛,,有對外窗,https://www.rakuya.com.tw/rent/rent_item?ehid=06fecc14442121d,170d3715941bd7d477bddc08436ef8de.jpeg,1.0392233117369987
4223,M1B15）捷運頂溪【超值大空間】貓★倉庫★可停車,,13500,12.0,20.0,1,1,新北市,新北市永和區文化路,,公寓,1房1廳1衛,,,https://www.rakuya.com.tw/rent/rent_item?ehid=07a275266184873,3d1d7107afbacac862621c740d70891b.jpeg,0.891020958741361
4224,✨中華夜市✨木地板✨子母車✨生活機能佳✨,,6100,8.0,4.3,3,1,台中市,台中市中區中山路,,透天厝,1房1衛,,有對外窗,https://www.rakuya.com.tw/rent/rent_item?ehid=0e08f722946434d,a6d3b22be9dd6237cd607502de088848.jpeg,0.021106106042284786
4225,可貓狗⭐可短租⭐東海中科⭐小資價,,3999,8.3,0.0,4,1,台中市,台中市龍井區台灣大道五段,,透天厝,1房1衛,,有對外窗,https://www.rakuya.com.tw/rent/rent_item?ehid=01eeb428866272e,1a1c71f1dd130208fc7fd45b207cbe9b.jpeg,0.16922805510960853
4226,總太觀心歌劇院視野,,47000,72.71,0.0,4,4,台中市,台中市西屯區市政北一路,,電梯大廈,4房2廳2衛,,,https://www.rakuya.com.tw/rent/rent_item?ehid=03f2ac261204046,f2cdad93482c0a71caac59de62bf6ed0.jpeg,0.8468137096699353
4227,忠孝興大✨系統裝潢✨機車位✨陽台獨洗曬✨IG搶先看,,9499,14.0,0.1,6,1,台中市,台中市南區建成路,,電梯大廈,1房1衛 - 1陽台,,有對外窗;陽台,https://www.rakuya.com.tw/rent/rent_item?ehid=015ffb293247374,01819e6aedbdcacc087d082b65fe6ab4.jpeg,0.041008494863439104
4228,3房2廳2衛電梯大樓☆台水電☆平車☆機車位☆可租補,,27000,31.0,5.4,10,3,台中市,台中市大雅區雅潭路四段,,電梯大廈,3房2廳2衛 - 2陽台1廚房,,有對外窗;陽台,https://www.rakuya.com.tw/rent/rent_item?ehid=09783e277540453,23afee59d5965757a0e6a881df95c399.jpeg,0.27390512135626843
4229,近新光✨木地板✨機能優✨流理台✨子母車✨,,8800,11.0,5.7,2,1,台中市,台中市西屯區台灣大道三段,,透天厝,1房1衛,,有對外窗,https://www.rakuya.com.tw/rent/rent_item?ehid=0a890826550454c,492062b1ee8a9ab5803f61d8805360ed.jpeg,1.134487130336603
4230,✨可短租✨租屋補助✨省錢套房✨秒殺物件✨加賴✨,,4499,11.0,0.1,3,1,台中市,台中市西屯區重慶路,,透天厝,1房1衛,,有對外窗,https://www.rakuya.com.tw/rent/rent_item?ehid=06094128793362a,36f2f7fe46268f6f767189e4fe6a59ce.jpeg,1.0494086178160373
4231,整棟全新⏳可雙租補⏳陽台獨洗⏳質感裝潢⏳子母車,,10499,16.0,0.0,2,1,台中市,台中市東區練武路,,透天厝,1房1廳1衛 - 1陽台,,有對外窗;陽台,https://www.rakuya.com.tw/rent/rent_item?ehid=0102fb29011905e,645379434332fad67173001126adeba8.jpeg,1.457033497814737
4232,近中國醫✨可租補✨採光好✨小資族精選套房,,4499,10.0,0.1,3,1,台中市,台中市北區英才路,,透天厝,1房1衛,,有對外窗,https://www.rakuya.com.tw/rent/rent_item?ehid=0cff51292975643,a8bedb7a4546621589c04e66a4a73bc0.jpeg,0.42985180583478233
4233,可租補、短租、戶籍♥平車♥管理室♥嶺東♥精科園區,,12000,15.0,5.4,6,1,台中市,台中市南屯區嶺東路,,電梯大廈,1房1衛,,有對外窗,https://www.rakuya.com.tw/rent/rent_item?ehid=0850c7273322741,2530be4891b7bee0a264dfdcea760b70.jpeg,0.12944061739249463
4234,電梯小資族套房❤️可租補❤️陽台獨洗曬❤️飲水機,,7799,8.0,0.0,5,1,台中市,台中市北區國強街,,電梯大廈,1房1衛 - 1陽台,,有對外窗;陽台,https://www.rakuya.com.tw/rent/rent_item?ehid=02d82229027006d,28ca6d79c89fd03c7f51fb7dba009a4d.jpeg,0.6769051199914868
4235,大空間套房❤️可租補❤️獨立洗衣機❤️附機車位,,10999,12.0,0.0,3,1,台中市,台中市北屯區軍榮五街,,透天厝,1房1衛,,有對外窗,https://www.rakuya.com.tw/rent/rent_item?ehid=07613f28152923b,50a655be1d9741c9928d43830d913261.jpeg,0.6704941940005186
4236,✨電梯新屋✨雙租屋補助✨陽台獨洗✨乾溼分離✨加賴,,11999,13.0,0.0,5,1,台中市,台中市北屯區后庄七街,,電梯大廈,1房1衛 - 1陽台,,有對外窗;陽台,https://www.rakuya.com.tw/rent/rent_item?ehid=0f89f7289438775,280df7cff86506b6e21a2fb3739e6949.jpeg,0.23552579832122889
4237,全新變頻冷氣/勤美/陽台獨洗/好停車/空間大,,6499,12.0,0.0,4,1,台中市,台中市南屯區東興路三段,,透天厝,1房1衛 - 1陽台,,,https://www.rakuya.com.tw/rent/rent_item?ehid=041135224705383,ae7fb03bf83b0abcec7187fe3ec135fb.jpeg,1.4491594630842497
4238,超低價⭐可租補⭐洗衣免投⭐中國醫,,3999,8.9,0.0,3,1,台中市,台中市北區大德街,,透天厝,1房1衛,,為邊間,https://www.rakuya.com.tw/rent/rent_item?ehid=0e2ffe280812059,f4baff5265f4c2100f49f649d5e51fed.jpeg,1.1601028514750795
4239,電梯/大坪數/可貓/流理臺獨洗/嶺東精科,,11499,16.0,5.1,2,0,台中市,台中市南屯區文昌街,,透天厝,開放式格局,,有對外窗;陽台,https://www.rakuya.com.tw/rent/rent_item?ehid=0f666c21457521a,a51f72a09140c035f5558488606a3d6d.jpeg,0.4146964328604765
4240,陽台獨洗**租金不到4500***寵物有善,,4499,7.0,0.1,2,1,台中市,台中市龍井區新興路,,公寓,1房1衛,,有對外窗,https://www.rakuya.com.tw/rent/rent_item?ehid=0a07c429260948a,857dd04750655859f8f8540ad34557c6.jpeg,0.29607139687599804
4241,【可寵_不帶毛】全新強排熱水器、水壓足、熱水很充足,,19999,33.75,0.0,13,3,台中市,台中市西屯區至善路/壹號國道,,電梯大廈,3房2廳2衛 - 2陽台1廚房,,,https://www.rakuya.com.tw/rent/rent_item?ehid=09130b29223409e,67856f1ed6c649220d49996fff479157.jpeg,1.0933200870902546
4242,靜宜弘光寒假後首選電梯套房✨可租補✨陽台獨洗曬✨機,,7000,5.0,0.1,3,1,台中市,台中市沙鹿區東晉一街,,華廈,1房1衛 - 1陽台,,陽台,https://www.rakuya.com.tw/rent/rent_item?ehid=052888292441069,3b54f031a1800f8bf17020c60b972e93.jpeg,0.22100691511817766
4243,近大甲高中✨陽台獨洗✨系統裝潢✨飲水機✨子母車,,5999,10.0,0.1,2,1,台中市,台中市大甲區中山路,,透天厝,1房1衛,,有對外窗;陽台,https://www.rakuya.com.tw/rent/rent_item?ehid=0cb955292570911,57f029adf6eea98e80d355d5fec241fc.jpeg,0.13007159847418304
4244,嶺東科大／超新屋/電梯/雙租補／機車位,,13500,12.0,0.0,1,0,台中市,台中市南屯區文山一街,,透天厝,開放式格局,,有對外窗;陽台,https://www.rakuya.com.tw/rent/rent_item?ehid=07e4c229067554d,489522c791c94b4fc8a8b0e1eb0df1c5.jpeg,0.21987478399975396
4245,全新未住❤️首月免租❤️洗脫烘洗衣機❤️子母車,,9999,12.0,0.0,5,1,台中市,台中市北屯區一新一街,,電梯大廈,1房1衛 - 1陽台,,有對外窗,https://www.rakuya.com.tw/rent/rent_item?ehid=035e7828671854d,1071b9f26d359b0bb072e296bb09af52.jpeg,0.0
4246,逢甲走路到/獨曬/便宜/機車位/採光讚,,3999,10.0,1.1,6,1,台中市,台中市西屯區河南路二段,,透天厝,1房1衛,,,https://www.rakuya.com.tw/rent/rent_item?ehid=0ce2da234454251,ef7f7d2298defd7180499f7704a077a3.jpeg,1.4273050437534087
4247,全新完工電梯台電大套房@可租補@流理臺,,16900,18.0,0.0,3,1,台中市,台中市中區臺灣大道一段,,別墅,1房1衛 - 1陽台1廚房,,有對外窗;陽台,https://www.rakuya.com.tw/rent/rent_item?ehid=081565282245559,844c69a07091ecb2d20f197bb35cc9bc.jpeg,0.9697781867718827
4248,可貓⭐短租⭐陽台獨洗⭐逢甲僑光,,5999,9.2,0.0,4,1,台中市,台中市西屯區文華路,,透天厝,1房1衛 - 1陽台,,有對外窗;陽台,https://www.rakuya.com.tw/rent/rent_item?ehid=0d080c28960966a,63d7e0eb9cb53beaa7cb25770d3b251c.jpeg,1.886566924210915
4249,西區⛅一房一廳⛅可租補⛅可貓⛅超美少女奶油風⛅,,16499,15.0,1.1,2,1,台中市,台中市西區日新街,,透天厝,1房1廳1衛 - 1陽台,,有對外窗;陽台,https://www.rakuya.com.tw/rent/rent_item?ehid=0b2578293077916,555b69fd9e65fe6fafeb83a0e21e3c04.jpeg,1.032459267902752
4250,✨類一房一廳✨可雙租補✨台水電✨子母車✨獨洗曬✨,,13999,17.0,0.1,2,1,台中市,台中市中區成功路,,電梯大廈,1房1廳1衛,,有對外窗,https://www.rakuya.com.tw/rent/rent_item?ehid=00ad2c293463567,4efce004656d52c4d8f7c3b6fe371ecb.jpeg,0.4446259530429386
4251,近東海✅可雙租補✅一房一廳含平車✅陽台獨洗,,10999,15.0,0.1,3,1,台中市,台中市龍井區遠東街,,透天厝,1房1廳1衛 - 1陽台1廚房,,有對外窗;陽台,https://www.rakuya.com.tw/rent/rent_item?ehid=0cbe9f292980622,8e28fb7216c105c60768f35a532e1f67.jpeg,0.334263967683543
4252,便宜小資 採光超強電梯套房,,6500,8.0,0.1,3,1,台中市,台中市潭子區潭富一街,,透天厝,1房1衛,,有對外窗,https://www.rakuya.com.tw/rent/rent_item?ehid=0e362329180920a,8da3ae1beedfb58134e6b6d06b6bbdc0.jpeg,0.1130825566454048
4253,東海澄清/短租加價/雙租補報稅/家庭一房一廳,,18999,16.0,0.0,1,0,台中市,台中市西屯區永福路,,透天厝,開放式格局,,有對外窗;陽台,https://www.rakuya.com.tw/rent/rent_item?ehid=09f48429067576d,649926ac392742ea21a21b9c48981d73.jpeg,0.5848735849370059
4254,乖貓首選✨小資最愛✨陽台獨洗✨單人床鋪✨IG搶先看,,3799,8.0,0.1,3,1,台中市,台中市西屯區逢甲路,,公寓,1房1衛 - 1陽台,,有對外窗;陽台,https://www.rakuya.com.tw/rent/rent_item?ehid=0704c4293248137,1c3285c7c046f0a58f679362c9dd2ba7.jpeg,1.7921615626259206
4255,近台中市政府✨現況出租✨超值三房兩廳✨,,18000,25.0,0.0,3,3,台中市,台中市西屯區重慶路,,公寓,3房2廳2衛 - 1陽台1廚房,,有對外窗;陽台,https://www.rakuya.com.tw/rent/rent_item?ehid=0f3a6c289527880,9614b6ab110ac0d38cf42def0f26bd6a.jpeg,0.8895518307330912
4256,⭐近一中⭐電梯⭐可租補⭐管理員⭐獨洗曬⭐子母車,,6999,10.0,0.1,7,1,台中市,台中市西區篤行路,,電梯大廈,1房1衛,,有對外窗,https://www.rakuya.com.tw/rent/rent_item?ehid=08eb14293241737,05e8a52830c843d172e43c1200a563dd.jpeg,1.4381264248582122
4257,秒殺物件✨陽台獨曬✨絕美採光✨住戶單純✨電梯管理員,,9499,16.0,0.0,8,1,台中市,台中市南屯區大墩十七街,,電梯大廈,1房1衛 - 1陽台,,,https://www.rakuya.com.tw/rent/rent_item?ehid=0c423f290175248,1a07b2424cc2f96dea83c4c6ed9403f5.jpeg,1.2662623048076562
4258,烏日展覽館✨子母車❤專屬洗衣機,,10499,15.6,0.1,1,1,台中市,台中市烏日區中山路三段,,透天厝,1房1廳1衛 - 1陽台,,有對外窗;陽台,https://www.rakuya.com.tw/rent/rent_item?ehid=02e2c5255534160,23883f7305d2d53a9a0774ead49ae973.jpeg,0.0771021796672656
4259,L0O42）中和環球【超值大空間】獨立洗衣★飲水機,,15000,9.0,20.1,3,1,新北市,新北市中和區中山路三段,,公寓,1房1衛,,,https://www.rakuya.com.tw/rent/rent_item?ehid=03ecad29226311c,d64db0e67518b4f67b10645ae2842932.jpeg,0.49523163490259803
4260,❤️東海中科❤️可貓貓❤️木質地板採光佳❤️可短租,,3499,7.0,8.2,4,1,台中市,台中市龍井區台灣大道五段,,透天厝,1房1衛,,有對外窗,https://www.rakuya.com.tw/rent/rent_item?ehid=0e5bbc275034645,a36baaca30d64e96e076fd0490363700.jpeg,0.1722094930247701
4261,⭐近東海⭐電梯⭐可貓⭐可租補⭐管理員⭐陽台獨洗,,6899,9.0,0.1,9,1,台中市,台中市西屯區福聯街,,電梯大廈,1房1衛 - 1陽台,,有對外窗;陽台,https://www.rakuya.com.tw/rent/rent_item?ehid=09388429346994e,7878b26a843a1efb66404f1d766610e2.jpeg,0.589360036006154
4262,⭐近興大⭐電梯⭐共洗⭐機車位⭐可雙租補⭐全新整理,,6499,9.0,0.1,4,1,台中市,台中市南區福新街,,華廈,1房1衛,,有對外窗,https://www.rakuya.com.tw/rent/rent_item?ehid=020d3b293240405,e34992d2d6b45f79146906c6669d9f50.jpeg,0.10994345637561143
4263,貓咪的家⚡有電梯⚡陽台獨洗⚡飲水機⚡子母車⚡可租補,,13000,12.0,0.1,4,0,台中市,台中市潭子區興華一路,,透天厝,開放式格局,,有對外窗;樓中樓;陽台,https://www.rakuya.com.tw/rent/rent_item?ehid=071d7e235236887,9c8976e07fec0c3857129e1ec8244a9d.jpeg,0.35293717875948205
4264,正一房一廳⛪第四台可租補陽台獨洗,,13799,15.0,0.1,7,1,台中市,台中市北區武昌路,,透天厝,1房1廳1衛 - 1陽台,,有對外窗;陽台,https://www.rakuya.com.tw/rent/rent_item?ehid=021b2629335185e,c599968d212b54fd1ac25dfcea398937.jpeg,0.0
4265,豐樂捷運｜發現登陽｜大三房平車｜傢俱全,,45000,66.69,0.1,9,3,台中市,台中市南屯區海德街/發現登陽,,電梯大廈,3房2廳2衛 - 2陽台1廚房,,陽台,https://www.rakuya.com.tw/rent/rent_item?ehid=0a20da28535273a,b38fdd4c557e5a29fae28d513e7c0108.jpeg,0.8278234856386333
4266,太平優質獨立套房-近勤益科大,,4500,5.0,10.5,5,0,台中市,台中市太平區大源十三街,,透天厝,開放式格局,,有對外窗;陽台,https://www.rakuya.com.tw/rent/rent_item?ehid=0adb75272160446,10eb24092200ed0f7c6827923320bc06.jpeg,0.30593173524427325
4267,致富讚獨洗晒陽台防風防水室內專用機車格套房,,6000,6.0,0.1,1,1,台中市,台中市沙鹿區東英路/致富讚,,透天厝,1房1衛 - 1陽台,,,https://www.rakuya.com.tw/rent/rent_item?ehid=0b181e292047008,24dd5d7b98c5dd8ded517f1108780999.jpeg,0.18188497617673727
4268,靜宜商圈大間可雙租補✨汽車位可租✨陽台獨洗曬,,9000,10.0,0.0,4,1,台中市,台中市沙鹿區北勢東路,,透天厝,1房1.5衛 - 1陽台,,陽台,https://www.rakuya.com.tw/rent/rent_item?ehid=04711e285978453,6a8d1fac6dbc3ae65ff0d5675f6d11c7.jpeg,0.10972287873422008
4269,鄉林夏都｜三房美屋｜傢俱全配｜外商首選,,30000,30.0,0.0,3,3,台中市,台中市西區忠明南路/鄉林君悅/鄉林夏都,,電梯大廈,3房2廳2衛 - 1陽台1廚房,,有對外窗;陽台,https://www.rakuya.com.tw/rent/rent_item?ehid=07327c26295682d,f8d3df3c05ceb00d2558f1fe4b737bab.jpeg,0.6489773203363951
4270,全新兩房一廳一衛雙陽☆傢俱電全配☆平面車位☆台水電,,23000,27.0,1.3,5,2,台中市,台中市太平區環中東路三段/陞霖執美,,電梯大廈,2房1廳1衛 - 2陽台,,,https://www.rakuya.com.tw/rent/rent_item?ehid=0138dd28252284a,b2792bcce2ae934da7e2d4a581846b3b.jpeg,0.5727485527685885
4271,⭐可貓⭐可雙租補、短租⭐流理台⭐子母車⭐陽台獨洗,,10499,13.0,0.0,3,1,台中市,台中市北屯區大連北街,,透天厝,1房 - 1陽台,,有對外窗,https://www.rakuya.com.tw/rent/rent_item?ehid=0a3eb5293049610,dcbc7ffa93da695047296e375ffd6bd5.jpeg,0.7522404964972964
4272,佛心來小而美套房✨可貓✨可短租✨可租補✨可外勞,,3499,6.0,0.1,2,0,台中市,台中市龍井區台灣大道五段,,透天厝,開放式格局,,有對外窗,https://www.rakuya.com.tw/rent/rent_item?ehid=081e4129195128f,9430aae2a6e5668eb0920d101a93205f.jpeg,0.1722094930247701
4273,可短租一個月✨可養寵物✨雙租補不加價✨機車位,,6000,8.0,0.1,3,1,台中市,台中市龍井區遠東街,,透天厝,1房1衛,,有對外窗,https://www.rakuya.com.tw/rent/rent_item?ehid=0dcd0f292974826,402b397018646b5afef58fa06936ccdd.jpeg,0.35954006918657366
4274,心之所向全新二房平車可貓租補,,22000,36.8,0.6,8,2,台中市,台中市北屯區環太東路/總太心之所向,,電梯大廈,2房1廳1衛 - 1陽台1廚房,,有對外窗;有中庭;陽台,https://www.rakuya.com.tw/rent/rent_item?ehid=01b973293555596,22c0695f6db646d461982285c9e78cd2.jpeg,0.17093066179289634
4275,可雙租補⚡電梯套房⚡陽台獨洗⚡近東海大學,,12999,14.0,0.0,2,1,台中市,台中市西屯區福安八街,,電梯大廈,1房1衛 - 1陽台,,有對外窗;陽台,https://www.rakuya.com.tw/rent/rent_item?ehid=0be7bf287488819,8aac1ffaab9b45ad58b3a640077f7266.jpeg,0.5593042889231916
4276,嶺東科大✨陽台獨洗✨可短租✨超新電梯✨,,9999,15.0,0.0,7,0,台中市,台中市南屯區文山一街,,電梯大廈,開放式格局,,有對外窗;陽台,https://www.rakuya.com.tw/rent/rent_item?ehid=061ec327808220f,096150d7bedec8da1626db342ca2129c.jpeg,0.22766488048911168
4277,貓貓首選✨陽台獨洗✨新整理工業風✨四維國小捷運✨,,8499,12.0,0.1,3,1,台中市,台中市北屯區昌平路一段,,透天厝,1房1衛 - 1陽台,,有對外窗;陽台,https://www.rakuya.com.tw/rent/rent_item?ehid=06a68729341690f,f3b4f1c3621de82a0ba81cdf05bb3ba8.jpeg,2.4081604601265805
4278,3+1房2廳3衛1廚3陽台☆台水電天然氣☆雙車位,,70000,140.0,5.4,22,4,台中市,台中市西屯區台灣大道三段/百達富裔,,電梯大廈,4房2廳3衛 - 3陽台1廚房,,有對外窗;陽台,https://www.rakuya.com.tw/rent/rent_item?ehid=0b4955279415817,94ac6f0a24c2aaeb8083018c605f0169.jpeg,0.9063867586644339
4279,C401）近民權大橋【超值採光】精緻裝潢★專屬女性,,15000,7.0,20.0,2,1,台北市,台北市松山區撫遠街,,公寓,1房1衛,,,https://www.rakuya.com.tw/rent/rent_item?ehid=069e0e101141097,cae02a1913a9eba48b20375fb1517270.jpeg,0.46392388786852573
4280,全新未住兩房一廳❤️可租補❤️流理臺❤️陽台獨洗曬,,16000,16.0,0.0,5,2,台中市,台中市大里區明仁路,,電梯大廈,2房1廳1衛 - 1陽台,,有對外窗;陽台,https://www.rakuya.com.tw/rent/rent_item?ehid=02b85a28031846a,32935f23061ffc821a6c11e2740bddd2.jpeg,0.2778429426958163
4281,三房⚡寵物我來談⚡全新⚡陽台獨洗⚡空屋⚡平面車位,,27000,25.0,0.0,3,3,台中市,台中市太平區環中東路四段/櫻花大櫻國3,,電梯大廈,3房2廳2衛 - 2陽台1廚房,,有對外窗;陽台,https://www.rakuya.com.tw/rent/rent_item?ehid=0466d4286680274,663b37e4ff17fbc10364ded2ff52d482.jpeg,0.2605655862252813
4282,獨立權狀套房,,9000,8.0,20.1,7,1,新北市,新北市永和區秀朗路一段,,電梯大廈,1房1廳1衛,,有對外窗,https://www.rakuya.com.tw/rent/rent_item?ehid=073ee325108191a,4b6a0bf8871ec0811cafa5f08d2bc4c2.jpeg,0.9089886192385389
4283,免管理費✨可雙租補✨電梯管理員✨子母車✨木地板,,8500,9.0,8.4,3,1,台中市,台中市北屯區綏遠路二段/諾貝爾商務中心,,電梯大廈,1房1衛,,有對外窗,https://www.rakuya.com.tw/rent/rent_item?ehid=000091277183251,9a8c77507563e078da9f73ea5343eb5a.jpeg,2.284476955995662
4284,興大中山醫⭐大空間⭐電梯⭐小資價,,6999,9.5,0.0,4,1,台中市,台中市南區南和路,,透天厝,1房1衛,,有對外窗,https://www.rakuya.com.tw/rent/rent_item?ehid=086737284080496,d0aa42bdc9eff348f2a210daf8834482.jpeg,0.006225655518866719
4285,新光逢甲⭐電梯管理⭐洗衣免費⭐可短租,,5499,8.9,0.0,7,1,台中市,台中市西屯區青海路二段,,華廈,1房1衛,,有對外窗,https://www.rakuya.com.tw/rent/rent_item?ehid=0b00d027943493e,4f0672f958aab664ce591c42939ad36d.jpeg,1.509473413276271
4286,全新未住✨別墅型大五房❗雙車位✨可寵❗,,31000,68.0,0.1,0,5,台中市,台中市清水區海濱路/瑞鑫君品,,透天厝,5房3廳4衛 - 3陽台1廚房,,有對外窗;陽台,https://www.rakuya.com.tw/rent/rent_item?ehid=02ac6229132351c,c7a37d6e3e13e2bf5e7341b8dcf16e3c.jpeg,0.039434603173335976
4287,近靜宜弘光大空間可租補✨陽台獨洗曬✨室內機車位,,8000,12.0,0.0,3,1,台中市,台中市沙鹿區六路九街,,透天厝,1房 - 1陽台,,有對外窗,https://www.rakuya.com.tw/rent/rent_item?ehid=0b2bb228297605d,66a453c24b1c1f4f9cb1ff38913e5613.jpeg,0.0
4288,逢甲✨洗衣機✨子母車❤小資最愛,,3999,10.2,2.0,3,1,台中市,台中市西屯區至善路,,透天厝,1房1衛,,有對外窗,https://www.rakuya.com.tw/rent/rent_item?ehid=07ed45211504548,54f5aacc59cc24ddd949c0cd956250ab.jpeg,1.3248775367133825
4289,公益黎明☘️綠園邸高樓三房車位可租補,,27000,28.0,28.1,18,3,台中市,台中市南屯區黎明路二段/中友綠園邸,,電梯大廈,3房2廳2衛 - 2陽台1廚房,,有對外窗;有中庭;陽台,https://www.rakuya.com.tw/rent/rent_item?ehid=00d01529132371d,c70e5368f5303d4dd6ef50b1dbf654e4.jpeg,0.5255776841608917
4290,L0O47）華夏科大【超值租案】補助★貓★一層2戶,,12500,9.0,20.1,2,1,新北市,新北市中和區華新街,,電梯大廈,1房1衛,,,https://www.rakuya.com.tw/rent/rent_item?ehid=0f340e29264579f,f7331ce31f83d82d9378a1d28bd49466.jpeg,0.0
4291,朝馬轉運站✨租屋補助✨固定機車位✨獨洗曬✨子母車,,7299,11.0,0.1,2,1,台中市,台中市西屯區台灣大道三段,,透天厝,1房1衛,,有對外窗,https://www.rakuya.com.tw/rent/rent_item?ehid=05d2c8293384059,533bba057951d965331c417286ec2229.jpeg,0.9290848246751268
4292,✨電梯美屋✨獨洗烘✨雙租屋補助✨台水台電✨加賴聯絡,,14999,15.0,0.0,6,1,台中市,台中市北區篤行路,,電梯大廈,1房1衛,,有對外窗,https://www.rakuya.com.tw/rent/rent_item?ehid=049629289780106,981dc3208ba9f94d491727b57dac1f1b.jpeg,1.0530867051061035
4293,全新大二房⏳可租補⏳可入籍⏳含平面車位⏳心之所向,,19999,36.51,0.1,10,2,台中市,台中市北屯區環太東路/總太心之所向,,電梯大廈,2房2廳1衛 - 1陽台1廚房,,有對外窗;陽台,https://www.rakuya.com.tw/rent/rent_item?ehid=0bdc8429323476d,ba1289a2ee01719919e42d90eadc9b35.jpeg,0.1727261986327461
4294,可貓狗⭐短租⭐機車位⭐租屋補助,,5999,10.0,0.1,3,1,台中市,台中市西屯區福上巷,,透天厝,1房1衛,,有對外窗,https://www.rakuya.com.tw/rent/rent_item?ehid=039479292010675,5e3210a276e186f4943f1bce219fba11.jpeg,1.461454870661146
4295,西屯便宜超大間✨下樓逛逢甲❗秒殺價❗心動馬上行動✨,,6499,10.0,0.1,2,1,台中市,台中市西屯區逢甲路,,透天厝,1房1廳1衛,,有對外窗,https://www.rakuya.com.tw/rent/rent_item?ehid=09ee3829330818d,beae70007f7c9fc5ed8d9c8b6dab61fc.jpeg,1.6742817785200255
4296,電梯可補助★可短租★中科東海,,10800,15.0,5.7,3,0,台中市,台中市龍井區藝術街,,電梯大廈,開放式格局,,有對外窗,https://www.rakuya.com.tw/rent/rent_item?ehid=0dc1a9105605038,e26d3915c4d3e66b66dc6ed5b0396043.jpeg,0.33103608494736586
4298,近雅潭夜市✨可租補✨採光好✨乾溼分離✨陽台獨洗,,9499,10.0,0.1,1,1,台中市,台中市大雅區雅潭路四段,,透天厝,1房1衛 - 1陽台,,有對外窗;陽台,https://www.rakuya.com.tw/rent/rent_item?ehid=01890529257434f,660bcbdae054cfbdad8f4cc130c718d3.jpeg,0.3080638150716889
4299,洲際棒球場.一層兩戶/機車位/一房一廳,,14500,15.0,0.1,3,0,台中市,台中市北屯區松竹二路,,透天厝,開放式格局,,有對外窗,https://www.rakuya.com.tw/rent/rent_item?ehid=0c93cb292205711,76e948aa3c7fb95bf6621d5b5b1caa54.jpeg,0.5485654237918896
4300,超大空間✨一房一廳❤️台電計費✨獨洗獨曬,,15999,22.0,0.1,3,1,台中市,台中市北屯區崇德三路,,公寓,1房1廳1衛 - 1陽台,,有對外窗;陽台,https://www.rakuya.com.tw/rent/rent_item?ehid=06580729107458e,fa0b9a082112ead06b7ebdfdf1a29af8.jpeg,2.182259733224673
4301,❤️東海中科❤️陽台曬❤️可寵可短租❤️室內機車位,,6499,10.0,8.9,2,1,台中市,台中市龍井區台灣大道五段,,電梯大廈,1房1衛 - 1陽台,,有對外窗;陽台,https://www.rakuya.com.tw/rent/rent_item?ehid=0ccec7279061111,63e96acbc3e08d8cc34df278ca4ab4a5.jpeg,0.15915624161040892
4302,L0H27）近比漾廣場【優質大空間】開伙★小資首選,,8500,4.0,20.3,4,1,新北市,新北市中和區中山路二段,,公寓,1房1衛,,,https://www.rakuya.com.tw/rent/rent_item?ehid=0647ab281642429,f7d989659e82e32061048bbb24aabd33.jpeg,1.4767004990619697
4303,捷運菜寮站7分鐘可短期一個月,,8800,8.0,32.5,4,1,新北市,新北市三重區重陽路二段,,公寓,1房1衛,,,https://www.rakuya.com.tw/rent/rent_item?ehid=0936a133258205,f9cd3ca7677714d3a75982199c3587ab.jpeg,0.6964378291212243
4304,整棟全新⏳可租補⏳陽台獨洗⏳汽車位⏳機車位子母車,,8999,15.0,0.1,4,1,台中市,台中市潭子區潭興路二段,,電梯大廈,1房1衛 - 1陽台,,有對外窗;陽台,https://www.rakuya.com.tw/rent/rent_item?ehid=064f7a29024907c,2f8a75e74c15e8f9a6fba77282165f09.jpeg,0.19126259249779165
4305,近東海✨可短租✨雙租屋補助✨電梯上樓,,6000,9.0,0.0,3,1,台中市,台中市西屯區工業區三十八路,,電梯大廈,1房1衛,,有對外窗,https://www.rakuya.com.tw/rent/rent_item?ehid=0db726289145927,e75fe812346e1d24551867bbecaa92ad.jpeg,0.30878147118376326
4306,全新電梯透天☆飲水機☆可租補報稅☆流理台☆子母車,,12000,15.0,0.5,3,1,台中市,台中市大里區塗城路,,電梯大廈,1房1衛 - 1陽台,,有對外窗;陽台,https://www.rakuya.com.tw/rent/rent_item?ehid=052f5528030534a,06f7ef45d3dda182efb1046d9351a84d.jpeg,0.41459927074588504
4307,M0J70）捷運頂溪【超值租案★寵】洗衣機★近公館,,12500,6.0,20.2,2,1,新北市,新北市永和區豫溪街,,公寓,1房1衛,,,https://www.rakuya.com.tw/rent/rent_item?ehid=0ec36a28279142a,e660de13d8a2d3f16f82228ffe50ff98.jpeg,0.9502604796378459
4308,可寵雙租補❤️獨洗窗曬❤️大間❤️採光佳❤️好停車,,7699,10.0,0.0,4,1,台中市,台中市北屯區軍和街,,樓中樓,1房1衛,,有對外窗,https://www.rakuya.com.tw/rent/rent_item?ehid=03e31829234459e,e9af1ce71c4972ba81358fd1f462863c.jpeg,0.6194987909824402
4309,H0I22）捷運龍山寺站3分【超值租案】近萬華車站,,6500,6.0,20.1,4,1,台北市,台北市萬華區康定路,,公寓,1房1衛,,,https://www.rakuya.com.tw/rent/rent_item?ehid=07914f286648943,6d6ccd8e7ae889a22481d59ce8dbe4e1.jpeg,1.4438967186482705
4310,烏日⛅三房兩廳兩衛大露台⛅可寵⛅衛浴開窗乾溼分離⛅,,24999,38.0,2.1,2,3,台中市,台中市烏日區三榮北路/建義微笑世界,,電梯大廈,3房2廳2衛 - 1陽台,,,https://www.rakuya.com.tw/rent/rent_item?ehid=0de7e529186828f,a5e38c8c9339ad878aa8772ac61beeb3.jpeg,0.0
4311,南區興大五權⛅可租補⛅可貓貓⛅超大間⛅爬梯套房⛅,,7999,10.0,3.1,5,1,台中市,台中市南區五權南路,,透天厝,1房1衛,,有對外窗,https://www.rakuya.com.tw/rent/rent_item?ehid=0fbc30291025721,555faeef08c67bd857c4e571a22badc4.jpeg,0.0
4312,⭐可租補⭐可貓⭐設備齊全⭐變頻冷暖氣⭐,,12999,15.0,5.1,1,1,台中市,台中市潭子區雅豐街,,透天厝,1房1衛 - 1陽台,,有對外窗;陽台,https://www.rakuya.com.tw/rent/rent_item?ehid=0c25d628844931d,b280f6faff3c524d2753914c243d77f4.jpeg,0.12053971744034302
4313,可租補 可貓可狗 可工作室 台水台電 便宜小資,,9500,11.0,0.1,7,1,台中市,台中市西屯區福聯街,,電梯大廈,1房1衛,,有對外窗,https://www.rakuya.com.tw/rent/rent_item?ehid=0726c229180418e,f83090c3fce75df653f9cd8946714271.jpeg,0.5661102188176182
4314,桃園後站林森路公寓,,15000,30.0,44.2,5,2,桃園市,桃園市桃園區林森路,,公寓,2房2廳1衛,,有對外窗,https://www.rakuya.com.tw/rent/rent_item?ehid=080eda283663912,44c9cd034b644dd697e28955bb297ea8.jpeg,0.846257889527045
4315,近壢新醫院 全新套房 空間大,,6500,8.0,7.1,4,1,桃園市,桃園市平鎮區平安南街,,公寓,1房1廳1衛,,有對外窗;為邊間,https://www.rakuya.com.tw/rent/rent_item?ehid=01c4409226157a,b38276b8d83cf42fe8256be699c54264.jpeg,0.13611789225835763
4316,可租補、貓寵、短租♥健身公寓♥逢甲僑光♥水湳中國醫,,5999,9.0,20.6,5,1,台中市,台中市西屯區逢甲路,,公寓,1房1衛,,有對外窗,https://www.rakuya.com.tw/rent/rent_item?ehid=092a7a268898424,e7d1584d0ad66607eaea1e4876b9433d.jpeg,1.40540775912349
4317,Z0H07）三重商工【超值租案】流理台★獨立洗衣機,,13000,11.0,20.1,5,1,新北市,新北市三重區中正北路,,公寓,1房1衛 - 1廚房,,,https://www.rakuya.com.tw/rent/rent_item?ehid=0b6f84193110133,686c51f9fd07d0e4201224fe937a1808.jpeg,0.5621922820130547
4318,整棟全新✨陽台獨洗✨系統裝潢✨租屋補助✨電梯套房,,9499,13.0,0.0,5,1,台中市,台中市南區和昌街,,電梯大廈,1房1衛 - 1陽台,,,https://www.rakuya.com.tw/rent/rent_item?ehid=0c61db28503425d,4e03ddf3be4064c3561bd1967b6b03cb.jpeg,0.5981239006911362
4319,可租補☀️中庭花園一房一廳獨立洗衣機電梯大套房,,12000,10.0,0.1,2,1,台中市,台中市沙鹿區東英路/致富讚,,透天厝,1房1廳2衛,,有對外窗;有中庭;陽台,https://www.rakuya.com.tw/rent/rent_item?ehid=08ee3e266157625,58f92246e52f299dfda0a96108c6d8ec.jpeg,0.11094910062213825
4320,沙鹿區/租金便宜還可租補/陽台獨洗曬,,6800,7.0,0.1,3,1,台中市,台中市沙鹿區鎮南路二段,,透天厝,1房1衛 - 1陽台,,有對外窗;陽台,https://www.rakuya.com.tw/rent/rent_item?ehid=0660bd292062716,07eb0092cdf8ab3d2d4f44510edee25e.jpeg,0.17285184198191184
4321,精武車站❤可短租❤共洗共曬❤機車位❤子母車,,4799,10.0,0.1,4,1,台中市,台中市太平區中山路四段,,透天厝,1房1衛,,有對外窗,https://www.rakuya.com.tw/rent/rent_item?ehid=00cb7c29166207f,ee4efa5b928b987e8cd73d78b8d8a2a2.jpeg,0.6612390049426484
4322,嶺東科大／超新屋/電梯／機車位,,10999,12.0,0.0,2,0,台中市,台中市南屯區保安一街,,透天厝,開放式格局,,有對外窗;陽台,https://www.rakuya.com.tw/rent/rent_item?ehid=043e54290711299,17646363dd12f4b4c99bab278ca83f3d.jpeg,0.12190803527282157
4323,貓貓的家✨室內機車✨採光良好✨小資首選✨IG搶先看,,6499,12.0,0.1,2,1,台中市,台中市南區平順街,,透天厝,1房1衛,,有對外窗,https://www.rakuya.com.tw/rent/rent_item?ehid=0f195d29324154f,9eeea23cb5344e52f9a4593887d8ad74.jpeg,0.5340110738243984
4324,M3D42）近捷運永安市場站【超值3房2廳】可神桌,,25000,30.0,20.1,3,3,新北市,新北市永和區永貞路,,公寓,3房2廳1衛 - 1陽台1廚房,,,https://www.rakuya.com.tw/rent/rent_item?ehid=0d963b29192258c,615e8a41b57d49b8aec25b1dbbbb0aa0.jpeg,0.6312675169373395
4325,頭張路✅機車好停✨專屬洗衣機,,6299,10.0,0.0,2,1,台中市,台中市潭子區頭張路一段,,透天厝,1房1衛,,有對外窗,https://www.rakuya.com.tw/rent/rent_item?ehid=055611279520309,e3cb73799837da6f6d55b62e0f9d17e2.jpeg,0.18604879377209294
4326,❤️東海中科❤️可寵❤️可短租可報稅租補汽車位可租,,4499,8.0,6.5,6,1,台中市,台中市龍井區台灣大道五段,,電梯大廈,1房1衛,,有對外窗,https://www.rakuya.com.tw/rent/rent_item?ehid=03fdb529001884d,63991db0b2f30701f665aabd8e9d0ab1.jpeg,0.16667723083389518
4327,全新完工✨乾溼分離✨陽台獨洗✨電梯✨採光,,14500,15.0,1.7,7,1,台中市,台中市北屯區雷中街,,電梯大廈,1房1廳1衛 - 1陽台,,有對外窗;陽台,https://www.rakuya.com.tw/rent/rent_item?ehid=057c20263064609,422286efbacaf75816a3ac306eba89b9.jpeg,0.3666626530553428
4328,H2D51）近雙園國中【超值2房1廳】可補助★可貓,,19500,14.0,20.1,5,2,台北市,台北市萬華區西園路二段,,公寓,2房1廳1衛,,,https://www.rakuya.com.tw/rent/rent_item?ehid=0bceb8292129263,be7e91e9dc0c7fe623283975b0a339ff.jpeg,1.3736854074010485
4329,✨中國醫藥✨小資最愛✨飲水機✨投幣共洗✨超便宜,,4999,10.0,0.1,5,1,台中市,台中市北區美德街,,透天厝,1房1衛,,有對外窗,https://www.rakuya.com.tw/rent/rent_item?ehid=06338829342699c,a97c26778b37276d2c3c65ab43942a43.jpeg,0.9499471967290796
4330,✨803醫院✨ 麥當勞✨全聯✨ 85度C ✨肯德基,,4000,10.0,0.0,2,1,台中市,台中市太平區坪林路,,透天厝,1房1衛,,有對外窗;有中庭,https://www.rakuya.com.tw/rent/rent_item?ehid=0db7d5281729051,07ed5d890c93f5027403dc98567e88a5.jpeg,0.1447298248217072
4331,合浦街 近健行科大，東興國中，信義國小，可租補,,6000,7.0,5.4,4,1,桃園市,桃園市中壢區合浦街,,透天厝,1房1衛,,有對外窗;為邊間,https://www.rakuya.com.tw/rent/rent_item?ehid=075386135560646,a638734ef7c58b315e215462d65a11bf.jpeg,0.6408272997854813
4332,✨秒殺物件✨陽台獨洗流理台✨絕美採光✨超省租屋補助,,8999,14.0,0.0,3,1,台中市,台中市西區精誠路,,透天厝,1房1衛 - 1陽台,,,https://www.rakuya.com.tw/rent/rent_item?ehid=0cc958286709206,373e746e57342234811acd92e1f4fff4.jpeg,1.2804527245115316
4333,一中商圈｜精裝二房｜可寵物｜可租補,,22000,20.0,0.0,2,2,台中市,台中市北區育樂街,,公寓,2房1廳1衛 - 1陽台,,有對外窗;陽台,https://www.rakuya.com.tw/rent/rent_item?ehid=04fa4129356042c,6b7801001ed0b3312152578b4529eba6.jpeg,0.7955549418552356
4334,超大透天店住可合一**4房1廳3衛**養寵可談,,22000,60.0,0.1,3,4,台中市,台中市龍井區沙田路五段,,透天厝,4房1廳3衛 - 1陽台1廚房,,有對外窗;陽台,https://www.rakuya.com.tw/rent/rent_item?ehid=0b5788292475287,68b4b4fb8c89246c9bc04affa4990bd9.jpeg,0.04818789933523141
4335,台水電/陽台獨洗曬/近逢甲,,5500,5.0,0.1,7,1,台中市,台中市西屯區西安街/隆運歡喜城,,華廈,1房1衛 - 1陽台,,有對外窗;陽台,https://www.rakuya.com.tw/rent/rent_item?ehid=007d57293049419,e0f55462d485bc500908dd00f762bd92.jpeg,1.8151752567083481
4336,雙租補✨超大2+1房含車位✨台水台電✨嶺東大學,,29999,58.0,0.1,1,3,台中市,台中市南屯區中台路,,透天厝,3房1廳 - 1陽台1廚房,,有對外窗;有中庭;陽台,https://www.rakuya.com.tw/rent/rent_item?ehid=02f4b329041459d,dcce18dbe568fc9fa163f903cec59218.jpeg,0.017587523437237775
4337,近桃園市政府 正一房一廳 陽台+個人洗衣機 可補助,,15000,13.0,1.8,5,1,桃園市,桃園市桃園區泰山街,,公寓,1房1廳1衛 - 1室1陽台1廚房,,有對外窗;陽台,https://www.rakuya.com.tw/rent/rent_item?ehid=0cc1c2260467309,c876f983ce7c722068c2938f3600c5ad.jpeg,0.5587958485778357
4338,租-清水新市鎮長虹天擎兩房租金含車含管含網路可租補,,23000,19.84,0.1,21,2,台中市,台中市清水區大勇路,,電梯大廈,2房2廳1衛,,有對外窗;陽台,https://www.rakuya.com.tw/rent/rent_item?ehid=0e47ad290949160,c7d607f9f0766f485e8b6b637c0f7837.jpeg,0.3284482222037877
4339,可租補✨台電計費✨電梯管理員✨獨洗陽台✨,,8500,12.0,6.3,7,1,台中市,台中市北區青島西街,,電梯大廈,1房1衛 - 1陽台,,有對外窗;陽台,https://www.rakuya.com.tw/rent/rent_item?ehid=02f0bc265997452,ff8187cbb361609d7df6c601e1d05416.jpeg,0.9131826696326937
4340,可短租補助/獨曬/學生首選啦/逢甲下樓就到,,4499,10.0,0.6,3,1,台中市,台中市西屯區福星路,,透天厝,1房1衛,,,https://www.rakuya.com.tw/rent/rent_item?ehid=04051e201279137,d5267cc53d042bbc6c52e9e3af0a4398.jpeg,1.9485884157357352
4341,可貓咪⭐免爬高⭐乾溼分離⭐室內G車,,6499,9.2,0.1,2,1,台中市,台中市南區平順街,,透天厝,1房1衛,,有對外窗,https://www.rakuya.com.tw/rent/rent_item?ehid=097cbf292447725,eac5f072ff84fee56d11f48f3ef2e098.jpeg,0.5340110738243984
4342,電梯✨報稅補助✨陽台獨洗✨車位可租,,10000,11.0,0.0,2,0,台中市,台中市北屯區水湳路,,透天厝,開放式格局,,有對外窗;陽台,https://www.rakuya.com.tw/rent/rent_item?ehid=013a2826165014f,c55bc4a76ea76bf3be6842080c8a19d2.jpeg,0.9832223412400223
4343,中科公園旁✨全新完工✨飲水機✨子母車✨機車位✨,,8999,10.0,0.0,2,1,台中市,台中市大雅區東大路二段,,透天厝,1房1衛,,有對外窗,https://www.rakuya.com.tw/rent/rent_item?ehid=054125292571419,a9cd050f06289982eec688f174af93ee.jpeg,0.019126259249779166
4344,忠孝夜市✔陽台✔一房一廳❤可貓,,4299,8.87,1.9,5,1,台中市,台中市南區國光路,,透天厝,1房,,有對外窗,https://www.rakuya.com.tw/rent/rent_item?ehid=0fd71a21977744b,06b3b545f22f5809a9334c8525672f40.jpeg,0.3926615603665453
4345,L0C37）捷運中原【超值租案】新裝潢★獨立洗衣機,,12000,6.0,21.9,3,1,新北市,新北市中和區新民街,,公寓,1房1衛,,,https://www.rakuya.com.tw/rent/rent_item?ehid=0b4875291912095,3db2f8e909899f7cf08d65f83f10e378.jpeg,0.6218989061188276
4346,Q2B06）重陽大橋【秒殺2房2廳】垃圾代收★寵洽,,22500,20.0,20.6,2,2,新北市,新北市三重區五華街,,公寓,2房2廳1衛 - 1廚房,,,https://www.rakuya.com.tw/rent/rent_item?ehid=04fea6287716274,49883336acacde7d88c9dbd182d2be5d.jpeg,0.0
4347,秒殺物件✨獨洗獨曬✨住戶單純✨機車位✨社區管理員,,6999,13.0,0.0,2,1,台中市,台中市西屯區長安路二段,,透天厝,1房1衛,,,https://www.rakuya.com.tw/rent/rent_item?ehid=0df770287034954,994e1712ae26995b4c6aad17866b447e.jpeg,0.8684789448819072
4348,全新屋中山路特區台水台電平面車位,,17000,12.6,1.1,5,1,台中市,台中市沙鹿區光明街/佳格心悅,,電梯大廈,1房1廳1衛 - 1陽台1廚房,,有對外窗;為邊間;陽台,https://www.rakuya.com.tw/rent/rent_item?ehid=069e1e29232060a,5c2e58acdfcadc96a207134651936f71.jpeg,0.18522150187534464
4349,❤️東海中科❤️陽台獨洗❤️可貓可短租❤️可租補,,4999,8.0,6.9,3,1,台中市,台中市龍井區新興路,,透天厝,1房1衛 - 1陽台,,有對外窗,https://www.rakuya.com.tw/rent/rent_item?ehid=036d54283672559,e4012bdd3f61270454ae28b2ab42a120.jpeg,0.27697777034469745
4350,稀有釋出B1大空間雙人經濟套對外個人露臺禁菸,,5000,8.0,0.1,0,1,台中市,台中市沙鹿區平等路,,透天厝,1房1衛,,有對外窗,https://www.rakuya.com.tw/rent/rent_item?ehid=018242292204886,fd989b67e6e08cdb45f00d0ca5d8b682.jpeg,0.18825356123953177
4351,便宜小資 獨洗曬 流理臺 系統櫃 大間採光好,,8500,11.0,0.1,5,1,台中市,台中市烏日區中山路三段,,公寓,1房1衛,,有對外窗,https://www.rakuya.com.tw/rent/rent_item?ehid=0bd7c6291804529,a0539dc7e933a9318002a1bcc5a2ca19.jpeg,0.10135212759519352
4352,✨大里全新完工✨大間3房雙租補台電設備超讚,,25000,45.0,0.1,4,3,台中市,台中市大里區爽文路,,電梯大廈,3房2廳2衛 - 2室2陽台1廚房,,有對外窗;陽台,https://www.rakuya.com.tw/rent/rent_item?ehid=0eb18327466402b,521f4701cb68e27e5c327a70e5830e10.jpeg,0.8814431379963135
4353,R2B43）泰民國中【超值2房1廳】可寵★房皆有窗,,18500,30.0,20.1,4,2,新北市,新北市新莊區新泰路,,公寓,2房1廳1衛 - 1廚房,,,https://www.rakuya.com.tw/rent/rent_item?ehid=07ed3429214171e,4cf56797f8ee289cf98fb7965b884a1d.jpeg,0.6134741744272044
4354,電梯管理員✨獨立洗衣機✨美裝潢✨子母車✨,,8500,11.0,6.4,8,1,台中市,台中市北屯區安順四街,,電梯大廈,1房1衛,,有對外窗;陽台,https://www.rakuya.com.tw/rent/rent_item?ehid=095849235878894,d39615e8e86fe53bd2ef796c8331889b.jpeg,3144.705882352941
4355,全新質感⏳可雙租補⏳質感裝潢⏳陽台獨洗⏳流理台⏳,,11499,16.0,0.0,6,1,台中市,台中市西區三民路一段,,電梯大廈,1房1廳1衛 - 1陽台,,有對外窗;陽台,https://www.rakuya.com.tw/rent/rent_item?ehid=0ba00e290242595,936b0df36fcd5a9df97438829366e537.jpeg,0.0
4356,可工作室❤️兩房兩廳❤️陽台❤️含管含車❤️近洲際,,26000,25.0,0.1,6,2,台中市,台中市北屯區四平路,,電梯大廈,2房2廳1衛 - 2陽台,,有對外窗;陽台,https://www.rakuya.com.tw/rent/rent_item?ehid=04da1e29221533f,bf7fe2bb165cf40775eff4cd84c54b45.jpeg,0.0
4357,全新完工⚡可輕食⚡中國醫⚡適合百業⚡,,150000,62.0,0.0,1,0,台中市,台中市西屯區順平路,,透天厝,,,,https://www.rakuya.com.tw/rent/rent_item?ehid=04101c28588215a,b1830de34021141d1362b3bbc0891d98.jpeg,0.5285301644571913
4358,✨中國醫藥✅可雙租補✨可貓✨子母車✨流理臺✨陽台,,10999,13.0,0.1,5,1,台中市,台中市北區衛道路,,公寓,1房1衛 - 1陽台,,有對外窗;陽台,https://www.rakuya.com.tw/rent/rent_item?ehid=03f6f9293463245,c204597ec9ac418b3c0cc88332e979e2.jpeg,0.0
4359,近火車站✨可寵✨一級變頻家電✨陽台獨洗✨飲水機,,13999,13.0,0.1,2,1,台中市,台中市潭子區潭子街三段,,透天厝,1房1衛 - 1陽台,,有對外窗;陽台,https://www.rakuya.com.tw/rent/rent_item?ehid=0cc94c29285160e,2b055ce0fa3acbe637e32d65abc66a9e.jpeg,0.3279714019219956
4360,乖寵的家✨可雙租補✅短租首選✨獨洗窗曬✨IG搶先看,,11000,15.0,0.1,1,1,台中市,台中市北區太原七街,,透天厝,1房1衛,,有對外窗,https://www.rakuya.com.tw/rent/rent_item?ehid=0ab40d293247952,64c07f2fab5d19d81fbcbd9257ae7e85.jpeg,0.6370610440934023
4361,達麗J12 可租補 精裝大2房,,24000,20.0,0.1,2,2,台中市,台中市西屯區福星北路/達麗J12,,電梯大廈,2房2廳1衛 - 1陽台1廚房,,,https://www.rakuya.com.tw/rent/rent_item?ehid=090ed6292712312,026683faab7fe2b404048f2ba0d8b172.jpeg,0.701606196919965
4362,❤️嶺東精科❤️1房1廳雙陽台獨洗曬.平面車位❤️,,20999,20.0,6.1,11,1,台中市,台中市南屯區保安七街,,電梯大廈,1房1廳1衛 - 2陽台,,有對外窗,https://www.rakuya.com.tw/rent/rent_item?ehid=015d05279812190,982df77c223f84cce6344c75c2337320.jpeg,0.19556316464607307
4363,⭐近市政府⭐可貓⭐可雙租補⭐機車位⭐木質地板,,11999,15.0,0.1,1,1,台中市,台中市西屯區惠安巷,,透天厝,1房1衛,,有對外窗,https://www.rakuya.com.tw/rent/rent_item?ehid=0c90f9293469802,ac06c85d78b88163e1de19c68088108c.jpeg,0.0
4364,✨逢甲商圈✅可租補✨子母車✨電梯管理✨飲水機✨,,4999,9.0,0.1,6,1,台中市,台中市西屯區青海路二段,,電梯大廈,1房1衛,,有對外窗,https://www.rakuya.com.tw/rent/rent_item?ehid=0411ba293427326,673033edaa48a3f5820f6c95a814b597.jpeg,1.5277055145574718
4365,大間秒殺✨可雙租補✨可貓咪✨陽台獨洗✨乾溼衛流理台,,11999,13.0,0.1,2,1,台中市,台中市北屯區大連路一段,,透天厝,1房1衛 - 1陽台,,有對外窗;陽台,https://www.rakuya.com.tw/rent/rent_item?ehid=068211293452087,868988172be9194f401ff126617752f8.jpeg,1.184441721309651
4366,小資首選✨租屋補助✅電梯上樓✨採光陽台✨IG搶先看,,8499,14.0,0.1,6,1,台中市,台中市南屯區大墩路,,電梯大廈,1房1衛 - 1陽台,,有對外窗;陽台,https://www.rakuya.com.tw/rent/rent_item?ehid=0a468629324157c,f551460cbf22f48d5f0436db92b08987.jpeg,1.3905707707464936
4367,L0O49）自強國小【超值租案】寵★附傢俱★對外窗,,11500,7.0,20.1,5,1,新北市,新北市中和區民享街,,公寓,1房1衛,,,https://www.rakuya.com.tw/rent/rent_item?ehid=01092929279413f,f6c31309301d4966656d6afacbe5f2ff.jpeg,0.5271677380228457
4368,可租補✨旱溪夜市✨大空間✨流理台✨,,7000,9.0,5.2,2,1,台中市,台中市東區振興路,,透天厝,1房1衛,,有對外窗,https://www.rakuya.com.tw/rent/rent_item?ehid=03b982283805602,14239cc086f59071411cd035f0f129e6.jpeg,1.7628673651914735
4369,可貓咪✨可租補✨精美運動套房✨子母車✨陽台獨曬,,9000,13.0,4.1,3,1,台中市,台中市南屯區文心南二路,,透天厝,1房1衛 - 1陽台,,有對外窗;陽台,https://www.rakuya.com.tw/rent/rent_item?ehid=0459ee23454978e,2a0cd25969a3d7737913a585be7af54e.jpeg,0.9895191724379665
4370,電梯四房二廳❤️台水電❤️雙陽台獨洗曬❤️平面車位,,85000,80.0,0.0,10,4,台中市,台中市西屯區玉門路,,電梯大廈,4房2廳3衛 - 2陽台1廚房,,有對外窗;陽台,https://www.rakuya.com.tw/rent/rent_item?ehid=0f856b286720055,7f246c87022383d761e4efb7f0c92604.jpeg,0.4763133691094446
4371,雙租補⭐兩房⭐雙陽台⭐台水電⭐車位可租⭐小資兩房,,19999,28.0,0.1,9,2,台中市,台中市北屯區柳陽東街,,電梯大廈,2房1廳1衛 - 2陽台,,有對外窗;陽台,https://www.rakuya.com.tw/rent/rent_item?ehid=07689b293418675,1e2516a94ed2e10fa931b003eb1b81be.jpeg,0.7120361911722247
4372,✨可貓咪✨雙租屋補助✨流理台✨陽台獨洗✨加賴約看✨,,11999,15.0,0.1,1,1,台中市,台中市潭子區雅豐街,,透天厝,1房1衛 - 1陽台,,有對外窗;陽台,https://www.rakuya.com.tw/rent/rent_item?ehid=0a01ce29308873d,1343ef3a57451d888b9ef502d8c9e7f7.jpeg,0.12165588756261823
4373,全新三房補助/空屋有冷氣/有平車/潭子車站,,24999,40.0,0.2,4,3,台中市,台中市潭子區中山路二段,,電梯大廈,3房2廳2衛 - 1廚房,,,https://www.rakuya.com.tw/rent/rent_item?ehid=075a79291268306,c6a74c2269a92d93c373905f4214c9e9.jpeg,0.21520576352261267
4374,可短租/便宜/多間可選/中國醫旁,,4999,10.0,0.0,5,1,台中市,台中市北區崇德路一段,,透天厝,1房1衛,,,https://www.rakuya.com.tw/rent/rent_item?ehid=0a816e225046959,2ec6c018dcdc24835e0371acb35d262e.jpeg,1.479018015864068
4375,⭐可租補⭐獨洗曬⭐流理台⭐子母車⭐機車位⭐木質地板,,7499,10.0,0.0,4,1,台中市,台中市北屯區松山街,,透天厝,1房1衛,,有對外窗,https://www.rakuya.com.tw/rent/rent_item?ehid=00ebc629347009c,a345eec9953927c172e248e070f12da5.jpeg,0.5659136846092567
4376,【秒殺正廣】@可短租一個月@獨洗可貓@可租屋補助,,5999,8.0,0.0,3,0,台中市,台中市龍井區遠東街,,透天厝,開放式格局,,有對外窗,https://www.rakuya.com.tw/rent/rent_item?ehid=0fbc1d282847169,23fc011113887804d3d76ee6f39444a4.jpeg,0.3595475079774165
4377,全新大三房⏳高樓景觀⏳含平車⏳傢俱可全配⏳大景莊園,,26999,54.57,0.2,14,3,台中市,台中市潭子區僑興路/佳茂6962大景莊園,,電梯大廈,3房2廳2衛 - 2陽台1廚房,,有對外窗;陽台,https://www.rakuya.com.tw/rent/rent_item?ehid=065846290808877,7b6b8cc67fdfd5f5e8241f706e12d202.jpeg,0.27123829000528465
4378,整棟新蓋✨陽台獨洗✨系統裝潢✨電梯套房,,8999,14.0,0.0,5,1,台中市,台中市南區建成路,,電梯大廈,1房1衛 - 1陽台,,,https://www.rakuya.com.tw/rent/rent_item?ehid=0a36bb280082783,399f852a68f3166ee43d6091fd5915f6.jpeg,0.041272454170576095
4379,❤️雙租補❤️電梯❤️獨洗曬❤️超新❤️系統櫃,,9999,12.0,0.1,3,1,台中市,台中市北屯區北屯路,,透天厝,1房1衛 - 1陽台,,,https://www.rakuya.com.tw/rent/rent_item?ehid=05ab39293400118,df498a1dab35a468654efc9e4106237f.jpeg,0.12625956254199644
4380,❤️電梯❤️租補❤️獨洗曬❤️系統櫃❤️飲水機,,9499,13.0,0.0,2,1,台中市,台中市北屯區雷中街,,電梯大廈,1房1衛 - 1陽台,,,https://www.rakuya.com.tw/rent/rent_item?ehid=058986273397884,68e759dc70c9cfec0f2012a7494755aa.jpeg,0.38507976883961115
4381,全新整理⚡有電梯⚡陽台獨洗曬⚡管理員⚡子母車⚡空屋,,25000,30.0,0.1,9,2,台中市,台中市西屯區重慶路/狀元吉第,,電梯大廈,2房1廳1衛 - 1陽台1廚房,,有對外窗;陽台,https://www.rakuya.com.tw/rent/rent_item?ehid=065c2c293303132,117e1e6345aaa98e9c98693b5914fa03.jpeg,0.8581292808366958
4382,長虹天擎 可租補 二房平車 含車含管,,23000,38.31,0.1,21,2,台中市,台中市清水區大勇路,,電梯大廈,2房2廳1衛 - 2陽台,,,https://www.rakuya.com.tw/rent/rent_item?ehid=07dc08292347852,63e49599f50af0ca25f082e3fd644e85.jpeg,0.3284482222037877
4383,嶺東/超新屋/雙租補/一房一廳,,16800,15.0,0.0,6,0,台中市,台中市南屯區文山一街,,透天厝,開放式格局,,有對外窗;陽台,https://www.rakuya.com.tw/rent/rent_item?ehid=06e5d929067550a,cf0885318ecaae1e52ebe4bdaa83397f.jpeg,0.21450451855260225
4384,一房一廳✨可雙租補✅地下機車位✨獨洗曬✨IG搶先看,,12499,14.0,0.1,1,1,台中市,台中市西屯區長安路二段,,公寓,1房1廳1衛 - 1陽台,,有對外窗;陽台,https://www.rakuya.com.tw/rent/rent_item?ehid=0a309d293241251,b1cedf6a850f96556b355cf710b4a550.jpeg,0.8107801709231184
4385,可雙租補✨陽台獨洗變頻冷氣✨靜宜弘光大學,,11500,12.0,0.1,2,1,台中市,台中市沙鹿區平等二街,,透天厝,1房1廳1衛 - 1陽台,,,https://www.rakuya.com.tw/rent/rent_item?ehid=0d04d4290891577,bd3b1c654f8b3e47b02549e47a681bdf.jpeg,0.16431202224088698
4386,C2H23）中山國小3分【景觀2房★寵】租補★警衛,,25000,15.0,20.0,8,1,台北市,台北市中山區中山北路二段,,電梯大廈,1房1衛,,,https://www.rakuya.com.tw/rent/rent_item?ehid=0ad54d284823330,1591cca952e23b932f12dac52854e5c7.jpeg,5.3275737855730344e-06
4387,世界大間⚡類一房一廳⚡松竹車站,,14499,18.0,0.0,3,1,台中市,台中市北屯區松竹路二段,,透天厝,1房1衛 - 1陽台,,有對外窗;陽台,https://www.rakuya.com.tw/rent/rent_item?ehid=0d1d64284530591,96bb144df00e4829ddf81bd03ae54218.jpeg,0.6066647740261908
4388,L0L32）近捷運景平站【超值租案】大露臺★採光優,,10800,6.0,20.2,6,1,新北市,新北市中和區大勇街,,公寓,1房1衛 - 1陽台,,,https://www.rakuya.com.tw/rent/rent_item?ehid=0c3c46290661054,1d0aa10956992b9c2f841fc8715f4573.jpeg,0.6295596972659725
4389,大雅秒殺✨獨洗獨曬✨系統裝潢✨超大空間✨IG搶先看,,13999,15.0,0.1,1,1,台中市,台中市大雅區樹德街,,透天厝,1房1衛,,有對外窗,https://www.rakuya.com.tw/rent/rent_item?ehid=0b739829324807d,0e84226a2e1c0778436e698a3ed73b02.jpeg,0.03824739381014526
4390,逢甲秒殺✨租屋可談✅台水台電✨小資快搶✨IG搶先看,,10000,14.0,0.1,2,1,台中市,台中市西屯區文華路,,電梯大廈,1房1衛 - 1陽台,,有對外窗;陽台,https://www.rakuya.com.tw/rent/rent_item?ehid=05e37929324120a,bb49a57e3b9240c10602c4951b3368ff.jpeg,1.8948653007113068
4391,L2I66）捷運中和【超值2房1廳】補助洽★流理台,,22000,11.0,20.1,4,2,新北市,新北市中和區福祥路,,公寓,2房1廳1衛 - 1陽台,,,https://www.rakuya.com.tw/rent/rent_item?ehid=00ae40292647954,5fca7eccf509176ac7104e231aee863c.jpeg,1.0019446239136796
4392,Q2D46）三重國小【超值2房2廳】廚房★房皆有窗,,16000,24.0,20.1,6,2,新北市,新北市三重區仁愛街,,公寓,2房2廳1衛 - 2陽台1廚房,,,https://www.rakuya.com.tw/rent/rent_item?ehid=0797fe288971929,60c8df22efccba8488234a630c5d3af2.jpeg,0.8363543495385928
4393,電梯小資族套房❤️可租補❤️陽台獨洗曬❤️子母車,,8499,8.0,0.0,5,1,台中市,台中市北屯區僑孝街,,電梯大廈,1房1衛 - 1陽台,,有對外窗;陽台,https://www.rakuya.com.tw/rent/rent_item?ehid=008d5e290674400,eaf8fec4605069ca82f3972750444ac6.jpeg,1.0601581823621227
4394,租屋補助✨類一房一廳✨陽台獨洗✨汽機車好停✨子母車,,11499,14.0,0.1,2,1,台中市,台中市北屯區后庄北路,,電梯大廈,1房1廳1衛 - 1陽台,,有對外窗;陽台,https://www.rakuya.com.tw/rent/rent_item?ehid=0556fe291498614,482b43343bbf223852124c0791605a6d.jpeg,0.13986224032794373
4395,✨中科園區✨全新可貓✨獨洗曬✨衛浴開窗✨子母車✨,,8499,11.0,0.1,3,1,台中市,台中市大雅區科雅路,,透天厝,1房1衛,,有對外窗,https://www.rakuya.com.tw/rent/rent_item?ehid=0ab45229280534f,225c865ff0b0084b91bdefde35d8f770.jpeg,0.04966324181237477
4396,✨中科園區✨全新完工✨可貓✨陽台獨洗✨衛浴開窗✨,,11799,14.0,0.1,1,1,台中市,台中市大雅區科雅路,,透天厝,1房1衛 - 1陽台,,有對外窗;陽台,https://www.rakuya.com.tw/rent/rent_item?ehid=019896292805309,6229ab38279733cb2814228daf9cb83b.jpeg,0.0477819364506631
4397,全新完工❤️三分鐘台積電❤️電梯❤️機車位❤️大間,,8999,12.0,0.1,3,1,台中市,台中市大雅區科雅路,,透天厝,1房1衛 - 1陽台,,,https://www.rakuya.com.tw/rent/rent_item?ehid=09bf8f292572562,e209722266b380528e5c43167da3d034.jpeg,0.0493256159599568
4398,中科之最樓中樓✨可租屋補助報稅✨可短租✨可小孩,,18999,20.0,0.2,2,0,台中市,台中市西屯區永福路,,透天厝,開放式格局,,有對外窗;陽台,https://www.rakuya.com.tw/rent/rent_item?ehid=05e48c29127112e,22ece10a391e46bd4d2a2fcd2e6951a4.jpeg,0.3012145160970994
4399,潭子⛅四房兩廳兩衛兩陽台⛅可租補可戶籍⛅可寵⛅全新,,28999,38.0,1.1,2,4,台中市,台中市潭子區勝利五街,,電梯大廈,4房2廳2衛 - 2陽台,,有對外窗;陽台,https://www.rakuya.com.tw/rent/rent_item?ehid=094453291870502,f5ddb3b9cb41011db86c6722cdf86869.jpeg,0.32124777261167214
4400,北屯文心崇德⛅類一房一廳⛅陽台獨洗⛅更衣室⛅流理台,,17499,13.0,1.1,2,1,台中市,台中市北屯區大連路一段,,電梯大廈,1房1廳1衛 - 1陽台,,有對外窗;陽台,https://www.rakuya.com.tw/rent/rent_item?ehid=045ad1291026676,0d3c42e28a889e0de5039f2f7c77d0bd.jpeg,1.1347873151486116
4401,靜宜弘光✨可寵✨超美裝潢✨代收包裹✨機車位,,7799,13.0,0.1,2,0,台中市,台中市沙鹿區台灣大道七段,,電梯大廈,開放式格局,,有對外窗;陽台,https://www.rakuya.com.tw/rent/rent_item?ehid=0effcc292518891,feab9984c5573f2fd4d513cd30717c32.jpeg,0.15975370456682594
4402,⭐近台74 ⭐設備齊全⭐採光佳⭐,,6999,10.0,0.1,1,1,台中市,台中市潭子區中山路一段,,透天厝,1房1衛,,有對外窗,https://www.rakuya.com.tw/rent/rent_item?ehid=03792129137266d,8a6ffc53ec4e51d8bef15ec89a4c8118.jpeg,0.21582272465404626
4403,超大坪數✨可雙租補✅陽台獨洗✨採光良好✨IG搶先看,,8999,14.0,0.1,2,1,台中市,台中市西屯區工業區三十八路,,透天厝,1房1衛 - 1陽台,,有對外窗;陽台,https://www.rakuya.com.tw/rent/rent_item?ehid=0f7e8a29324309a,8a8fcca6a02928c2a625ce2080144a65.jpeg,0.3040068575491215
4404,正雅潭路~店面,,38000,63.0,30.1,0,6,台中市,台中市大雅區雅潭路三段,,透天厝,6房1廳4衛,,有對外窗;陽台,https://www.rakuya.com.tw/rent/rent_item?ehid=05366f29207598f,14bba32665b3cf7a90c1ab48f82867a8.jpeg,0.04031768425730434
4405,超搶手❤️逢甲商圈✨可租補✨有子母車✨可短租,,4299,8.0,0.0,1,1,台中市,台中市西屯區華夏巷西二弄,,公寓,1房1衛,,,https://www.rakuya.com.tw/rent/rent_item?ehid=0f3fd8287296930,d39370aeaed2783084f4655f7a542d4a.jpeg,1.994191295344702
4406,L3J71）捷運永安市場【超值3房2衛】補助★可寵,,31500,33.0,20.0,2,3,新北市,新北市中和區保平路,,電梯大廈,3房2廳2衛 - 1陽台1廚房,,,https://www.rakuya.com.tw/rent/rent_item?ehid=040a2e290888641,0bd875c047db01324d78384ba6b7fcfe.jpeg,1.056811536475141
4407,獨立套房✨秒殺便宜✨對外採光✨學生最愛,,3800,7.0,0.0,3,1,台中市,台中市太平區中山路一段,,透天厝,1房1衛,,有對外窗,https://www.rakuya.com.tw/rent/rent_item?ehid=033f0e270642993,40c393dace36abd336864d787daf45c5.jpeg,0.23311869907708413
4408,Q0E90）徐匯中學站【秒殺採光】寵★獨洗★大空間,,17500,9.0,20.1,4,1,新北市,新北市三重區永福街,,公寓,1房1衛,,,https://www.rakuya.com.tw/rent/rent_item?ehid=019cc328921074b,2a57f0aaf7a6b2a80d48c1b6b4afa77b.jpeg,0.48393661906463964
4409,獨立套房✨走路勤益✨秒殺便宜✨舒適 昶亮,,4200,5.0,10.5,1,0,台中市,台中市太平區坪林路,,透天厝,開放式格局,,有對外窗,https://www.rakuya.com.tw/rent/rent_item?ehid=08a390270443912,a6a850b0daffe18499d2457b7053f538.jpeg,0.16815745338973817
4410,鯨天下溫馨景觀戶三房平車含車含管,,20000,19.79,4.2,15,3,台中市,台中市清水區民族路三段/和築鯨天下,,電梯大廈,3房2廳1衛 - 1陽台1廚房,,有對外窗;陽台,https://www.rakuya.com.tw/rent/rent_item?ehid=03429c284547841,2e02d7e03c36a59552583f2e15a6c7db.jpeg,0.30410668669667407
4411,❤西屯區精美✅小資首選❤子母車❤飲水機,,5000,7.0,6.4,2,1,台中市,台中市西屯區西屯路二段,,透天厝,1房1衛,,有對外窗,https://www.rakuya.com.tw/rent/rent_item?ehid=075b43202038071,252f42075d95667b19970d98344e238b.jpeg,1.0797531845807626
4412,可貓短租⭐陽台獨洗⭐超低價⭐東海中科,,3999,8.0,0.0,3,1,台中市,台中市龍井區新興路,,透天厝,1房1衛 - 1陽台,,有對外窗,https://www.rakuya.com.tw/rent/rent_item?ehid=09e157293877368,05c59de8e5debf87baf9a5e3916cbfb3.jpeg,0.3896698637392301
4413,可雙租補｜可貓｜可工作室｜樓中樓｜2房1廳,,22000,24.0,0.1,3,2,台中市,台中市北區篤行路,,透天厝,2房1廳1衛 - 1陽台,,,https://www.rakuya.com.tw/rent/rent_item?ehid=0503d5293042340,e82eff41d957584fc6443701fac7efe3.jpeg,1.009218269096356
4414,Q0F62）三重國小【超值大空間】可補助★一層兩戶,,10800,10.0,20.1,5,1,新北市,新北市三重區重陽路三段,,電梯大廈,1房1衛,,,https://www.rakuya.com.tw/rent/rent_item?ehid=06eed5291451532,ee3bbe7be836fa022c375cf41fffee7e.jpeg,1.3152773017998018
4415,秒殺超新❤獨洗曬陽台❤電梯精美套房❤機車位❤可短租,,8999,10.0,2.7,3,1,台中市,台中市南屯區文山一街,,電梯大廈,1房1衛 - 1陽台,,有對外窗;陽台,https://www.rakuya.com.tw/rent/rent_item?ehid=0db6bf22246026d,08a745bfef5bc9030f30ab2028090723.jpeg,0.23052175622102258
4416,免管理費✨陽台獨洗✨3房✅一層一戶✨可租補✨,,15000,17.0,3.9,2,3,台中市,台中市南區忠明南路,,透天厝,3房1衛 - 1室1陽台,,有對外窗;陽台,https://www.rakuya.com.tw/rent/rent_item?ehid=01fb7e253058790,a864ae6623e6c48c6a52efc891157989.jpeg,0.41838534672805694
4417,❤精美兩房一廳✅木地板❤獨洗獨曬❤獨洗獨曬,,14000,16.0,6.6,3,2,台中市,台中市南區三民西路,,透天厝,2房1廳1衛,,有對外窗,https://www.rakuya.com.tw/rent/rent_item?ehid=0f432015252290f,cce04443406581c2946c399cd95c1e1e.jpeg,0.0
4418,雙租屋補助✨可戶籍✨獨洗曬✨機車位,,8499,11.0,0.1,5,1,台中市,台中市西屯區大信街,,公寓,1房1衛,,有對外窗,https://www.rakuya.com.tw/rent/rent_item?ehid=0c5cdc293432268,9e993799f0796ae84770693618a22e0a.jpeg,0.9821159452283909
4419,✨超秒殺✨全新完工✨沙鹿靜宜✨可寵可租補✨速約✨,,9899,13.0,0.1,3,1,台中市,台中市沙鹿區台灣大道七段,,電梯大廈,1房1廳1衛 - 1陽台,,有對外窗;陽台,https://www.rakuya.com.tw/rent/rent_item?ehid=0cdb67291996332,371d647cb3b662feea382bff9b3e6be0.jpeg,0.1552741955606618
4420,質感大三房⏳全新整理⏳含汽車位⏳逢甲商圈⏳人本至善,,22999,52.51,0.1,8,3,台中市,台中市西屯區青海路二段/勇建人本至善,,電梯大廈,3房2廳2衛 - 1陽台1廚房,,有對外窗;陽台,https://www.rakuya.com.tw/rent/rent_item?ehid=08351f293233345,2a22f12f2d47cd2738ac90d2594f6480.jpeg,1.277606282765821
4421,近逢甲大學✨可租補可短租✨生活機能好低樓層✨子母車,,4299,6.0,0.2,1,0,台中市,台中市西屯區華夏巷西二弄,,透天厝,開放式格局,,有對外窗,https://www.rakuya.com.tw/rent/rent_item?ehid=0e1bb129126833a,d146f58da42d7413eecda8e0ed5aa74f.jpeg,1.994191295344702
4422,便宜可貓貓✨可租屋補助✨5G網速100M✨電梯上樓,,4500,8.0,0.0,3,0,台中市,台中市龍井區台灣大道五段,,電梯大廈,開放式格局,,有對外窗,https://www.rakuya.com.tw/rent/rent_item?ehid=0a6e93282792473,c05b3d7019fc58ef6b4717ed9b833f5a.jpeg,0.1666724865846937
4423,大雅昌平⛅一房一廳陽台獨洗⛅流理台⛅平車⛅近北屯⛅,,14999,15.0,2.1,1,1,台中市,台中市大雅區昌平路四段,,透天厝,1房1廳1衛 - 1陽台,,有對外窗,https://www.rakuya.com.tw/rent/rent_item?ehid=08b70a290126368,cee17ac8b776275bdf882b419808daf2.jpeg,0.02751307607934865
4424,可租補獨洗獨曬陽台有管理室代收信件台電台水電梯套房,,6300,6.0,0.1,2,1,台中市,台中市沙鹿區台灣大道七段/致富商學院,,華廈,1房1衛 - 1陽台,,有對外窗;有中庭;陽台,https://www.rakuya.com.tw/rent/rent_item?ehid=06987629199131a,de2243fa2f013961d7f3e53b90ab306a.jpeg,0.1639719938608404
4425,大兩房美屋✨可貓咪✨陽台獨洗✨有子母車✨東山商圈,,18999,30.0,0.1,3,2,台中市,台中市北屯區東山路一段,,透天厝,2房1廳1衛 - 1陽台1廚房,,有對外窗;陽台,https://www.rakuya.com.tw/rent/rent_item?ehid=037cfd29341436e,86fb23cb129f5ff194688814674196bd.jpeg,0.5839496140287327
4426,✨可養貓入戶籍✨可租補|含平面車位|森林公園,,25999,26.0,0.0,6,2,台中市,台中市南屯區益昌五街/侑信千鳥格,,電梯大廈,2房2廳1衛 - 1陽台1廚房,,有對外窗;有中庭;陽台,https://www.rakuya.com.tw/rent/rent_item?ehid=0fdb9628640972e,57c23f9e5b63fc5998fbf87b42e9b324.jpeg,0.5571778176303551
4427,L3J69）雙和醫院【超值3房2衛】廚房★房皆有窗,,23000,30.0,20.1,6,3,新北市,新北市中和區圓通路,,公寓,3房2廳1衛 - 1陽台1廚房,,,https://www.rakuya.com.tw/rent/rent_item?ehid=08eeef29075930f,17efd1bb0a53929c2480b148a27945b1.jpeg,1.2242161009413906
4428,O0S04）近捷運府中【秒殺】新裝潢★獨洗★機能佳,,10000,5.0,20.2,2,1,新北市,新北市板橋區南雅南路一段,,公寓,1房1衛,,,https://www.rakuya.com.tw/rent/rent_item?ehid=0462c728696923b,292e37368feeb7beb73d07555431308c.jpeg,0.7257353984885907
4429,★環瑞通商大樓★大面窗邊間採光辦公室,,32000,30.0,29.3,4,2,台中市,台中市西區台灣大道二段/環瑞通商大樓,,電梯大廈,2房2廳2衛 - 1陽台,,有對外窗;為邊間;陽台,https://www.rakuya.com.tw/rent/rent_item?ehid=03775628507993c,a973621b9c9537527b2ffe5229c2d75e.jpeg,1.348516121743923
4430,霧峰中正路套房出租鄰近本堂公園,,5000,6.0,21.1,4,1,台中市,台中市霧峰區中正路,,公寓,1房1衛,,有對外窗,https://www.rakuya.com.tw/rent/rent_item?ehid=016f91245102936,1622d578b000eaf53a735adbc45cb6e7.jpeg,0.4587328158940314
4431,全新電梯大空間❤️可租補❤️子母車❤️陽台獨洗曬,,11999,12.0,0.0,6,1,台中市,台中市北屯區后庄七街,,電梯大廈,1房1衛 - 1陽台,,有對外窗;陽台,https://www.rakuya.com.tw/rent/rent_item?ehid=005b4428233623d,0548afab8cb04cb0d0a524136133b3c7.jpeg,0.23552579832122889
4432,水湳電梯⛅租屋補助⛅大陽台獨洗⛅子母車⛅飲水機,,8999,12.0,0.1,2,1,台中市,台中市北屯區同榮路,,透天厝,1房1衛 - 1陽台,,有對外窗;陽台,https://www.rakuya.com.tw/rent/rent_item?ehid=05a78c29333285e,d8b7eb1f8a3e2ca57bf856b49f83d1aa.jpeg,0.16810975235332215
4433,⭐近東海⭐可租補⭐獨洗烘⭐流理台⭐飲水機⭐附機車位,,11499,14.0,0.1,1,1,台中市,台中市西屯區福中三街,,透天厝,1房1衛,,有對外窗,https://www.rakuya.com.tw/rent/rent_item?ehid=0cf50b29346986b,29cd60e035a382d46b68877a37806141.jpeg,0.7325651608785305
4434,電梯上樓✨走路嶺東✨陽台獨洗曬✨系統櫃✨衛浴開窗,,8999,12.0,0.1,3,1,台中市,台中市南屯區文山一街,,透天厝,1房1衛 - 1陽台,,有對外窗;陽台,https://www.rakuya.com.tw/rent/rent_item?ehid=08da40275686922,ca610e5ac9a8cd3ac9f26e54faacfe16.jpeg,0.23052175622102258
4435,可寵可租補大空間大客廳大廚房兩個超級大露台整層出租,,15000,30.0,0.0,1,2,台中市,台中市梧棲區八德路一段,,電梯大廈,2房2廳1衛 - 2陽台1廚房,,有對外窗;為邊間;有中庭;陽台,https://www.rakuya.com.tw/rent/rent_item?ehid=0275a9293051655,3965913768963b84c94f55a09093f349.jpeg,0.0
4436,L3D53）捷運景安站【超值3房2衛】可貓★可補助,,26000,29.0,22.1,5,3,新北市,新北市中和區板南路,,公寓,3房2廳2衛,,,https://www.rakuya.com.tw/rent/rent_item?ehid=0ddc9c291202210,cde0be6d4f7570d130294272bae7bd09.jpeg,0.9670209661626625
4437,✨免仲介費可租補✨100ml✨獨立套房✨子母車✨,,4999,7.0,0.0,2,1,台中市,台中市太平區中山路一段,,透天厝,1房1衛,,有對外窗,https://www.rakuya.com.tw/rent/rent_item?ehid=0a8a07270423499,13a60d8264c83d63cb154c1ea726e489.jpeg,0.2250444384050667
4438,中科新光田醫院時代一景三房平面雙車含車含管可租補,,26000,53.63,9.1,6,3,台中市,台中市沙鹿區自立路/時代一景,,電梯大廈,3房2廳2衛,,有對外窗;陽台,https://www.rakuya.com.tw/rent/rent_item?ehid=0bef73282107670,8aff2597251ff891f0822610ce473ad6.jpeg,0.07143275834996583
4439,(可申請租屋補助)土城區中央路一段318巷3弄套房,,8500,8.0,20.0,3,1,新北市,新北市土城區中央路一段,,公寓,1房1衛 - 1陽台,,有對外窗;陽台,https://www.rakuya.com.tw/rent/rent_item?ehid=038b7e215822882,1e925225a9f2793cdabaa34b76e2faf3.jpeg,0.3658811806186486
4440,可貓可短租/便宜/大空間/走路逢甲上課,,4499,8.5,2.6,5,1,台中市,台中市西屯區福星路,,透天厝,1房1衛,,,https://www.rakuya.com.tw/rent/rent_item?ehid=0297a7226466007,f2a5104ceb2b31711d3f9ec72e166907.jpeg,2.000126770006742
4441,類一房一廳✅超級大間✅乾溼分離✅流理臺✅陽台洗曬,,14499,18.0,0.1,2,1,台中市,台中市北屯區松竹路二段,,透天厝,1房1廳1衛 - 1陽台,,有對外窗;陽台,https://www.rakuya.com.tw/rent/rent_item?ehid=00e0c0273141586,5108b2f784e1416ef27a580eb24574f2.jpeg,0.6066647740261908
4442,蛋黃區高樓層可租補衛浴對外窗限女租客套房,,6000,8.0,0.0,4,1,台中市,台中市沙鹿區北勢東路/致富讚,,透天厝,1房1衛,,,https://www.rakuya.com.tw/rent/rent_item?ehid=072e3027620435b,9cc40b9fc1385e29ea55829edd9ffaab.jpeg,0.1152643162980486
4443,M0K14）捷運頂溪3分【電梯獨戶】補助★垃圾代收,,12000,11.0,20.0,5,1,新北市,新北市永和區竹林路,,電梯大廈,1房1衛,,,https://www.rakuya.com.tw/rent/rent_item?ehid=0a927229257429d,bee70a02eca35c8e986632157b864940.jpeg,0.4029204180488179
4444,可租補⚡全新套房⚡電梯⚡近明道中學,,10999,14.0,0.0,3,1,台中市,台中市烏日區信義街,,電梯大廈,1房1衛,,有對外窗,https://www.rakuya.com.tw/rent/rent_item?ehid=0bd27128844606d,591bc3f064c89338bbc1bf1dbeedfd9b.jpeg,0.19171021675967906
4445,L0D04）捷運南勢角站3分【優質租案】小資族首選,,8500,6.0,22.3,4,1,新北市,新北市中和區景新街,,公寓,1房1衛,,,https://www.rakuya.com.tw/rent/rent_item?ehid=0ad17426422385c,e2ef6eb31d947fa561e0829a51640026.jpeg,0.6709510846801812
4446,可寵物✨台電計✨一房一廳✨陽台獨洗✨子母車,,14500,16.0,0.0,4,1,台中市,台中市南屯區向上路二段,,透天厝,1房1廳1衛 - 1陽台,,有對外窗;陽台,https://www.rakuya.com.tw/rent/rent_item?ehid=0b945a286491805,44b7aa3de21f8c556a945ad5b03edc62.jpeg,0.8180862830507519
4447,全新兩房一廳❤️台水台電❤️可寵❤️陽台獨洗曬,,21999,22.0,0.0,9,2,台中市,台中市烏日區高鐵路二段,,電梯大廈,2房1廳1衛 - 1陽台1廚房,,有對外窗;陽台,https://www.rakuya.com.tw/rent/rent_item?ehid=0811fd28136583d,51086752bc0421b6c13c23584a5b9deb.jpeg,0.16547624851804976
4448,西區⛅一房一廳一衛一更衣室⛅台水電⛅流理台陽台獨洗,,26000,20.0,3.1,11,1,台中市,台中市西區忠明南路/鄉林君悅/鄉林夏都,,電梯大廈,1房1廳1衛 - 1室1陽台,,有對外窗;陽台,https://www.rakuya.com.tw/rent/rent_item?ehid=0fbe82293085501,8f924f26b0108da13269e3eb3ce330f2.jpeg,0.6589671957784349
4449,南屯⛅三房兩廳兩衛兩陽台⛅全新⛅嶺東⛅中科⛅,,29000,45.0,1.1,7,3,台中市,台中市南屯區春安路/豐邑菁科城,,電梯大廈,3房2廳2衛 - 2陽台,,有對外窗;陽台,https://www.rakuya.com.tw/rent/rent_item?ehid=0b9e8529238273c,497f01165a776eaa707d797cf662e24e.jpeg,0.07413382940418123
4450,復古風室內寬廣乾淨優質透天空屋整棟出租預告,,21000,48.0,0.1,4,4,台中市,台中市清水區忠孝路,,透天厝,4房3衛 - 2陽台1廚房,,有對外窗;陽台,https://www.rakuya.com.tw/rent/rent_item?ehid=00bb9525989860c,306e010529b89294b7c9a0288bfed867.jpeg,0.04477824798488901
4451,大雅區/可租補/陽台獨洗曬/工程師首選,,11000,8.0,0.1,5,1,台中市,台中市大雅區雅潭路四段,,華廈,1房1衛 - 1陽台,,有對外窗;陽台,https://www.rakuya.com.tw/rent/rent_item?ehid=0ee3a9293024199,756d50c45ddd99e2e38084d775a047de.jpeg,0.30280061972340727
4452,R0B90）近丹鳳高中【超值大空間】洗衣機★有陽台,,11500,9.0,20.1,5,1,新北市,新北市新莊區萬安街,,公寓,1房1衛,,,https://www.rakuya.com.tw/rent/rent_item?ehid=00ec95292501471,fb1ccdd827222570672792e605f98a6e.jpeg,0.7169090018010128
4453,L3G60）華夏★南勢角【秒殺３房１廚】皆有窗★寵,,25000,25.0,21.1,3,3,新北市,新北市中和區華新街,,公寓,3房2廳1衛 - 3陽台1廚房,,,https://www.rakuya.com.tw/rent/rent_item?ehid=07992728654643b,eb1d6c4e5d9a205b0fb86027daaaa5ca.jpeg,0.0
4454,⭐近曉明女中⭐可短租⭐飲水機⭐投幣共洗⭐木質地板,,6499,9.0,0.1,2,1,台中市,台中市北區青島路二段,,透天厝,1房1衛,,有對外窗,https://www.rakuya.com.tw/rent/rent_item?ehid=009af829315602a,a0e16cc5a6cbf557ed70f83ead747467.jpeg,1.4407828187889649
4455,可補助/陽台獨洗/車位可租/水湳中國醫,,9500,10.0,0.0,1,0,台中市,台中市北屯區水湳路,,透天厝,開放式格局,,,https://www.rakuya.com.tw/rent/rent_item?ehid=0c9fa128327450d,16f896a26530cf0cad216209e98a6e6c.jpeg,0.9891925908314919
4456,北屯⛅兩房兩廳一衛一陽台⛅可租補⛅走路坐捷運⛅,,20000,25.0,3.1,6,2,台中市,台中市北屯區柳陽西街/頂好文心春之頌大樓區,,電梯大廈,2房2廳1衛 - 1陽台,,有對外窗;陽台,https://www.rakuya.com.tw/rent/rent_item?ehid=03c87d293012097,b8c069bf7c37a26fe7879a0193d7591a.jpeg,2.0772967329945016
4457,全新沙鹿火車站市場商圈3+1房含車含管可租補可寵物,,26000,24.1,0.7,7,3,台中市,台中市沙鹿區興安路/和築T1,,電梯大廈,3房2廳2衛 - 1陽台1廚房,,有對外窗;為邊間,https://www.rakuya.com.tw/rent/rent_item?ehid=028f7a292518759,98d8a927565807c9d360c577d9de753b.jpeg,0.11786405127744363
4458,新電梯大樓☆3房1廳2衛1陽☆台水電☆可貓☆可租補,,22500,30.0,1.4,19,3,台中市,台中市烏日區高鐵路二段/夢幻誠,,電梯大廈,3房1廳2衛 - 1陽台,,有對外窗;陽台,https://www.rakuya.com.tw/rent/rent_item?ehid=0c6679278180789,c9b2cb1adf035681a8a90ef330b8fb5d.jpeg,0.16507064244290426
4459,可租補★電梯陽台獨洗★機車位★朝陽、亞州大學、霧農,,7500,11.0,8.8,3,1,台中市,台中市霧峰區自強路,,透天厝,1房 - 1室,,有對外窗;陽台,https://www.rakuya.com.tw/rent/rent_item?ehid=0a2eb325770118d,83d2341094890683d1db028f680da08d.jpeg,0.2345931531211155
4460,M0F02）捷運頂溪1分【超值租案】有警衛★景觀戶,,14000,10.0,20.2,9,1,新北市,新北市永和區永和路二段,,電梯大廈,1房1衛,,,https://www.rakuya.com.tw/rent/rent_item?ehid=020056218937148,a5c8202aaf873c2188b30f47eaafbb25.jpeg,0.8414358198534302
4461,牙醫診所婦產科/任何餐飲/車行車業/歡迎大企業,,250000,130.0,0.2,0,0,台中市,台中市南屯區黎明路二段,,別墅,,,,https://www.rakuya.com.tw/rent/rent_item?ehid=0c1e5529261296c,2242035244ac068e983e18c96d051915.jpeg,0.42292601510844446
4462,爬梯運動✨可短租✨陽台獨洗曬✨雙租補✨,,11499,12.0,0.1,5,1,台中市,台中市西屯區環中路二段,,樓中樓,1房1衛 - 1陽台,,有對外窗;陽台,https://www.rakuya.com.tw/rent/rent_item?ehid=0ffa1c291866673,62218dd086d3fd104eb5d5826d815120.jpeg,0.16235756569537524
4463,致富讚網路追劇免投幣洗衣機公共區域一直很乾淨美套房,,5500,8.0,0.0,4,1,台中市,台中市沙鹿區東英路/致富讚,,透天厝,1房1衛,,有對外窗;有中庭;陽台,https://www.rakuya.com.tw/rent/rent_item?ehid=05d668266258000,ee3172e7fa74cd64bba07d919ee6c7ff.jpeg,0.15928216328006117
4464,L1C22）捷運秀朗橋5分【超值租案】有陽台★獨洗,,11500,7.0,20.1,6,1,新北市,新北市中和區大智街,,公寓,1房1廳1衛 - 1陽台1廚房,,,https://www.rakuya.com.tw/rent/rent_item?ehid=021e3328834967a,7e44c44b8545f660885310baa026cffb.jpeg,0.5017384964855656
4465,⭐近逢甲⭐共洗⭐飲水機⭐小冰箱⭐全新整理⭐小資首選,,3799,6.0,0.1,4,1,台中市,台中市西屯區西安街,,透天厝,1房1衛,,有對外窗,https://www.rakuya.com.tw/rent/rent_item?ehid=08379229298085b,99bb77a58ac96d9e7c27f7cd50bf280c.jpeg,1.9031209089048238
4466,【秒殺正廣】@超新一年屋@獨洗曬@採光超好@密碼鎖,,7000,8.0,0.1,3,0,台中市,台中市大甲區中山路一段,,透天厝,開放式格局,,有對外窗,https://www.rakuya.com.tw/rent/rent_item?ehid=02c63a256750801,85c929cb2583ae1605e428269e42232e.jpeg,0.366269676228717
4467,3樓單人採光佳經濟搶手貨稀有釋出靜宜弘光,,3800,5.0,19.1,3,1,台中市,台中市沙鹿區平等路,,透天厝,1房1衛,,有對外窗,https://www.rakuya.com.tw/rent/rent_item?ehid=018058291331930,a84e5b57a4ed54b37607ce6a86c71569.jpeg,0.19501275788179154
4468,L0M61）積穗國小【電梯大空間】採光優★變頻冷氣,,16000,13.0,20.2,7,1,新北市,新北市中和區新生街,,電梯大廈,1房1衛,,,https://www.rakuya.com.tw/rent/rent_item?ehid=0ed8c1288593445,5549e0d3d1ed70f19e8491a086092dc0.jpeg,0.0
4469,獨立套房 寬敞舒適 便宜簡約 洗衣免費 中庭廣場,,4000,10.0,0.0,3,1,台中市,台中市太平區坪林路,,透天厝,1房1衛,,,https://www.rakuya.com.tw/rent/rent_item?ehid=06211128125395b,ae46fed0aa9b8451035398f148280802.jpeg,0.1692225644069192
4470,套房簡約 洗衣免費 停車免費 中山路 學生天地,,4000,6.0,0.0,3,1,台中市,台中市太平區坪林路,,透天厝,1房1衛,,,https://www.rakuya.com.tw/rent/rent_item?ehid=04dfe9280626582,e90ee4198f97aee04fcda6e5d542ee20.jpeg,0.1692225644069192
4471,勤益科大 洗衣免費 經濟實惠 空間敞亮 挑高對外窗,,4000,10.0,0.0,1,1,台中市,台中市太平區中山路一段,,透天厝,1房1衛,,有對外窗;有中庭,https://www.rakuya.com.tw/rent/rent_item?ehid=0b7cfa28021124a,df4aeb3151173ec6b4b92e1ec3700840.jpeg,0.23156771971473156
4472,可租補✨陽台獨洗✨流理台✨電梯機車位✨,,10000,12.0,4.0,5,1,台中市,台中市北區益華街,,電梯大廈,1房1衛 - 1陽台,,有對外窗;陽台,https://www.rakuya.com.tw/rent/rent_item?ehid=05866a249693054,908a1b37abf5c8ec6f926c708581296b.jpeg,2.321359117083369
4473,全新未住⏳大三房⏳可寵物含平車位⏳富宇峰景,,25999,52.51,0.0,8,3,台中市,台中市北屯區敦富路/富宇峰景,,電梯大廈,3房2廳2衛 - 1陽台1廚房,,有對外窗;陽台,https://www.rakuya.com.tw/rent/rent_item?ehid=02129329026664b,c6d93eb14b7d9e91f417bc10a0045c44.jpeg,0.3169841750941924
4474,近中國醫小資宅蛇年樂翻天✨可短租✨大面窗採光明亮✨,,5499,8.0,0.1,4,0,台中市,台中市北區永興街,,公寓,開放式格局,,有對外窗,https://www.rakuya.com.tw/rent/rent_item?ehid=040edb29301674f,c9c5866650fb9581943a001e86a1ecf3.jpeg,1.850494673074522
4475,雙租補可貓咪✨流理台✨乾溼分離✨獨洗曬,,9999,10.0,0.0,3,0,台中市,台中市龍井區遠東街,,透天厝,開放式格局,,有對外窗,https://www.rakuya.com.tw/rent/rent_item?ehid=0b622d282793120,a7df2794ca1311a590a199c7ff5f9c83.jpeg,0.32509351930104596
4476,中山醫❤共洗獨曬❤可家庭❤大空間❤採光佳❤,,5999,10.0,1.8,7,1,台中市,台中市南區大慶街一段,,電梯大廈,1房1廳1衛,,有對外窗,https://www.rakuya.com.tw/rent/rent_item?ehid=0c0e22220571767,d8ecfdef6efd6c46b4d5cd9e86f93b8f.jpeg,0.38386983939941827
4477,近弘光科大✨陽台獨洗✨電梯套房✨可租補✨,,5500,6.0,0.1,1,1,台中市,台中市沙鹿區南陽路,,透天厝,1房1衛 - 1陽台,,陽台,https://www.rakuya.com.tw/rent/rent_item?ehid=02ec3e29248435f,e4c0a82a60915ac0871001db0ee9b891.jpeg,0.1368329993278378
4478,Q0F83）捷運三重國小站【超值】附傢俱★垃圾代收,,7000,6.0,20.1,0,1,新北市,新北市三重區中央北路,,公寓,1房,,,https://www.rakuya.com.tw/rent/rent_item?ehid=0d84da292391339,7d2905105ba375eb869c9e034d54aa02.jpeg,1.357169225232753
4479,❤️潭子雅豐街❤️可輕食可早餐店可哇哇機❤️,,28000,28.0,4.7,1,0,台中市,台中市潭子區雅豐街,,電梯大廈,,,有對外窗,https://www.rakuya.com.tw/rent/rent_item?ehid=0ebad8291271259,6cd10d597b7fbdbf85387d224fca3625.jpeg,0.10541635819867938
4480,市區來來大亨套房樓中樓可社宅,,12000,10.0,30.1,5,1,桃園市,桃園市桃園區朝陽街,,電梯大廈,1房1廳1衛 - 1陽台1廚房,,,https://www.rakuya.com.tw/rent/rent_item?ehid=05946829234490e,95d0d657253e92f0d344045783292767.jpeg,0.812653500170925
4481,錯過就不在✨中科首選2房2衛✨精銳闊高樓層一卡皮箱,,26000,18.0,0.1,12,2,台中市,台中市龍井區遊園北路/精銳闊,,電梯大廈,2房2廳2衛 - 1陽台,,有對外窗;有中庭;陽台,https://www.rakuya.com.tw/rent/rent_item?ehid=0eed6e293455231,7411354a8de47dfa8705f5d115414c3a.jpeg,0.27590902912674303
4482,四房台水台電✨全新未住✨可寵可租補入戶籍✨機上車位,,30999,32.0,0.1,2,4,台中市,台中市潭子區勝利五街,,華廈,4房2廳2衛 - 2陽台,,,https://www.rakuya.com.tw/rent/rent_item?ehid=0c461c291451303,980d807bddf67bf3e68676167fad0c20.jpeg,0.31898321165487464
4483,高應大旁  套房  靜學墅,,12000,10.0,13.7,5,2,高雄市,高雄市三民區昌裕街,,透天厝,2房1衛 - 1陽台,,有對外窗;為邊間,https://www.rakuya.com.tw/rent/rent_item?ehid=03c9ee31554970,6e9e4b5a33b14c9c32c227fc1404dbe7.jpg,0.35815148271006036
4484,可寵+可短租加價✓便宜到不行✓多間可選✓學生首選,,3999,8.6,3.2,8,1,台中市,台中市龍井區新興路,,電梯大廈,1房1衛,,有對外窗,https://www.rakuya.com.tw/rent/rent_item?ehid=0dc312171051837,fc059e51fe80b881abbb1b73c9eafb31.jpeg,0.3896698637392301
4485,可租補<符合資格免仲>三房不相鄰 享優質居住品質,,18000,27.0,0.1,4,3,台中市,台中市清水區港都路/遠雄之星6,,電梯大廈,3房2廳2衛 - 2陽台1廚房,,有對外窗;有中庭;陽台,https://www.rakuya.com.tw/rent/rent_item?ehid=090ac8273413438,66e7edb1fd74fcf0e750327217d441f5.jpeg,0.3327686054362034
4486,可租補整棟復古透天接近空屋,,20000,48.0,0.1,4,5,台中市,台中市清水區信義三街,,透天厝,5房2廳3衛 - 4陽台1廚房,,,https://www.rakuya.com.tw/rent/rent_item?ehid=030797282046016,9085d24bbfd1f54fc4657ab5aaec96ab.jpeg,0.3913880620325775
4487,中山醫/超新屋/機車位/可租補,,7800,11.0,0.1,3,0,台中市,台中市南區崇倫街,,透天厝,開放式格局,,有對外窗,https://www.rakuya.com.tw/rent/rent_item?ehid=0d3312292851138,123d1c7e504437528d60836e6ba47120.jpeg,0.5396724292202009
4488,乖寵的家✨可雙租補✅乾溼分離✨獨洗烘✨IG搶先看,,13499,16.0,0.1,2,1,台中市,台中市西區美村路一段,,透天厝,1房1衛,,有對外窗,https://www.rakuya.com.tw/rent/rent_item?ehid=0e712629324584e,1189d53637db486946c31640172cb088.jpeg,0.9217536217911271
4489,Q0F73）近穀保家商【超值租案】採光佳★獨立衛浴,,8000,5.0,20.0,4,1,新北市,新北市三重區中正北路,,公寓,1房1衛,,,https://www.rakuya.com.tw/rent/rent_item?ehid=09296029216527d,fa27543bdb3f380507167ecdb63b8f8b.jpeg,0.690145121479918
4490,2+1房超大露台✨可寵平車位✨台水台電✨家具全配,,24999,33.0,0.1,2,3,台中市,台中市烏日區三榮北路/建義微笑世界,,電梯大廈,3房2廳2衛 - 1陽台,,,https://www.rakuya.com.tw/rent/rent_item?ehid=0d2c2c29144809d,c3ece48a619dce07af0d44f60ed27a2d.jpeg,0.0
4491,超便宜二房✨台水電✨可租補✨家具全配✨近清水國中,,13999,18.0,0.1,3,2,台中市,台中市清水區中清路九段/彰慶晏苑,,電梯大廈,2房1廳1衛 - 1陽台1廚房,,有對外窗,https://www.rakuya.com.tw/rent/rent_item?ehid=05300929360825d,731e6fb6b9a246bb5bae69e40425a40b.jpeg,0.4226337016021051
4492,寵物首選✨可租補✨獨洗獨曬✨子母飲水機車位✨中興大,,5999,11.2,0.1,2,1,台中市,台中市南區和昌街,,透天厝,1房1衛,,有對外窗,https://www.rakuya.com.tw/rent/rent_item?ehid=008975293450905,b61e12b35e1a2fc3ad5fca5977bfc4fc.jpeg,0.6440130363477844
4493,經貿水湳✨租屋補助✅陽台獨洗✨系統裝潢✨IG搶先看,,7599,13.0,0.1,4,1,台中市,台中市北屯區同榮路,,電梯大廈,1房1衛 - 1陽台,,有對外窗;陽台,https://www.rakuya.com.tw/rent/rent_item?ehid=0c5b01293247444,5daf976a4437862c4ee7b9d502be6267.jpeg,0.16744727840588533
4494,Q0F88）捷運菜寮站【全新租案】附傢俱★凸窗曬衣,,11500,8.0,20.1,3,1,新北市,新北市三重區中正南路,,公寓,1房1衛,,,https://www.rakuya.com.tw/rent/rent_item?ehid=0e9ab0292701814,dfb21295cac120585fc0089d672ee5aa.jpeg,1.2949352228984188
4495,Q0E90）捷運徐匯中學【秒殺】寵★獨洗★獨立衛浴,,15500,6.0,20.1,4,1,新北市,新北市三重區永福街,,公寓,1房1衛,,,https://www.rakuya.com.tw/rent/rent_item?ehid=0ed814289208708,848f016e3fbb4481988fde1cd479e84f.jpeg,0.4905655371843991
4496,電梯兩房一廳❤️可貓咪❤️陽台獨洗曬❤️可租補,,21999,23.0,0.0,5,2,台中市,台中市北區梅川西路三段,,電梯大廈,2房1廳1衛 - 1陽台,,有對外窗;陽台,https://www.rakuya.com.tw/rent/rent_item?ehid=023920287656506,7655e3d97e39dadb3ea26370a5a4c27a.jpeg,0.8110154597697824
4497,全新未住❤️可租補❤️乾溼分離❤️陽台獨洗獨曬,,9499,10.0,0.0,5,1,台中市,台中市南區和昌街,,電梯大廈,1房1衛 - 1陽台,,有對外窗;陽台,https://www.rakuya.com.tw/rent/rent_item?ehid=045d0e286722589,5f5f94b8d5588de431963c5f249a2d46.jpeg,0.6091261798008394
4498,近逢甲✨租屋補助✨可貓可狗✨可短租,,6499,11.0,0.0,3,1,台中市,台中市西屯區福上巷,,透天厝,1房1衛,,有對外窗,https://www.rakuya.com.tw/rent/rent_item?ehid=0b5e1128915056b,dc29dd2313c75e6e59d144df3884915b.jpeg,1.7528128187883192
4499,醫美 診所 美業 牙科｜網美裝潢｜門口可停車 ｜,,160000,72.0,0.0,0,0,台中市,台中市東區旱溪街,,透天厝,,,,https://www.rakuya.com.tw/rent/rent_item?ehid=0519f4271859997,ceb407ff8690c13266a5c4fe020fb2dd.jpeg,0.7511825122469631
4500,超便宜二房✨傢俱全配✨最省台水電✨可租屋補✨採光佳,,12999,25.0,0.1,3,2,台中市,台中市清水區中清路九段,,電梯大廈,2房1廳 - 1陽台,,有對外窗;陽台,https://www.rakuya.com.tw/rent/rent_item?ehid=0b4be129290664b,52103dd0478a2eddd3a1dc129eafd1ae.jpeg,0.4262284408690529
4501,秒殺近明道❗機車位✨租屋補/報稅✨陽台獨洗✨子母車,,11499,12.0,0.2,5,0,台中市,台中市烏日區信義街,,電梯大廈,開放式格局,,有對外窗;陽台,https://www.rakuya.com.tw/rent/rent_item?ehid=0b304a291087149,1a550aa144d2b8ecc7275a53ab7f0d0b.jpeg,0.11345468446182849
4502,♥️全新✨可租補報稅✨陽台獨洗✨台電均分✨,,9599,10.0,0.0,3,1,台中市,台中市大肚區太平路,,電梯大廈,1房1衛 - 1陽台,,,https://www.rakuya.com.tw/rent/rent_item?ehid=0c48f8289466205,393bd4d5629915dd830cccdc4b02abf3.jpeg,0.09390310091875946
4503,A2E42）捷運象山【超值2房1廳】可養寵★補助洽,,28000,25.0,20.1,4,2,台北市,台北市信義區信義路六段,,電梯大廈,2房1廳1衛 - 1廚房,,,https://www.rakuya.com.tw/rent/rent_item?ehid=034b52289972250,c1f98c249d418a6aa93aad068a0943cb.jpeg,1.100227872964368
4504,七期朝富路旁優質透天讚,,45000,66.39,0.0,4,4,台中市,台中市西屯區朝馬七街,,透天厝,4房2廳3衛,,,https://www.rakuya.com.tw/rent/rent_item?ehid=0bf8fc26120405a,f9c849718c49105ab74d927c584bb961.jpeg,0.39705179402830576
4505,超大樓中樓 近桃園市政府 安靜不吵,,16000,13.0,0.0,3,1,桃園市,桃園市桃園區延壽街/縣府LV,,電梯大廈,1房1廳1衛 - 1室1陽台1廚房,,有對外窗;樓中樓;陽台,https://www.rakuya.com.tw/rent/rent_item?ehid=002f7e26222533c,81fcdd891dae467e5550f8068ab1dea2.jpeg,0.5377909162010546
4506,梧棲兩房一廳可租補✨陽台獨洗✨流理臺電磁爐✨好停車,,15000,18.0,0.0,5,2,台中市,台中市梧棲區四維中路,,華廈,2房1廳1衛 - 1陽台,,陽台,https://www.rakuya.com.tw/rent/rent_item?ehid=0d8cea287995376,799dd9bc80ed13be8630c710d992aee8.jpeg,0.0
4507,可寵超大間❤陽台獨洗❤固定機車位❤流理臺❤潭子車站,,13999,18.0,0.1,2,0,台中市,台中市潭子區潭子街三段,,透天厝,開放式格局,,陽台,https://www.rakuya.com.tw/rent/rent_item?ehid=0b426d292851639,a972023bc4ed11d114c59b47a69e07f4.jpeg,0.13290969349025478
4508,西屯秒殺❤️可租補❤️代收包裹❤️台電❤️陽台獨洗,,10999,12.0,0.0,4,0,台中市,台中市西屯區櫻城三街,,電梯大廈,開放式格局,,有對外窗;陽台,https://www.rakuya.com.tw/rent/rent_item?ehid=0a812327851111d,acd31907a6ad11501fee916cc23d9327.jpeg,1.554327449728475
4509,青年路｜樹屋｜古厝｜老屋翻修⭐,,5000,30.31,54.3,2,0,台南市,台南市中西區民權路一段,,透天厝,開放式格局,,,https://www.rakuya.com.tw/rent/rent_item?ehid=0580eb240655799,d52286a3e3383bb9a1c67b2254284e9e.jpeg,1.7570332382356297
4510,電梯大空間三房一廳❤️陽台獨洗獨曬❤️台水台電,,29999,28.0,0.1,4,3,台中市,台中市太平區環中東路四段,,電梯大廈,3房1廳2衛 - 2陽台1廚房,,有對外窗;陽台,https://www.rakuya.com.tw/rent/rent_item?ehid=0f610f293163245,f2c5c949f296b443a8ea8ef73fdbd5c4.jpeg,0.2576572183555334
4511,✨電梯美屋✨台水台電✨租屋補助✨小資首選✨請加賴✨,,6499,13.0,0.0,6,1,台中市,台中市西屯區河南路二段,,電梯大廈,1房1衛,,有對外窗;陽台,https://www.rakuya.com.tw/rent/rent_item?ehid=0e770c29053929d,cc6bf6607516027d4e2722b9f07fbb08.jpeg,1.34235724831937
4512,全新完工✨可雙租補✅機車位✨陽台獨洗曬✨IG搶先看,,12499,15.0,0.1,6,1,台中市,台中市南屯區文山一街,,電梯大廈,1房1衛 - 1陽台,,有對外窗;陽台,https://www.rakuya.com.tw/rent/rent_item?ehid=09bcbc293248057,2eeae10a7dd73ff7c8c21be38aa7a9ac.jpeg,0.2218263550076393
4513,L0O44）捷運景安5分【超值租案】補助★女性專屬,,11000,6.0,20.0,3,1,新北市,新北市中和區景平路,,公寓,1房1衛,,,https://www.rakuya.com.tw/rent/rent_item?ehid=0f61a3292266386,3df3b4b73c69b65c102a4440b7f101ff.jpeg,1.1020762815257776
4514,R2B27）近光華國小【超值2房1廳】可補助★養貓,,17500,22.0,20.1,2,2,新北市,新北市新莊區西盛街,,公寓,2房1廳1衛,,,https://www.rakuya.com.tw/rent/rent_item?ehid=073511285674916,c5d3cca3630890257cbdcf60f975b3c4.jpeg,0.33940834169466055
4515,L0N55）捷運南勢角【優質租案】採光★可寵★租補,,9000,5.0,20.3,6,1,新北市,新北市中和區景新街,,公寓,1房1衛,,,https://www.rakuya.com.tw/rent/rent_item?ehid=0f15d5280941386,a11a9125516629b746719c6f6f61e14d.jpeg,0.6452510575104136
4516,⭐近轉運站⭐子母車⭐雙人沙發⭐雙門冰箱⭐車位可租,,7499,10.0,0.1,1,1,台中市,台中市西屯區福中九街,,透天厝,1房1衛,,有對外窗,https://www.rakuya.com.tw/rent/rent_item?ehid=0e4c7b293469906,432131b23a9c2848b96ee27f5b275c02.jpeg,0.6039842415738795
4517,中山醫｜全新精裝｜可租補｜可貓,,10000,8.0,0.0,5,1,台中市,台中市南區忠明南路/園緣,,公寓,1房1衛,,有對外窗,https://www.rakuya.com.tw/rent/rent_item?ehid=0276bf293114935,b8c86361280204f5d620946510b70642.jpeg,0.43842371333351854
4518,＜時代菁英＞㊣樹孝商圈高樓層超值三房平車28廈,,28000,28.0,8.1,14,3,台中市,台中市太平區樹孝路/時代菁英乙區,,電梯大廈,3房2廳2衛 - 2陽台1廚房,,,https://www.rakuya.com.tw/rent/rent_item?ehid=0ee22d291285826,b325d77bceae228afa81b4f7d82e65e6.jpeg,0.5084789042524535
4519,B0T23）捷運大安【超值採光★寵】租補★垃圾代收,,10000,5.0,20.2,5,1,台北市,台北市大安區四維路,,公寓,1房,,,https://www.rakuya.com.tw/rent/rent_item?ehid=051e4e284770612,3a0f96036bae0f59e00a2f98a2d1cb73.jpeg,0.0
4520,近中科基地✨獨立洗衣機✨可貓✨子母車✨整棟全新整理,,8499,10.0,0.1,3,1,台中市,台中市大雅區月祥路,,透天厝,1房1衛,,有對外窗,https://www.rakuya.com.tw/rent/rent_item?ehid=0272ba292838208,598c4254c021825e8eac5ae676940159.jpeg,0.0324331375101223
4521,僑中一街獨立套房,,6000,5.0,0.1,5,1,新北市,新北市板橋區僑中一街,,公寓,1房1廳1衛,,,https://www.rakuya.com.tw/rent/rent_item?ehid=03a30029342172b,8a8f85c9a92b906990721c9343790893.jpeg,0.3383906533520693
4522,L2I63）中和高中【超值2房1廳】可貓★垃圾代收,,23000,14.0,20.1,3,2,新北市,新北市中和區連城路,,公寓,2房1廳1衛,,,https://www.rakuya.com.tw/rent/rent_item?ehid=058edd291997459,efdaba62d2935fbf42ee3c0cfe78250b.jpeg,1.2993158321890885
4523,【秒殺正廣】@一年新屋@整層全包@陽台獨洗,,10500,15.0,1.9,1,0,台中市,台中市烏日區中山路三段青仔巷,,透天厝,開放式格局,,有對外窗;陽台,https://www.rakuya.com.tw/rent/rent_item?ehid=04f318217994679,90ec11c2a366e1896ff2fda2e33ae722.jpeg,0.18682242789160272
4524,全新大三房⏳可租補⏳含平車⏳傢俱可全配⏳泓瑞崇德薈,,26999,50.61,0.0,3,3,台中市,台中市北屯區昌平路二段/泓瑞崇德薈,,電梯大廈,3房2廳2衛 - 1陽台1廚房,,有對外窗;陽台,https://www.rakuya.com.tw/rent/rent_item?ehid=05b15c29047402a,c641a4b5b9112690eed157aa9ac28ba6.jpeg,1.419332166716178
4525,B0R45）梨和公園【優質租案】可寵★免爬梯★小資,,9500,6.0,20.1,1,1,台北市,台北市大安區和平東路三段,,公寓,1房1衛,,,https://www.rakuya.com.tw/rent/rent_item?ehid=04113a291076577,2614023bae9d030c6aa82def87340ba5.jpeg,1.6633238408015887
4526,G2D10）捷運圓山【優質2房1廳】可寵★報稅入籍,,24000,13.0,20.1,5,2,台北市,台北市大同區重慶北路三段,,透天厝,2房1廳1衛,,,https://www.rakuya.com.tw/rent/rent_item?ehid=04410529089891e,da1e48325726c9827bf4c425fdf89e3e.jpeg,0.7412347882735959
4527,東區⛅電梯⛅可短租⛅陽台獨洗⛅建成⛅興大⛅中區,,7999,10.0,2.1,4,1,台中市,台中市東區建成路,,透天厝,1房1衛 - 1陽台,,有對外窗;陽台,https://www.rakuya.com.tw/rent/rent_item?ehid=02cd5f29292720f,a557750fbad1a624145c889ac35ac9f1.jpeg,0.04185854432984204
4528,✨烏日兩房可租補最低價✨台水台電平車位✨夢幻誠,,21000,25.0,0.0,11,2,台中市,台中市烏日區高鐵路二段/夢幻誠,,電梯大廈,2房1廳1衛 - 1陽台1廚房,,有對外窗,https://www.rakuya.com.tw/rent/rent_item?ehid=0fe61c285979816,56b02dcf80f567d6f21aded3303af595.jpeg,0.16631920680101633
4529,近中興大學✨可寵✨可短租✨可租補✨忠孝夜市✨新時代,,6799,10.0,0.1,5,1,台中市,台中市南區合作街,,公寓,1房1衛,,有對外窗,https://www.rakuya.com.tw/rent/rent_item?ehid=074eca29344706d,26f7429852932b5a94188971519284d9.jpeg,1.1912413823262535
4530,近東山高中✨可寵物✨可短租✨有採光✨小資族套房,,4799,10.0,0.1,6,1,台中市,台中市北屯區東山路一段,,公寓,1房1衛,,有對外窗,https://www.rakuya.com.tw/rent/rent_item?ehid=0286dd292841070,27b9ff856d4a3e7dd699181dd5b70d8c.jpeg,0.6873405446114371
4531,T0B25）捷運三民高中【超值電梯】洗衣機★限女性,,12000,6.0,20.1,3,1,新北市,新北市蘆洲區民義街,,電梯大廈,1房1衛,,,https://www.rakuya.com.tw/rent/rent_item?ehid=0c6714292834793,cba4ab19a76dfedd90ed84bd7057a194.jpeg,0.6919720223012307
4532,L2I56）遠東世紀廣場【超值2房1廳】警衛★傢俱,,22500,20.0,20.1,2,2,新北市,新北市中和區建康路,,電梯大廈,2房1廳1衛 - 1陽台1廚房,,,https://www.rakuya.com.tw/rent/rent_item?ehid=09a8f6290884128,52e910a91198055203aba105d100e5ce.jpeg,0.7627714851345192
4533,Z0O22）近仁福公園【秒殺大空間】採光★乾溼分離,,15999,15.0,20.3,5,1,新北市,新北市三重區仁福街,,公寓,1房1衛,,,https://www.rakuya.com.tw/rent/rent_item?ehid=0e0f3128221185c,2843f100ee348651144abd3ff21cb2fd.jpeg,0.9474981836961679
4534,【秒殺正廣】@正一房一廳@全新電梯管理員@可租補,,14000,15.0,0.1,9,1,台中市,台中市沙鹿區中正街,,電梯大廈,1房1廳1衛 - 1陽台,,有對外窗;陽台,https://www.rakuya.com.tw/rent/rent_item?ehid=0ba261282848503,28c85c72d6f41186b8228ed6c6c8747e.jpeg,0.2581678083641206
4535,♥️全新秒殺✨可雙租補✨可寵✨網路第四台,,9999,12.0,0.0,2,1,台中市,台中市沙鹿區中山路,,透天厝,1房1衛,,,https://www.rakuya.com.tw/rent/rent_item?ehid=059104289593015,d9a76261a923debcb3c84334383cd92e.jpeg,0.01193003740554297
4536,*炸便宜**短租也可以**養寵也可以,,4499,7.0,0.1,6,1,台中市,台中市龍井區新興路,,華廈,1房1衛,,有對外窗,https://www.rakuya.com.tw/rent/rent_item?ehid=0a806b293292055,166a6e0a18ba560a6c797e1ec3bf86b7.jpeg,0.38379625520962707
4537,梧棲好好窩3房+平車,,20000,30.0,1.2,9,3,台中市,台中市梧棲區八德路/和築好好窩,,電梯大廈,3房2廳2衛 - 1陽台,,陽台,https://www.rakuya.com.tw/rent/rent_item?ehid=0d101b285357831,4c813ba8424a2a123eacf3a8ca30ca88.jpeg,0.0
4538,海線大樓兩房雙租補✨可養貓咪可入戶籍✨喜歡幫您議價,,19000,30.0,0.0,8,2,台中市,台中市清水區港新五路,,電梯大廈,2房2廳1衛 - 2陽台1廚房,,有對外窗;陽台,https://www.rakuya.com.tw/rent/rent_item?ehid=0b7e69282843489,7201e3c8b285fd6ba7ed8190a122bfbe.jpeg,0.5183446622158351
4539,T2A55）近捷運三民高中【超值2房】養寵★入籍洽,,16000,17.0,20.1,6,2,新北市,新北市蘆洲區民族路,,公寓,2房2廳1衛 - 1陽台1廚房,,,https://www.rakuya.com.tw/rent/rent_item?ehid=0209cb291360024,655972a6a6c4d310953a52c45d3cc30a.jpeg,0.7751347180971417
4540,四層整棟透天☆五房四衛二陽台☆台水電☆傢俱高檔齊全,,50000,40.0,1.4,4,5,台中市,台中市沙鹿區正義路,,透天厝,5房1廳4衛 - 2陽台1廚房,,有對外窗;陽台,https://www.rakuya.com.tw/rent/rent_item?ehid=0177b2278673267,a18780fe4a298a39477557000eceb8b3.jpeg,0.06671960515211493
4541,可租補✨逢甲商圈✨運動套房✨採光✨子母車,,8500,12.0,5.7,4,1,台中市,台中市西屯區至善路,,透天厝,1房1衛,,有對外窗,https://www.rakuya.com.tw/rent/rent_item?ehid=03ab2b26609236b,42e2b9f7b929f6573e3740ca27ed67d7.jpeg,1.206090318382803
4542,整棟全新⏳可租補報稅⏳陽台獨洗⏳乾溼分離⏳衛浴開窗,,10499,15.5,0.1,2,1,台中市,台中市西區大新街,,電梯大廈,1房1衛 - 1陽台,,有對外窗;陽台,https://www.rakuya.com.tw/rent/rent_item?ehid=0dc16a293468207,84b20f760b2e8c57bcbde8bdae27145d.jpeg,1.0300060411960352
4543,需半年繳⚡飲水機⚡陽台獨洗曬⚡共洗曬⚡可租補,,7000,8.0,0.0,3,0,台中市,台中市大里區中興路一段,,透天厝,開放式格局,,有對外窗,https://www.rakuya.com.tw/rent/rent_item?ehid=0caad526170627c,00849839db341455a13f11eeb8d7683e.jpeg,0.16808976642790976
4544,屋主自租/免仲介費/1樓全新套房/可短租,,7500,6.0,0.0,1,1,新北市,新北市板橋區重慶路,,公寓,1房1廳1衛,,,https://www.rakuya.com.tw/rent/rent_item?ehid=0ee28b239475251,3659419ea92b9579c7bd3a6a8edd98ce.jpeg,0.6759986912305829
4545,可租補免備交通工具門口公車站牌大衆運輸愛地球,,6000,6.0,0.1,4,1,台中市,台中市沙鹿區臺灣大道七段/致富院,,透天厝,1房1衛 - 1陽台,,,https://www.rakuya.com.tw/rent/rent_item?ehid=007f2c286997773,b5b36d259e8fe752f436f4f81c6c1c2a.jpeg,0.16496544350913378
4546,✨中興大學✅可租補✨可寵 ✨陽台獨洗曬✨子母車✨,,9999,12.0,0.1,2,1,台中市,台中市南區南門路,,電梯大廈,1房1衛 - 1陽台,,有對外窗;陽台,https://www.rakuya.com.tw/rent/rent_item?ehid=08ed97293458727,d1f2459d43ad8c75007415026a3e750c.jpeg,0.0
4547,❤類一房一廳❤室內超大空間❤陽台獨洗❤流理臺❤秒殺,,14999,16.5,0.1,3,0,台中市,台中市北屯區松竹路二段,,透天厝,開放式格局,,陽台,https://www.rakuya.com.tw/rent/rent_item?ehid=00e79429257391f,0a46196c8193eb90ffdb3db2ed30b572.jpeg,0.6043389469843135
4548,中山醫/租補／報稅/超新屋/可租機車位/乾濕分離,,11999,12.0,0.1,4,0,台中市,台中市烏日區信義街,,透天厝,開放式格局,,有對外窗;陽台,https://www.rakuya.com.tw/rent/rent_item?ehid=06676029108837a,18dae0137968b67aec39ed1d7b4dae90.jpeg,0.18978318459768442
4549,逢甲秒殺✨租屋補助✅台水台電✨小資最愛✨IG搶先看,,6499,13.0,0.1,6,1,台中市,台中市西屯區河南路二段,,電梯大廈,1房1衛,,有對外窗,https://www.rakuya.com.tw/rent/rent_item?ehid=029b18293241474,be4ce1586874a13ca3cebfcaf26c197d.jpeg,1.34235724831937
4550,Q0F91）三重高中【精緻大空間】可補助★垃圾代收,,13000,7.0,20.1,4,1,新北市,新北市三重區集美街,,公寓,1房1衛,,,https://www.rakuya.com.tw/rent/rent_item?ehid=0d848c29300853d,0bf04a172481e93b4d03c5983002ec5b.jpeg,0.858235216109123
4551,全坤家宜,,20000,28.14,0.6,15,2,新北市,新北市八里區頂罟一路/全坤家宜,,電梯大廈,2房1廳1衛 - 1陽台1廚房,,,https://www.rakuya.com.tw/rent/rent_item?ehid=02f940292344224,9c4f242d2654fcab6dd28e9ddd8a5c3f.jpeg,0.1240314281089154
4552,✨裝潢可談✨員工宿舍✨可商辦✨可工作室✨停車位✨,,25000,40.0,0.0,1,2,台中市,台中市太平區坪林路,,透天厝,2房2廳2衛 - 2室,,有對外窗,https://www.rakuya.com.tw/rent/rent_item?ehid=065244281744739,cf3ab95c985dc7b0cc535051ecb46d8d.jpeg,0.1362963957023801
4553,小資首選♡獨洗獨曬♡絕美採光♡秒殺套房♡騎樓機車位,,6999,12.0,0.0,4,1,台中市,台中市太平區太平二十街,,透天厝,1房1衛,,有對外窗,https://www.rakuya.com.tw/rent/rent_item?ehid=06a85228247316a,0cd5ec9979e8bdb4f94c4129da420394.jpeg,0.29053059088044686
4554,可租補⚡電梯⚡頂樓共洗曬⚡飲水機⚡子母車⚡管理員,,7000,10.0,0.1,2,0,台中市,台中市大里區立中街,,電梯大廈,開放式格局,,有對外窗,https://www.rakuya.com.tw/rent/rent_item?ehid=049405291860974,c3749f2977f5897e8cac06da6b2de802.jpeg,0.2977886602766056
4555,可租補有質感中庭花園免投幣洗衣機電梯套房,,4999,6.0,0.0,5,1,台中市,台中市沙鹿區東英路/致富讚,,透天厝,1房1衛 - 1陽台,,有對外窗;有中庭;陽台,https://www.rakuya.com.tw/rent/rent_item?ehid=036fa8272711938,66d1b1f3bf3717fdb73217d02956c6cc.jpeg,0.1860944394503436
4556,親親戲院✨洗衣機✔可工作室✔好停車,,6499,10.23,2.3,1,1,台中市,台中市北區進化北路,,電梯大廈,1房1衛,,有對外窗,https://www.rakuya.com.tw/rent/rent_item?ehid=0cb406205639822,da96cde99262581545c311ab4fd9d033.jpeg,0.0
4557,近逢甲大學✨學生套房✨飲水機✨採光好✨垃圾處理,,3799,7.0,0.1,4,1,台中市,台中市西屯區西安街,,透天厝,1房1衛,,有對外窗,https://www.rakuya.com.tw/rent/rent_item?ehid=0ebb32292571734,820c45068f113253ca2afcc2cb27eae9.jpeg,1.9031209089048238
4558,M2E33）近捷運永安市場【超值2房1廳】台電帳單,,12000,14.0,20.1,0,2,新北市,新北市永和區中正路,,公寓,2房1廳1衛,,,https://www.rakuya.com.tw/rent/rent_item?ehid=0ab01729314375f,62ea1803c3581a6a44ddba4acc9f80d4.jpeg,0.9099772726464849
4559,可租補.入籍可寵✨台水電陽台獨洗✨近東海大學,,7000,8.0,0.1,2,1,台中市,台中市龍井區遠東街,,公寓,1房1衛 - 1陽台,,有對外窗;陽台,https://www.rakuya.com.tw/rent/rent_item?ehid=06ce91290788809,960948d672bd72ed8d794f209b2b0b55.jpeg,0.3527809912684526
4560,全新北歐裝潢大三房,,22000,35.0,20.2,9,3,台中市,台中市梧棲區四維中路,,華廈,3房2廳2衛 - 3室1陽台1廚房,,有對外窗,https://www.rakuya.com.tw/rent/rent_item?ehid=074806288451853,0b47b55f40591c6af12040c9100ae78b.jpeg,0.0
4561,正靜宜商圈  獨立套房,,4000,5.0,0.0,3,1,台中市,台中市沙鹿區北勢東路,,華廈,1房1衛,,有對外窗,https://www.rakuya.com.tw/rent/rent_item?ehid=08bfd225276748f,d9d49f81592a1bf9fc3af0098a00dd0b.jpeg,0.1213503915812776
4562,稀有釋出陽台獨洗+流理台✓中山醫+五權車站✓機車位,,6999,10.26,0.0,5,1,台中市,台中市南區美村路二段,,電梯大廈,1房1衛 - 1陽台,,有對外窗;陽台,https://www.rakuya.com.tw/rent/rent_item?ehid=09856c173769004,c6d2800dfbc3848454646f0431ce27da.jpeg,0.6370920814306943
4563,3房1廳捷運三重國小站3分鐘可短期,,21000,25.0,16.1,3,3,新北市,新北市三重區三和路三段,,公寓,3房1廳1衛,,有對外窗;為邊間,https://www.rakuya.com.tw/rent/rent_item?ehid=0edb9b120439133,5cb70d86398b60d1d5d3b8eb99716c54.jpeg,0.0
4564,大里優質套房✨陽台獨洗✨乾濕分離✨,,8800,8.0,0.1,3,1,台中市,台中市大里區公園街,,華廈,1房1衛 - 1陽台,,陽台,https://www.rakuya.com.tw/rent/rent_item?ehid=0cc13728858628a,1f1055279b3c79de9b4e65313fe674ec.jpeg,0.3128923580109848
4565,R1A42）捷運新莊【超值1房1廳】可補助★採光優,,17000,12.0,20.2,2,1,新北市,新北市新莊區新莊路,,公寓,1房1廳1衛,,,https://www.rakuya.com.tw/rent/rent_item?ehid=028568288726711,1e955f4e06276eaa8762cfe8e37acf35.jpeg,0.5060850126998053
4566,Q2D29）近重新橋【全新2房1廳】補助★垃圾代收,,27800,25.0,1.2,14,2,新北市,新北市三重區五谷王北街,,電梯大廈,2房1廳1衛 - 1陽台1廚房,,,https://www.rakuya.com.tw/rent/rent_item?ehid=05171328758779c,9736eb9a9ef1230018c1991e6978614a.jpeg,0.0
4567,小資族套房❤️可租補❤️陽台獨洗獨曬❤️飲水機,,6999,9.0,0.1,3,1,台中市,台中市烏日區中華路,,透天厝,1房1衛 - 1陽台,,有對外窗;陽台,https://www.rakuya.com.tw/rent/rent_item?ehid=049ce8290710936,af46824564f52843d3ff548c75e9b008.jpeg,0.2843049353615802
4568,整棟全新⭐台積電首選⭐陽台獨洗⭐機車位⭐子母車飲水,,8999,10.0,0.1,3,1,台中市,台中市大雅區科雅路,,電梯大廈,1房1衛 - 1陽台,,有對外窗,https://www.rakuya.com.tw/rent/rent_item?ehid=041d8c29282420f,969b6d8886b0bf6b46afa320ec7c36b3.jpeg,0.0493256159599568
4569,全新建案✨三房兩廳✨台水台電✨租屋補助✨平車位可租,,26999,59.0,0.0,13,3,台中市,台中市東區德興一街,,電梯大廈,3房2廳2衛 - 1陽台1廚房,,,https://www.rakuya.com.tw/rent/rent_item?ehid=0d4f4c28526278f,6ec883f03fd107ccd739c127e283d537.jpeg,0.26679176066093574
4570,可貓/乾濕分離/陽台獨洗/文心秀泰ikea,,7300,10.0,4.0,2,0,台中市,台中市南屯區大墩東街,,透天厝,開放式格局,,,https://www.rakuya.com.tw/rent/rent_item?ehid=096f1a17806709c,d3557dfbf4c60f5f469224f305f7f8b3.jpeg,1.0932049351492747
4571,中港學區餘慶仁家 住商 何慈屏,,25000,48.0,1.8,13,2,台中市,台中市梧棲區文雅街/餘慶仁家,,電梯大廈,2房2廳2衛 - 1室2陽台1廚房,,有對外窗,https://www.rakuya.com.tw/rent/rent_item?ehid=0bdc7d260423864,79bedfe9d9d488cf93b56c898a6573c3.jpeg,0.13360633526088578
4572,亞太雲端。風雲海摩天美學,,130000,136.59,0.0,17,0,台中市,台中市北區臺灣大道二段,,辦公,,,,https://www.rakuya.com.tw/rent/rent_item?ehid=09c56a255243072,8c1c30083ae2545174b7a2cf8f4b0892.jpeg,0.9968185597035883
4573,東海弘光靜宜大肚⛅台電⛅可租補雙租補可報稅陽台獨洗,,14999,12.0,1.1,8,1,台中市,台中市大肚區太平路,,透天厝,1房1衛 - 1陽台,,有對外窗;陽台,https://www.rakuya.com.tw/rent/rent_item?ehid=08bbef290130433,006bf759313681843312bb50048a2d12.jpeg,0.0891803155675439
4574,可租補雙單人床免投幣電梯大套房,,8000,9.0,0.0,4,1,台中市,台中市沙鹿區臺灣大道七段/致富院,,透天厝,1房1衛,,,https://www.rakuya.com.tw/rent/rent_item?ehid=07e7e028699726d,4ef8c41ce7ff6253122579f854d6e6fd.jpeg,0.159264258803058
4575,Q3C87）近捷運台北橋【超值3房2廳】可寵★陽台,,23500,25.0,20.1,2,3,新北市,新北市三重區三和路二段,,公寓,3房2廳1衛 - 1陽台1廚房,,,https://www.rakuya.com.tw/rent/rent_item?ehid=08f3de29041663a,18172176f3b94c9aa006cb7ae923664b.jpeg,0.0
4576,M3A65）福和橋【超值3房2衛】附傢俱★獨立陽台,,26000,33.0,20.1,5,3,新北市,新北市永和區永利路,,公寓,3房2廳2衛 - 1陽台1廚房,,,https://www.rakuya.com.tw/rent/rent_item?ehid=05f37e131028880,5197b102164ec04cb3dcb3acf2938af4.jpeg,0.690219027556545
4577,⭐近逢甲⭐電梯⭐台水電⭐電磁爐⭐流理台⭐全新整理,,10000,12.0,0.1,2,1,台中市,台中市西屯區文華路,,華廈,1房1衛,,有對外窗,https://www.rakuya.com.tw/rent/rent_item?ehid=03101a293332334,80fc0d2e5ad622377fe9716a20befdce.jpeg,1.8948653007113068
4578,西屯一房一廳✨雙租補❗陽台獨洗✨有管理員✨,,12499,15.0,0.1,1,1,台中市,台中市西屯區長安路二段,,公寓,1房1廳1衛 - 1陽台,,有對外窗;陽台,https://www.rakuya.com.tw/rent/rent_item?ehid=0769b029331263d,47bc8f0b21d73a029d365876a36de62d.jpeg,0.8107801709231184
4579,B2E88）師大首選【超值2房1廳】房皆有窗★陽台,,14000,14.0,20.1,2,2,台北市,台北市大安區羅斯福路四段,,公寓,2房1廳1衛 - 1陽台,,,https://www.rakuya.com.tw/rent/rent_item?ehid=008f85291413348,72d480aabf93672dc737b90699815152.jpeg,1.594160009824312e-05
4580,遊方集樓中樓套房出租,,6000,10.0,32.0,7,1,台中市,台中市龍井區新興路/遊方集,,樓中樓,1房1廳1衛 - 1陽台,,有對外窗;樓中樓;陽台,https://www.rakuya.com.tw/rent/rent_item?ehid=0393d2134887965,42b99be41e59cb3bf441e95a8491bf06.jpeg,0.3701147771038258
4581,東海澄清/短租加價/雙租補報稅/家庭樓中樓,,18999,16.0,0.0,2,0,台中市,台中市西屯區永福路,,樓中樓,開放式格局,,有對外窗;樓中樓;陽台,https://www.rakuya.com.tw/rent/rent_item?ehid=028374290675740,40bf21460c2ca5d36b1da10b3250e436.jpeg,0.5848735849370059
4582,L3J76）捷運景安【景觀3房2衛】警衛★獨立陽台,,35000,36.0,20.1,10,3,新北市,新北市中和區安平路,,電梯大廈,3房2廳2衛 - 2陽台1廚房,,,https://www.rakuya.com.tw/rent/rent_item?ehid=0c7d39291751750,0da5f3e2077bb78e29836eaf87937cb3.jpeg,0.7086060381720123
4583,新整理❤樹林火車站沙崙國小3樓三房❤可申請租屋補助,,17000,20.0,0.0,3,3,新北市,新北市板橋區溪崑二街,,公寓,3房2廳1衛 - 1陽台1廚房,,有對外窗,https://www.rakuya.com.tw/rent/rent_item?ehid=04e138288998323,d9ea93d58891952c11a55b0f7017fc6b.jpeg,1.218907156280677
4584,超美電梯套房❤近勤益❤可租補❤獨洗曬❤子母車飲水機,,7599,8.0,0.1,3,1,台中市,台中市太平區新明街,,別墅,1房1衛,,有對外窗;為邊間,https://www.rakuya.com.tw/rent/rent_item?ehid=0b10af29324414c,3322548e8354d5a1d1a15a5c95d272c2.jpeg,0.6800619527895465
4585,青年高中✔陽台子母車✔飲水機,,7499,11.8,0.1,2,1,台中市,台中市大里區中興路一段,,透天厝,1房1衛 - 1陽台,,有對外窗;陽台,https://www.rakuya.com.tw/rent/rent_item?ehid=0e4afe226362265,43f3b23dfd7523a6bde96dd7056c3dc5.jpeg,0.13684821827823845
4586,全新嶺東⏳可租補可短租⏳陽台獨洗⏳機車位⏳租汽車位,,10499,16.0,0.1,3,1,台中市,台中市南屯區保安一街,,電梯大廈,1房1廳1衛 - 1陽台,,有對外窗;陽台,https://www.rakuya.com.tw/rent/rent_item?ehid=04876029015976e,fcfedca2aff40225edc2a89b13bd48ff.jpeg,0.1700201910611498
4587,興安商圈⚡門前可停車⚡免整理⚡可營登⚡禁餐飲,,26000,15.0,0.1,1,0,台中市,台中市北屯區崇德二路一段,,透天厝,,,,https://www.rakuya.com.tw/rent/rent_item?ehid=0ad1ae292812348,8e78d5dd962106b35698691d38d6cf99.jpeg,1.3563294991699764
4588,全聯社區電梯豪宅新裝潢附家具家電第四台,,14980,26.0,28.8,16,2,新北市,新北市汐止區樟樹二路,,電梯大廈,2房1廳1衛 - 1陽台,,有對外窗;為邊間;有中庭,https://www.rakuya.com.tw/rent/rent_item?ehid=06c53f6912195c,f535ccb7ed80cbd2fe6f838f907cb365.jpeg,0.445965516974108
4589,小資族首選***可養貓咪***東海商圈內,,4499,8.0,0.1,7,1,台中市,台中市龍井區新興路,,透天厝,1房1衛,,有對外窗,https://www.rakuya.com.tw/rent/rent_item?ehid=04906229306509f,e0468776c92cae334a64baeb87a148b3.jpeg,0.38379625520962707
4590,正北勢商圈內蛋黃區套房加價可獨洗晒高樓層,,5000,8.0,0.0,5,1,台中市,台中市沙鹿區北中路/富與賺,,透天厝,1房1衛 - 1陽台,,,https://www.rakuya.com.tw/rent/rent_item?ehid=0fc5e1270311003,208342829f1484ba45c62d0386c07470.jpeg,0.09953636571285587
4591,可租補｜近74｜陽台獨洗｜採光｜戶數少,,16500,16.0,0.1,2,1,台中市,台中市南屯區環中路四段,,透天厝,1房1衛 - 1陽台,,,https://www.rakuya.com.tw/rent/rent_item?ehid=0a2e5a292574092,2e85ee59cd92b98c8a0ed1c5ba4eec11.jpeg,0.05725417046809839
4592,興大秒殺✨租屋補助✅代收包裹✨陽台獨洗✨IG搶先看,,7499,13.0,0.1,3,1,台中市,台中市南區學府路,,電梯大廈,1房1衛 - 1陽台,,有對外窗;陽台,https://www.rakuya.com.tw/rent/rent_item?ehid=0a7c9b293244194,121a8346c26939fa326f34d26c11094f.jpeg,0.0
4593,M1B50）捷運頂溪站【優質大空間】租補洽★洗衣機,,20000,15.0,20.2,2,1,新北市,新北市永和區豫溪街,,公寓,1房1衛 - 1陽台,,,https://www.rakuya.com.tw/rent/rent_item?ehid=085ecc29054541c,02280d3784c7a04197c2fadc34cea560.jpeg,0.9012950442581186
4594,L3J38）捷運橋和【景觀3房2廳】有車位★採光佳,,41000,36.0,20.1,8,3,新北市,新北市中和區健康路,,電梯大廈,3房2廳2衛 - 2陽台1廚房,,,https://www.rakuya.com.tw/rent/rent_item?ehid=05b4a028483964a,4945b2ad90ab9a4e632e358d55ede835.jpeg,0.8459946804705564
4595,Q0E29）近捷運菜寮【大空間】採光★洗衣機★寵洽,,16500,10.0,20.1,2,1,新北市,新北市三重區大同南路,,公寓,1房1衛,,,https://www.rakuya.com.tw/rent/rent_item?ehid=05fe25280642605,d742e942bafc80e70707e19494bab6a2.jpeg,1.1075396910222313
4596,L0L89）捷運景安1分【景觀獨戶】有警衛★小廚房,,23000,19.0,20.1,13,1,新北市,新北市中和區景平路,,電梯大廈,1房1衛 - 1廚房,,,https://www.rakuya.com.tw/rent/rent_item?ehid=072fa0265620632,18df68c0d2fc910577d9da535840b8af.jpeg,1.2097390443153282
4597,可租補雙人大床前庭花園電梯套房,,6000,8.0,0.1,2,1,台中市,台中市沙鹿區東英路/致富讚,,透天厝,1房1衛,,,https://www.rakuya.com.tw/rent/rent_item?ehid=0bc24d292835173,6d0d314080ee4775ea3415f4578ec213.jpeg,0.18188497617673727
4598,✨水湳商圈✅可雙租補✨可貓✨陽台獨洗✨流理臺子母車,,11999,15.0,0.1,2,1,台中市,台中市北屯區大連路一段,,透天厝,1房1衛 - 1陽台,,有對外窗;陽台,https://www.rakuya.com.tw/rent/rent_item?ehid=07e62e293427540,9828cbedf600f557382d47f6e1e5cd32.jpeg,1.184441721309651
4599,捷運信義國小站3房出租,,13000,26.0,40.1,4,3,高雄市,高雄市新興區黃海街,,公寓,3房2廳2衛 - 3陽台1廚房,,有對外窗;陽台,https://www.rakuya.com.tw/rent/rent_item?ehid=0c36dd291391952,d96375b9812d2a2bc3a717f7b2ca4e7e.jpeg,0.7232319236874633
4600,M0K08）捷運頂溪站1分【超值租案】獨洗★附傢俱,,16000,7.0,20.1,4,1,新北市,新北市永和區仁愛路,,公寓,1房1衛,,,https://www.rakuya.com.tw/rent/rent_item?ehid=0b28ab291748844,3a75bd7596ae50d9ab0ac2a35f9ff356.jpeg,0.8646095640500316
4601,南崁超美全新套房 可寵物有陽台+個人洗衣機 流理台,,11000,7.0,1.5,4,1,桃園市,桃園市蘆竹區南上路,,公寓,1房1衛 - 1陽台,,有對外窗;為邊間;陽台,https://www.rakuya.com.tw/rent/rent_item?ehid=0450b123512940f,399ab38ced2962f4f2295e4f330e29f9.jpeg,0.0
4602,可租補⚡電梯套房⚡近烏日啤酒廠,,9999,13.0,0.0,3,1,台中市,台中市烏日區大同路,,電梯大廈,1房1衛,,有對外窗,https://www.rakuya.com.tw/rent/rent_item?ehid=0f72ac28844833b,6764c22bdad490f2498bd243f8a15e82.jpeg,0.29427425600339324
4603,專租-活力壹楼+大露台挑高4.2米(亮麗1+1房),,18000,27.98,17.4,1,1,新北市,新北市汐止區新台五路二段/活力Double花漾區,,電梯大廈,1房1廳1.5衛 - 1室1陽台1廚房,,有對外窗;為邊間;有中庭;陽台,https://www.rakuya.com.tw/rent/rent_item?ehid=054c3e27605059c,2046ad42cd980fc9abd9222683e232eb.jpeg,0.07900930575999243
4604,禁餐飲娃娃機麻將博弈⚡1+2樓⚡辦公室⚡咖啡輕食⚡,,80000,70.0,0.1,2,0,台中市,台中市西屯區河南路二段,,華廈,,,,https://www.rakuya.com.tw/rent/rent_item?ehid=0b53aa293298936,1258f33c3b73e76e11fee9366af8cd43.jpeg,1.0203440857780175
4605,南區⛅四房兩廳兩衛兩陽台⛅可租補⛅可貓⛅興大⛅,,33000,43.0,2.1,14,3,台中市,台中市南區忠明南路/仁美居,,電梯大廈,3房2廳2衛 - 1室2陽台,,有對外窗;陽台,https://www.rakuya.com.tw/rent/rent_item?ehid=0e6229292381411,1be56a431908b5c2d871674f55c85cb6.jpeg,0.38391939089054644
4606,近三重國小捷運站美2樓(2號房),,21000,23.25,62.1,2,0,新北市,新北市三重區秀江街,,電梯大廈,開放式格局,,有對外窗;為邊間;有中庭,https://www.rakuya.com.tw/rent/rent_item?ehid=00767e29233304f,670ca0ee772d9b64e3308e20ee632db4.jpeg,1.0326412290392772
4607,霧峰*中正路*6房大透天,,26000,70.0,30.1,0,6,台中市,台中市霧峰區中正路,,透天厝,6房2廳3衛 - 3陽台1廚房,,有對外窗;為邊間;陽台,https://www.rakuya.com.tw/rent/rent_item?ehid=0473fb29285146c,0872c5c3738415af341defa22581fd9a.jpeg,0.2866239428792379
4608,O3L65）捷運板橋【超值3房2廳】雙陽台★新裝潢,,24000,25.0,20.2,3,3,新北市,新北市板橋區文化路一段,,公寓,3房2廳1衛 - 2陽台1廚房,,,https://www.rakuya.com.tw/rent/rent_item?ehid=05dc2f28844940e,fa60abf503908d6e3462257a895307d3.jpeg,0.4827482946715035
4609,L0E32）近捷運景安／南勢角【超值】小廚房★台電,,12500,8.0,20.2,5,1,新北市,新北市中和區景平路,,公寓,1房1衛 - 1廚房,,,https://www.rakuya.com.tw/rent/rent_item?ehid=0ea34a284401281,38fe98f38c8591f7c1d5337ff3c27fa8.jpeg,1.2951052612393474
4610,█近穀保家商█環境安靜█,,21490,19.69,56.1,3,2,新北市,新北市三重區中正北路,,公寓,2房2廳1衛 - 2陽台1廚房,,陽台,https://www.rakuya.com.tw/rent/rent_item?ehid=048f4d29119586c,324fbaff7922e6336d64a6dd2210608b.jpeg,0.5496572239451214
4611,整棟全新⏳可貓可家庭⏳陽台獨洗⏳衛浴開窗⏳子母車⏳,,11499,18.5,0.0,2,1,台中市,台中市大雅區月祥路,,透天厝,1房1廳1衛 - 1陽台,,有對外窗;陽台,https://www.rakuya.com.tw/rent/rent_item?ehid=0c75b229346191e,64159952e978ea5e6bf12b7bab4999ad.jpeg,0.03814424736216648
4612,✨秒殺物件✨陽台獨洗✨台電計費✨租屋補助✨電梯套房,,7999,14.0,0.0,1,1,台中市,台中市東區練武路,,電梯大廈,1房1衛 - 1陽台,,,https://www.rakuya.com.tw/rent/rent_item?ehid=0e7605289011141,367b5a22126470b8fd4775568a2580ee.jpeg,1.5048657156631016
4613,小資限女/共用洗衣/凸窗曬/一中中國醫,,4999,7.0,0.0,2,0,台中市,台中市北區五義街,,透天厝,開放式格局,,,https://www.rakuya.com.tw/rent/rent_item?ehid=052eec263990546,f4da649eafc79e2c4ef16c892cd17925.jpeg,0.0
4614,幸福就是你❤️可租補❤️有電梯❤️陽台獨洗,,11999,15.0,0.1,3,0,台中市,台中市南屯區文山一街,,透天厝,開放式格局,,有對外窗;陽台,https://www.rakuya.com.tw/rent/rent_item?ehid=001d2529337691c,4a4ac0d9ad064f4c49dbe951583f913b.jpeg,0.19854240850219296
4615,海線精美套房可租補✨陽台獨洗✨流理臺電磁爐✨好停車,,10000,10.0,0.0,5,1,台中市,台中市梧棲區八德路,,華廈,1房1衛 - 1陽台,,陽台,https://www.rakuya.com.tw/rent/rent_item?ehid=033fa7284135910,a2dce8357fdcb9cc976c39f52287bc7f.jpeg,0.0
4616,東海大學✨陽台窗曬✨可租補✨子母車✨機車位✨飲水機,,7499,10.0,0.1,2,1,台中市,台中市龍井區新興路,,透天厝,1房1衛,,有對外窗,https://www.rakuya.com.tw/rent/rent_item?ehid=097f0729272923a,4c221393f4d63e6d8949425c548805b1.jpeg,0.36012689020589067
4617,錯過就不在✨租補雙租補全新未住家具電全新✨可寵平車,,23000,17.0,0.0,8,2,台中市,台中市北屯區環太東路/總太心之所向,,電梯大廈,2房2廳1衛 - 1陽台,,有對外窗;陽台,https://www.rakuya.com.tw/rent/rent_item?ehid=0df4ad29346780a,512764f88d2e463026a6d79a58c329c4.jpeg,0.17010541535623164
4618,科博館✨✔可短租工作室✔可報稅租補,,4999,10.0,0.0,18,1,台中市,台中市北區中清路一段,,電梯大廈,1房1衛,,有對外窗,https://www.rakuya.com.tw/rent/rent_item?ehid=08ccdf235770355,7a404671c59eb3a3e70c4539ed86f4a6.jpeg,1.1977124678577347
4619,L2I58）捷運景平站5分【超值2房2廳】補助可洽,,19500,22.0,20.0,5,2,新北市,新北市中和區大勇街,,公寓,2房2廳1衛 - 1陽台1廚房,,,https://www.rakuya.com.tw/rent/rent_item?ehid=00c116291048858,db457dd7cc61e11df7d87b1935a450be.jpeg,0.4477606358128166
4620,❤️東海中科❤️可貓❤️共洗窗曬可報稅租補可短租,,3999,7.0,6.3,5,1,台中市,台中市龍井區台灣大道五段,,電梯大廈,1房1衛,,有對外窗,https://www.rakuya.com.tw/rent/rent_item?ehid=0027b1280257343,f0d3438f011f9f4862438134a8c196a7.jpeg,0.16922805510960853
4621,Q0C65）近捷運台北橋【超值租案】有陽台★洗衣機,,13000,8.0,20.1,1,1,新北市,新北市三重區三和路一段,,公寓,1房1衛 - 1陽台,,,https://www.rakuya.com.tw/rent/rent_item?ehid=0bc96d266289110,bae9e1a843872c230077ba320f0c41b3.jpeg,0.0
4622,免管理費✨可雙租補✨陽台獨洗✨流理臺✨電梯管理員,,11000,12.0,12.5,6,1,台中市,台中市西屯區寧夏西四街,,電梯大廈,1房1廳1衛 - 1陽台,,有對外窗;陽台,https://www.rakuya.com.tw/rent/rent_item?ehid=0d79ad111113008,78747fbb780e7a0bfc29215e0a896de4.jpeg,0.7904275917455177
4623,⭐電梯⭐可租補、短租⭐飲水機⭐陽台獨洗⭐室內機車位,,10999,14.0,0.1,2,1,台中市,台中市南屯區保安一街,,透天厝,1房1衛 - 1陽台,,有對外窗;陽台,https://www.rakuya.com.tw/rent/rent_item?ehid=0a4c5729305563c,5e0c2cfab7e8cec0df4de56776c9b8d9.jpeg,0.22218722557788445
4624,【秒殺正廣】@電梯@可寵@可短租@近東海~,,3999,8.0,3.3,8,0,台中市,台中市龍井區新興路,,電梯大廈,開放式格局,,有對外窗,https://www.rakuya.com.tw/rent/rent_item?ehid=0dda96170577427,49610681b39cc0c8309371f25a1c9a40.jpeg,0.17034139757743488
4625,整棟全新⏳可租補⏳陽台獨洗⏳乾溼分離⏳衛浴開窗⏳子,,8999,15.0,0.1,2,1,台中市,台中市大雅區雅潭路四段,,電梯大廈,1房1衛 - 1陽台,,有對外窗;陽台,https://www.rakuya.com.tw/rent/rent_item?ehid=015228293460254,2dfb6bd95f3e70c0adf903556fc83b68.jpeg,0.310046728891157
4626,M3D99）捷運永安市場1分【挑高3房】警衛★可寵,,30000,16.0,20.0,4,3,新北市,新北市永和區中和路,,電梯大廈,3房1廳1衛,,,https://www.rakuya.com.tw/rent/rent_item?ehid=02c835245770610,324ebe2ff9518991de4237e39d47db55.jpeg,0.8864080472887348
4627,免管理費✨精美套房✨可寵物✨限女生✅浴室通風✨,,6300,8.0,5.0,3,1,台中市,台中市大里區中興路一段,,透天厝,1房1衛,,有對外窗,https://www.rakuya.com.tw/rent/rent_item?ehid=0ef988159038251,c66a7b0f9b19f657f9867b84bf100512.jpeg,0.17027860900933428
4628,北太平新高國小 3分鐘上74 重新裝潢 全新冷氣,,22000,27.0,20.1,7,3,台中市,台中市太平區廣三街/富貴吉祥富貴區,,華廈,3房1廳2衛 - 1陽台1廚房,,,https://www.rakuya.com.tw/rent/rent_item?ehid=01f37528932751b,1c316316001dc9fbd9bc755c6ce7f440.jpeg,0.5564338564747476
4629,✨豐原與蛇俱進✨多間可選✨生活機能便捷✨火速來電✨,,5999,8.0,0.1,2,0,台中市,台中市豐原區建成路,,透天厝,開放式格局,,有對外窗,https://www.rakuya.com.tw/rent/rent_item?ehid=0dde10292986674,c1636a994d02bfeaf0832fe639a585ee.jpeg,0.31830529382706585
4630,大雅全新整理未住✨秒殺大間可貓❗陽台獨洗✨採光佳✨,,12799,16.0,0.1,2,1,台中市,台中市大雅區月祥路,,透天厝,1房1廳1衛 - 1陽台,,有對外窗;陽台,https://www.rakuya.com.tw/rent/rent_item?ehid=0e1ceb293332696,6ad8dcba7d750a99a9a6a0254e860ca7.jpeg,0.03767538306184556
4631,✨♥️乾濕分離✨陽台獨洗曬✨子母車✨,,7699,10.0,0.0,3,1,台中市,台中市大里區公園街,,電梯大廈,1房1衛 - 1陽台,,,https://www.rakuya.com.tw/rent/rent_item?ehid=0d3942282533630,047c7379685bc3b877acd82581c1ee38.jpeg,0.3179546774909875
4632,C2G44）榮星花園【超值2房】可租補★入籍★可寵,,25000,22.0,20.0,3,2,台北市,台北市中山區建國北路三段,,公寓,2房1廳1衛 - 2陽台,,,https://www.rakuya.com.tw/rent/rent_item?ehid=009a80259951483,da5c78a3af7483059105a9e6ea63d8b5.jpeg,1.078714237039232
4633,可租補麥當勞＆星巴克斜對面門口就是公車站牌,,5555,6.0,0.0,4,1,台中市,台中市沙鹿區臺灣大道七段/致富院,,透天厝,1房1衛,,,https://www.rakuya.com.tw/rent/rent_item?ehid=0cf9ba28699858f,94f527c978a0a99fd697d93abb8fd5dc.jpeg,0.16655755325141197
4634,飯店級設備可租補✨陽台獨洗✨流理臺電磁爐✨好停車,,9500,10.0,0.0,1,1,台中市,台中市梧棲區八德路,,華廈,1房1衛 - 1陽台,,有對外窗;陽台,https://www.rakuya.com.tw/rent/rent_item?ehid=051b46282815016,129be45cb48182229aa4950d9a329e64.jpeg,0.0
4635,台積矽品✨全新完工✨變頻冷暖✨可貓咪✨子母飲水,,8499,12.0,0.1,3,1,台中市,台中市大雅區月祥路,,透天厝,1房1衛,,有對外窗,https://www.rakuya.com.tw/rent/rent_item?ehid=0178e129279421b,7c6a7417901f4477007d839592ee1dd2.jpeg,0.03952788634046155
4636,中山醫/租補／報稅/超新屋/可租機車位,,11500,12.0,0.1,3,0,台中市,台中市烏日區信義街,,透天厝,開放式格局,,有對外窗;陽台,https://www.rakuya.com.tw/rent/rent_item?ehid=003f1529108836b,b3216553f1cd843982775389a1ee9e22.jpeg,0.18485102502099784
4637,M0K16）捷運永安市場3分【電梯大空間】貓★獨洗,,12000,7.0,20.0,8,1,新北市,新北市永和區雙和街,,電梯大廈,1房1衛,,,https://www.rakuya.com.tw/rent/rent_item?ehid=06774e292968861,f0751aab1a332c8107c5be03dd554a22.jpeg,0.43893021386477504
4638,B0D02）捷運台電大樓【優質採光】電梯★女性專屬,,12000,5.0,20.1,6,1,台北市,台北市大安區和平東路一段,,電梯大廈,1房1衛,,,https://www.rakuya.com.tw/rent/rent_item?ehid=076958239625113,dabba6a1a73fa8b75bc436ea701f510e.jpeg,2.205356684296187
4639,Q0F99）捷運徐匯中學【優質】獨立洗衣★凸窗曬衣,,15000,12.0,20.0,1,1,新北市,新北市三重區永安北路一段,,公寓,1房1衛,,,https://www.rakuya.com.tw/rent/rent_item?ehid=0d650429310043b,dd5d0f99f88225fb9c266f8b3d2d051c.jpeg,0.42692382319189487
4640,Q3D03）近捷運三和國中【超值3房1廳】入籍補助,,16000,24.0,20.1,5,3,新北市,新北市三重區三和路四段,,公寓,3房1廳1衛 - 2陽台1廚房,,,https://www.rakuya.com.tw/rent/rent_item?ehid=026973292837282,4729fd74bdcea5431712626c8627e562.jpeg,0.0
4641,Q0F66）近修德國小【超值租案】可補助★凸窗曬衣,,7500,5.0,0.1,4,1,新北市,新北市三重區安慶街,,公寓,1房1衛,,,https://www.rakuya.com.tw/rent/rent_item?ehid=012056291565967,db78c49ac9f3c0dbfcf705e0b6bdb35f.jpeg,1.4651782896687215
4642,L0D81）捷運南勢角4分【秒殺租案】洗衣機★採光,,11500,6.0,20.2,1,1,新北市,新北市中和區信義街,,公寓,1房1衛,,,https://www.rakuya.com.tw/rent/rent_item?ehid=0676f928924809b,9843cef7018386f739d32207d52b458a.jpeg,0.564333552577332
4643,可租補✨電梯新屋✨陽台獨洗✨採光佳✨子母車,,11000,13.0,5.0,3,1,台中市,台中市北屯區平德路,,電梯大廈,1房1衛 - 1陽台,,有對外窗;陽台,https://www.rakuya.com.tw/rent/rent_item?ehid=009e0921613092f,1d63bc781d62ac79dd3380f6b1eeb28d.jpeg,0.27035769618161365
4644,74環線✨租屋補助✨獨洗曬✨可短租✨,,5199,8.0,0.1,2,1,台中市,台中市太平區市民大道,,透天厝,1房1衛,,有對外窗,https://www.rakuya.com.tw/rent/rent_item?ehid=0b919a29338506b,162b18661b02d81ce7975a76dcf6c009.jpeg,0.32405536993750633
4645,❤️✨全新完工✨可租補✨子母車✨二房✨飲水機,,17000,17.0,0.2,6,2,台中市,台中市大里區塗城路,,電梯大廈,2房1衛 - 1陽台,,,https://www.rakuya.com.tw/rent/rent_item?ehid=03637b284010126,7aa6d8feb0aa540622d30aea1ea351d1.jpeg,0.40786148897803165
4646,臺灣大道&五權路口，住辦誠意出租中,,15000,23.0,0.0,4,0,台中市,台中市中區臺灣大道一段/中正實業大樓,,電梯大廈,開放式格局,,,https://www.rakuya.com.tw/rent/rent_item?ehid=0ad684289152981,6c1d55ef1be2a941ab1127a6feafaf37.jpeg,1.2039251814011436
4647,✨近勤美一中✅可租補✨子母車✨飲水機✨陽台獨洗曬,,7499,13.0,0.1,7,1,台中市,台中市西區篤行路,,電梯大廈,1房1衛 - 1陽台,,有對外窗;陽台,https://www.rakuya.com.tw/rent/rent_item?ehid=0d2bca29345590f,927319be44d11b1d0316abb99354a829.jpeg,1.426102485215327
4648,弘光科大✨陽台獨洗✨可租補✨飲水機✨飲水機✨機車位,,4499,10.0,0.1,2,1,台中市,台中市沙鹿區南陽路,,透天厝,1房1衛 - 1陽台,,有對外窗;陽台,https://www.rakuya.com.tw/rent/rent_item?ehid=094a57292727877,9a63831f20aadb5802b941dfc6cabb32.jpeg,0.14035977333380648
4649,澄清中科/超新屋/機車位/流理臺/租補短租,,11500,12.0,0.1,3,0,台中市,台中市西屯區福安六街,,透天厝,開放式格局,,有對外窗,https://www.rakuya.com.tw/rent/rent_item?ehid=0756c5292851209,f905b4cacea37985838ace092d9ed124.jpeg,0.6132359401490246
4650,中山醫/租補／報稅/超新屋/可租機車位/ 乾濕分離,,11500,12.0,0.1,3,0,台中市,台中市烏日區信義街,,透天厝,開放式格局,,有對外窗;陽台,https://www.rakuya.com.tw/rent/rent_item?ehid=0a2ce129108840c,2f986b2fafa245435d4fd21c0bf09116.jpeg,0.19071931152960095
4651,可租補✅近東海大學✅獨洗窗曬✅學生最愛✅爬二樓,,6999,12.0,0.0,2,1,台中市,台中市龍井區藝術北街,,透天厝,1房1衛,,有對外窗,https://www.rakuya.com.tw/rent/rent_item?ehid=031163279082851,eeed1806624e8107da2ddd8b684931b0.jpeg,0.3631632386005586
4652,O0S04）近捷運府中【秒殺】新裝潢★獨洗★可補助,,11000,5.0,20.2,4,1,新北市,新北市板橋區南雅南路一段,,公寓,1房1衛,,,https://www.rakuya.com.tw/rent/rent_item?ehid=0bf4d2287516613,4399afc0409257aa816b661b19c15b8a.jpeg,0.8779251734188399
4653,全新裝潢✨一房一廳✨陽台獨洗✨雙租屋補助✨管理員,,12499,17.0,0.1,1,1,台中市,台中市西屯區長安路二段,,透天厝,1房1廳1衛 - 1陽台,,,https://www.rakuya.com.tw/rent/rent_item?ehid=024385293385299,28d16f8d159b46168910240c0579fd25.jpeg,0.8107801709231184
4654,套房：兩房一衛一後陽台(三樓),,16000,10.0,28.0,3,2,新北市,新北市永和區中正路,,透天厝,2房1衛 - 1陽台,,有對外窗;陽台,https://www.rakuya.com.tw/rent/rent_item?ehid=0298aa293087010,e340cad39dff2a078a638db7381849e9.jpeg,0.8806208522731804
4655,東海大學✨台水台電✨陽台獨洗✨可租補戶籍✨可小型寵,,5999,10.0,0.1,1,1,台中市,台中市龍井區遠東街,,透天厝,1房1衛 - 1陽台,,有對外窗;陽台,https://www.rakuya.com.tw/rent/rent_item?ehid=04e2d3292673345,79a483cd444d9735b773cb3e2175da07.jpeg,0.3595475079774165
4656,一中街✨六間合租✨可多租補✨可貓咪✨全新冷氣家具,,36000,40.0,0.1,6,6,台中市,台中市北區太平路,,公寓,6房1廳3衛 - 1陽台,,有對外窗;陽台,https://www.rakuya.com.tw/rent/rent_item?ehid=04181429346060c,422dc5b534e4c79f006947535486ed68.jpeg,1.1249160461020271
4657,M3G20）捷運頂溪【超值3房2廳】房皆有窗★廚房,,25000,25.0,20.1,3,3,新北市,新北市永和區警光街,,公寓,3房2廳1衛 - 2陽台1廚房,,,https://www.rakuya.com.tw/rent/rent_item?ehid=0941bc291359744,791ac4f6b72be4ad0e316e349650d3cb.jpeg,0.7272130060173044
4658,L0O28）捷運景安站【超值租案】免爬梯★一層3戶,,10000,7.0,20.0,1,1,新北市,新北市中和區景平路,,公寓,1房1衛,,,https://www.rakuya.com.tw/rent/rent_item?ehid=0bc23d290758607,95d2390465c9959b47b24603c049cd5c.jpeg,1.288428871837279
4659,採光雙人床套房~台中南屯精科園區、工業區,,6500,5.0,17.8,3,1,台中市,台中市南屯區忠勇路,,透天厝,1房1衛,,有對外窗,https://www.rakuya.com.tw/rent/rent_item?ehid=0660c5215998508,fcf59433fe6399b9cde224e952cd86c8.jpeg,0.1654355921293885
4660,Q0D43）三重商工【超值大空間】租補洽★一層兩戶,,11500,9.0,20.2,4,1,新北市,新北市三重區中正北路,,公寓,1房1衛 - 1陽台,,,https://www.rakuya.com.tw/rent/rent_item?ehid=0c8c0927286064b,b40ff53e7d5f4aac2dad1c31882a2c7b.jpeg,0.6611602799692833
4661,秒殺小資宅✨蛇麼都有✨可短租✨寵物天堂✨可租屋補助,,4799,8.0,0.1,5,0,台中市,台中市北屯區東山路一段,,公寓,開放式格局,,有對外窗,https://www.rakuya.com.tw/rent/rent_item?ehid=0d4e8b29311162b,67290b626b019846a116ae7c52a64dc8.jpeg,0.6873405446114371
4662,梧棲秒殺大三房✨可租補❗超大露台獨洗曬✨沙鹿車站✨,,22000,40.0,0.1,3,3,台中市,台中市梧棲區中華路一段/德光城計劃德光二城,,電梯大廈,3房2廳2衛 - 1陽台1廚房,,有對外窗;陽台,https://www.rakuya.com.tw/rent/rent_item?ehid=0b3f9c291465235,22e77361995d204225715c0ff2baae8a.jpeg,0.13183481893601048
4663,崇德路【電梯三房附休旅車位】社口國小,,18500,31.0,0.1,5,3,台中市,台中市神岡區三社路,,電梯大廈,3房2廳2衛 - 1陽台1廚房,,,https://www.rakuya.com.tw/rent/rent_item?ehid=0f3a3229256184d,fd104944a61f14a88c87e3e631bbba48.jpeg,0.0
4664,永安捷運超值套房３,,8800,4.0,0.0,3,1,新北市,新北市永和區水源街,,其他,1房1衛,,,https://www.rakuya.com.tw/rent/rent_item?ehid=0c0213258557460,db0a22c8a9d09e320fcca268371dda04.jpeg,0.9830876022667717
4665,水湳全新⛅可租補⛅陽台獨洗⛅衛浴開窗⛅電梯⛅北屯⛅,,14999,15.0,1.1,4,1,台中市,台中市北屯區中清路二段,,透天厝,1房1衛 - 1陽台,,有對外窗;陽台,https://www.rakuya.com.tw/rent/rent_item?ehid=094165292919304,5238ae155e18eb7c7997bed33f95c87f.jpeg,0.8130588344828205
4666,中壢夜市旁 超優質陽台+洗衣機套房,,7500,8.0,12.2,4,1,桃園市,桃園市中壢區民權路,,公寓,1房1廳1衛 - 1陽台,,,https://www.rakuya.com.tw/rent/rent_item?ehid=0c12ce8758872b,f6aac9afe6739d5b2003793b3c03db85.jpeg,0.607061229567799
4667,❤️嶺東❤️1+2樓200坪健身房餐飲業連鎖店,,250000,250.0,5.8,2,0,台中市,台中市南屯區嶺東路,,電梯大廈,,,有對外窗,https://www.rakuya.com.tw/rent/rent_item?ehid=0f3503280257567,b53dd93feb6a45caa8163313e584dec3.jpeg,0.09517624367076669
4668,店面可營登員工宿舍✨ 辦公室✨安養中心 ✨補習班✨,,25000,40.0,0.0,3,2,台中市,台中市太平區坪林路,,透天厝,2房1廳2衛 - 1室1陽台,,有對外窗;陽台,https://www.rakuya.com.tw/rent/rent_item?ehid=007dc1281746738,c9de320deee2f443802f1210acf46cea.jpeg,0.1362963957023801
4669,「雅房」出租 近板橋南雅商圈、捷運府中站,,6000,5.0,30.5,3,4,新北市,新北市板橋區新興路,,公寓,4房,,有對外窗,https://www.rakuya.com.tw/rent/rent_item?ehid=0f1e69273571404,0d455e90d7057edb7f35e4ace990bd7d.jpeg,0.9993098981803297
4670,⭐電梯⭐三房⭐雙衛浴⭐木質地⭐現況出租⭐附平面車位,,24999,40.0,0.0,2,3,台中市,台中市北屯區北屯路,,電梯大廈,3房2廳2衛 - 2陽台1廚房,,有對外窗;陽台,https://www.rakuya.com.tw/rent/rent_item?ehid=03098b293470170,5bf3d98eb5f0f8957ed87298e500b8cd.jpeg,0.11387971653071587
4671,⭐近東海⭐可雙租補⭐共洗曬⭐子母車⭐飲水機⭐木質地,,8999,12.0,0.1,2,1,台中市,台中市西屯區工業區三十八路,,透天厝,1房1衛,,有對外窗,https://www.rakuya.com.tw/rent/rent_item?ehid=0ff19129346999f,3a500aff7271b550b7bc11fc46f594e6.jpeg,0.3040068575491215
4672,可貓可補助◕短租加價◕獨洗曬◕逢甲僑光,,7999,11.0,0.0,3,0,台中市,台中市西屯區逢甲路,,透天厝,開放式格局,,有對外窗,https://www.rakuya.com.tw/rent/rent_item?ehid=06dda9119451067,9e5155f9c08d9e8a14e9828584bd3b4c.jpeg,1.6324832288638396
4673,梧棲大地坪透天出租,,20000,41.0,41.3,2,3,台中市,台中市梧棲區四維西路,,透天厝,3房3廳2衛 - 2陽台,,有對外窗;為邊間,https://www.rakuya.com.tw/rent/rent_item?ehid=0ab86b281722145,4f4a8a9bf060b30d0215d87444da6099.jpeg,0.0
4674,沙鹿光田｜漂亮別墅｜５大房｜車庫停車,,28000,56.0,10.1,0,5,台中市,台中市沙鹿區保成路,,別墅,5房2廳4衛 - 2陽台1廚房,,有對外窗;陽台,https://www.rakuya.com.tw/rent/rent_item?ehid=0474ca106982194,5b5ee30403cbf2d2fe44ad0bcc3aa4c8.jpeg,0.0823842127098923
4675,L3J66）捷運景安站5分【超值3房2衛】垃圾代收,,34000,35.0,20.1,3,3,新北市,新北市中和區南山路,,電梯大廈,3房2廳2衛 - 1陽台1廚房,,,https://www.rakuya.com.tw/rent/rent_item?ehid=0f2e3129042347e,699031b13c9ac33a4250b177467b426d.jpeg,0.9320603442901221
4676,三重近捷運公寓,,20000,19.0,0.0,4,2,新北市,新北市三重區光明路,,公寓,2房2廳1衛 - 1陽台1廚房,,,https://www.rakuya.com.tw/rent/rent_item?ehid=026d2a288176326,ff525e94bde6f473eb21b8fae1a7e73f.jpeg,0.9518263668210101
4677,✨電梯新屋✨陽台✨精美樓中樓✨可租補✨子母車,,8700,11.0,4.5,1,1,台中市,台中市大里區大明路,,電梯大廈,1房1廳1衛 - 1陽台,,有對外窗;陽台,https://www.rakuya.com.tw/rent/rent_item?ehid=0b3f8e17446909c,b05a2505cb136f4409789bceb36486dc.jpeg,1.1158211533913815
4678,開業首選✨小資工作室✨可報稅營登✨可辦公室,,10999,15.0,0.0,3,1,台中市,台中市西區忠明南路,,電梯大廈,1房,,有對外窗,https://www.rakuya.com.tw/rent/rent_item?ehid=05e754283620750,17f4d867398b98ea32dd52afaba1e1ed.jpeg,0.7255494357366316
4679,⭐近台中高工⭐電梯⭐三房⭐可寵⭐可租補⭐空屋出租,,21999,40.0,0.1,8,3,台中市,台中市南區文心南路,,電梯大廈,3房2廳2衛 - 2陽台1廚房,,有對外窗;陽台,https://www.rakuya.com.tw/rent/rent_item?ehid=023703293240561,d837cc41b66dd9bb4f7385173f20f120.jpeg,0.31731434468571085
4680,中山醫｜全新精裝｜１房１廳｜可租補可貓,,17500,10.0,0.0,5,1,台中市,台中市南區忠明南路/園緣,,電梯大廈,1房1廳1衛,,有對外窗,https://www.rakuya.com.tw/rent/rent_item?ehid=052711293114554,b296b2190147c4f35fc2d9549e65ecf3.jpeg,0.4112062601300695
4681,可雙租補⚡可貓⚡電梯套房⚡近東海大學,,10499,14.0,0.0,2,1,台中市,台中市龍井區台灣大道五段,,電梯大廈,1房1衛 - 1陽台,,有對外窗,https://www.rakuya.com.tw/rent/rent_item?ehid=06c95528844739a,ec613b859e9602cdc9ea0bbb0b49f471.jpeg,0.15025040140287654
4682,Z0P21）近清水高中【超值採光】新裝修★小資首選,,7800,4.0,20.2,4,1,新北市,新北市土城區清水路,,公寓,1房1衛,,,https://www.rakuya.com.tw/rent/rent_item?ehid=0a2f9d287648322,41154e8728e8aa9d5f752cea20e39933.jpeg,0.4997346213651955
4683,台中東勢套房出租,,6000,5.0,0.0,4,0,台中市,台中市東勢區東關路七段,,電梯大廈,1陽台1廚房,,有對外窗;陽台,https://www.rakuya.com.tw/rent/rent_item?ehid=04fed7254605667,c78ae46d1e294a458d4ea617907a2127.jpeg,0.30983894197548845
4684,B0M01）捷運森林公園【超值獨戶】小廚房★近師大,,14700,6.0,21.9,1,1,台北市,台北市大安區和平東路一段,,電梯大廈,1房1衛 - 1廚房,,,https://www.rakuya.com.tw/rent/rent_item?ehid=0b554621329681d,70375568c29fbb73a3c23999f2f014a6.jpeg,2.1547216052049007
4685,近東海大學✨陽台獨洗✨可貓寵✨可短租✨學生小套房,,5799,10.0,0.1,3,1,台中市,台中市龍井區新興路,,透天厝,1房1衛 - 1陽台,,有對外窗;陽台,https://www.rakuya.com.tw/rent/rent_item?ehid=02f00c29272862b,13226e53e095fe8140d1a95409c8bee3.jpeg,0.37168634782203624
4686,近中科/高樓層視野/大空間/全新未入住/汽車位可租,,16000,9.0,0.1,8,1,台中市,台中市大肚區太平路,,電梯大廈,1房1衛 - 1陽台,,有對外窗;陽台,https://www.rakuya.com.tw/rent/rent_item?ehid=02d39b292728713,d59506fea232a492e8a7716023d55c28.jpeg,0.08853300546917536
4687,可雙租補✨出入控嚴格安全✨室內機車位,,6800,8.0,0.1,2,1,台中市,台中市沙鹿區台灣大道七段,,電梯大廈,1房1衛,,有對外窗,https://www.rakuya.com.tw/rent/rent_item?ehid=0da59d293008659,202cb8d4b9628d20532184b6fbb16377.jpeg,0.1624390804167364
4688,O0S71）捷運新埔5分【全新租案】寵★補助★獨洗,,19500,4.0,20.0,1,1,新北市,新北市板橋區陽明街,,公寓,1房1衛,,,https://www.rakuya.com.tw/rent/rent_item?ehid=042048291979852,a470463cccaf8c06bbc50a06901201ef.jpeg,0.6817754537067577
4689,Q2D48）近捷運三重國小【超值2房】可補助★入籍,,21800,26.0,20.1,5,2,新北市,新北市三重區龍濱路,,公寓,2房1廳1衛,,,https://www.rakuya.com.tw/rent/rent_item?ehid=09dcf4289420682,63109130e18791117d0ea3d22eb42423.jpeg,0.9456067346223556
4690,中科/大雅/神林南路/有整理臨路透店,,30000,80.0,30.3,4,5,台中市,台中市大雅區神林南路,,透天厝,5房3廳3衛 - 3陽台,,有對外窗;陽台,https://www.rakuya.com.tw/rent/rent_item?ehid=04039d28490034b,b1098b57584531dbc5615916a3ef5469.jpeg,0.247983203705777
4691,公寓2樓採光佳*市區*附近好停車,,20000,30.0,30.9,2,2,新北市,新北市汐止區保新街,,公寓,2房2廳1衛 - 2陽台1廚房,,,https://www.rakuya.com.tw/rent/rent_item?ehid=04eb2e251320478,0dc6baaafa544328651da00026e1c7e6.jpeg,0.07625635950399984
4692,O2D36）捷運新埔民生【採光2房1廳】可寵★陽台,,24500,12.0,21.4,4,2,新北市,新北市板橋區陽明街,,公寓,2房1廳1衛 - 1陽台1廚房,,,https://www.rakuya.com.tw/rent/rent_item?ehid=063f70195519142,f5a8abdc03291702cd4397af3bd6460e.jpeg,0.770137956533118
4693,整棟全新✅電梯雙租補✅陽台獨洗曬✅乾溼分離✅流理臺,,12000,12.0,0.1,6,1,台中市,台中市大里區塗城路,,透天厝,1房1衛 - 1陽台,,有對外窗;陽台,https://www.rakuya.com.tw/rent/rent_item?ehid=06707a28437976f,2ba913d75bb69f7f1b38ed472aa4e3fa.jpeg,0.42433164799344103
4694,潭子火車站✨大陽台採光明亮✨機車位✨竉物天堂✨,,13999,16.0,0.1,2,0,台中市,台中市潭子區潭子街三段,,透天厝,開放式格局,,有對外窗;陽台,https://www.rakuya.com.tw/rent/rent_item?ehid=0ee454292980391,c30ce39da62d538209f493a424c25185.jpeg,0.3279714019219956
4695,♥️可租補✨陽台獨洗✨可工作室辦公室✨,,9999,13.0,5.1,2,1,台中市,台中市南屯區寶山二街,,透天厝,1房1廳 - 1陽台,,,https://www.rakuya.com.tw/rent/rent_item?ehid=0a6ca4290992472,3ff73bf440c8ee852a73ce6560ba3881.jpeg,0.1630438445424206
4696,南區⛅三房兩廳兩衛兩陽台⛅興大⛅建成⛅五權⛅中區⛅,,26999,45.0,2.0,8,3,台中市,台中市南區正氣街/親家新藝,,電梯大廈,3房2廳2衛 - 2陽台,,有對外窗;陽台,https://www.rakuya.com.tw/rent/rent_item?ehid=011c50292382277,b9936df3d54167828a0afaefa9531b6f.jpeg,0.8973096216896138
4699,東海大學★陽台獨洗★採光佳★可租屋補助,,5499,10.0,0.0,1,1,台中市,台中市龍井區遊園南路,,透天厝,1房1衛 - 1陽台,,有對外窗;陽台,https://www.rakuya.com.tw/rent/rent_item?ehid=0f63cf29026727d,1860a63fe8bd276b6ce24a825d7a9e39.jpeg,0.18708062841596843
4700,錯過就不在沙鹿高級社區可寵家具電齊全CP值,,18500,18.0,0.1,1,2,台中市,台中市沙鹿區中山路/佳鋐科藝,,電梯大廈,2房2廳1衛 - 2陽台,,有對外窗,https://www.rakuya.com.tw/rent/rent_item?ehid=0e511029345493a,c24e31d7e221bfe7f4626bc36417f4e0.jpeg,0.01112037778417893
4701,獨洗 多間可選 大空間 好停車,,6500,7.0,0.0,4,0,台中市,台中市霧峰區民生路,,透天厝,開放式格局,,有對外窗,https://www.rakuya.com.tw/rent/rent_item?ehid=0fe742284990008,8144f00e81a83f6294fa78d8a3fee502.jpeg,0.26909460238767624
4702,中原大學 電梯樓中樓套房 有陽台+洗衣機,,9500,7.0,4.7,6,1,桃園市,桃園市中壢區中山東路一段/中原至尊,,電梯大廈,1房1廳1衛 - 1室1陽台1廚房,,有對外窗;樓中樓;陽台,https://www.rakuya.com.tw/rent/rent_item?ehid=093df915492738d,f3efae07f43b900491fad5a4d3d1e2ba.jpeg,0.8911735070079467
4703,全新完工✨可租補✨精美裝潢✨多間可選✨,,7800,10.0,1.7,2,1,台中市,台中市潭子區潭富路二段,,透天厝,1房1衛,,有對外窗,https://www.rakuya.com.tw/rent/rent_item?ehid=0f035f26306794f,dbce54e394ddcecd68d3c2c60112474d.jpeg,0.11981342356501612
4704,❤️租補❤️陽台獨洗❤️電磁爐❤️飲水機❤️採光佳,,7299,10.0,0.0,3,1,台中市,台中市北屯區四平路,,透天厝,1房1衛 - 1陽台,,,https://www.rakuya.com.tw/rent/rent_item?ehid=0e1af8293469711,aa8644577d1a0ccfd80799d6ed1f0fc0.jpeg,0.0
4705,可租補 寵物 全新2房含車含管全配,,21000,36.19,0.4,13,2,台中市,台中市梧棲區青年路/佳瑞京湛,,電梯大廈,2房2廳1衛 - 1陽台,,有對外窗;陽台,https://www.rakuya.com.tw/rent/rent_item?ehid=0f3fe9282349748,76b2b6a58ccbb18d6ebe53004bbd1e63.jpeg,0.14347316191076684
4706,寵物首選✨可租補✨獨洗共曬✨子母飲水機車位✨流理臺,,5499,10.0,0.1,2,1,台中市,台中市南區和昌街,,透天厝,1房1衛,,,https://www.rakuya.com.tw/rent/rent_item?ehid=0c56d1293451239,95770f22abb568291722f3454d9180a1.jpeg,0.6510405868875702
4707,M3G24）捷運頂溪站【電梯3房2衛】可補助★可寵,,27000,26.0,20.0,2,3,新北市,新北市永和區中山路一段,,電梯大廈,3房2廳2衛 - 1陽台1廚房,,,https://www.rakuya.com.tw/rent/rent_item?ehid=06e6ed293323438,92be5b151a577f30a10bc9c2aa6b543b.jpeg,0.8652911788300298
4708,Q0E97）捷運三重國小【優質租案】可寵★一層4戶,,12000,4.0,20.0,6,1,新北市,新北市三重區仁福街,,公寓,1房1衛,,,https://www.rakuya.com.tw/rent/rent_item?ehid=07b2f6293143650,f3cb66e0528a6ea729bc7e66d637f95d.jpeg,0.5450131258631353
4709,Q0F76）正義國小【優質租案】獨洗★傢俱齊★陽台,,14500,7.0,20.1,3,1,新北市,新北市三重區大仁街,,公寓,1房1衛 - 1陽台,,,https://www.rakuya.com.tw/rent/rent_item?ehid=06fb3d29217652a,c2e03de59af1723d9b54053cbcb00b6d.jpeg,1.5866492986758471
4710,Q3C96）捷運菜寮【超值3房2衛】入籍★變頻冷氣,,22000,23.0,20.1,4,3,新北市,新北市三重區大同南路,,公寓,3房2廳2衛 - 2陽台1廚房,,,https://www.rakuya.com.tw/rent/rent_item?ehid=04c2fd291914111,de9903ea7969de0ca15d13e965a3bb99.jpeg,1.072862664444775
4711,L7A77）捷運中和【超值辦公】招牌★營登★4隔間,,38000,44.0,20.2,2,0,新北市,新北市中和區中和路,,公寓,開放式格局,,,https://www.rakuya.com.tw/rent/rent_item?ehid=09c9c428567348f,c0d3ac58b13cc5c3105956e5c197c377.jpeg,0.5069734339588694
4712,三房⚡台水電⚡管理員⚡陽台獨洗⚡子母車⚡平面車位,,31000,26.82,0.0,9,3,台中市,台中市大里區大智路/大智園道,,電梯大廈,3房2廳2衛 - 2陽台1廚房,,有對外窗;陽台,https://www.rakuya.com.tw/rent/rent_item?ehid=048635288199244,a0f2fa4cd73a9a15f3682b3af9622314.jpeg,0.0
4713,超新電梯/短租加價/陽台獨洗/近嶺東精科,,8999,11.0,2.1,2,0,台中市,台中市南屯區文山一街,,透天厝,開放式格局,,有對外窗;陽台,https://www.rakuya.com.tw/rent/rent_item?ehid=0c1536207912107,28da9c4c29e9727518ac935953b6adc3.jpeg,0.23052175622102258
4714,超新✨超便宜潭子大店面可一次租兩間,,28000,26.0,0.1,1,0,台中市,台中市潭子區僑興路/佳茂6962馥景莊園,,電梯大廈,,,,https://www.rakuya.com.tw/rent/rent_item?ehid=07ed3829072100c,3677e301de17da6ebb047c73039ff824.jpeg,0.270184783618464
4715,南屯⛅類一房一廳⛅獨洗曬⛅流理台⛅浴缸⛅大墩⛅,,11999,13.0,2.1,5,1,台中市,台中市南屯區大墩一街,,電梯大廈,1房1衛,,有對外窗;陽台,https://www.rakuya.com.tw/rent/rent_item?ehid=0df2af292918543,026fef7b1555708d119aed3975aa60b9.jpeg,1.0316419265310026
4716,Z0Q50）新莊好市多【電梯租案】採光優★垃圾代收,,9000,5.0,20.9,5,1,新北市,新北市新莊區建國二路,,電梯大廈,1房1衛,,,https://www.rakuya.com.tw/rent/rent_item?ehid=0250ef293032787,f2e9745f0decd518ba0a077ceefe5cdf.jpeg,0.6522974809153634
4717,近桃園市政府 生活機能佳 全新床墊,,6700,6.0,0.0,5,1,桃園市,桃園市桃園區復興路,,公寓,1房1衛,,有對外窗,https://www.rakuya.com.tw/rent/rent_item?ehid=05593e284682582,703fd2ed269b4511cb72d8f063854199.jpeg,1.0337803997321022
4718,L0O26）南勢角3分【超值租案】洗衣機★變頻冷氣,,10000,8.0,20.1,4,1,新北市,新北市中和區和平街,,公寓,1房1衛,,,https://www.rakuya.com.tw/rent/rent_item?ehid=0ff00829058160b,6c2098f547bff34b6b9ae61ffb29c295.jpeg,0.0
4719,O201234）近亞東醫院【超值2房】傢俱★皆有窗,,19999,26.0,20.2,5,2,新北市,新北市板橋區四川路二段,,公寓,2房2廳2衛 - 1廚房,,,https://www.rakuya.com.tw/rent/rent_item?ehid=0aaa2e286349025,63fa7ee2984079739ecb8241938d92cb.jpeg,0.0
4720,梧棲文化商圈三房一樓美寓可租補可戶籍,,20000,24.39,0.1,1,3,台中市,台中市梧棲區居仁街,,公寓,3房2廳2衛 - 1陽台1廚房,,有對外窗,https://www.rakuya.com.tw/rent/rent_item?ehid=0af23f282643562,3363fdd8cc0a43d21625f07c7d75ee02.jpeg,0.386794305435951
4721,L0N25）近捷運南勢角【超值租案】獨洗★垃圾代收,,15000,11.0,20.4,1,1,新北市,新北市中和區景平路,,公寓,1房1衛 - 1陽台,,,https://www.rakuya.com.tw/rent/rent_item?ehid=0f0db3276932774,b89e97e9df453cfc97843e87bf46121c.jpeg,1.2684381146834742
4722,Z0G40）捷運三民高中【超值電梯】寵洽★警衛管理,,12500,7.0,20.1,6,1,新北市,新北市蘆洲區民族路,,電梯大廈,1房1衛,,,https://www.rakuya.com.tw/rent/rent_item?ehid=03a3c918975028b,03569ca56e1e2106251320f6ec814035.jpeg,0.797211391174258
4723,電梯新屋❤可租補❤大空間✅陽台獨洗❤機車位❤,,9000,12.0,3.7,1,1,台中市,台中市大里區立仁路,,電梯大廈,1房1衛 - 1陽台,,有對外窗;陽台,https://www.rakuya.com.tw/rent/rent_item?ehid=02de3117594592d,25a8dc9361d6dba9dddf6e83f48f8e68.jpeg,0.10972287873422008
4724,✅穩賺關鍵✅高投報聚財店面✅贏在起跑點✅,,25000,52.88,0.0,0,0,台中市,台中市西區梅川東路二段,,透天厝,,,,https://www.rakuya.com.tw/rent/rent_item?ehid=0e8636266100560,64be96ab4ffb364015b60ac6f9be7a85.jpeg,1.048226885368963
4725,可租補⚡有電梯⚡陽台獨洗曬⚡⚡子母車⚡流理臺,,19000,15.0,0.0,2,0,台中市,台中市西屯區永福路,,樓中樓,開放式格局,,有對外窗;陽台,https://www.rakuya.com.tw/rent/rent_item?ehid=0aa9aa271164071,5a4019443c98eccf5636ba4495643250.jpeg,0.5848701803611829
4726,沙鹿弘光靜宜爆你發✨獨洗曬套房✨可雙租補✨子母車✨,,5499,8.0,0.1,3,0,台中市,台中市沙鹿區鎮南路二段,,透天厝,開放式格局,,有對外窗;陽台,https://www.rakuya.com.tw/rent/rent_item?ehid=00acc9292993766,12c4ef58fa3cdcafe92c2e066ed7560e.jpeg,0.18280449976646057
4727,E0H19）捷運公館3分【秒殺】獨立衛浴★台大學區,,7800,6.0,20.1,3,1,台北市,台北市中正區汀州路三段,,公寓,1房1衛,,,https://www.rakuya.com.tw/rent/rent_item?ehid=041a1428779862e,b391ced24908fcd73819045de6eb39f3.jpeg,25973406.15835074
4728,一中北區一房一廳⛅電梯⛅陽台獨洗⛅流理台⛅超大間⛅,,13999,15.0,2.1,2,1,台中市,台中市北區大德街,,透天厝,1房1衛 - 1陽台,,有對外窗;陽台,https://www.rakuya.com.tw/rent/rent_item?ehid=098293293085244,c87c6b7b05833289c60b42da18e293e7.jpeg,0.996344608754284
4729,七期新市政時尚視野小豪宅｜三房平車,,35000,47.0,8.1,16,3,台中市,台中市西屯區環中路三段/赫里翁傳奇,,電梯大廈,3房2廳2衛 - 1陽台1廚房,,有對外窗;陽台,https://www.rakuya.com.tw/rent/rent_item?ehid=0613ad27765542b,8631fffde0c1b21b661d120cc552b3b2.jpeg,0.5286425999061044
4730,近逢甲夜市✨四房兩廳✨台水電✨可貓✨,,28000,26.0,0.1,16,4,台中市,台中市西屯區西屯路二段,,電梯大廈,4房2廳2衛 - 2陽台1廚房,,有對外窗;陽台,https://www.rakuya.com.tw/rent/rent_item?ehid=069d1f293309819,d74905183c8851e496d651e0cc8be004.jpeg,0.8840800460695968
4731,Q0E90）近捷運徐匯中學【秒殺】可養寵★獨洗衣機,,16500,5.0,20.1,4,1,新北市,新北市三重區永福街,,公寓,1房1衛,,,https://www.rakuya.com.tw/rent/rent_item?ehid=0a7f3f289220570,c847ebeb8fec370fa4868685b8f2b800.jpeg,0.4082879369446361
4732,✨昌祐閱灣✨黃金金三角店舖✨可咖啡休閒娛樂館✨,,58899,19.0,0.3,1,0,台中市,台中市東區旱溪西路二段,,電梯大廈,,,有對外窗;為邊間;有中庭;樓中樓,https://www.rakuya.com.tw/rent/rent_item?ehid=06a5a0286919350,cdc17106aa086cdb7033a10aa6e5fdd4.jpeg,0.41591501643017803
4733,一房一廳✨陽台獨洗✨乾溼分離✨流理台✨機車位,,14499,17.0,0.0,2,1,台中市,台中市北屯區松竹路二段,,公寓,1房1廳1衛 - 1陽台,,有對外窗;陽台,https://www.rakuya.com.tw/rent/rent_item?ehid=0ee5d028331598c,c9e1c5541d0a6845867f11023ffbd1fc.jpeg,0.6066647740261908
4734,⭐近一中⭐電梯⭐可雙租補⭐獨洗曬⭐子母車⭐獨立陽台,,9999,13.0,0.0,3,1,台中市,台中市北屯區北屯路,,透天厝,1房1衛 - 1陽台,,有對外窗;陽台,https://www.rakuya.com.tw/rent/rent_item?ehid=026b12293470147,5169d068c41d19d9883def49b49ada6f.jpeg,0.12625956254199644
4735,質感大二房⏳精美裝潢⏳可工作室⏳含平面車位⏳洲際W,,22999,40.51,0.1,7,2,台中市,台中市北屯區四平路/總太洲際W,,電梯大廈,2房2廳1衛 - 2陽台1廚房,,有對外窗;陽台,https://www.rakuya.com.tw/rent/rent_item?ehid=057823293234108,75322de6e57d50702d70a9024ab94767.jpeg,0.0
4736,大空間可寵❤️陽台❤️獨洗烘❤️機車位❤️近火車站,,13999,16.0,0.1,2,1,台中市,台中市潭子區潭子街三段,,透天厝,1房1衛 - 1陽台,,有對外窗;陽台,https://www.rakuya.com.tw/rent/rent_item?ehid=0d8fe1292907542,8fc9905c5fa28d39671247a25cb8ddde.jpeg,0.3279714019219956
4737,共享辦公室⚡超高視野獨立辦公室⚡可營登⚡包水電,,15750,10.0,0.0,19,0,台中市,台中市西區臺灣大道二段/中港通商大樓/傑聯資訊大樓,,辦公,,,有對外窗,https://www.rakuya.com.tw/rent/rent_item?ehid=05c9f3290579008,07057dfd044065dc29d523a0e5a2b531.jpeg,1.4567803056555537
4738,興大⛅1樓店面+2樓整層⛅可營登可報稅⛅可租平車⛅,,36000,30.0,3.1,2,0,台中市,台中市南區忠孝路,,店面,,,有對外窗,https://www.rakuya.com.tw/rent/rent_item?ehid=0ad861291867821,c79c1462eadaa31c71e1f4acbd295da0.jpeg,0.0
4739,✨勤美✅可租補✨陽台獨洗曬✨採光佳✨健身爬梯,,8999,12.0,0.1,4,1,台中市,台中市西區模範街,,公寓,1房1衛 - 1陽台,,有對外窗;陽台,https://www.rakuya.com.tw/rent/rent_item?ehid=006763293449260,3548c9d76e916071757db068cf691674.jpeg,1.5311073852060058
4740,M0K06）捷運永安市場【優質租案】可補助★洗脫烘,,18000,7.0,20.1,1,1,新北市,新北市永和區安樂路,,公寓,1房1衛,,,https://www.rakuya.com.tw/rent/rent_item?ehid=08fdb8291040661,78b77d2333b8180e0f4a706c5fe74734.jpeg,0.789163536355689
4741,M1B50）捷運頂溪【精緻1房1廳】租補洽★洗衣機,,20000,15.0,20.2,2,1,新北市,新北市永和區豫溪街,,公寓,1房1廳1衛 - 1陽台,,,https://www.rakuya.com.tw/rent/rent_item?ehid=05c7af290309739,4cce594289d2c99c8a896ea24f416a1d.jpeg,0.9012950442581186
4742,Q1B11）碧華國小【優質大空間】可補助★獨洗衣機,,20000,20.0,20.1,2,1,新北市,新北市三重區五華街,,公寓,1房1衛,,,https://www.rakuya.com.tw/rent/rent_item?ehid=0eec2f290103425,9a00dfc366b86fd8d590d0a41b0c9ae6.jpeg,0.0
4743,沙鹿火車站菜市場電梯獨立套房可租補,,9800,4.8,0.0,6,1,台中市,台中市沙鹿區中正街/凱悅W,,電梯大廈,1房1衛,,有對外窗,https://www.rakuya.com.tw/rent/rent_item?ehid=04251a27762838b,01889d0c51b0a3cd58cbd742b4bf5242.jpeg,0.2660728755108124
4744,⭐新蓋電梯⭐雙租屋補助⭐陽台獨洗⭐近中山醫⭐加賴,,9499,13.0,0.0,5,1,台中市,台中市南區和昌街,,電梯大廈,1房1衛 - 1陽台,,有對外窗;陽台,https://www.rakuya.com.tw/rent/rent_item?ehid=06e04d285011011,e1cd2d9c9beda76eee3e2cdeeb3b61d2.jpeg,0.6091261798008394
4745,✨全新未入住✨可租補✨乾溼分離✨子母車✨自助洗衣,,6999,8.0,0.1,2,1,台中市,台中市潭子區勝利一街,,透天厝,1房1衛,,有對外窗,https://www.rakuya.com.tw/rent/rent_item?ehid=041eef293449633,c17500822034e68b9e1bfc6a562e2741.jpeg,0.35589997382854743
4746,⭐近台74 ⭐可店面工作室⭐可營業登記⭐美容業佳⭐,,15000,17.0,0.1,1,0,台中市,台中市潭子區中山路一段,,透天厝,,,,https://www.rakuya.com.tw/rent/rent_item?ehid=0e0bdf291376818,33fe50c4e26e36009cfd3e8865cb7654.jpeg,0.19733367827536474
4747,⭐電梯套房⭐可貓⭐設備齊全⭐衛浴開窗⭐獨洗⭐,,12000,15.0,0.1,3,1,台中市,台中市豐原區豐西街,,電梯大廈,1房1衛 - 1陽台,,有對外窗,https://www.rakuya.com.tw/rent/rent_item?ehid=0565ba284117756,6af232a99f02cb3d53173c8a9701ffda.jpeg,0.5644778803582473
4748,Q4A49）捷運台北橋【超值4房2廳】可補助★寵物,,25000,50.0,20.1,2,4,新北市,新北市三重區龍濱路,,公寓,4房2廳1衛 - 1廚房,,,https://www.rakuya.com.tw/rent/rent_item?ehid=045e0829253648e,ddf8e3126f778f84d04605ce543fd5a6.jpeg,0.9316575995708746
4749,L3J54）近遠東世紀廣場【採光3房2衛】補助可洽,,30000,29.0,20.2,12,3,新北市,新北市中和區中正路,,電梯大廈,3房1廳2衛 - 1陽台10廚房,,,https://www.rakuya.com.tw/rent/rent_item?ehid=036934289096578,14e734f05beeed05c64db3ec266e37b4.jpeg,0.2805200070288754
4750,Q0E83）三重國小3分【優質大空間】小廚房★傢俱,,18000,13.0,20.0,4,1,新北市,新北市三重區安慶街,,公寓,1房1衛 - 1陽台1廚房,,,https://www.rakuya.com.tw/rent/rent_item?ehid=0138a7286364549,5e09df4227f66ad90944840a599bff9a.jpeg,1.3347925067217543
4751,全新電梯⛅可租補⛅陽台獨洗⛅子母車⛅汽車位⛅機車位,,8999,12.0,0.1,4,1,台中市,台中市潭子區潭興路二段,,電梯大廈,1房1衛 - 1陽台,,有對外窗;陽台,https://www.rakuya.com.tw/rent/rent_item?ehid=036380293330952,1a73f68313d02c0a02750d83e295553e.jpeg,0.19126259249779165
4752,✨梧棲超大露臺✨３房平面車位✨可租補✨沙鹿火車站✨,,21999,40.0,0.1,3,3,台中市,台中市梧棲區中華路一段/德光城計劃德光二城,,電梯大廈,3房2廳2衛 - 1陽台1廚房,,有對外窗;陽台,https://www.rakuya.com.tw/rent/rent_item?ehid=0160e5291451432,bd3790f3b73d9053ec598357a472e4f0.jpeg,0.13183547272042426
4753,可雙租補⚡可營登⚡可寵⚡全新店面⚡逢甲商圈,,18000,8.0,20.0,1,0,台中市,台中市西屯區西屯路二段英林巷,,透天厝,,,有對外窗,https://www.rakuya.com.tw/rent/rent_item?ehid=029d9a28919632e,ba45b11a58831566913eb24f5137563b.jpeg,1.8423111060741764
4754,Z2D16）捷運三重國小【電梯2房】垃圾代收★入籍,,27500,18.0,20.1,4,2,新北市,新北市三重區正義北路,,電梯大廈,2房1廳1衛 - 1陽台1廚房,,,https://www.rakuya.com.tw/rent/rent_item?ehid=06777325872643b,f08b45a26d6d5a8baab0892bdba1526f.jpeg,1.3331125186926351
4755,短租✓軟體園區陽台獨洗✓超好停車✓衛浴開窗✓,,6999,10.2,0.0,4,1,台中市,台中市大里區泉水街,,透天厝,1房1衛 - 1陽台,,有對外窗,https://www.rakuya.com.tw/rent/rent_item?ehid=0838a7175458511,6a327f09684bb1af9496227861b6b8e2.jpeg,0.3465614905502474
4756,C0O78）榮星花園【電梯】採光優★垃圾代收★可貓,,13000,6.0,20.1,8,1,台北市,台北市中山區龍江路,,電梯大廈,1房1衛,,,https://www.rakuya.com.tw/rent/rent_item?ehid=00bbc0234242241,8cff36b7d00950a25c07fc580f6413bb.jpeg,1.9961201093773984
4757,七期霸氣豪辦聯聚中雍,,492000,262.52,0.0,19,0,台中市,台中市西屯區市政北七路,,辦公,,,,https://www.rakuya.com.tw/rent/rent_item?ehid=0c2675219870077,509ef36d552609f583f5d70b373fb2fd.jpeg,0.6718847803832747
4758,霧峰市區✨台電✨可雙租補✨可寵物✨有管理員✨機車位,,11000,14.0,0.1,2,1,台中市,台中市霧峰區中正路,,電梯大廈,1房1衛 - 1陽台,,有對外窗;陽台,https://www.rakuya.com.tw/rent/rent_item?ehid=0b29e2293457681,6dc186285c4a60ab880d5c1b4f3ca8d4.jpeg,0.4168424115672879
4759,可租補中山醫⭐️超新電梯⭐️陽台獨洗有流理臺,,8299,11.0,0.1,2,1,台中市,台中市南區忠明南路,,電梯大廈,1房1衛 - 1陽台,,陽台,https://www.rakuya.com.tw/rent/rent_item?ehid=03797f292852135,3d96303fda0dfa68295769a3b374eca5.jpeg,0.4482464187597925
4760,梧棲可寵物可租補全新全配大三房平車,,25000,24.0,0.8,7,3,台中市,台中市梧棲區大勇路/益翔有樂仕,,電梯大廈,3房2廳2衛 - 1陽台,,,https://www.rakuya.com.tw/rent/rent_item?ehid=01121729227095d,3ff73fb24da8ff76906fcd64a437c322.jpeg,0.32549731342081567
4761,C0W46）近捷運雙連【超值租案】獨洗衣機★有電梯,,15000,7.0,20.0,3,1,台北市,台北市中山區長春路,,電梯大廈,1房1衛,,,https://www.rakuya.com.tw/rent/rent_item?ehid=0423f6278392837,39ea9d321c5313fade76b0946838eab9.jpeg,1.3136026249228891e-05
4762,精美店面☎小資創業首選☎【後陽台】☎可營登☎,,25000,18.0,7.4,1,0,台中市,台中市南區仁義街,,電梯大廈,,,陽台,https://www.rakuya.com.tw/rent/rent_item?ehid=0dc6e912102841f,f3c63a4767f4e8f10690333d56fddd37.jpeg,2.343939331355405
4763,雙租屋補助✨兩房含車✨乾溼分離✨台水台電✨,,22499,38.0,0.1,10,2,台中市,台中市太平區立智街,,電梯大廈,2房1廳1衛 - 1陽台1廚房,,有對外窗;陽台,https://www.rakuya.com.tw/rent/rent_item?ehid=07219429320370a,bce9d16e31879b343d830b35dde51d08.jpeg,0.435353251510855
4764,✨仁愛醫院✨陽台獨洗✨租屋補助✨請加賴✨秒殺物件✨,,7999,15.0,0.1,4,1,台中市,台中市大里區德芳南路,,透天厝,1房1衛 - 1陽台,,有對外窗;陽台,https://www.rakuya.com.tw/rent/rent_item?ehid=0a4f51291906577,73b84bdaad2d5bb91e1661ad1a7fd5f7.jpeg,1.002563183704997
4765,可貓⭐獨洗流理台⭐大慶中山醫,,4999,8.9,0.0,6,1,台中市,台中市南區大慶街一段,,華廈,1房1衛,,有對外窗,https://www.rakuya.com.tw/rent/rent_item?ehid=065f0e290674236,15b2f5162bea4f9ec33e32d2cfce8edc.jpeg,0.43494165499440773
4766,免仲介費/河南路四段/兩房一廳含平車,,31000,24.0,4.1,15,2,台中市,台中市南屯區河南路四段/興富發博識,,電梯大廈,2房1廳1衛 - 2陽台1廚房,,有對外窗;陽台,https://www.rakuya.com.tw/rent/rent_item?ehid=055b8f187068143,2b25170f90a65f1d2236bbc5fcc60bbb.jpeg,0.5748688818157422
4767,佳茂6962｜全新精裝｜三房平車｜高樓層,,33000,47.31,0.7,14,3,台中市,台中市潭子區僑興一街/佳茂6962大景莊園,,電梯大廈,3房2廳2衛 - 2陽台1廚房,,有對外窗;有中庭;陽台,https://www.rakuya.com.tw/rent/rent_item?ehid=082ea429311534c,8a26b797c0de474ba9a8520cad109926.jpeg,0.22547646766587648
4768,B0M70）捷運公館1分【電梯租案】垃圾代收★警衛,,15000,9.0,21.1,14,1,台北市,台北市大安區羅斯福路四段,,電梯大廈,1房1衛,,,https://www.rakuya.com.tw/rent/rent_item?ehid=026d5a251234133,9b34f491ce62dcca33346449a40371e3.jpeg,1.3887037222205779e-05
4769,C2E50）捷運中山國中【優質2房1廳】廚房★陽台,,21500,22.0,20.0,6,2,台北市,台北市中山區民族東路,,公寓,2房1廳1衛 - 1陽台1廚房,,,https://www.rakuya.com.tw/rent/rent_item?ehid=029d12213277196,e3a55244e29ef9af81532908808ff4c2.jpeg,1.0664448461836131
4770,三角窗店面✨空間超大✨含稅,,70000,40.0,0.0,1,0,台中市,台中市西區五權路,,透天厝,,,,https://www.rakuya.com.tw/rent/rent_item?ehid=01315728984613e,f90554bad6c944797448dd1406b9b052.jpeg,0.0
4771,Q2D71）捷運三重國小【全新2房2衛】獨洗★陽台,,23000,20.0,20.0,4,2,新北市,新北市三重區文化北路,,公寓,2房1廳2衛 - 1陽台,,,https://www.rakuya.com.tw/rent/rent_item?ehid=0430ab29301821b,c5d2a638fba18b92f62e374b0c83110c.jpeg,1.303839912384733
4772,R0B95）頭前國小【電梯租案】變頻冷氣★獨立衛浴,,9000,7.0,20.1,5,1,新北市,新北市新莊區化成路,,公寓,1房1衛,,,https://www.rakuya.com.tw/rent/rent_item?ehid=003ee229278284c,c2b8fbec2caac33e6559bbb503c76468.jpeg,0.19528659150861188
4773,L2I57）積穗國中【全新2房2衛】租補洽★有警衛,,30000,34.0,20.1,2,2,新北市,新北市中和區民利街,,電梯大廈,2房2廳2衛 - 3陽台1廚房,,,https://www.rakuya.com.tw/rent/rent_item?ehid=0f4aa629095511c,8147a7fe3edb1fa9cee7f82684b58994.jpeg,0.5153126147928557
4774,小資族大套房❤️採光極佳❤️飲水機❤️陽台獨曬,,6499,8.0,0.1,3,1,台中市,台中市大里區西榮路,,透天厝,1房1衛 - 1陽台,,有對外窗;陽台,https://www.rakuya.com.tw/rent/rent_item?ehid=0833b3291601740,946122e155d4446a16b451836d352c8f.jpeg,1.2481199999974173
4775,全新樓中樓❤️陽台獨洗獨曬❤️小廚房❤️可租補,,18999,20.0,0.0,2,1,台中市,台中市西屯區永福路,,電梯大廈,1房1廳1衛 - 1陽台,,有對外窗;陽台,https://www.rakuya.com.tw/rent/rent_item?ehid=0989c4286112702,e40f4f50eabb81d6ce0c421e4244d282.jpeg,0.5848735849370059
4776,⭐近曉明女中⭐可貓⭐可短租⭐獨洗曬⭐子母車⭐小冰箱,,4999,8.0,0.1,6,1,台中市,台中市北區太原路一段,,透天厝,1房1衛,,有對外窗,https://www.rakuya.com.tw/rent/rent_item?ehid=06b1a629324860d,9fd8bcdf67bc89552e64fec6a9d38a3d.jpeg,0.7725083126020077
4777,八德大湳優質陽台套房 室內空間大,,7500,10.0,13.6,4,1,桃園市,桃園市八德區廣隆街,,公寓,1房1衛 - 1陽台,,,https://www.rakuya.com.tw/rent/rent_item?ehid=0e6f4985511800,2f1821b0b85457be5a5ee617bd432576.jpeg,0.7089240460545991
4778,神岡社口❤️超新2年屋乾濕分離❤️雙層冰箱,,7499,8.0,2.0,3,1,台中市,台中市神岡區民生路,,電梯大廈,1房1衛,,,https://www.rakuya.com.tw/rent/rent_item?ehid=065655287948731,481473402970b82afedbec2c3c69523d.jpeg,0.08643045364941376
4779,✨昌祐閱灣✨黃金角店面✨採光佳✨祥順路✨台中一中✨,,35000,20.0,0.3,2,0,台中市,台中市東區旱溪西路二段,,電梯大廈,,,有對外窗;為邊間;有中庭;樓中樓;陽台,https://www.rakuya.com.tw/rent/rent_item?ehid=00bf09290383798,645a1f5a65db6ecdebcd316daeae5abf.jpeg,0.43866088077315046
4780,L7A79）捷運中和【電梯辦公】登記★附OA★冷氣,,26000,23.0,20.2,4,0,新北市,新北市中和區中山路二段,,電梯大廈,開放式格局,,,https://www.rakuya.com.tw/rent/rent_item?ehid=0f6451287278372,6aa6a4db1ff46d6f0bfecf273b6349e3.jpeg,1.3009691114487527
4781,朝陽電梯套房雙床型-單床出租每月3600元含管理費,,3600,4.0,2.3,5,1,台中市,台中市霧峰區吉峰東路/天威智生活學苑,,電梯大廈,1房1衛,,有對外窗,https://www.rakuya.com.tw/rent/rent_item?ehid=083f25282873685,93f9c54e9e6440156aecad1ed81c4f13.jpeg,0.15463524252729832
4782,全新電梯套房❤️雙租補❤️台電計費❤️陽台獨洗獨曬,,24999,25.0,0.1,4,3,台中市,台中市大里區爽文路,,電梯大廈,3房1廳2衛 - 1陽台,,有對外窗;陽台,https://www.rakuya.com.tw/rent/rent_item?ehid=0549ff29160215f,f977bd5def6d3076ad8ec6fa0683c9d5.jpeg,0.8814469397613678
4783,土城學府路一段社區大樓（含車位管理費）,,30000,30000.0,30.1,11,3,新北市,新北市土城區學府路一段/榮譽市民,,電梯大廈,3房2廳2衛 - 2陽台1廚房,,,https://www.rakuya.com.tw/rent/rent_item?ehid=063d7f17935093c,969950b51487ca3c4813d8cee2cd128c.jpeg,0.4291340546397843
4784,三房⚡台水電⚡管理員⚡陽台獨洗⚡子母車⚡可貓咪,,32000,32.0,0.1,14,3,台中市,台中市太平區環中東路三段/聚佳大砌,,電梯大廈,3房2廳2衛 - 2陽台1廚房,,有對外窗;陽台,https://www.rakuya.com.tw/rent/rent_item?ehid=0fe9a5293143855,ce60a8e891959fbeda26ef8a28cf670c.jpeg,0.552856674264186
4785,全新完工⚡整棟出租⚡可分層出租⚡台水電⚡可營登,,110000,140.0,0.0,0,0,台中市,台中市潭子區興華一路,,透天厝,,,有對外窗;陽台,https://www.rakuya.com.tw/rent/rent_item?ehid=0c1a06285355790,93229634cfceadbaf7ecd57e061ac3dd.jpeg,0.2824998695696397
4786,整棟超美✨兩房兩衛浴✨可租補✨可貓咪✨可工作室,,25999,30.0,0.1,2,2,台中市,台中市西區五權一街,,透天厝,2房1廳2衛 - 1陽台1廚房,,有對外窗;陽台,https://www.rakuya.com.tw/rent/rent_item?ehid=0d0f8d293212127,28a8fe9fb68c84995a8381337327171c.jpeg,0.0
4787,可雙租補✨陽台獨洗曬衛浴開窗✨近弘光靜宜大學,,12000,12.0,0.1,1,1,台中市,台中市沙鹿區鎮南路二段,,透天厝,1房1廳1衛 - 1陽台,,有對外窗;陽台,https://www.rakuya.com.tw/rent/rent_item?ehid=0eb21929300914a,69af2f70a07a9c53b18c92c5f496ba39.jpeg,0.16642365093320738
4788,E.潭子頭家學區『2+1房』+平面車位(可租補),,28000,40.6,0.1,7,2,台中市,台中市潭子區頭張路一段/宏亞DECO+家米蘭區,,電梯大廈,2房2廳1衛 - 2陽台1廚房,,有對外窗,https://www.rakuya.com.tw/rent/rent_item?ehid=05052329282011b,7cc5d4a49cf3a2a111d63a7185d7aad7.jpeg,0.19931664365296523
4789,Q3C99）捷運台北橋5分【超值3房2廳】補助★寵,,27000,24.0,20.0,4,3,新北市,新北市三重區信義街,,公寓,3房2廳1衛 - 1陽台1廚房,,,https://www.rakuya.com.tw/rent/rent_item?ehid=09e381292500369,02efd50229304b5d9460ad2bb2c6a345.jpeg,1.125856765055311
4790,L2I62）捷運中原站【景觀2房1廳】車位洽★可寵,,37000,23.0,20.1,12,2,新北市,新北市中和區中原街,,電梯大廈,2房1廳1衛 - 1陽台1廚房,,,https://www.rakuya.com.tw/rent/rent_item?ehid=0c3ad6291761003,9f0861bea882109f9d2ec8d5d4ace37c.jpeg,0.8963340038168124
4791,Q3C24）新北高中【景觀3房2衛】有警衛★附車位,,35000,38.0,20.1,9,3,新北市,新北市三重區如意街,,電梯大廈,3房2廳2衛 - 1陽台1廚房,,,https://www.rakuya.com.tw/rent/rent_item?ehid=0159cc275935660,06d6ae6137ec76012310c6ce4c04c987.jpeg,0.28205808112829794
4792,Q4A37）捷運三重【精緻4房2衛】可辦★寵★警衛,,45000,50.0,20.2,2,4,新北市,新北市三重區重陽路一段,,公寓,4房2廳2衛 - 1陽台,,,https://www.rakuya.com.tw/rent/rent_item?ehid=0a7d9027256130a,45e893cd1a71fdc9593237410d0d44b7.jpeg,0.6373060643002105
4793,♥️獨洗✨系統裝潢✨陽台✨子母車✨,,5999,7.0,0.0,2,1,台中市,台中市大甲區中山路一段,,透天厝,1房1衛 - 1陽台,,,https://www.rakuya.com.tw/rent/rent_item?ehid=0877e4290723776,4f5ba3b92f3e91c277880c307c445236.jpeg,0.3732949126942001
4794,電梯套房⚡陽台獨洗⚡近青年高中,,7299,10.0,0.0,3,1,台中市,台中市大里區公園街,,電梯大廈,1房1衛 - 1陽台,,有對外窗;陽台,https://www.rakuya.com.tw/rent/rent_item?ehid=08502f287604217,e34e19da6fd79519a35dc26498966f36.jpeg,0.3200181062769881
