size,age,bedroom,CP_value,city,house_type,living,bath,balcony,kitchen,environment_score,price
25.0,0.0,2,0.5799929244886393,1,9,1,1,1,1,3,20500
14.0,0.1,1,0.3390327909003527,1,8,1,1,1,0,2,12500
15.0,6.0,1,0.1756234525610044,1,9,1,1,0,0,1,8800
15.0,0.1,0,0.5725184664849494,1,8,0,0,0,0,2,17500
12.0,0.1,1,0.1643120222408869,1,8,1,1,1,0,0,11500
12.0,0.0,1,0.0,1,8,0,1,0,0,0,7499
16.0,0.0,1,0.8321723835702765,1,9,1,1,1,1,2,9499
11.3,0.0,1,0.5659136846092567,1,8,0,1,0,0,1,7499
15.0,0.0,1,1.3006130619763645,1,9,1,1,0,0,1,15500
17.0,0.0,1,1.1704633781948477,1,8,0,1,1,0,1,14500
14.0,0.1,1,1.8948653007113068,1,9,0,1,1,0,2,10000
190.0,0.0,0,0.0322557565361008,7,4,0,0,0,0,0,70000
9.0,0.0,1,1.1109854127381895,1,8,0,1,1,0,2,13800
7.0,0.0,0,0.0,1,8,0,0,0,0,0,4999
12.5,0.0,1,0.9438041440476508,1,9,1,1,1,0,2,10999
42.0,0.0,2,0.0,1,9,2,1,1,1,0,27999
12.0,0.0,0,0.0,1,8,0,0,0,0,2,8999
13.0,0.0,1,2.3387661165737232,1,6,0,1,0,0,1,10499
10.0,20.0,1,0.8804117953823964,2,0,0,1,0,0,0,15000
15.0,0.1,1,0.9257450299418344,1,8,0,1,1,0,2,12999
25.0,0.1,3,0.1111051863678335,1,9,2,2,1,1,2,31500
33.0,0.0,2,0.8161479228433219,1,8,1,1,1,0,0,22999
350.0,0.0,0,0.1795574231369705,1,4,0,0,0,0,0,240000
28.0,0.1,2,0.7120361911722247,1,9,1,1,1,0,2,19999
171.77,22.2,0,0.0,15,8,0,0,0,0,3,420000
14.0,0.0,0,0.0649011606354228,1,9,0,0,0,0,1,12499
10.0,0.0,1,0.258707822483855,1,9,0,1,1,0,1,8999
7.0,0.0,1,0.2255657862615391,1,9,0,1,0,0,1,5499
10.0,0.0,1,0.3200181062769881,1,9,0,1,1,0,2,7299
7.0,0.0,1,1.1873500242018304,8,0,0,1,0,0,1,12000
13.0,4.1,1,0.9895191724379664,1,8,0,1,1,0,2,9000
10.0,0.1,1,0.6873405446114371,1,0,0,1,0,0,1,4799
10.5,0.0,1,0.2121585807812723,1,2,0,1,1,0,1,6599
13.0,0.0,1,0.8684789448819072,1,8,0,1,0,0,0,6999
6.0,0.0,1,0.1624891867018073,1,9,0,1,0,0,0,5500
13.3,0.0,1,0.6132421306686764,1,9,0,1,1,0,2,11499
11499.0,0.0,0,1.5189234911139624,1,8,0,0,0,0,2,11499
14.0,0.0,1,0.1228107172880556,1,9,1,1,1,0,2,8999
12.0,0.0,1,0.0,1,9,1,1,1,0,2,10999
12.0,0.0,1,0.0119300374055429,1,8,0,1,0,0,0,9999
15.3,0.0,1,0.6325924371269201,1,9,1,1,1,0,2,12999
13.0,0.0,1,1.7440430825685276,1,8,0,1,1,0,0,7499
21.0,0.1,1,0.4529468932231055,1,9,1,1,1,0,0,19999
10.0,0.0,1,0.5456367707775481,1,8,0,1,1,0,2,10999
17.0,0.0,1,0.8341348446871737,1,8,1,1,1,0,2,12999
15.0,0.0,0,0.1958514474076637,1,8,0,0,0,0,1,9999
10.2,0.0,1,0.4057291557783654,1,8,0,1,1,0,1,4999
12.0,0.1,1,0.9832223412400224,1,9,1,1,1,0,2,10000
8.0,8.0,1,0.0734695688544143,1,9,0,1,0,0,1,4499
1000.0,0.0,1,0.5118354513316176,1,9,0,1,1,0,0,8499
12.0,0.1,1,0.8425418244258717,1,8,0,1,1,0,2,10999
20.0,0.1,2,0.701606196919965,1,9,2,1,1,1,0,24000
10.0,0.0,0,1.722359477045517,1,0,0,0,0,0,2,11499
14.0,20.1,1,0.4320105357493113,8,0,1,1,0,0,0,13000
16.0,0.1,1,0.0,1,9,0,1,1,0,2,13999
8.0,20.6,1,0.0,8,0,0,1,0,0,0,13000
12.0,0.0,1,1.028549990608146,1,8,0,1,1,0,2,7399
8.0,0.1,1,0.1818849761767372,1,8,0,1,0,0,0,6000
18.0,0.0,2,0.0,1,8,1,1,0,1,1,17000
12.0,0.1,0,0.8228501741824853,1,8,0,0,0,0,2,13500
20.0,0.1,0,0.9215893608361152,1,8,0,0,0,0,2,15499
6.0,0.0,0,0.759000463904605,1,8,0,0,0,0,2,9000
10.0,0.1,1,1.3190546164428272,1,8,0,1,0,0,1,7999
37.0,0.0,3,0.355499408303311,11,0,2,2,1,1,1,22000
14.0,0.1,1,0.0395278863404615,1,0,0,1,1,0,1,8499
25.0,0.0,3,0.0055125079159517,1,0,2,2,1,1,2,20000
25.0,20.1,2,1.100227872964368,2,9,1,1,0,1,0,28000
13.0,0.0,1,1.3139486822654924,1,9,0,1,0,0,0,7499
35.0,0.0,0,0.1009870994508357,1,8,0,0,0,0,0,28000
12.0,0.1,1,2.190151829216279,1,8,0,1,0,0,0,12500
11.0,0.0,1,0.3815128633963707,1,8,0,1,1,0,0,11999
10.23,2.5,1,0.4054835701310967,1,8,0,1,1,0,1,6199
20.0,20.0,2,0.8043280720068089,2,0,2,1,0,0,0,25000
13.0,0.0,1,1.7565914939089995,1,9,0,1,1,0,2,11499
30.0,0.0,2,0.0,1,9,1,1,1,1,2,28999
10.0,0.0,0,0.0,1,9,0,0,0,0,2,7349
10.0,0.0,0,0.0,1,9,0,0,0,0,2,10000
10.0,1.3,1,0.3060201479964666,1,9,0,1,1,0,1,8999
10.0,20.2,2,0.0,8,0,1,1,0,0,0,14500
15.0,0.1,1,0.8107801709231184,1,0,1,1,1,0,2,12499
20.0,0.2,0,0.3012145160970994,1,8,0,0,0,0,2,18999
11.0,0.1,1,1.0804288933059492,1,9,0,1,1,0,0,8499
14.0,0.0,1,1.6703367091009986,1,8,0,1,0,0,1,10999
18.0,20.0,0,0.0,2,0,0,0,0,0,0,90000
18.5,0.0,1,0.8299684456801522,1,9,1,1,1,1,2,13999
12.0,0.0,1,0.0304766857513819,1,8,1,1,1,0,0,11000
45.6,0.0,3,0.3884787681797723,1,9,2,2,1,1,2,35000
40.0,0.0,2,0.0,1,8,1,1,1,1,2,23500
35.47,16.3,2,0.1751925613869639,8,9,2,1,1,1,4,27000
14.0,0.0,1,0.041272454170576,1,9,0,1,1,0,0,8999
13.85,2.2,2,0.7781614302167519,1,9,1,1,1,1,3,24000
8.0,0.0,0,1.142706439426192,1,8,0,0,0,0,1,13000
9.28,31.1,1,0.2535102374152444,8,9,0,1,1,1,3,17000
15.3,0.0,1,0.8632651599946783,1,9,1,1,1,0,2,12599
9.0,0.0,1,0.5118354513316176,1,9,0,1,1,0,2,8499
35.0,0.0,2,0.999826446498748,1,9,1,1,1,1,0,22999
10.0,0.0,1,0.5592713874448603,1,0,1,1,0,0,1,6999
11.0,0.0,1,1.5857008051534198,1,9,0,1,1,0,2,9999
10.0,2.4,1,0.3523258282854057,1,9,0,1,1,0,2,8999
12.0,0.0,1,0.2919888702032884,1,8,0,1,0,0,1,7999
10.0,0.0,0,0.4721103681316442,1,0,0,0,0,0,0,9000
14.0,0.1,1,0.9438041440476508,1,8,0,1,0,0,1,10999
11.0,0.0,0,0.0,1,8,0,0,0,0,2,8999
13.0,0.1,1,0.508428534040782,1,8,0,1,0,0,2,6999
12.5,0.0,1,0.8540678821072618,1,8,0,1,1,0,2,7799
11.0,0.0,0,1.1242328835733062,1,8,0,0,0,0,2,9499
40.0,0.1,3,0.1138797165307158,1,9,2,2,1,0,2,24999
14.0,0.0,1,0.5593042889231916,1,9,0,1,1,0,2,12999
10.0,0.0,0,0.4141425126904215,1,9,0,0,0,0,1,6299
11.0,0.0,1,1.3394471862763104,1,0,0,1,0,0,1,4999
16.0,0.1,2,0.3797202234191904,1,8,1,1,0,0,1,12499
8.0,0.0,1,0.0,1,8,0,1,0,0,2,7499
10.0,0.1,1,0.3479594243283366,1,9,0,1,0,0,2,9999
13.0,0.0,1,0.3850797688396111,1,8,0,1,1,0,0,9499
16.0,0.0,0,1.123517193173017,1,8,0,0,0,0,2,13999
15.0,0.0,1,0.8758653182523264,1,9,0,1,1,1,2,13999
28.0,0.1,3,0.8542553206882945,1,9,2,1,1,0,2,15999
7.0,20.0,1,1.288428871837279,8,0,0,1,0,0,0,10000
10.0,3.0,1,1.451253624158071,1,8,0,1,0,0,1,6499
10.0,0.1,1,0.3211308065485976,1,8,0,1,0,0,1,5299
15.0,0.1,0,2.4715463663967934,1,9,0,0,0,0,2,12999
12.0,0.1,1,0.0,1,8,0,1,0,0,1,10499
11.0,0.0,1,0.8764064093941596,1,0,0,1,1,0,2,6499
60.0,0.0,0,0.6124029031407144,11,9,0,0,0,0,2,85000
13.0,0.1,1,0.6442673752310899,1,8,0,1,0,0,1,13499
190.0,0.0,0,0.0532219982845664,7,4,0,0,0,0,0,70000
6.0,0.0,1,1.399774576810871,2,8,0,1,0,0,1,10000
8.9,2.2,1,0.2255657862615391,1,8,0,1,0,0,1,5499
5.0,30.0,1,0.0128280936869847,3,8,0,1,0,0,1,5500
42.0,26.1,3,0.0,1,9,2,2,1,0,4,24000
18.69,5.0,1,0.1010100982062919,8,9,1,1,1,1,1,18500
10.0,0.0,1,1.9091579974830395,1,0,0,1,1,0,2,7999
10.0,3.1,0,3267.90848856107,1,8,0,0,0,0,0,7999
25.0,0.0,2,0.0,1,9,2,1,1,0,2,29999
13.0,20.2,1,0.0,8,9,0,1,0,0,0,16000
13.0,0.1,1,1.4037677347188895,1,0,0,1,1,0,0,9999
14.0,0.0,1,1.7565914939089995,1,9,1,1,1,0,2,11499
40.0,49.0,0,0.5046500751598355,8,8,0,0,0,0,1,97000
16.0,0.0,1,0.6538074273964205,1,8,0,1,1,0,0,12999
10.0,0.0,0,1.3126480171506696,1,9,0,0,0,0,2,9000
9.0,0.1,1,0.1517549206487718,1,9,0,1,1,0,2,6900
5.0,0.0,0,0.3098389419754884,1,9,0,0,0,0,2,6000
9.0,0.1,1,0.5659136846092567,1,8,0,1,0,0,1,7499
10.0,0.0,1,0.0,1,8,0,1,1,0,0,8499
10.0,0.0,0,1.3144299628902452,1,0,0,0,0,0,0,11000
8.0,4.6,1,0.0105318306481445,1,8,0,1,0,0,1,6200
8.0,0.0,1,1.994191295344702,1,0,0,1,0,0,0,4299
14.0,20.4,1,2.1552231113063995,1,8,0,1,1,0,2,14000
10.0,0.1,1,0.8949518881699372,1,8,0,1,1,0,0,8499
10.0,0.1,1,2.5161345301961355,1,0,0,1,1,0,2,6499
25.0,0.0,3,0.5414838003237062,8,0,1,1,1,1,0,12500
13.0,0.1,1,1.2347588714736977,1,9,0,1,1,0,2,9999
8.0,0.1,1,0.6585238120242088,1,8,0,1,0,0,1,5499
16.5,0.0,0,0.7306817772740081,1,8,0,0,0,0,2,13499
13.0,0.1,1,1.2408943702522977,1,9,0,1,0,0,1,7499
11.0,0.0,1,1.7528128187883192,1,8,0,1,0,0,1,6499
10.0,3.0,1,0.5557343667878387,1,9,0,1,1,0,2,10000
69.0,20.0,0,1.1835617157463847,8,7,0,0,0,0,0,65000
13.0,0.0,1,0.2355257983212288,1,9,0,1,1,0,2,11999
25.0,0.1,3,1.4359245990926155,1,0,1,1,0,0,2,18880
16.0,0.1,0,0.3286576596572574,1,8,0,0,0,0,1,11199
18.0,0.1,1,0.5380892986536913,1,8,1,1,1,0,2,12999
10.0,0.0,1,0.1860487937720929,1,8,0,1,0,0,1,6299
9.0,20.0,1,1.417853431369718,8,0,0,1,1,1,0,22999
22.0,0.0,2,1.5526172107413558,1,8,1,1,1,0,1,21000
27.0,17.3,2,0.6098892438597157,1,9,2,2,1,1,3,36500
10.0,0.1,1,4312.774662827702,1,8,0,1,0,0,1,6599
16.5,0.0,0,0.5847374538237462,1,8,0,0,0,0,2,13499
23.0,0.1,3,0.9179374514434864,1,0,1,1,1,0,2,13999
15.0,2.3,0,0.0668527935367086,1,8,0,0,0,0,2,10999
15.0,0.1,1,0.0,1,9,0,1,0,0,1,9299
20.0,16.4,1,0.1585148848573964,11,8,1,1,1,0,0,17500
12.0,0.0,1,1.6165891977701583,1,9,0,1,1,0,2,8499
41.33,4.3,3,0.1815996086615905,8,9,2,1,1,1,4,28000
15.0,0.1,1,0.0,1,9,0,1,1,0,2,11299
10.0,3.6,1,0.1614180710541414,1,8,0,1,0,0,1,5799
24.0,2.2,2,0.7751202808726425,1,9,2,1,1,1,3,28000
15.0,0.0,1,1.0016119975542248,1,9,0,1,1,0,0,8999
35.0,30.0,3,0.3452244233251075,1,6,2,2,1,1,4,25000
9.0,0.0,1,0.8374037724103309,1,8,0,1,0,0,1,5000
34.0,20.1,2,0.5153126147928557,8,9,2,2,1,1,0,30000
12.0,0.0,0,0.3479594243283366,1,9,0,0,0,0,1,9999
9.0,0.0,1,0.508428534040782,1,8,1,1,0,0,1,6999
17.0,0.1,1,1.427825533979303,1,9,1,1,1,1,2,12499
40.6,0.1,2,0.1993166436529652,1,9,2,1,1,1,1,28000
10.0,2.5,1,1.2041426174471728,1,2,0,1,1,0,2,6499
13.0,2.1,1,1.0316419265310026,1,9,0,1,0,0,2,11999
6.0,20.0,1,1.0344803689722316e-05,2,9,0,1,0,0,0,17000
15.0,0.1,1,0.5615635769890457,1,9,0,1,1,0,2,11999
18.13,2.0,2,0.1157626662349877,3,9,2,2,0,0,0,20000
29.57,0.1,0,0.0578813331174938,15,8,0,0,0,0,0,20000
15.0,0.0,1,0.0,1,9,1,1,0,0,1,14000
80.0,0.1,0,0.0,15,4,0,0,0,0,0,38000
30.31,54.3,0,1.7570332382356295,3,8,0,0,0,0,0,5000
9.0,0.0,0,1.455109914638015,1,8,0,0,0,0,1,5999
9.0,0.1,1,0.589360036006154,1,9,0,1,1,0,2,6899
51.75,0.8,4,0.0253348490956089,1,2,2,5,1,1,1,23000
11.0,0.0,0,1.733556299318824,1,9,0,0,0,0,2,7999
10.0,0.1,1,0.1247841351215739,1,9,0,1,0,0,1,5999
22.92,0.0,3,0.0602379189706739,11,9,2,2,1,1,1,28000
13.0,0.1,1,0.7336973004408927,1,9,0,1,1,0,2,9999
12.0,0.0,1,0.0,1,8,0,1,0,0,2,7499
44.0,0.0,3,0.267121862369833,15,9,2,2,1,0,0,20800
11.0,0.1,1,0.0,1,6,0,1,0,0,2,8700
12.0,0.0,1,0.073507687603625,1,8,0,1,0,0,1,7999
17.0,0.0,1,0.8624787304187757,1,8,1,1,1,0,2,13999
13.0,0.0,1,0.1187841363933653,1,9,0,1,1,0,2,8999
13.0,0.0,1,0.6091261798008394,1,9,0,1,1,0,2,9499
12.0,0.0,1,0.3573290369620662,1,9,1,2,0,0,1,7999
18.5,0.1,1,0.1214354753472112,1,9,1,1,0,1,1,13999
8.0,0.1,0,0.0,1,8,0,0,0,0,0,4499
35.0,0.0,2,1.8715587316311373,1,9,1,1,1,1,0,23999
12.0,0.1,1,1.8948653007113068,1,6,0,1,0,0,1,10000
18.0,0.0,1,0.2218263550076393,1,9,0,1,1,0,0,12499
10.0,0.1,1,0.3060201479964666,1,8,0,1,1,0,0,8999
12.0,0.0,0,2.338690252587704,1,9,0,0,0,0,2,12000
10.0,1.0,1,0.0672165349027988,1,6,0,1,1,0,2,10500
10.2,0.0,1,0.3465614905502474,1,8,0,1,1,0,1,6999
47.82,1.6,0,0.3227404954550058,1,8,0,0,0,0,2,250000
13.0,0.0,1,0.5625368240895466,1,9,0,1,1,0,2,11999
15.0,0.0,1,0.8632651599946783,1,9,0,1,1,0,0,12599
29.0,22.1,3,0.9670209661626624,8,0,2,2,0,0,0,26000
10.0,0.0,1,0.1638221745086867,1,8,0,1,1,0,1,11800
7.0,4.7,1,0.8911735070079467,11,9,1,1,1,1,3,9500
16.0,0.0,1,0.0,1,9,0,1,0,0,0,11299
12.0,0.0,1,1.5993312996741251,1,9,0,1,1,0,2,9499
9.0,8.2,1,0.0,1,0,0,1,0,0,1,5800
10.0,2.2,1,1.296397398069003,1,8,0,1,0,0,1,9999
15.0,0.0,1,1.0655711021726324,1,8,1,1,1,0,1,12999
13.0,0.1,1,1.1614751424235523,1,9,0,1,1,0,2,10499
11.0,0.0,0,0.7769237240328662,1,9,0,0,0,0,2,8000
69.48,5.0,4,0.1175263441501672,8,9,2,2,1,1,4,33000
22.0,0.0,1,0.0,1,9,0,1,1,0,0,16999
12.0,20.0,1,1.3910490165159273,8,0,1,1,0,0,0,12880
20.0,0.0,2,0.8287136900314199,1,8,1,1,1,0,2,20000
15.0,2.0,2,0.5040244187109646,1,8,1,1,1,0,2,16500
10.0,0.1,1,0.0,1,8,0,1,1,0,2,8999
12.0,0.1,1,0.0,1,9,1,1,1,0,2,8999
13.0,0.1,1,1.5311073852060058,1,0,0,1,1,0,2,8999
10.0,0.0,1,0.7197627744521619,1,0,0,1,0,0,1,7999
16.3,0.0,1,1.3355800692390007,1,9,0,1,1,0,2,12999
12.0,0.1,1,0.0279649677159152,1,8,1,1,1,0,2,13000
12.0,1.3,1,0.5381047662966053,1,9,0,1,1,0,2,9500
16.0,0.0,0,1.0048190845826994,1,8,0,0,0,0,2,12999
30.0,0.0,3,0.5903102586616877,1,9,1,2,1,1,1,18499
40.0,0.1,3,0.3173143446857108,1,9,2,2,1,1,2,21999
10.0,0.0,1,0.7594639279718032,1,9,1,1,0,0,1,8099
9.88,0.0,1,1.2547603721181255,1,8,0,1,0,0,1,6799
9.0,0.0,0,1.337121845634817,1,6,0,0,0,0,1,6499
15.0,0.1,1,0.8107801709231184,1,0,0,1,1,0,2,12499
25.0,3.1,2,2.0772967329945016,1,9,2,1,1,0,2,20000
18.0,0.1,0,1.2409387972236667,1,9,0,0,0,0,2,14500
10.0,0.0,1,1.8111749513946231,1,9,1,1,0,0,1,4999
46.0,0.1,3,0.3174821951865135,1,9,2,2,1,1,0,26999
14.0,0.0,0,1.5043507830867415,1,9,0,0,0,0,2,12499
12.0,0.6,1,1.3355800692390007,1,9,0,1,1,0,2,12999
9.0,0.1,1,1.6383564270967257,1,0,0,1,0,0,2,7000
13.0,0.1,1,0.4516114340639118,1,9,0,1,1,0,1,7799
15.0,0.0,1,0.5458038405698732,1,9,0,1,1,0,2,12999
10.0,0.1,1,0.9280984427591812,1,8,0,1,0,0,1,7499
16.0,0.0,1,0.0,1,9,0,1,1,0,2,13499
10.0,0.0,0,0.7161394287516161,1,9,0,0,0,0,0,9500
13.0,0.0,1,0.6089095214748155,1,6,0,1,1,0,2,10499
10.0,0.0,1,1.5782036740327132,1,8,0,1,0,0,1,6999
15.0,1.1,1,1.032459267902752,1,8,1,1,1,0,2,16499
15.0,0.0,1,1.485945976339383,1,8,0,1,1,0,1,12499
15.0,0.1,0,0.0,1,9,0,0,0,0,1,12799
10.0,0.0,1,1.6062215436208374,1,9,0,1,0,0,1,6499
13.0,0.1,1,2.364553611286775,1,8,0,1,0,0,0,5999
9.0,0.1,1,0.1099434563756114,1,6,0,1,0,0,1,6499
8.0,20.0,1,0.7491854538156734,2,0,0,1,0,0,0,22000
8.0,0.2,0,1.07184260008335,1,0,0,0,0,0,2,5300
10.0,0.0,1,1.4426582779275718,1,8,0,1,0,0,0,4199
12.0,0.3,1,0.8851213652267578,1,9,0,1,0,0,0,5999
7.0,0.0,1,0.0,1,0,0,1,1,0,3,7500
14.0,0.1,1,0.0,1,9,0,1,0,0,1,8499
12.0,0.1,1,0.8560730647180029,1,9,0,1,0,0,1,7499
3.0,20.0,1,0.5419869582751075,8,0,0,1,0,0,0,5500
20.0,6.4,3,0.8422627497739967,1,9,1,1,0,0,1,17800
12.0,1.8,1,0.8632572777207207,1,8,0,1,1,0,1,12600
38.0,0.0,3,1.9054159248050868,1,9,2,2,1,1,2,29000
10.0,0.2,0,0.0,1,8,0,0,0,0,1,7499
17.0,0.1,0,0.3394456200650392,1,0,0,0,0,0,1,13999
9.0,0.0,0,0.9408447827120154,1,9,0,0,0,0,1,11000
21.0,0.0,1,0.71618244909497,1,9,1,1,1,0,0,13999
15.0,1.3,1,1.061365178231531,1,8,0,1,1,0,0,13999
12.0,0.1,1,0.493256159599568,1,8,0,1,1,0,2,8999
10.0,0.1,0,0.1514362666332851,1,8,0,0,0,0,1,5299
16.0,0.1,1,0.6311544669708394,1,9,0,1,1,0,0,11299
66.39,0.0,4,0.3970517940283057,1,8,2,3,0,0,0,45000
14.0,0.1,1,0.0521795783901204,1,9,1,1,1,0,2,15000
8.0,0.0,1,0.0,1,5,0,1,0,0,1,7499
13.0,0.1,1,0.8474574710094531,1,9,0,1,1,0,2,10999
15.6,0.1,1,0.0771021796672656,1,8,1,1,1,0,2,10499
16.0,0.0,0,1.0048190845826994,1,8,0,0,0,0,2,12999
14.0,0.0,1,0.8571400687335469,1,6,0,1,0,0,1,7799
14.0,0.1,1,0.0521799718746267,1,9,1,1,1,0,2,14999
7.0,10.3,1,1.877220477133946,1,8,0,1,0,0,1,5499
14.0,0.0,1,0.0,1,9,0,1,0,0,1,9999
6.0,20.0,1,0.0,8,0,0,1,1,0,0,13500
25.0,10.1,3,0.5559458245754978,1,9,2,2,0,0,3,25000
16.0,0.0,1,0.1320377793305762,1,9,0,1,0,0,2,11499
10.0,0.0,0,1.337121845634817,1,9,0,0,0,0,1,6499
9.0,0.0,1,1.5993312996741251,1,9,0,1,1,0,2,9499
43.0,0.1,4,0.3499918122761738,1,2,3,5,1,1,3,38000
10.0,0.0,0,0.3573290369620662,1,9,0,0,0,0,1,7999
12.0,0.0,1,0.8425418244258717,1,2,0,1,1,0,2,10999
10.0,0.1,1,0.0493256159599568,1,8,0,1,1,0,2,8999
15.0,0.1,1,0.1214354753472112,1,9,1,1,0,1,1,13999
8.0,0.0,1,1.862194752625168,1,9,0,1,0,0,1,7999
12.0,6.1,1,0.3631632386005586,1,9,0,1,1,0,2,6999
13.0,0.1,1,1.6983518116614538,1,8,0,1,1,0,2,9499
14.0,0.1,1,0.0,1,8,0,1,1,0,2,12599
10.0,0.0,1,0.0,1,8,0,1,0,0,1,8999
15.0,0.0,1,1.525114828179542,1,9,0,1,0,0,2,13999
9.0,20.1,1,0.495231634902598,8,0,0,1,0,0,0,15000
18.0,1.6,2,0.0266663747676612,1,8,1,1,1,0,2,14500
10.0,5.2,1,1.933348331042185,1,0,0,1,1,0,1,7599
12.0,0.1,0,0.1897831845976844,1,8,0,0,0,0,2,11999
10.0,0.1,1,1.2580021990054502,1,0,0,1,0,0,1,15000
8.0,0.0,1,1.6648151667232316,1,8,1,1,0,0,1,7499
6.0,0.0,1,0.1460624960802115,1,0,0,1,0,0,2,4999
13.0,5.0,1,0.2703576961816136,1,9,0,1,1,0,2,11000
14.0,0.0,1,2.206566330290312,1,9,0,1,1,0,0,8999
10.0,0.2,0,0.3040629863045241,1,8,0,0,0,0,2,9499
9.2,0.1,1,0.5392464765089513,1,8,0,1,0,0,1,6499
11.0,0.0,1,1.8135434899291327,1,8,0,1,1,0,1,6499
14.0,0.1,1,0.1247841351215739,1,9,0,1,0,0,1,5999
10.0,0.0,1,1.8944812640165336,1,0,0,1,1,0,2,9000
16.0,0.0,2,0.9215893608361152,1,5,1,1,1,0,2,15499
15.0,2.1,1,0.8005700359261856,1,8,0,1,1,0,2,15999
12.0,0.1,1,0.3040068575491215,1,8,0,1,1,0,2,8999
13.0,0.1,1,1.34235724831937,1,9,0,1,0,0,1,6499
12.0,0.0,0,2.5411481794079696,1,8,0,0,0,0,2,11999
40.0,43.0,0,0.5447176490082607,15,8,0,0,0,0,0,38000
5.5,0.0,1,0.247958056967703,1,8,0,1,0,0,1,4800
11.0,0.0,1,0.1067253377999506,1,8,0,1,0,0,1,8299
19.84,0.1,2,0.3284482222037877,1,9,2,1,0,0,2,23000
41.59,0.11,3,0.1749952394945022,15,9,2,2,1,0,3,30000
11.0,0.1,1,1.2588111496116217,1,9,0,1,1,0,2,8499
5.0,20.0,1,1.9232905493300388e-05,2,0,0,1,0,0,0,12000
11.0,0.1,1,1.0494086178160371,1,8,0,1,0,0,1,4499
14.0,0.0,1,4125.235541382809,1,8,0,1,0,0,0,6899
14.0,0.0,1,1.2804527245115316,1,8,0,1,1,0,0,8999
6.0,0.0,1,0.1692225644069192,1,8,0,1,0,0,0,4000
15.0,0.2,1,1.7106450110863671,1,8,0,1,0,0,1,10999
14.0,20.0,0,0.0,2,0,0,0,0,0,0,58800
49.0,20.0,0,0.5381967643937673,8,0,0,0,0,0,0,48999
12.0,0.0,1,0.8797488549620673,1,9,0,1,1,0,2,8499
13.0,0.1,0,0.2746034420258936,1,8,0,0,0,0,2,13500
13.0,0.1,1,0.6150921675165978,1,0,1,1,1,0,2,11999
10.0,1.1,1,0.0,1,8,0,1,1,0,0,12799
28.0,20.0,3,1.2498482119764345,8,9,2,2,0,1,0,38000
10.0,0.1,1,0.7095775819201368,1,0,0,1,0,0,1,5999
9.0,3.9,1,0.0876374976481269,1,9,0,1,1,0,0,4999
12.0,0.0,1,1.2588111496116217,1,9,0,1,1,0,2,8499
15.0,0.0,0,0.5265393819366703,1,9,0,0,0,0,1,15000
8.0,0.0,1,0.940445650423383,1,8,1,1,0,0,1,7499
10.0,0.1,1,1.789559839819035,1,0,0,1,1,0,2,5499
12.0,0.0,1,0.5138625224260002,1,8,0,1,1,0,2,8499
11.0,0.1,0,1.3190546164428272,1,9,0,1,1,0,1,7999
23.0,20.1,2,0.8963340038168124,8,9,1,1,1,1,0,37000
40.0,0.0,2,1.4303168284012884,1,9,2,1,1,0,0,22499
10.0,0.1,1,1.1102299828882294,1,8,0,1,1,0,2,9499
12.0,0.0,1,1.3807570567872485,1,8,0,1,0,0,0,6799
10.0,0.0,0,1.1533527468259668,1,0,0,0,0,0,1,4999
15.0,0.0,1,1.168869767701636,1,9,0,1,1,0,2,11999
10.0,0.0,1,2.4426738705722437,1,8,0,1,0,0,1,6899
15.0,0.0,1,0.8189467208246803,1,9,1,0,1,0,2,10999
13.0,0.0,1,0.4390627234236543,1,8,1,1,0,0,1,89999
20.0,0.1,2,0.9996014354259256,1,8,1,1,1,0,2,20000
13.0,0.0,1,1.862194752625168,1,9,0,1,0,0,0,7999
10.0,0.0,0,0.5737639927920541,1,0,0,0,0,0,0,13000
10.0,0.0,1,1.0638338255011544,1,0,0,1,0,0,1,6499
8.5,0.0,1,1.0268761040727967,1,9,0,1,0,0,1,7499
16.0,0.0,1,0.5434505728476854,1,9,1,1,1,0,3,13499
45.58,0.0,0,0.7715676778430404,1,7,0,0,0,0,1,330000
12.0,0.1,0,1.5975851396639922,1,8,0,0,0,0,2,10999
14.0,0.0,1,0.6544226076933841,1,8,0,1,1,0,2,7999
17.0,1.3,1,0.8063683566492277,1,9,1,1,1,0,2,17000
15.0,0.0,1,0.3390359137671343,1,8,0,1,0,0,1,12499
15.5,0.0,0,0.0649011606354228,1,6,0,0,0,0,1,12499
31.0,5.4,3,0.2739051213562684,1,9,2,2,1,1,2,27000
18.0,0.0,1,0.1081548507946809,1,8,0,1,1,1,2,14999
23.0,0.0,3,2.152041953738754,1,9,2,2,0,1,1,21499
10.0,0.1,1,0.965451822957554,1,0,1,1,1,0,2,12000
33.0,20.1,3,0.690219027556545,8,0,2,2,1,1,0,26000
10.0,1.1,1,1.4037467328599806,1,8,0,1,0,0,1,8499
15.0,0.0,0,0.7094891551781946,1,8,0,0,0,0,2,13999
18.0,0.0,1,0.9582397026536924,1,9,1,1,1,0,2,13499
10.0,0.0,0,0.8425328931914287,1,8,0,0,0,0,2,11000
12.0,0.1,1,0.0,1,8,0,1,0,0,1,9999
12.0,0.0,1,0.029839085188488,1,8,0,1,1,0,2,7499
13.0,0.1,1,0.820702504342103,1,9,0,1,1,0,2,10799
20.0,0.0,1,0.1612823332058269,1,8,1,1,1,0,2,15000
8.5,0.1,1,1.4896522219516857,1,8,0,1,0,0,1,3999
16.0,0.0,1,2.1619339351184608,1,8,0,1,1,0,2,13999
14.0,0.1,1,1.4065527397470072,1,9,0,1,1,0,0,7499
21.0,0.0,1,1.0040090097615455,1,9,1,1,1,0,0,15999
10.0,0.1,1,0.0493256159599568,1,9,0,1,1,0,1,8999
9.0,0.0,1,1.2588111496116217,1,9,0,1,1,0,2,8499
12.0,0.0,1,1.924534026841655,1,9,0,1,0,0,1,6499
12.0,0.0,1,0.9816030093040564,1,9,1,1,1,0,2,7499
13.0,0.0,0,0.6163852659530534,1,8,0,0,0,0,2,9999
15.0,0.0,1,0.0,1,9,1,1,1,0,2,11999
15.0,0.1,1,0.2542587720436358,1,8,0,1,1,0,2,14999
29.33,0.0,3,1.4302154680611596,1,0,2,2,0,0,0,25000
9.2,0.1,1,2.5688842861918406,1,8,0,1,1,0,1,5499
11.0,0.1,1,0.0,1,9,0,1,0,0,1,8599
12.0,0.0,1,0.9483748573740302,1,9,1,1,1,0,2,6999
5.0,0.1,1,1.815175256708348,1,6,0,1,1,0,2,5500
14.0,1.4,1,0.8778604277295501,1,8,0,1,1,0,2,12000
27.0,20.1,3,0.5564338564747476,1,6,1,2,1,1,0,22000
17.0,0.3,1,0.4889539035397615,1,9,0,1,1,0,0,14399
15.0,0.0,1,0.0,1,9,0,1,1,0,0,10999
12.0,0.0,1,1.941597528033474,1,9,0,1,1,0,2,11099
15.0,0.1,1,0.5625368240895466,1,8,0,1,1,0,2,11999
10.0,0.0,1,0.4141425126904215,1,9,0,1,1,0,2,6299
5.0,20.0,1,2.077162653737354,2,9,0,1,0,0,0,20500
12.0,0.1,0,0.2797216569100814,1,8,0,0,0,0,1,11500
13.96,0.0,0,1.5985615960730026,2,9,1,1,0,0,0,34000
9.0,0.0,1,0.8773189971927366,1,6,0,1,0,0,1,6199
20.0,0.0,0,0.2619925166361816,1,9,0,0,0,0,1,14000
9.0,0.0,1,0.6810252798160478,1,8,0,1,1,0,2,5999
5.0,20.0,1,0.9719669036379058,8,0,0,1,0,0,0,8500
10.0,0.1,1,0.0,1,9,0,1,1,0,0,11499
12.0,0.1,1,0.9422259694349358,1,8,1,1,0,0,0,5999
10.0,0.1,1,0.3509515983272341,1,9,0,1,1,0,2,9300
14.0,0.1,1,0.0410084948634391,1,9,0,1,1,0,2,9499
30.0,0.0,3,0.3823872363881404,15,0,2,2,1,1,0,16000
6.0,21.1,1,0.4587328158940314,1,0,0,1,0,0,1,5000
16.0,0.1,1,1.0048190845826994,1,9,0,1,1,0,0,12999
14.0,0.1,1,1.8397205033518975,1,8,0,1,0,0,1,6499
12.0,20.0,1,1.3822844675346462,8,0,0,1,0,0,0,15000
12.0,0.1,1,0.2221872255778844,1,8,0,1,1,0,2,10999
16.0,0.1,1,0.0493256159599568,1,9,0,1,1,0,2,8999
10.0,0.0,1,1.492058638165804,1,9,0,1,0,0,1,7799
167.68,37.0,0,0.3829274113185925,3,8,0,0,0,0,0,220000
10.2,0.6,1,0.542387718119683,1,8,0,1,0,0,1,6499
7.0,5.9,1,0.0,11,8,0,1,0,0,1,5500
10.0,0.0,1,0.5392464765089513,1,8,1,1,0,0,2,6499
13.0,0.1,1,0.5196116558684993,1,0,0,1,1,0,1,7499
12.0,0.0,0,0.8520035047125272,1,8,0,0,0,0,2,9999
15.0,5.4,1,1.273161413029143,1,9,0,1,0,0,1,13500
21.0,0.1,1,0.3655190037290515,1,0,1,1,1,0,2,17499
10.0,0.1,1,0.8827416239525896,1,8,0,1,1,0,1,7799
19.0,0.0,0,1.180293361542676,1,8,0,0,0,0,2,17900
7.0,0.0,1,1.0077693175746556,2,0,0,1,1,1,3,16000
7.0,0.7,1,0.0,1,8,0,1,0,0,0,5999
10.0,0.1,1,0.3716863478220362,1,8,0,1,1,0,2,5799
20.0,0.1,2,0.9192965105486176,1,9,1,1,1,0,2,18000
10.0,25.1,1,0.2623776571306789,1,9,1,1,1,0,2,8000
27.0,32.0,3,0.7101759565545069,11,6,2,1,1,1,3,25000
6.0,20.0,1,1.004810219309782,8,0,0,1,0,0,0,13000
10.0,0.1,1,0.8036471362785766,1,0,1,1,1,0,1,13500
16.0,0.1,1,0.0,1,9,1,1,1,0,2,16999
15.0,0.0,0,1.0103996491416234,1,8,0,0,0,0,1,30000
15.0,0.1,0,0.5485654237918896,1,8,0,0,0,0,1,14500
11.0,0.0,1,1.2973856269758617,1,8,1,1,1,0,2,12799
12.0,0.0,1,0.0,1,8,0,1,0,0,2,7499
13.0,0.1,1,0.9821159452283909,1,0,0,1,0,0,2,8499
10.0,1.3,1,0.1281849337657905,1,8,0,1,1,0,2,8800
15.0,0.0,1,0.0,1,9,1,1,1,0,2,12999
20.0,11.0,3,0.1102924781012681,1,9,2,2,1,1,1,25000
16.5,0.0,0,0.5847374538237462,1,8,0,0,0,0,2,13499
22.0,20.0,2,1.25715491299169,2,0,2,1,1,1,0,25000
9.0,0.0,1,0.3087814711837632,1,9,0,1,0,0,1,6000
10.0,0.0,0,0.1937940222976412,1,9,0,0,0,0,2,8799
8.0,0.0,1,1.3139486822654924,1,9,0,1,0,0,2,7499
9.0,0.1,1,0.8598366381946381,1,6,1,1,0,0,2,7599
15.0,5.4,1,1.5160798425135873,1,8,0,1,1,0,1,13500
14.0,0.0,1,1.320273493164381,1,9,0,1,0,0,1,9499
20.0,0.0,2,0.0630158517880608,1,9,1,1,0,0,1,18499
11.5,0.1,0,0.4482399392269963,1,8,0,0,0,0,1,8300
53.0,0.0,3,0.6105004981211154,1,9,2,2,1,1,2,32000
14.0,5.4,1,1.2048683032474312,1,0,0,1,1,0,2,12000
18.0,0.0,2,0.772828633188694,1,8,1,1,1,0,2,21999
13.0,0.0,1,0.0,1,9,0,1,1,0,2,11499
15.0,0.1,1,0.0684640337269654,1,9,0,1,1,0,2,11499
22.0,20.0,2,1.25715491299169,2,0,2,1,1,1,0,25000
12.0,20.0,1,0.2319946084095225,2,9,0,1,0,0,0,17000
10.0,0.0,0,0.2310353894283311,1,9,0,0,0,0,1,10999
12.0,0.0,1,0.8916982902616868,1,9,0,1,1,0,2,10999
53.39,11.4,3,0.1685771210003122,8,9,2,2,1,1,3,25000
28.0,0.0,2,0.0861289525428723,1,9,1,1,1,1,3,20499
26.0,0.1,4,0.8840800460695968,1,9,2,2,1,1,2,28000
11.0,1.1,1,0.365790656519435,1,9,0,1,1,0,0,6599
15.5,0.0,0,0.0,1,8,0,0,0,0,2,12499
8.0,0.1,0,0.0,1,5,0,0,0,0,1,5999
40.0,26.0,0,0.4206557223357209,14,8,0,0,0,0,0,45000
33.75,0.0,3,1.0933200870902546,1,9,2,2,1,1,0,19999
8.0,0.1,1,1.4057908547964053,1,9,0,1,0,0,1,4499
12.0,0.0,1,0.2905305908804468,1,8,0,1,0,0,1,6999
8.0,0.0,1,1.1533527468259668,1,0,0,1,0,0,1,4999
5.0,20.0,1,2.6394720791894366e-05,2,0,0,1,0,0,0,10000
16.0,0.1,0,0.1937330233716301,1,8,0,0,0,0,0,12500
16.0,0.0,1,1.1404300073909115,1,9,0,1,1,0,0,10999
19.0,0.0,0,0.5650228417119487,1,8,0,0,0,0,2,16999
40.0,0.0,3,0.5836610932958476,1,9,1,2,1,1,2,20499
8.84,35.0,1,1.1865986660460932,8,0,0,1,1,1,2,5500
12.0,0.0,1,0.8223189669181231,1,9,0,1,1,0,2,13999
6.0,31.0,1,1.0608137757362723,8,0,0,1,0,0,0,7500
16.0,0.0,0,0.0,1,9,0,0,0,0,1,15499
10.0,2.8,1,2.4533322368025026,1,8,0,1,0,0,1,6000
18.0,0.1,1,1.917361111111113e-05,1,9,0,1,1,0,0,11999
16.0,0.1,0,2.4715463663967934,1,8,0,0,0,0,2,12999
8.7,0.1,1,0.2530000396522059,1,8,0,1,0,0,1,5199
10.0,0.7,1,0.0187810906346055,1,6,0,1,1,0,2,10500
9.0,0.0,0,0.4077650063851945,1,8,0,0,0,0,1,7299
7.0,0.1,1,1.7956225545460391,1,8,0,1,0,0,1,5999
16.0,0.0,1,0.8870982655765383,1,9,1,1,1,0,2,11499
13.0,0.0,1,0.8107801709231184,1,0,1,1,1,0,2,12499
15.0,0.1,1,0.098224169502905,1,8,1,1,1,0,2,16999
14.0,0.0,1,0.3318740641416591,1,9,0,1,1,0,2,12000
12.0,0.0,1,0.2563166238072951,1,6,1,1,1,1,0,17000
16.0,0.1,1,0.1282479021095869,1,9,1,1,1,0,2,9999
12.0,0.0,1,2.58094603988757,1,9,0,1,1,0,2,10499
11.0,0.1,1,1.8428207438821436,1,8,0,1,1,0,1,7499
30.0,0.0,3,0.3823872363881404,15,0,2,2,1,1,0,16000
11.0,0.1,1,1.385269705057246,1,0,0,1,0,0,1,9500
14.0,0.1,1,0.3346619738053415,1,8,1,1,1,0,2,14000
8.0,0.0,1,0.0,1,9,0,1,1,0,2,8099
12.0,0.0,1,0.8246345330385274,1,8,0,1,1,0,2,10800
8.0,0.0,1,0.0,1,9,0,1,0,0,1,11000
13.0,0.0,1,1.5993312996741251,1,9,0,1,1,0,0,9499
14.0,0.1,1,0.0,1,9,0,1,1,0,1,10499
11.0,0.0,0,0.4155226229816027,1,8,0,0,0,0,2,7999
16.0,0.1,1,0.9069873465290016,1,9,0,1,0,0,0,8999
10.0,4.3,1,0.1870806284159684,1,8,1,1,0,0,1,5499
9.0,0.1,1,0.3498318950051722,1,8,0,1,0,0,1,7500
15.0,0.1,1,2.5440679207094723,1,8,0,1,1,0,2,11999
15.0,0.1,1,0.1912625924977916,1,9,0,1,1,0,2,8999
13.0,0.1,0,0.4394588045721874,1,9,0,0,0,0,1,10999
38.0,0.0,3,0.5046116369643826,1,9,2,2,1,0,0,21999
11.0,0.0,1,0.1837005836363058,1,8,0,1,1,0,2,8799
10.0,0.0,1,1.6564814093925455,1,8,0,1,0,0,1,6499
54.35,0.0,3,0.2374082688844208,1,9,2,2,0,0,0,28000
7.0,20.0,1,1.2707593233922825,2,0,0,1,0,0,0,14000
12.0,0.0,1,1.151746270990343,1,9,0,1,1,0,0,6999
8.0,0.0,1,0.894077902860073,1,0,0,1,1,0,2,12500
12.0,0.0,1,1.5998131454844506,1,0,0,1,1,0,2,7999
12.0,0.0,0,1.0668940980522086,1,0,0,0,0,0,2,5499
15.0,0.1,1,0.143672373125296,1,9,1,1,0,0,1,15500
52.51,0.1,3,0.2528768024785982,1,9,2,1,1,1,2,28499
10.0,0.0,1,1.5433967114062022,1,8,0,1,1,0,1,6499
10.0,0.1,1,0.6611229062238396,1,6,0,1,1,0,2,9999
10.23,0.0,1,0.0,1,8,0,1,0,0,1,5499
36.0,20.0,3,1.0919189489962302,2,9,1,1,1,1,0,58000
10.0,0.1,1,1.0621384183067082,1,8,0,1,0,0,1,5699
13.0,0.1,1,0.4925782759349824,1,9,0,1,1,0,2,8499
700.0,0.0,0,0.0115002991057971,1,4,0,0,0,0,0,238000
9.0,0.0,1,0.1591562416104089,1,9,0,1,0,0,1,6499
15.0,2.7,1,0.0518015905599296,1,9,1,1,1,0,1,15999
15.0,0.0,1,3053.3003882809744,1,8,0,1,1,0,0,8499
10.0,0.1,1,0.0,1,8,1,1,0,0,0,5799
10.0,0.1,1,1.6422861173203762,1,0,0,1,0,0,1,5999
10.0,0.0,0,0.0,1,9,0,0,0,0,2,12000
10.0,0.0,0,0.0890184400694166,1,8,0,0,0,0,2,9499
18.0,0.1,2,1.0620823703162474,1,8,1,1,1,0,0,19999
8.0,0.0,1,0.777263216450134,1,8,1,1,1,0,2,7799
12.0,6.9,1,1.8158615650248124,1,8,0,1,0,0,2,3999
10.0,0.0,1,0.9961048830186752,1,0,0,1,1,0,2,6999
10.0,0.0,1,0.0,1,8,1,1,0,0,0,4999
16.0,0.1,1,0.5380892986536913,1,8,0,1,1,0,0,12999
31.0,20.0,0,0.7624535625797605,2,9,0,0,0,0,0,58000
16.0,0.0,0,0.3073029717873769,1,9,0,0,0,0,1,7999
16.0,0.0,1,0.0,1,9,1,1,1,0,2,14999
20.0,20.0,0,1.0048675592227407,8,0,0,0,0,0,0,68800
20.0,20.0,2,1.826261146739989,2,0,2,1,0,1,0,32000
6.0,20.0,1,0.7863095033259084,8,0,0,1,0,0,0,13800
10.0,0.0,0,0.1502504014028765,1,9,0,0,0,0,2,10499
7.0,1.4,1,0.3631569027763482,1,9,0,1,1,0,1,7000
8.0,6.5,1,1.4910853400778945,1,8,0,1,0,0,1,5199
10.0,20.0,1,1.3195690534967524,8,9,0,1,0,0,0,22800
20.0,11.0,3,0.1102924781012681,1,9,2,2,1,1,1,25000
16.0,0.1,1,0.0,1,9,1,1,1,0,2,12499
12.0,0.0,0,1.3770906659841,1,8,0,0,0,0,1,8999
10.0,35.0,1,2.773843229087908e-05,2,9,1,1,0,0,0,12000
20.0,0.0,2,0.5839496140287327,1,8,1,1,1,0,2,18999
38.0,20.0,3,0.4135698244764614,8,0,2,2,1,1,0,35000
10.0,0.0,1,1.8925992777354823,1,9,0,1,0,0,1,6999
105.47,22.6,0,0.4072557251602754,15,9,0,0,0,0,2,120000
10.0,0.0,1,1.1692016435708774,2,0,1,1,1,0,3,23800
9.0,0.0,0,1.1942979512631433,2,0,1,1,1,1,2,24500
20.0,0.0,1,2.1619339351184608,1,9,1,1,1,0,0,13999
15.0,0.0,1,0.322126471575228,1,0,1,1,1,0,2,8999
9.2,0.0,1,1.1204972551471812,1,0,0,1,1,0,1,6299
5.0,0.1,1,0.0744917465517714,1,8,0,1,1,0,1,8999
8.0,3.3,0,0.1703413975774348,1,9,0,0,0,0,1,3999
16.0,0.0,1,0.8180862830507519,1,8,1,1,1,0,2,14500
9.0,0.1,1,1.4140020462641762,1,9,0,1,0,0,0,7999
10.0,0.1,1,1.0668940980522086,1,8,0,1,1,0,2,5499
13.0,0.1,1,0.1219403228827845,1,9,0,1,1,0,2,13499
12.0,0.1,1,0.9359235463362968,1,8,0,1,1,0,2,6999
14.0,0.1,1,0.502190665973889,1,2,0,1,0,0,1,12000
13.0,0.1,0,0.0885847796831877,1,8,0,0,0,0,0,8999
13.0,0.1,1,0.8246434527423052,1,8,1,1,1,0,2,10799
11.0,3.1,0,1.4037467328599806,1,8,0,0,0,0,0,8499
10.0,0.0,1,0.5308698322136666,1,0,0,1,0,0,2,6499
5.0,20.0,1,0.1849134029025724,8,0,0,1,0,0,0,10000
14.0,3.4,1,1.2237084148791877,1,9,0,1,1,0,2,13000
12.0,0.0,1,0.0,1,8,0,1,0,0,0,7499
10.0,7.8,1,2.5688842861918406,1,8,0,1,0,0,1,5499
10.0,0.1,0,0.8392074330744145,1,9,0,0,0,0,2,8499
12.0,0.0,0,1.876745224968924,1,8,0,0,0,0,1,7500
25.0,0.1,2,0.3359438916739241,1,9,1,1,1,0,2,23999
15.0,0.1,1,1.525114828179542,1,9,0,1,1,0,2,13999
10.0,0.0,0,0.5746665634647473,1,9,0,0,0,0,2,8500
15.0,0.0,1,0.2546153605860042,1,9,0,1,1,0,2,10299
12.0,0.0,0,0.1956226672006901,1,9,0,0,0,0,2,11999
110.0,0.3,0,0.009489322474787,7,4,0,0,0,0,0,36000
15.0,0.1,1,1.2489795867047844,1,9,0,1,1,0,2,11499
8.0,0.1,1,0.3128923580109848,1,6,0,1,1,0,1,8800
43.0,2.1,3,0.3839193908905464,1,9,2,2,1,0,2,33000
12.0,0.0,1,1.5993312996741251,1,9,0,1,1,0,2,9499
12.0,0.0,1,0.2969603409834133,1,8,1,1,1,0,2,8999
10.0,0.0,0,0.0890184400694166,1,8,0,0,0,0,2,9499
11.0,20.0,2,0.2830523049617396,2,0,1,1,0,1,0,26000
11.0,0.0,1,0.7590104986491311,1,9,1,1,1,0,1,8999
10.0,0.0,1,0.080531617893807,1,8,0,1,0,0,1,8999
5.0,20.0,1,0.8251512065007265,2,0,0,1,0,0,0,10000
10.0,0.0,1,1.0668697916342351,1,8,0,1,1,0,2,5500
14.0,0.6,1,1.3355682857428488,1,9,0,1,1,0,2,13000
17.0,0.0,1,0.0700737912360681,1,8,1,1,1,0,2,11999
15.0,0.1,1,1.309487926971188,1,9,0,1,0,0,1,8499
32.0,0.0,1,1.7245875176711438,1,9,1,1,1,0,0,22999
11.0,0.1,1,0.0496632418123747,1,8,0,1,0,0,1,8499
12.0,5.0,1,1.1978919788414852,1,8,1,1,0,0,2,9000
15.0,0.0,1,1.525114828179542,1,9,0,1,0,0,2,13999
10.0,0.0,1,1.0638338255011544,1,0,0,1,0,0,1,6499
15.0,0.1,1,0.2746057664919399,1,8,0,1,1,0,2,13499
8.0,0.1,0,0.6873405446114371,1,0,0,0,0,0,1,4799
10.0,0.0,0,0.6249807837417485,1,8,0,0,0,0,2,12300
24.0,0.8,3,0.3254973134208156,1,9,2,2,1,0,0,25000
13.0,0.1,1,1.4395578469355184,1,8,0,1,1,0,2,9999
7.0,0.0,1,0.8097337869966582,1,6,0,1,1,0,2,12000
25.0,0.1,2,0.0,1,9,2,1,1,0,2,26000
9.0,3.6,1,4021.538461538461,1,8,0,1,0,0,1,6500
15.0,0.0,1,0.0261727758154872,1,9,0,1,1,0,2,8999
35.0,0.0,0,0.1870924261367117,15,4,0,0,0,0,0,17000
18.0,0.1,0,1.554963161863877,1,8,0,0,0,0,2,14999
12.0,0.0,0,0.0,1,9,0,0,0,0,2,8999
14.0,0.1,1,0.0,1,8,0,1,1,0,2,10999
16.0,0.0,1,0.9487158959308072,1,9,1,1,1,1,2,11499
15.0,0.1,1,1.541944065496868,1,9,0,1,0,0,2,12999
10.0,3.1,1,1.026270875881884,1,8,0,1,0,0,1,5499
15.0,0.0,1,0.5557409091415434,1,9,0,1,1,0,0,9999
46.0,0.0,3,0.7177120244680413,11,9,2,2,1,1,4,35600
12.0,0.0,1,0.2932766336358003,1,8,0,1,1,0,1,10000
13.0,0.1,0,1.5189234911139624,1,9,0,0,0,0,2,11499
800.0,0.0,0,0.0914579865779502,1,4,0,0,0,0,0,468000
5.0,0.0,4,1.431336479755688,2,0,0,2,1,1,1,8000
46.0,33.0,0,0.6262952833359445,11,9,0,0,0,0,2,36000
30.0,0.1,3,0.2690072044032658,1,9,1,2,1,0,0,24999
12.0,0.0,1,1.1031542629316462,1,8,0,1,1,0,2,10499
14.0,0.1,1,0.6559685457376375,1,9,0,1,1,0,2,11999
10.0,4.0,0,1.0932049351492747,1,8,0,0,0,0,0,7300
12.0,0.1,1,0.0,1,9,0,1,1,0,2,11999
30.0,20.0,3,0.6298405939433701,8,0,2,2,1,1,0,28000
12.0,0.0,1,2.0332468085634714,1,9,1,1,1,1,1,12499
10.0,0.0,0,0.0,1,8,0,0,0,0,0,9999
12.0,0.1,1,0.1334445913511448,1,8,0,1,1,0,2,10500
33.0,0.1,3,0.0,1,9,2,2,1,0,0,24999
11.0,0.1,1,0.9841430163227736,1,9,0,1,1,0,2,8499
6.0,0.0,1,0.3644466547811394,1,6,0,1,0,0,1,6800
40.0,0.1,3,0.1318348189360104,1,9,2,2,1,1,2,22000
20.0,0.0,2,0.9192965105486176,1,8,1,1,1,0,2,18000
69.0,20.0,0,1.1835617157463847,8,9,0,0,0,0,0,65000
14.0,20.1,1,0.0,8,0,0,1,1,1,0,16000
69.0,20.0,0,0.7806470891093175,8,9,0,0,0,0,0,65000
16.0,0.4,1,0.8660570094662798,1,8,0,1,1,0,2,13500
15.0,0.1,1,0.120952003612757,1,9,0,1,0,0,1,14499
10.0,0.0,0,1.0811888417765203,1,8,0,0,0,0,1,6999
15.0,0.2,1,0.2896335377610661,1,9,1,1,1,0,3,12499
14.0,0.0,1,1.4634179217466043,1,8,0,1,1,0,0,9999
24.0,30.1,3,0.0,1,9,2,1,1,1,3,26000
6.0,37.0,0,0.7058473876772662,11,8,0,1,0,0,1,15000
42.35,24.5,3,0.568783338361603,8,9,1,3,1,1,1,26000
12.0,0.0,1,2.493375035306121,1,6,0,1,0,0,1,6999
13.0,0.0,1,0.0,1,9,0,1,1,0,2,12000
6.0,0.0,1,1.020632007170474,1,0,0,1,1,0,1,5699
15.0,0.0,0,0.2276648804891116,1,9,0,0,0,0,2,9999
26.0,0.1,0,0.270184783618464,1,9,0,0,0,0,0,28000
13.0,0.1,1,0.0261727758154872,1,6,0,1,1,0,1,8999
6.0,0.1,1,0.2150938828659559,1,0,0,1,0,0,0,2999
8.0,0.1,0,0.1815816193002793,1,8,0,0,0,0,1,6999
10.0,3.2,1,1.088302821574214,1,0,0,1,1,0,2,4699
11.0,0.2,0,0.3390359137671343,1,8,0,0,0,0,2,12499
26.0,0.0,2,0.7736228881412829,1,9,1,1,1,0,2,23499
7.0,20.0,1,2.418936491727806,2,0,0,1,1,0,0,9000
8.0,6.7,1,0.2415953155183227,1,8,0,1,0,0,1,3999
7.0,0.0,1,0.1455414386454747,1,6,0,1,1,0,2,6500
13.0,0.0,1,1.296397398069003,1,8,0,1,0,0,1,9999
12.0,0.0,1,0.0,1,9,0,1,1,0,1,9999
11.0,2.0,1,0.8900278857945584,1,9,0,1,0,0,1,7499
32.0,0.0,1,1.7245875176711438,1,9,1,1,1,0,0,22999
54.57,0.2,3,0.2712382900052846,1,9,2,2,1,1,2,26999
10.0,2.1,1,0.953606184054162,1,8,0,1,1,0,2,11499
20.0,0.0,0,0.0,1,8,0,0,0,0,1,30000
20.0,0.0,1,0.6688523667565792,1,9,0,1,1,0,0,14999
10.0,0.0,1,1.479018015864068,1,8,0,1,0,0,0,4999
16.0,0.0,1,0.848774275352762,9,9,1,1,0,0,0,13500
11.23,0.0,1,1.782561424387907,1,8,0,1,1,0,2,7999
10.0,0.0,1,1.9816192143883415,1,0,0,1,1,0,2,5799
20.81,3.0,0,0.0932554286384706,3,8,0,0,0,0,0,25000
15.0,0.0,1,0.1270955859065201,1,9,0,1,1,0,2,10799
10.0,0.0,1,0.4889500475874569,1,9,0,1,1,0,2,14400
32.0,5.4,3,1.628874719593534,1,9,2,2,1,1,2,32000
18.27,11.0,2,0.215255303034495,8,9,2,1,1,1,0,24000
23.0,0.0,2,2.4708047068980563,1,8,1,1,1,0,2,15499
20.0,0.1,2,0.6975722546636441,1,8,1,1,0,0,0,15499
14.0,0.1,1,0.0477819364506631,1,8,0,1,1,0,2,11799
12.0,0.0,1,0.0,1,9,0,1,1,0,2,6999
25.0,0.0,2,0.1718031539881389,1,9,1,1,1,0,0,20999
10.0,2.5,1,2.4721571476458912,1,9,0,1,0,0,1,6499
6.0,0.2,0,1.994191295344702,1,8,0,0,0,0,1,4299
8.0,0.0,1,1.060158182362123,1,9,0,1,1,0,2,8499
13.0,0.1,1,0.0,1,9,0,1,1,0,2,9999
13.0,0.1,0,0.8615225455735219,1,8,0,0,0,0,2,13999
10.0,0.0,0,0.4991816194987268,1,9,0,0,0,0,0,10500
10.0,0.0,1,0.1577166064779568,1,9,0,1,0,0,1,6999
8.0,0.0,1,1.6966585059982726,1,8,0,1,0,0,1,8499
15.0,0.1,1,0.0,1,9,1,1,0,0,1,13999
10.0,0.0,1,1.4426582779275718,1,8,0,1,0,0,0,4199
30.0,0.0,3,0.504609134548178,1,9,2,2,0,0,2,22000
11.8,0.0,1,1.7528128187883192,1,8,0,1,1,0,2,6499
14.0,0.1,1,0.0255613622346238,1,2,0,1,1,0,1,10999
15.0,0.0,1,0.4417262904110365,1,8,1,1,1,0,2,15999
10.0,6.4,1,1.480609544892093,1,9,0,1,0,0,1,5499
7.0,20.1,1,0.8646095640500316,8,0,0,1,0,0,0,16000
27.0,20.0,3,0.4153105619601613,8,0,1,1,0,0,0,23000
15.0,0.0,0,0.3503125378380605,1,8,0,0,0,0,2,8999
10.0,0.0,1,1.127386080856151,1,0,0,1,0,0,1,4999
10.0,0.1,1,1.8915688528370056,1,8,0,1,0,0,0,3999
11.0,0.0,0,5229.045809161832,1,8,0,0,0,0,1,4999
12.0,0.0,1,0.217790170043897,1,9,0,1,0,0,2,7899
7.0,15.0,0,0.0186766407142121,3,6,0,0,0,0,0,7000
4.0,0.0,1,0.4874296255983334,8,0,0,0,0,0,0,5800
7.0,20.0,1,0.8234886189568105,2,9,0,1,0,0,0,15000
15.0,0.0,1,1.8903774390664292,1,9,1,1,1,0,2,13999
12.0,0.1,1,0.8340647301155482,1,8,0,1,1,0,0,12000
12.0,0.1,1,0.7336886631295616,1,8,0,1,1,0,2,10000
5.0,0.1,1,1.4651782896687215,8,0,0,1,0,0,0,7500
11.0,0.1,1,1.2588111496116217,1,9,0,1,1,0,2,8499
8.0,0.0,0,0.4798061983045101,1,9,0,0,0,0,1,12000
13.0,0.5,1,2.5698727920681383,1,9,0,1,1,0,0,11000
10.52,0.0,1,1.3590300944481033,1,9,0,1,1,0,2,9999
22.0,20.0,3,0.5567632995111313,8,0,1,2,1,0,0,20000
11.0,0.1,1,1.2323526070853783,1,9,0,1,1,0,2,11499
10.0,0.0,1,0.3850797688396111,1,8,1,1,1,0,2,9499
12.0,0.1,0,0.0727515694370064,1,8,0,0,0,0,2,10999
51.9,0.1,0,1.252336610806176,1,9,0,2,0,0,0,66000
15.0,0.0,1,0.8186342318495728,1,0,1,1,0,0,0,11499
7.0,0.0,1,0.726673892615946,1,9,1,1,1,0,2,6499
10.0,0.0,1,1.1902465582315254,1,9,0,1,1,0,2,9499
7.0,0.1,1,0.378680545393141,1,8,0,1,1,0,2,4999
15.0,0.0,1,1.0530867051061037,1,9,0,1,0,0,1,14999
10.0,0.1,1,1.1426162797955184,1,0,0,1,0,0,1,4499
12.0,0.0,1,1.924534026841655,1,9,0,1,0,0,1,6499
18.0,0.1,2,0.4226337016021051,1,9,1,1,1,1,1,13999
12.0,0.0,1,0.3896698637392301,1,8,0,1,0,0,1,3999
10.0,0.0,0,0.0,1,9,0,0,0,0,1,9000
18.0,0.1,2,0.275909029126743,1,9,2,2,1,0,3,26000
30.0,0.0,3,0.1068949430870485,8,0,2,1,0,1,2,18000
20.0,0.0,2,0.8287136900314199,1,8,1,1,1,0,2,20000
14.0,0.0,1,1.4833013174225094,1,9,0,1,1,0,2,9999
12.0,0.0,1,0.347955328042475,1,8,0,1,1,0,2,10000
16.0,0.0,0,0.5848735849370059,1,8,0,0,0,0,2,18999
15.0,0.1,0,0.1262595625419964,1,9,0,0,0,0,1,9999
50.0,20.1,4,0.9316575995708746,8,0,2,1,0,1,0,25000
6.0,0.1,1,0.0493256159599568,1,9,0,1,1,0,1,8999
11.0,0.0,1,2.5161345301961355,1,8,0,1,1,0,2,6499
3.0,0.1,1,0.3902111856686589,1,8,0,1,1,0,2,8499
10.2,2.0,1,1.3248775367133825,1,8,0,1,0,0,1,3999
51.65,30.0,3,0.7259354067315278,1,9,2,2,1,1,3,26000
17.0,0.1,1,0.1219403228827845,1,9,0,1,1,0,0,13499
15.0,0.0,1,0.045490936590385,1,9,0,1,1,0,2,18199
12.0,0.1,1,0.6500174497900052,1,9,0,1,1,0,0,8799
13.0,0.0,1,0.0,1,9,0,1,1,0,2,9999
11.0,0.1,1,0.3850797688396111,1,9,0,1,1,0,2,9499
373.29,0.1,0,0.2513803923917587,1,4,0,0,0,0,0,240000
16.0,20.0,1,1.704601633093583,8,9,2,1,1,1,0,25000
13.0,0.1,1,0.9582397026536924,1,8,0,1,1,0,2,13499
10.0,0.1,0,1.3690426594173004,1,8,0,0,0,0,2,10500
11.0,0.0,1,0.0,1,9,0,1,0,0,1,5999
10.0,0.0,1,0.0477201496221718,1,8,0,1,1,0,2,9999
171.77,22.2,0,0.0,15,8,0,0,0,0,3,420000
12.0,0.0,1,0.3850797688396111,1,8,0,1,1,0,2,9499
11.0,1.9,1,1.060158182362123,1,9,0,1,1,0,2,8499
18.0,0.0,0,0.4889539035397615,1,9,0,0,0,0,2,14399
13.0,0.0,1,0.6412330074794383,1,9,0,1,1,0,2,8999
18.0,0.0,1,0.844193364507256,1,9,0,1,1,0,2,23000
8.0,0.2,0,1.1532369492024872,1,8,0,0,0,0,1,9999
8.0,0.0,1,0.619559313127937,1,8,1,1,1,0,1,6800
15.0,0.0,1,0.9217536217911272,1,8,0,1,0,0,2,13499
8.0,20.0,1,0.5051103791481557,8,9,0,1,0,1,0,12000
20.0,0.1,1,1.5060135146423186,1,9,1,1,1,0,0,15999
16.0,0.3,2,0.2984408661242687,3,9,2,1,1,0,0,19000
24.3,43.0,3,0.1215029631794938,11,0,2,1,1,0,1,13000
24.0,4.1,2,0.5748688818157422,1,9,1,1,1,1,2,31000
20.0,0.0,1,0.5651006471970196,1,9,0,1,1,0,0,14000
57.1,13.0,2,0.7898031494586627,1,9,2,2,1,0,2,95000
10.0,0.0,1,0.0,1,6,0,1,1,0,2,9500
6.0,0.0,1,0.1665575532514119,1,8,0,1,0,0,0,5555
8.0,0.0,1,1.862194752625168,1,9,0,1,0,0,1,7999
15.0,0.1,0,1.267243517095314,1,8,0,0,0,0,0,10499
10.0,2.7,1,0.2305217562210225,1,9,0,1,1,0,2,8999
25.0,0.0,2,0.8802698649732289,11,8,1,1,1,0,2,17000
9.0,0.1,1,0.2919888702032884,1,8,0,1,0,0,0,7999
19.0,0.1,2,0.89184104493546,1,9,1,1,1,1,2,19499
18.0,6.0,1,0.3674921102877253,1,9,1,1,0,0,1,16300
9.0,0.1,1,1.2637335825949232,1,0,0,1,0,0,1,5799
8.0,0.0,1,0.0995363657128558,1,8,0,1,1,0,0,5000
9.0,0.1,1,1.4407828187889649,1,8,0,1,0,0,1,6499
72.27,0.0,4,0.1934868549411333,15,8,2,4,1,0,0,50000
12.0,0.0,1,1.5250564483419098,1,8,0,1,0,0,1,9999
13.0,1.4,1,2995.7894736842104,1,9,0,1,1,0,2,9500
13.0,0.1,1,0.3219806932966019,1,9,0,1,1,0,2,8799
9.0,7.7,1,2.4963029026696164,1,9,0,1,0,0,1,8500
10.0,0.1,1,1.7090537367842824,1,0,0,1,1,0,2,7999
10.0,0.1,1,1.850494673074522,1,0,1,1,0,0,1,5499
26.0,2.0,2,0.4800463452610287,1,9,1,1,1,1,4,24000
40.0,0.0,3,1.8715587316311373,1,6,1,1,1,0,2,23999
25.0,21.1,3,0.0,8,0,2,1,1,1,0,25000
10.0,0.0,1,0.0,1,8,0,1,0,0,1,6100
6.0,20.0,1,0.3020293402336766,8,0,0,1,0,0,0,8500
16.0,4.0,1,0.1248560996911452,1,9,0,1,0,1,1,11000
13.0,0.0,0,0.9667277866244344,1,8,0,0,0,0,2,12500
13.0,0.0,1,2.338712782503773,1,9,0,1,1,0,1,11999
14.0,0.1,1,1.0084678694553653,1,8,0,1,1,0,2,8499
12.0,0.0,0,0.0,1,9,0,0,0,0,2,9999
9.0,0.0,0,1.1978919788414852,1,8,0,0,0,0,1,9000
10.0,0.0,0,0.6213377281647035,1,8,0,0,0,0,2,10999
12.0,0.0,1,0.6617548993274897,1,8,0,1,1,0,2,6499
10.0,3.6,1,0.102893397201683,1,9,0,1,1,0,2,7499
14.0,0.1,1,0.7325651608785305,1,8,0,1,0,0,1,11499
8.9,0.0,1,1.7574888749477262,1,8,0,1,0,0,1,5499
16.0,0.0,1,1.457033497814737,1,8,1,1,1,0,2,10499
6.0,20.0,1,0.8606820212617888,8,0,0,1,0,0,0,11500
9.0,5.2,0,0.3086801916050491,1,8,0,0,0,0,2,7499
15.0,0.0,0,0.8071339479805368,1,9,0,0,0,0,2,12999
40.0,0.1,2,1.194028362167511,1,9,1,1,1,0,2,19500
9.5,0.1,1,1.2041426174471728,1,0,0,1,1,0,1,6499
9.0,2.2,1,0.1250836523100512,1,6,0,1,0,0,1,6299
10.32,0.0,1,0.9504396529748472,1,8,0,1,0,0,2,3799
18.5,0.1,1,0.806373658204801,1,9,1,1,1,1,2,16999
10.0,2.8,1,1.812496409392223,1,9,1,1,0,0,2,6499
37.0,2.1,3,0.568783338361603,1,9,2,2,1,0,2,26000
15.0,0.1,1,0.123021602995503,1,9,0,1,1,0,2,12499
15.0,0.1,1,0.1216558875626182,1,8,0,1,1,0,2,11999
10.0,2.1,1,1.1198759802482208,1,8,0,1,0,0,1,11499
15.0,0.1,1,0.8100534176785136,1,9,0,1,1,0,2,15499
15.0,0.0,1,0.0,1,9,0,1,1,0,2,12699
15.0,0.0,1,1.261601455636169,1,9,0,1,1,0,2,9999
8.0,0.1,1,0.1168499968641692,1,9,0,1,0,0,1,4999
13.0,0.0,0,2.1654747986146043,1,8,0,0,0,0,2,11999
11.0,0.0,0,0.5199437357091481,1,9,0,0,0,0,1,8499
15.0,0.3,0,0.4228354976515284,1,9,0,0,0,0,1,50000
12.0,3.5,1,0.62774437982311,1,9,0,1,1,0,1,11999
8.0,0.0,1,2.1648339950123425,1,8,0,1,0,0,1,7800
40.0,21.0,4,0.5362622401235548,11,9,2,2,1,1,4,32000
35.0,0.1,2,0.1509281375405361,1,9,2,1,1,0,2,22000
12.0,0.0,1,1.151746270990343,1,9,0,1,1,0,0,6999
28.0,4.7,0,0.1054163581986793,1,9,0,0,0,0,1,28000
9.0,0.0,1,0.8947799199095176,1,0,0,1,0,0,1,5499
16.0,0.0,1,1.948164686056455,1,8,0,1,0,0,1,13499
10.0,0.0,0,1.4567803056555535,1,7,0,0,0,0,1,15750
15.0,0.0,1,0.8624787304187757,1,2,1,1,1,0,2,13999
14.0,0.0,0,0.6267711327226091,1,9,0,0,0,0,2,11999
10.0,0.2,1,0.0,1,6,0,1,1,0,3,10500
13.0,0.0,1,0.6194987909824402,1,8,0,1,1,0,2,7699
15.0,4.6,2,0.379716725808395,1,8,1,1,0,0,1,12500
14.0,0.0,1,0.3480721027433368,1,8,0,1,1,0,2,9499
16.0,0.1,1,0.7917210518700069,1,9,0,1,1,0,2,13999
10.0,0.0,1,2.102283522636616,1,8,0,1,0,0,1,4299
15.0,0.0,1,0.0,1,9,0,1,1,0,2,12699
15.0,1.3,1,1.0004782747936405,1,9,0,1,0,0,0,13500
10.0,0.0,1,0.1518414424022808,1,9,0,1,1,0,2,9600
12.0,0.0,1,0.1937940222976412,1,9,0,1,1,0,2,8799
10.0,0.3,1,0.3461360986215246,1,9,0,1,1,0,2,14000
10.0,0.1,1,0.0,1,8,1,1,1,0,1,6499
14.0,0.1,1,0.493256159599568,1,8,0,1,1,0,0,8999
9.0,20.0,2,3.7324382144991218e-06,2,9,1,1,1,0,0,30900
6.0,0.1,1,0.183869342846782,1,8,0,1,1,0,0,5500
16.0,0.0,1,0.0,1,9,1,1,1,0,2,11499
42.0,0.1,3,0.0053574568762474,1,9,2,2,1,1,3,26000
14.0,0.0,1,0.5083558379546568,1,9,0,1,1,0,0,8999
7.0,6.3,1,0.3829898089322719,1,9,0,1,0,0,1,3999
8.0,0.0,1,2.0212982539279625,1,0,0,1,0,0,1,5299
6.0,8.2,1,1.7702427304535155,1,9,0,1,0,0,1,5999
7.0,0.0,1,0.4263251479235496,1,0,0,1,1,0,2,4799
35.36,0.0,3,0.2636259232664457,15,9,2,2,1,1,0,25000
17.0,0.0,1,0.9456591202670936,1,9,1,1,1,0,2,14000
22.0,0.0,2,0.1801743271132956,1,9,2,1,1,0,2,18999
16.0,0.0,1,0.9517816089089484,1,9,0,1,0,0,1,12999
15.0,0.0,1,0.0477201496221718,1,9,0,1,1,0,1,9999
15.0,0.0,1,0.6089095214748155,1,9,1,1,1,0,2,10499
40.0,0.0,3,0.6911119370359194,11,9,2,2,1,1,3,26000
9.0,0.0,1,0.1552723472886766,1,8,0,1,1,0,2,9900
11.0,0.0,1,0.3081148063461618,1,9,0,1,1,0,1,8499
10.0,0.1,1,1.261601455636169,1,6,0,1,1,0,2,9999
10.0,0.0,0,0.0,1,8,0,0,0,0,1,7499
9.0,0.0,1,1.0572728085908158,1,8,0,1,1,0,2,5499
15.0,0.0,1,0.0,1,9,1,1,1,1,2,13999
10.0,0.0,1,0.3174592847161285,1,8,0,1,1,0,2,7799
16.0,0.0,1,0.1907212368108323,1,9,0,1,1,0,0,11499
8.0,0.0,1,0.5054574803931728,1,8,0,1,0,0,0,3999
10.0,3.2,1,1.3250383161638322,1,8,0,1,1,0,1,5999
16.0,0.1,1,0.8520035047125272,1,9,1,1,1,0,2,9999
13.87,0.0,1,1.4096535106830903,2,1,1,1,0,0,0,32000
8.0,0.1,1,0.1556574557317791,1,9,0,1,1,0,0,7799
13.0,0.0,1,0.080531617893807,1,8,1,1,0,0,1,8999
9.0,3.0,1,0.6462453578354853,1,8,0,1,1,0,2,8000
10.0,0.1,1,1.0392123247916094,1,0,0,1,1,0,2,6799
8.5,2.5,1,1.0797805265781564,1,0,0,1,1,0,1,4999
9.0,0.1,1,0.2765237458162844,1,6,1,1,0,1,2,13500
1000.0,0.0,0,0.1101173027753979,1,4,0,0,0,0,0,600000
8.0,20.0,1,1.5265459960356983e-05,2,9,0,1,0,0,0,15500
10.0,0.0,1,0.690217928705389,1,9,0,1,1,0,2,7799
14.0,0.1,1,1.1148686451562877,1,9,0,1,1,0,2,10999
8.7,0.1,1,0.5550374851048039,1,5,0,1,1,0,1,4999
23.0,20.1,3,1.072862664444775,8,0,2,2,1,1,0,22000
10.5,0.1,1,0.9422259694349358,1,8,0,1,0,0,1,5999
15.0,0.1,1,0.123021602995503,1,9,0,1,1,0,1,12499
12.0,0.0,1,0.961725579480761,1,8,1,1,0,0,2,7999
8.9,0.0,1,0.1136041636179423,1,8,0,1,0,0,1,4999
14.0,0.1,1,0.7446331680626403,1,8,0,1,1,0,2,9999
11.0,0.0,1,0.2797375889360175,1,9,1,1,0,0,1,7999
12.0,0.1,1,0.3086626250865143,1,8,1,1,1,0,1,7299
13.0,0.0,1,0.8301536517098117,1,8,0,1,1,0,2,12499
12.0,0.1,1,0.0395278863404615,1,8,0,1,0,0,1,8499
15.0,20.0,2,0.0,8,0,1,1,0,1,0,28500
8.0,0.0,1,0.8907914390007161,1,8,0,1,0,0,2,5699
25.5,0.0,2,0.6407938327703476,8,9,1,1,0,0,0,38000
10.0,0.0,0,0.0,1,9,0,0,0,0,1,9299
10.2,0.0,1,1.3704992321672658,1,8,0,1,0,0,1,5499
36.19,0.4,2,0.1434731619107668,1,9,2,1,1,0,2,21000
12.0,0.7,1,0.2992451049223695,1,8,1,1,1,0,2,9999
12.0,0.0,1,0.2843325581654408,1,9,0,1,1,0,0,9999
20.0,0.2,2,0.0354590202655476,1,9,2,1,0,0,4,22000
6.0,20.0,1,0.6621289131753768,8,0,0,1,0,0,0,9500
13.0,0.1,1,0.0,1,0,0,1,1,0,2,10999
11.0,0.1,1,1.426102485215327,1,9,0,1,1,0,2,7499
10.0,0.0,1,0.1320377793305762,1,9,0,1,0,0,1,11499
30.0,0.1,0,0.0,1,9,0,0,0,0,2,24999
10.2,0.0,1,0.923788084409143,1,0,0,1,0,0,1,4199
13.0,0.0,1,0.050259865771708,1,8,0,1,0,0,1,6499
13.0,0.0,1,0.2083262740549092,1,9,0,1,1,0,2,11499
1300.0,0.0,0,0.1362126595021595,1,4,0,0,0,0,0,700000
11.0,2.1,0,0.2305217562210225,1,8,0,0,0,0,2,8999
15.0,0.1,0,0.8474574710094531,1,9,0,0,0,0,2,10999
16.0,5.1,0,0.4146964328604765,1,8,0,0,0,0,2,11499
11.5,0.1,0,1.1614621839821864,1,8,0,0,0,0,2,10500
8.0,0.0,0,0.1666724865846937,1,9,0,0,0,0,1,4500
10.0,0.1,1,2.206537157664316,1,8,0,1,1,0,2,9000
72.27,0.0,0,0.1934868549411333,15,8,0,0,0,0,0,50000
140.0,0.0,0,0.2824998695696397,1,8,0,0,0,0,2,110000
16.0,5.9,1,1.1581353871315243,1,9,0,1,1,0,2,13000
11.0,0.1,1,0.069766759279597,1,8,0,1,1,0,1,6799
9.0,20.0,1,1.7107149565837072,2,0,0,1,0,0,0,20000
500.0,0.0,0,0.0175234144353869,1,4,0,0,0,0,0,200000
40.0,0.1,2,0.1509288860109684,1,9,2,1,1,1,2,21999
12.0,0.1,1,0.3902111856686589,1,0,0,1,1,0,2,8499
8.0,0.0,1,0.3496648402034176,1,8,0,1,1,0,1,8500
18.0,5.4,1,0.1209510569818923,1,0,0,1,1,0,2,14500
10.0,1.1,1,2.1213299002714368,1,8,0,1,1,0,2,8499
8.0,5.8,1,0.1692280551096085,1,9,0,1,0,0,1,3999
10.0,0.0,1,1.1204972551471812,1,0,0,1,1,0,2,6299
8.0,0.1,0,1.850494673074522,1,0,0,0,0,0,1,5499
16.0,0.0,0,1.123517193173017,1,9,0,0,0,0,2,13999
5.0,20.2,1,0.0,2,0,0,0,0,0,0,10000
15.0,0.1,1,0.4099214002962708,1,9,1,1,1,0,2,17999
16.0,0.1,1,0.0,1,8,1,1,1,1,2,8999
14.0,0.1,1,1.6703367091009986,1,9,0,1,0,0,1,10999
20.0,0.3,0,0.2258195066702017,1,9,0,0,0,0,5,35000
14.5,0.0,0,0.5956370934245996,1,8,0,0,0,0,2,11499
9.5,0.1,1,0.3595475079774165,1,8,0,1,0,0,1,5999
12.0,0.0,0,0.7356856400084831,1,9,0,0,0,0,1,9999
36.0,0.1,3,1.5671413797712406,1,9,2,2,1,1,2,23000
12.0,0.0,0,1.878289509296323,1,0,0,0,0,0,1,5499
19.0,6.7,2,0.5104775421733303,1,8,1,1,0,1,1,16000
16.0,0.0,0,0.5848735849370059,1,5,0,0,0,0,3,18999
7.0,0.0,1,1.3789704423604447,1,8,0,1,0,0,1,5999
10.0,0.0,1,0.6580983860403778,1,8,0,1,1,0,2,6799
12.0,0.0,1,0.5874381300897252,1,8,0,1,0,0,1,8799
13.5,0.1,0,1.0300060411960352,1,8,0,0,0,0,2,10499
13.0,0.1,1,0.2276383992436473,1,8,0,1,1,0,0,12499
15.0,3.6,1,0.4028367881228102,1,9,0,1,0,0,2,12799
15.0,0.1,1,0.4074711705485302,1,9,1,1,1,0,2,18999
10.17,26.0,1,0.2860875985049075,8,9,0,1,1,1,2,11000
6.0,0.3,1,0.0,1,8,0,1,1,0,2,9999
10.0,0.1,1,1.1603237143720473,1,8,1,1,0,0,1,7299
7.0,0.0,0,0.322204822624011,1,8,0,0,0,0,2,5299
13.0,0.0,1,2.23790071148814,1,9,0,1,1,0,2,7999
6.0,20.0,1,0.736182417692935,8,0,0,1,0,0,0,14500
7.0,20.0,1,1.3136026249228893e-05,2,9,0,1,0,0,0,15000
29.0,0.0,3,1.1904863714152942,8,0,1,2,1,1,0,16000
39.0,2.0,3,0.2833651979933746,11,9,2,2,1,1,3,26500
24.0,0.0,0,0.6481955716944338,11,8,0,0,0,0,0,48000
14.0,20.0,1,0.3736675401825524,2,0,1,5,1,0,0,18000
17.0,0.2,0,0.0499175456368754,1,9,0,0,0,0,2,16000
14.0,0.0,0,0.5949539151147434,8,0,0,0,0,0,0,17000
15.0,0.0,1,0.1719913725965778,1,8,1,1,1,0,2,9999
16.0,3.4,1,0.0,1,9,0,1,1,0,2,15000
33.0,0.0,0,0.2692889024865659,4,9,0,0,0,0,0,12500
30.0,3.1,0,0.0,1,3,0,0,0,0,1,36000
15.0,0.0,0,0.5148477161650004,1,8,0,0,0,0,1,11999
13.0,0.1,1,0.0,1,8,1,1,1,0,2,14499
350.0,0.0,0,0.2253239954046052,1,4,0,0,0,0,0,398000
10.0,3.4,1,0.3741612568319368,1,9,0,1,0,0,1,5499
15.0,0.1,1,0.2218263550076393,1,9,0,1,1,0,2,12499
10.0,0.0,1,0.7197627744521619,1,0,0,1,0,0,1,7999
12.0,0.1,1,2.394808987117086,1,9,0,1,0,0,1,8999
11.0,0.1,1,0.3052610915761651,1,8,0,1,1,0,2,7999
9.0,0.0,0,0.3532959925635091,1,9,0,0,0,0,2,7800
13.0,0.1,0,0.4836617529592981,1,8,0,0,0,0,2,13800
15.0,0.1,1,0.1209510569818923,1,9,0,1,0,0,2,14500
15.0,1.1,1,0.8130588344828205,1,8,0,1,1,0,2,14999
19.0,20.0,2,0.5514623905063406,8,0,2,1,1,1,0,25000
10.0,0.0,1,1.2918235201648445,1,9,0,1,0,0,1,6999
20.0,0.0,2,0.4909989488940322,1,9,1,1,1,0,2,33000
4.0,0.0,1,0.9830876022667716,8,1,0,1,0,0,0,8800
25.0,1.4,2,1.5225742098857988,1,9,1,1,1,1,2,25000
180.0,0.0,0,0.0,1,4,0,0,0,0,0,140000
8.0,0.0,1,0.6769051199914868,1,9,0,1,1,0,2,7799
10.0,0.0,0,0.0,1,8,0,0,0,0,1,7499
38.0,20.0,3,0.9436053762347824,2,9,2,2,1,1,0,38000
12.0,0.0,1,0.8797488549620673,1,9,1,1,1,0,2,8499
22.0,0.0,1,1.091127103958316,1,9,1,1,1,0,2,21000
9.0,6.3,1,0.212352345070744,1,9,0,1,0,0,1,8000
13.0,0.0,0,1.7376708984375024e-05,1,8,0,0,0,0,2,12799
35.0,2.3,3,0.168945827569553,1,9,1,2,1,1,2,24499
10.0,3.4,1,0.2843325581654408,1,9,0,1,1,0,2,9999
5.0,9.2,1,0.1330757932900138,1,6,0,1,0,0,1,5000
11.0,2.9,1,0.1590499453402688,1,8,0,1,1,0,0,8999
15.0,0.1,1,1.070392690870246,1,8,1,1,1,1,1,12999
16.0,0.0,2,0.2778429426958163,1,9,1,1,1,0,2,16000
7.0,6.3,1,0.1692280551096085,1,9,0,1,0,0,1,3999
22.0,0.1,1,1.1503437808002723,1,8,0,1,0,0,1,18999
9.0,19.7,0,0.7261413760805492,11,8,0,1,0,0,1,9500
10.0,0.0,1,1.9156554902139111,1,0,0,1,0,0,1,5599
16.0,0.1,1,0.3367402527654372,1,9,1,1,1,0,2,12000
11.0,0.0,1,0.0062256555188667,1,9,0,1,0,0,1,6999
11.0,0.1,1,1.7090537367842824,1,0,0,1,0,0,1,7999
18.0,0.1,1,1.491242164377684,1,9,1,1,1,0,2,13490
9.2,0.0,1,1.297543506730265,1,8,0,1,0,0,1,5999
5.0,20.0,1,0.8251512065007265,2,0,0,1,0,0,0,10000
12.0,0.0,0,0.3390327909003527,1,9,0,0,0,0,2,12500
14.0,0.1,1,1.6703367091009986,1,8,0,1,0,0,1,10999
10.0,0.1,1,2.091711482011967,1,8,0,1,0,0,0,9800
15.0,0.1,1,0.0255613622346238,1,0,0,1,1,0,2,10999
500.0,0.0,0,0.0,1,4,0,0,0,0,0,280000
16.0,0.0,1,0.1219403228827845,1,9,1,1,1,0,2,13499
10.0,0.0,1,0.8967411449833133,1,8,0,1,1,0,2,9999
1000.0,0.0,0,0.0,7,1,0,0,0,0,0,70000
12.0,0.1,1,0.3827553667611703,1,8,0,1,1,0,2,9999
17.5,0.0,0,0.0,1,6,0,0,0,0,2,14499
8.0,0.0,1,1.7956225545460391,1,8,0,1,0,0,1,5999
9.0,8.4,1,2.284476955995662,1,9,0,1,0,0,1,8500
12.0,0.0,1,0.6592108390282103,1,8,0,1,1,0,0,11499
19.13,27.2,2,0.0539122321656418,1,9,2,1,1,1,3,18000
15.0,0.0,1,2.3277237165212106,1,8,0,1,1,0,2,12499
9.0,20.0,1,2.297327923348256,2,0,0,1,0,0,0,23000
14.0,0.0,1,0.3352435432652009,1,9,1,1,1,0,2,11000
8.0,0.0,0,1.025201843719507,1,0,0,0,0,0,1,5499
30.0,0.0,2,0.869054324743774,1,9,1,2,1,1,2,27199
15.0,0.0,1,1.5993312996741251,1,9,0,1,1,0,0,9499
12.0,0.0,1,0.0,1,8,0,1,1,0,2,9499
8.9,0.1,1,0.0,1,8,0,1,0,0,1,5499
10.0,0.1,1,0.0483183319196565,1,9,1,1,1,0,2,9000
10.0,0.1,1,1.8690387583853945,1,9,1,1,0,0,1,6499
19.0,0.0,1,0.2180101447178279,1,8,0,1,1,0,0,13999
19.0,20.1,1,1.2097390443153282,8,9,0,1,0,1,0,23000
7.0,0.1,1,0.3614427857179651,1,8,0,1,0,0,1,5888
12.0,2.1,1,1.2866326668622503,1,9,0,1,1,0,1,11999
19.0,20.0,2,0.5514623905063406,8,0,2,1,1,1,0,25000
18.0,0.0,0,0.6640022062681892,1,9,0,0,0,0,2,15999
12.0,0.1,1,0.0,1,8,0,1,1,0,0,10999
15.0,20.7,1,0.562222632272318,2,9,0,1,0,1,0,25000
11.0,0.0,1,0.9239507955733426,1,9,0,1,1,0,0,7999
13.0,0.0,1,0.270787565167926,1,9,0,1,1,0,2,8999
70.0,0.1,5,1.112670546214156,1,9,2,3,1,1,4,40000
10.0,0.1,0,1.93944257895354,1,8,0,0,0,0,1,3999
15.0,0.0,1,1.8903774390664292,1,9,1,1,1,0,2,13999
10.2,0.0,1,1.1533527468259668,1,8,0,1,0,0,1,4999
28.0,0.0,3,0.1936397077506963,1,6,2,2,1,0,2,24000
57.0,0.1,3,0.5665745726121162,1,9,2,2,1,1,2,40000
15.0,0.0,1,1.5993312996741251,1,9,0,1,1,0,0,9499
15.0,0.1,1,0.979746823355108,1,0,0,1,1,0,2,12999
5.0,0.1,1,1.9244975843912409,1,0,0,1,0,0,0,6500
10.0,0.1,1,1.1214027791712626,1,8,0,1,1,0,0,8999
30.0,0.0,3,0.0,8,0,2,1,1,1,0,28000
15.0,13.2,1,1.1250628098174722,1,9,1,1,1,0,2,12000
15.0,0.0,1,0.1317012736231615,1,9,1,1,1,0,1,7999
13.0,5.0,1,0.0,1,9,0,1,0,0,1,12500
35.0,48.1,3,0.0,1,8,2,3,1,1,3,35000
13.0,0.1,1,0.8624787304187757,1,9,0,1,1,0,2,13999
10.0,0.0,1,0.4222677041389002,1,8,0,1,0,0,1,5499
18.0,0.0,0,0.2000968213488891,1,9,0,0,0,0,2,17799
18.0,0.1,1,1.5060029334596958,1,9,1,1,0,1,1,16000
9.0,0.2,0,1.6422861173203762,1,0,0,0,0,0,1,5999
14.0,0.1,0,2.4713152597131653,1,8,0,0,0,0,2,16500
8.0,0.0,1,0.3741527325370564,1,6,0,1,1,0,1,5500
28.0,20.0,3,0.3515048320264988,8,0,2,2,1,1,0,41000
14.0,20.0,0,0.0,2,0,0,0,0,0,0,58800
14.0,0.0,1,0.7197627744521619,1,0,0,1,0,0,2,7999
8.0,17.0,0,0.1434473172261153,5,8,0,0,0,0,0,6500
20.0,0.0,2,0.1372113610058794,1,9,1,1,1,0,2,23500
10.0,0.0,1,0.4112062601300695,1,9,1,1,0,0,1,17500
13.0,0.0,1,0.0,1,9,1,1,1,0,2,8999
10.0,0.1,1,0.6311544669708394,1,8,0,1,1,0,2,11299
16.0,0.0,1,0.8271492601176459,1,9,0,1,1,0,0,9999
18.0,0.0,1,0.0819662846845791,1,8,1,1,1,1,2,13000
10.0,1.0,1,0.0187810906346055,1,6,0,1,1,0,3,10500
10.0,20.1,1,1.3152773017998018,8,9,0,1,0,0,0,10800
5.0,20.1,1,0.8082505191386634,8,0,0,1,0,0,0,10000
20.0,0.0,2,1.2983521037570058,1,9,1,1,0,0,1,21999
17.3,0.0,1,0.0,1,0,1,1,1,0,2,14499
8.0,0.0,1,0.623012919461798,1,8,0,1,0,0,1,6499
12.0,4.0,1,2.321359117083369,1,9,0,1,1,0,2,10000
16.0,6.6,2,0.0,1,8,1,1,0,0,1,14000
8.0,0.0,1,1.5917888897792971,1,8,0,1,0,0,1,5499
9.88,2.2,1,1.6591371957779806,1,0,1,1,0,0,2,6999
8.0,0.1,0,0.901088933097895,1,0,0,0,0,0,0,5200
5.0,20.0,1,0.9428110205024272,2,0,0,1,0,0,0,11000
13.0,0.1,0,1.8217885021802045e-05,1,8,0,0,0,0,2,12500
10.0,0.0,1,0.204490897876991,1,9,0,1,0,0,2,10999
9.87,0.0,1,1.5232426375640078,1,8,1,1,1,0,2,7999
15.0,0.1,1,0.9582397026536924,1,0,0,1,1,0,2,13499
15.0,0.0,1,0.0,1,9,0,1,1,0,0,10000
36.0,0.0,3,0.0,1,9,2,2,1,1,0,20999
10.0,0.0,0,0.3601268902058906,1,8,0,0,0,0,1,7499
15.0,0.0,0,0.9963365048719024,1,9,0,0,0,0,1,14000
650.0,0.0,0,0.2302864673172144,1,4,0,0,0,0,0,438000
8.0,5.0,1,0.1702786090093342,1,8,0,1,0,0,1,6300
116.97,0.1,0,0.0067754982744865,6,4,0,0,0,0,0,43000
15.0,0.0,1,0.2546153605860042,1,9,0,1,1,0,2,10299
16.0,0.1,1,0.5306825891157655,1,8,0,1,1,0,2,13999
13.0,0.0,1,0.3178687280180539,1,9,0,1,1,0,1,11499
8.0,2.0,1,0.0864304536494137,1,9,0,1,0,0,0,7499
10.0,0.0,1,4753.5915621022,1,0,0,1,0,0,1,5499
12.0,0.1,1,2.3462857825318046,1,8,0,1,0,0,1,6599
10.0,0.1,1,0.0,1,9,0,1,1,0,2,6199
14.0,0.1,1,1.5003403962452146,1,8,0,1,1,0,2,11499
30.0,0.1,3,1.249508670960291,1,0,2,1,1,0,0,19999
11.0,0.0,1,0.2250048914764734,1,9,0,1,1,0,0,8499
14.0,0.0,1,0.0,1,9,0,1,1,0,2,10999
8.0,0.1,0,1.698075629049817,1,9,0,0,0,0,1,5799
16.0,0.0,1,1.1031542629316462,1,8,0,1,1,0,0,10499
13.0,0.0,1,0.1187841363933653,1,9,1,1,1,0,2,8999
15.0,0.0,1,1.2133985686268582,1,9,0,1,1,0,2,13999
15.0,0.0,1,0.8118722011392612,1,9,0,1,1,0,2,15999
12.0,0.1,0,0.5625368240895466,1,8,0,0,0,0,2,11999
36.0,0.1,2,0.6440482193699736,1,9,2,1,1,1,2,19999
8.0,0.0,1,1.3139486822654924,1,9,0,1,0,0,2,7499
15.0,2.1,1,0.996344608754284,1,8,0,1,1,0,2,13999
10.0,0.0,1,0.147932134162851,1,8,0,1,1,0,2,12000
8.0,0.0,1,0.1340237708389982,1,8,0,1,1,0,0,6500
7.0,6.4,1,1.0797531845807626,1,8,0,1,0,0,1,5000
10.2,0.1,1,1.0636870015650777,1,8,0,1,0,0,1,5499
12.0,0.1,1,0.3827508608467225,1,8,0,1,1,0,2,10000
12.0,0.1,0,0.6132359401490246,1,8,0,0,0,0,1,11500
6.5,30.3,1,0.4500034465226592,6,9,1,1,0,0,1,8500
7.0,0.1,1,0.8907914390007161,1,0,0,1,0,0,0,5699
12.0,0.1,0,0.0,1,6,0,0,0,0,2,15500
12.0,0.0,1,0.8790871746284523,1,6,0,1,0,0,1,6099
10.0,2.0,1,0.1247841351215739,1,9,0,1,0,0,1,5999
13.0,0.0,0,0.3523258282854057,1,8,0,0,0,0,1,8999
12.0,0.0,0,1.8904555103691796,1,8,0,0,0,0,1,3999
7.0,20.0,2,1.957970013301004,2,0,1,1,0,0,0,23500
17.0,0.1,1,0.4828733468530839,1,9,0,1,0,0,1,13999
7.0,0.0,1,0.1780003206455445,1,8,0,1,0,0,1,6500
14.0,0.0,1,0.7657556288206064,1,9,0,1,1,0,0,6999
15.0,0.1,1,0.0,1,9,1,1,1,0,2,13499
8.0,0.0,1,0.9011107795272186,1,0,0,1,0,0,1,5199
7.0,4.9,1,0.3758967034360446,1,9,0,1,0,0,1,5300
30.0,0.0,0,0.4966298729068804,1,9,0,0,0,0,0,35000
16.0,0.0,1,1.6784551419873972,1,9,0,1,1,0,2,10499
6.0,20.0,1,1.0062391861648128,2,0,0,1,0,0,0,13500
11.0,0.11,1,0.0214397422177239,1,8,0,1,0,0,1,7999
23.0,0.0,3,0.2641295925722953,3,9,1,2,1,1,3,23800
22.0,0.0,1,1.525114828179542,1,9,0,1,1,0,0,13999
10.0,3.5,1,0.0,1,8,0,1,1,0,2,11300
15.0,0.1,1,0.0,1,9,0,1,1,0,2,11999
16.0,0.0,0,0.6509144741778523,1,8,0,0,0,0,2,12999
20.0,0.1,2,1.923638899188024,1,9,1,1,1,1,2,23000
13.0,0.1,1,1.494237185044257,1,9,1,1,1,0,2,9999
9.0,20.6,1,1.40540775912349,1,0,0,1,0,0,1,5999
12.0,0.0,1,0.3532703531467419,1,9,0,1,1,0,2,8799
13.0,0.1,1,0.3279714019219956,1,8,0,1,1,0,2,13999
17.0,0.0,1,0.0993247271708426,1,8,0,1,1,0,0,12999
13.0,0.0,1,1.3262747363151282,1,0,0,1,0,0,1,9499
20.0,0.0,1,0.1134823869997706,1,9,1,1,0,0,1,23999
15.0,0.1,1,0.0,1,8,0,1,0,0,1,11999
13.0,0.1,1,1.025023866028327,1,8,0,1,0,0,1,7999
16.0,0.0,1,1.08030428155605,1,0,1,1,0,0,1,11999
6.0,0.0,1,0.6759986912305829,8,0,1,1,0,0,0,7500
16.0,0.0,1,1.132779753060079,1,9,0,1,1,0,1,14999
13.0,0.1,1,1.426102485215327,1,9,0,1,1,0,2,7499
12.0,0.1,0,0.8794991359990159,1,6,0,0,0,0,2,13500
52.0,27.9,4,0.5738836333646086,11,5,2,3,1,1,4,38000
22.0,20.0,2,1.078714237039232,2,0,1,1,1,0,0,25000
18.0,0.0,1,0.8246434527423052,1,8,0,1,1,0,0,10799
8.0,0.2,1,0.6873405446114371,1,0,0,1,0,0,1,4799
9.0,0.1,0,0.8281612388356677,1,9,0,0,0,0,2,9500
10.0,1.9,1,0.78754542313664,1,9,0,1,1,0,2,6999
10.0,0.1,0,0.0,1,8,0,0,0,0,2,11000
9.0,33.5,1,0.6213311417701084,1,9,1,1,0,0,3,11000
8.0,0.0,1,1.973466613705969,1,9,0,1,0,0,1,4999
6.0,0.0,1,0.0,1,0,0,1,0,0,1,7500
230.0,0.0,0,0.0401350487416738,1,4,0,0,0,0,0,300000
10.0,0.0,1,1.5433967114062022,1,0,0,1,0,0,1,6499
17.0,3.1,2,0.4798952281427644,1,9,1,1,1,0,0,16999
8.0,1.9,0,0.6379287497153141,1,8,0,0,0,0,1,7500
10.0,0.1,1,1.465406261314195,1,8,0,1,1,0,2,9999
15.0,0.1,0,2.5440679207094723,1,8,0,0,0,0,1,11999
5.0,20.0,1,1.482241054802777,2,0,0,1,0,0,0,12000
16.0,0.1,1,1.261601455636169,1,9,1,1,1,0,2,9999
14.0,0.0,1,1.5048657156631016,1,9,0,1,1,0,0,7999
13.0,0.1,1,0.0,1,9,0,1,1,0,2,11799
15.0,0.1,1,0.5464624936856254,1,8,1,1,1,0,2,15000
30.0,0.0,3,0.6489773203363951,1,9,2,2,1,1,2,30000
8.0,7.1,1,0.1361178922583576,11,0,1,1,0,0,2,6500
38.0,0.1,2,0.435353251510855,1,9,1,1,1,1,2,22499
10.5,0.0,0,1.5938187226540703,1,8,0,0,0,0,1,7499
8.0,0.0,1,0.6873405446114371,1,0,0,1,0,0,1,4799
13.0,0.1,1,1.0355340346381643,1,9,0,1,0,0,0,6999
10.0,0.1,1,1.1912413823262535,1,0,0,1,0,0,1,6799
30.0,0.1,3,0.0907088388907122,1,9,2,2,1,0,1,27000
12.0,0.0,1,0.0477201496221718,1,6,0,1,1,0,2,9999
14.0,0.0,1,0.2218263550076393,1,9,0,1,1,0,2,12499
30.0,0.1,3,1.2559399655902337,1,0,2,2,1,1,2,19999
12.0,0.0,0,0.9438041440476508,1,8,0,0,0,0,1,10999
42.35,24.5,3,0.568783338361603,8,9,1,3,1,1,1,26000
29.0,20.0,2,0.9598570063449297,8,9,1,1,1,1,0,32000
18.5,0.0,1,0.0381442473621664,1,8,1,1,1,0,2,11499
10.0,0.0,0,1.6165891977701583,1,8,0,0,0,0,2,8499
30.0,1.3,2,1.9457935244399849,1,9,2,1,1,1,2,27000
8.0,0.1,1,0.3527809912684526,1,0,0,1,1,0,2,7000
18.0,0.1,1,2.3172555280731544,1,9,1,1,1,0,2,12999
8.7,0.0,1,0.0,1,8,0,1,0,0,1,5099
22.0,53.1,3,0.0,8,0,2,1,1,1,1,29000
28.0,8.1,3,0.5084789042524535,1,9,2,2,1,1,0,28000
35.0,30.0,3,0.3452244233251075,1,6,2,2,1,1,4,25000
10.0,2.0,1,1.1198759802482208,1,8,0,1,0,0,1,11499
13.0,0.5,1,0.578026221097406,1,9,0,1,1,0,2,11500
10.0,20.0,1,4.8518987569141e-06,2,9,0,1,1,1,0,30000
12.0,0.1,1,0.1761605851237478,1,6,0,1,1,0,1,9000
13.0,0.1,1,0.0355856213848918,1,9,0,1,1,0,2,10499
262.52,0.0,0,0.6718847803832747,1,7,0,0,0,0,0,492000
11.0,0.1,1,0.8321201090366221,1,9,0,1,0,0,1,9999
38.8,0.0,4,1.2763075973792388,1,9,2,2,0,0,0,39800
149.0,20.0,0,1.0515220172482975,8,0,0,0,0,0,0,130000
14.5,0.0,0,0.953606184054162,1,8,0,0,0,0,2,11499
12.0,0.1,1,0.2305217562210225,1,8,0,1,1,0,2,8999
15.0,0.0,1,0.0,1,8,0,1,1,0,2,12499
40.0,0.0,3,0.5474137036729795,1,9,2,2,1,1,3,23000
17.0,0.0,0,1.123517193173017,1,8,0,0,0,0,2,13999
15.0,0.0,0,0.610225932014093,1,8,0,0,0,0,2,11999
12.0,0.0,1,0.8540678821072618,1,8,0,1,1,0,2,7799
12.0,0.0,1,0.6626334779788389,1,8,0,1,1,0,2,7499
20.0,0.0,1,0.5508578588835353,1,9,0,1,1,0,0,11999
18.5,0.0,0,0.6640022062681892,1,8,0,0,0,0,2,15999
8.0,0.1,1,0.0674446014543894,1,9,0,1,0,0,1,6999
20.0,0.1,1,0.6859909147815144,1,8,0,1,1,0,2,17999
10.0,7.1,1,0.1530100739982333,1,9,0,1,0,0,1,8999
20.0,0.0,1,1.7245875176711438,1,9,1,1,1,1,2,22999
14.0,0.0,1,0.8340647301155482,1,9,0,1,1,0,2,12000
17.0,1.4,1,1.0761786959806166,1,9,0,1,1,0,2,14500
18.0,0.0,1,0.6559685457376375,1,9,1,1,1,1,2,11999
17.0,0.0,1,0.6066647740261908,1,0,1,1,1,0,2,14499
33.0,20.0,0,1.42655976425313,2,9,0,0,0,0,0,38000
13.0,0.0,1,1.1250736481790933,1,0,0,1,1,0,2,11999
11.0,0.1,1,0.8798926466664962,1,8,0,1,0,0,1,6999
10.0,0.0,1,0.122572695881294,1,8,0,1,1,0,2,10499
13.5,43.0,1,0.7453536070320205,15,9,1,1,0,1,2,53000
6.0,20.0,1,1.019036464335628,2,0,1,1,0,0,0,14500
10.0,0.1,1,0.3015591946302485,1,8,0,1,0,0,1,6499
10.0,0.1,0,1.555335525841401,1,9,0,0,0,0,2,11800
26.0,20.1,2,0.9456067346223556,8,0,1,1,0,0,0,21800
15.0,0.1,1,0.3696616087391499,1,9,0,1,1,0,2,13499
10.0,0.1,0,1.7090537367842824,1,0,0,0,0,0,0,7999
18.0,0.0,2,0.9192965105486176,1,9,1,1,1,0,2,18000
6.0,18.9,1,0.7114919357182585,8,0,0,1,0,0,2,8500
5.0,20.0,1,1.0672077799971709,8,0,0,1,0,0,0,9500
16.0,4.2,0,0.0,1,9,0,0,0,0,2,10499
15.0,0.0,0,0.7974581609415287,1,8,0,0,0,0,2,13999
17.0,3.2,2,0.9780138627501398,1,9,1,0,1,1,2,16500
10.0,3.1,1,0.0,1,8,0,1,0,0,1,7999
13.0,10.0,1,0.4914850510015773,1,9,1,1,0,1,1,12000
15.0,0.0,1,0.0,1,9,0,1,1,0,2,11999
8.0,0.0,1,1.789559839819035,1,8,1,1,1,0,2,5499
15.0,0.0,1,1.8948876079137416,1,9,0,1,0,0,0,9999
10.0,0.1,1,0.1832390939593523,1,2,0,1,1,0,0,6499
14.0,0.1,1,1.5311073852060058,1,0,0,1,1,0,2,8999
25.0,20.0,3,0.0,8,0,2,1,1,1,0,32000
7.0,0.0,0,0.1666724865846937,1,9,0,0,0,0,1,4500
18.0,0.0,1,0.8548710877533972,1,9,1,1,1,1,3,20500
10.2,2.2,1,0.3060201479964666,1,9,1,1,1,0,2,8999
13.0,0.0,1,0.9990948868283424,1,9,0,1,0,0,1,7499
8.0,0.0,1,0.4914850510015773,1,9,0,1,0,0,1,12000
15.0,0.0,1,0.8246434527423052,1,8,0,1,1,0,0,10799
10.0,0.1,1,0.5196116558684993,1,9,0,1,1,0,2,7499
10.0,0.0,1,0.5020557408166,1,9,0,1,0,0,1,9999
10.0,0.0,1,0.5874381300897252,1,8,0,1,0,0,1,8799
11.0,0.1,1,2.241261809147107,1,9,0,1,1,0,1,7900
16.5,0.0,1,0.5265433525530517,1,8,1,1,1,0,2,14999
15.0,0.1,0,1.3563294991699764,1,8,0,0,0,0,0,26000
48.0,1.8,2,0.1336063352608857,1,9,2,2,1,1,1,25000
41.0,0.0,3,0.2702555947563234,11,9,2,2,1,1,3,29700
12.0,0.0,0,0.8660643404745798,1,0,0,0,0,0,2,13499
27.0,20.0,1,1.42655976425313,2,9,0,1,0,0,0,38000
12.0,0.1,1,0.0,1,9,0,1,0,0,1,6499
10.0,0.1,1,0.2634786568799692,1,8,0,1,1,0,2,10999
8.9,0.0,1,0.4349416549944077,1,6,0,1,0,0,1,4999
9.0,0.0,1,0.3219806932966019,1,8,0,1,1,0,0,8799
15.0,0.0,1,1.660741846691248,1,9,0,1,1,0,0,11499
16.0,0.1,1,0.0,1,9,0,1,0,0,1,14499
16.0,0.0,1,0.2264951753263322,1,9,0,1,1,0,0,8999
8.0,0.1,0,1.480609544892093,1,8,0,0,0,0,1,5499
5.0,0.1,1,0.0,1,9,0,1,1,0,0,11999
12.0,5.9,1,0.0,1,9,0,1,0,0,1,10500
16.0,0.0,1,1.5535389167271287,1,8,0,1,0,0,1,13499
9.0,2.0,0,0.0079532646409708,14,0,0,0,0,0,0,10000
8.9,0.0,1,1.99909014364492,1,8,0,1,0,0,1,5499
5.0,20.0,1,0.567802276794067,2,0,0,1,1,0,0,23500
13.0,0.1,0,0.9422259694349358,1,8,0,0,0,0,0,5999
11.0,3.4,1,0.9292859402901584,1,9,0,1,0,0,1,10300
16.0,0.0,1,0.2651873783687546,1,9,0,1,1,0,2,12999
13.0,0.1,1,0.75322898598021,1,9,0,1,1,0,2,10499
12.0,3.0,1,1.4416423856134963,1,8,0,1,1,0,2,11500
10.0,0.0,0,0.0,1,9,0,0,0,0,2,7349
15.0,0.0,0,0.9623891040436988,1,9,0,0,0,0,2,12999
10.0,0.1,1,0.0826961485540781,1,8,0,1,1,0,0,7999
15.0,0.1,0,0.0351028901702034,1,8,0,0,0,0,1,14999
14.0,0.0,1,0.7657556288206064,1,9,0,1,1,0,0,6999
12.0,0.0,1,1.6165664351433366,1,9,0,1,1,0,2,8500
16.0,0.0,1,0.6046272226807606,1,6,0,1,1,0,2,12999
13.0,0.1,0,0.2221872255778844,1,6,0,0,0,0,2,10999
38.0,20.0,3,0.4135698244764614,8,0,2,2,1,1,0,35000
13.0,20.0,1,0.6102200534217604,8,0,0,1,0,0,0,12000
18.0,0.1,0,0.3052610915761651,1,9,0,0,0,0,2,7999
17.55,45.0,2,0.6614309897107353,8,0,1,1,1,1,2,24800
10.0,0.1,1,0.130071598474183,1,8,0,1,0,0,2,5999
12.0,0.1,1,0.593810107296647,1,8,0,1,0,0,1,10999
52.51,0.1,3,1.277606282765821,1,9,2,2,1,1,2,22999
14.0,0.1,1,0.0,1,8,1,1,1,0,1,15999
5.0,20.0,1,1.142706439426192,8,0,0,1,0,0,0,13000
11.0,0.1,1,0.4482464187597925,1,9,0,1,1,0,1,8299
45.0,0.0,3,0.2667907026197419,1,9,1,2,1,1,0,27000
10.0,2.1,1,0.041858544329842,1,8,0,1,1,0,2,7999
11.5,0.1,0,4021.538461538461,1,8,0,0,0,0,2,6500
10.0,0.1,1,0.1739776640212375,1,9,1,1,1,0,2,10000
14.0,0.1,1,1.1787720507428472,1,8,0,1,1,0,2,10999
108.0,1.0,0,0.0050579846373032,15,4,0,0,0,0,0,45000
11.0,0.1,1,1.102575805366846,1,9,0,1,0,0,1,6499
10.0,0.1,1,0.8581028523504628,1,8,0,1,0,0,1,6999
15.0,0.1,1,0.989192590831492,1,9,0,1,1,0,2,9500
14.0,0.0,1,0.7306817772740081,1,8,0,1,1,0,2,13499
7.0,20.0,1,0.438930213864775,8,9,0,1,0,0,0,12000
17.0,0.0,1,0.8063683566492277,1,9,1,1,1,0,2,17000
8.0,6.4,1,0.1342987905491025,1,8,0,1,0,0,1,6000
13.0,0.1,1,0.1912625924977916,1,9,0,1,1,0,2,8999
14.0,0.1,1,1.0162105068598568,1,9,0,1,0,0,1,9499
15.0,0.0,1,0.0,1,9,1,1,1,0,2,13500
14.0,0.1,1,0.0,1,9,0,1,1,0,0,8499
10.0,0.0,1,1.1407097014066834,1,8,0,1,0,0,1,7299
12.0,0.0,1,0.0,1,8,0,1,0,0,1,6499
12.0,0.0,1,0.6574854280102018,1,9,0,1,1,0,2,7999
11.0,0.1,1,0.0,1,9,0,1,1,0,2,8499
12.0,0.0,0,1.4065527397470072,1,8,0,0,0,0,2,7499
25.0,0.0,3,0.5066691281140545,1,9,2,2,0,0,0,33000
24.0,3.0,2,0.2179572524449698,15,9,2,1,0,0,0,24000
40.0,43.0,0,0.5447176490082607,15,8,0,0,0,0,0,38000
14.0,0.4,1,0.891688837951722,1,9,0,1,1,0,2,11000
9.0,0.0,1,1.127386080856151,1,0,0,1,0,0,1,4999
13.0,0.0,1,1.5578640512071529,1,8,0,1,1,0,0,9999
9.0,0.0,1,0.0221618615452551,1,8,0,1,0,0,1,6099
13.0,0.0,1,0.8104403355687928,1,8,0,1,0,0,0,6499
10.0,4.8,1,0.0498052441509337,1,9,0,1,1,0,2,6999
20.0,20.0,2,1.079036722624695,2,9,2,2,1,1,0,45000
13.0,0.1,0,1.3174436204317497,1,9,0,0,0,0,2,11499
45.0,27.9,4,0.0,11,9,2,3,1,1,3,42000
10.0,0.1,1,0.1006645223672587,1,9,0,1,1,0,2,8999
6.0,20.1,1,25973406.15835074,2,0,0,1,0,0,0,7800
16.0,20.0,2,0.6047901167782405,8,0,1,1,1,1,0,24499
18.0,0.0,1,0.0,1,8,1,1,0,0,1,14999
40.0,0.0,0,0.6563077312259018,1,8,0,0,0,0,0,26999
13.0,0.1,1,1.4037677347188895,1,8,0,1,1,0,2,9999
10.0,4.6,1,0.0,1,8,0,1,0,0,1,6499
10.0,0.1,1,2.417810874886385,1,6,0,1,0,0,1,7799
11.0,0.1,1,1.2672559110935755,1,0,1,1,0,0,1,6799
60.0,40.0,5,0.3130568103519738,1,2,2,3,1,1,2,30000
16.0,0.1,1,0.0988932507900363,1,8,1,1,1,0,2,16000
1000.0,0.0,0,0.0348004630025796,1,4,0,0,0,0,0,850000
15.0,0.0,1,0.1417547077098433,1,9,0,1,1,0,0,12999
14.0,5.4,1,0.5240023711447275,1,9,0,5,1,0,2,11000
20.0,0.0,1,0.8750316686634775,1,0,1,1,1,1,2,21500
8.0,0.1,0,0.366269676228717,1,8,0,0,0,0,1,7000
26.0,0.1,2,0.3161280810255554,1,6,1,1,0,0,1,24000
13.0,0.1,1,0.3839154236634476,1,8,1,1,1,0,2,6999
30.0,2.0,2,0.1718031539881389,1,9,1,1,1,1,2,20999
10.0,0.2,0,1.0360884400477468,1,9,0,0,0,0,1,6799
12.0,0.0,1,0.4155226229816027,1,8,0,1,1,0,2,7999
10.0,0.0,0,1.3139486822654924,1,8,0,0,0,0,1,7499
6.0,0.1,1,0.1649654435091337,1,8,0,1,1,0,0,6000
15.0,0.0,1,0.0,1,9,0,1,1,0,0,9499
16.0,0.0,1,2.1619339351184608,1,8,0,1,1,0,2,13999
40.0,0.1,4,0.4235466892005104,1,9,1,2,1,1,2,19999
6.0,20.0,1,1.128932924400131e-05,2,0,0,1,0,0,0,17000
9.0,0.0,1,0.6693790111620621,1,9,1,1,0,0,0,6000
30.0,0.0,2,1.6251313390058164,1,9,2,1,1,0,2,28499
13.0,0.0,1,0.2276383992436473,1,8,0,1,1,0,2,12499
14.0,0.0,1,0.0,1,9,0,1,0,0,1,10499
10.0,0.0,1,0.3380177264903841,1,8,1,1,0,0,1,9999
90.0,0.0,5,0.0,1,9,2,3,1,1,2,70000
10.0,0.1,1,2.5621647397122107,1,8,0,1,1,0,2,10499
20.0,20.0,2,1.5493275957105688,2,0,1,1,0,0,0,16000
14.0,0.1,1,0.6592108390282103,1,8,0,1,1,0,2,11499
9.0,0.0,0,0.199220976603735,1,9,0,0,0,0,1,6999
16.0,0.0,1,0.1219403228827845,1,8,0,1,1,0,2,13499
14.0,0.0,1,1.1235080549179324,1,9,0,1,1,0,2,14000
10.0,0.0,1,4379.135251577166,1,8,0,1,1,0,1,6499
11.0,0.1,1,0.508428534040782,1,8,0,1,0,0,1,6999
12.0,0.0,1,0.3380177264903841,1,8,1,1,0,1,1,9999
10.0,0.0,1,0.0,1,8,0,1,0,0,1,6999
15.0,0.0,1,2.0795933787480747,1,8,1,1,1,0,2,15000
15.0,0.1,1,1.120947073624092,1,9,0,1,1,0,2,10499
18.0,0.0,1,0.6066647740261908,1,8,0,1,1,0,2,14499
12.0,0.0,1,1.2476907631366776,1,2,0,1,1,0,2,12000
12.0,0.1,0,2.251768051474874,1,9,0,0,0,0,2,10000
10.0,0.1,1,0.6213377281647035,1,9,0,1,1,0,2,10999
14.0,0.1,1,1.5975851396639922,1,8,0,1,1,0,2,10999
13.0,0.0,1,1.964271552621324,1,9,0,1,1,0,2,11000
13.0,0.1,1,0.9658993764733296,1,0,0,1,0,0,1,8499
4.0,0.0,1,0.1633414707100291,1,9,0,1,0,0,1,6500
9.0,0.1,1,1.102575805366846,1,9,0,1,0,0,1,6499
8.0,0.1,1,0.0,1,9,0,1,0,0,1,8599
97.0,0.0,0,0.9296814098066404,1,4,0,0,0,0,0,85000
23.0,20.0,2,1.517149795564266,2,0,1,1,1,1,0,27000
30.0,1.2,3,0.0,1,9,2,2,1,0,1,20000
11.0,0.1,1,0.9816030093040564,1,9,0,1,1,0,2,7499
16.0,0.0,1,0.848774275352762,9,9,1,1,0,0,0,13500
14.0,0.1,1,1.626744609758609,1,9,0,1,1,0,2,7499
8.0,45.1,1,2.308310827908424,1,8,0,1,1,0,1,8000
25.0,0.0,3,0.0,1,9,2,2,1,1,2,22500
13.0,1.3,1,0.8381953843429915,1,8,0,1,1,0,1,11499
13.0,20.0,1,1.3347925067217543,8,0,0,1,1,1,0,18000
9.0,8.6,0,1.58965877011405,1,9,0,0,0,0,3,10000
15.0,20.2,1,0.9012950442581186,8,0,0,1,1,0,0,20000
12.0,0.0,1,0.3479594243283366,1,9,0,1,0,0,1,9999
33.0,2.1,2,0.692004846515294,1,9,2,2,1,0,0,26000
18.46,18.0,2,0.1933404188009226,1,9,2,1,1,1,3,18000
8.9,0.0,1,1.509473413276271,1,6,0,1,0,0,1,5499
16.0,0.0,1,0.797140370266753,1,9,1,1,1,0,2,14499
30.0,20.0,3,0.5198406135807306,2,9,2,2,1,1,0,53000
15.0,0.1,1,1.917361111111113e-05,1,8,0,1,1,0,2,11999
15.0,1.3,1,1.2237084148791877,1,9,0,1,1,0,2,13000
70.0,0.0,0,1.333558107977897,1,9,0,0,0,0,0,50000
13.0,0.0,0,1.3954475188668105,1,9,0,0,0,0,2,13799
16.0,0.0,1,0.6213377281647035,1,9,1,1,1,1,2,10999
13.0,10.0,1,0.4914850510015773,1,9,1,1,0,1,1,12000
12.0,0.1,0,0.0,1,9,0,0,0,0,2,16000
15.0,0.1,1,0.5102441153757612,1,8,0,1,1,0,2,10999
69.48,5.0,4,0.1175263441501672,8,9,2,2,1,1,4,33000
9.0,0.1,1,0.8907914390007161,1,8,0,1,0,0,1,5699
26.0,40.1,3,0.7232319236874633,15,0,2,2,1,1,2,13000
14.0,0.1,1,1.6339731152562824,1,8,0,1,1,0,2,10499
25.0,0.1,1,0.7733636502247614,1,8,1,1,1,1,2,18999
12.0,2.0,1,0.6360456857924778,1,2,0,1,1,0,2,7999
10.0,0.1,1,2.58094603988757,1,8,0,1,1,0,2,10499
14.0,0.0,1,0.1226378012101499,1,8,0,1,1,0,2,8499
10.0,0.0,0,0.0,1,9,0,0,0,0,1,6499
14.0,0.1,1,0.5699117840579419,1,8,0,1,1,0,1,12999
63.0,0.0,4,0.622300648799025,1,9,2,3,0,0,2,25000
10.0,0.1,0,0.2780792798427134,1,9,0,0,0,0,1,6999
22.0,1.3,2,0.388265390389017,1,9,1,1,1,1,2,25000
17.0,0.1,1,0.4446259530429386,1,9,1,1,0,0,1,13999
13.0,0.0,1,1.5993312996741251,1,9,0,1,1,0,2,9499
18.0,0.1,1,0.8776715579550249,8,9,1,1,1,0,0,23000
11.5,2.3,1,1.7642670856088736,1,8,1,1,1,0,2,12965
10.0,0.0,1,0.2464680333613304,1,6,0,1,1,0,2,11500
35.0,0.0,3,0.3348519613369816,1,9,2,1,1,0,2,28000
10.0,0.1,1,1.4910853400778945,1,8,1,1,0,0,0,5199
9.0,0.1,1,1.42507355124331,1,9,0,1,0,0,0,7499
11.0,0.6,1,1.3979412545949643,1,9,0,1,1,0,0,8799
12.0,0.0,0,0.3850797688396111,1,8,0,0,0,0,0,9499
12.0,0.1,1,0.3040068575491215,1,8,0,1,0,0,1,8999
12.0,0.0,1,0.1540552339446941,1,8,1,2,0,0,1,8500
45.58,0.0,0,0.7715676778430404,1,7,0,0,0,0,1,330000
20.0,0.0,1,0.5508578588835353,1,9,0,1,1,0,0,11999
12.0,0.0,1,0.690217928705389,1,9,0,1,1,0,2,7799
9.0,0.1,1,0.0220735857017737,1,8,0,1,0,0,1,6299
8.0,0.0,1,0.4273572223541094,1,9,0,1,0,0,1,5000
10.0,0.0,0,0.3218957777371028,1,9,0,0,0,0,2,6599
43.49,3.1,3,0.3127056675977632,15,9,2,2,1,0,3,28000
13.0,0.0,1,1.163159972774932,1,8,0,1,0,0,1,6999
15.0,0.0,1,0.0,1,8,1,1,1,0,0,10999
11.0,0.0,0,0.5812253312183197,1,9,0,0,0,0,2,10500
28.72,1.2,4,0.5595063489806416,10,9,2,2,1,0,3,39000
10.0,0.0,1,1.1977124678577349,1,9,0,1,0,0,1,4999
24.0,20.0,3,1.6309186592847902,2,8,1,4,0,1,0,35000
14.0,0.0,1,0.593810107296647,1,9,0,1,0,0,1,10999
10.0,0.0,1,0.629208138960479,1,8,0,1,1,0,2,5999
22.0,20.0,2,1.0664448461836131,2,0,1,1,1,1,0,21500
7.0,10.3,1,1.877220477133946,1,8,0,1,0,0,1,5499
13.0,0.0,1,0.0,1,9,0,1,1,0,2,9999
15.0,0.0,1,0.0,1,9,0,1,0,0,0,12999
7.0,20.1,1,0.5271677380228457,8,0,0,1,0,0,0,11500
10.0,0.0,0,2.350248746695544,1,9,0,0,0,0,1,11500
16.0,0.0,0,0.3009869218781037,1,9,0,0,0,0,1,8999
14.0,0.0,1,2.206566330290312,1,9,0,1,1,0,2,8999
8.5,15.6,1,1.0103968261619976,1,8,0,1,0,0,1,7500
33.0,20.0,0,1.2634979152340453,2,9,0,0,0,0,0,130000
6.0,20.2,1,3515.30612244898,2,0,0,1,0,0,0,9800
10.0,8.9,1,0.1591562416104089,1,9,0,1,1,0,2,6499
1001.0,0.3,1,0.3231331167989006,1,8,0,1,0,0,1,8999
12.0,0.1,1,0.0,1,6,0,1,1,0,2,12000
9.0,0.0,1,0.0,1,8,0,1,1,0,2,6999
10.0,0.0,0,0.4098485045618787,1,9,0,0,0,0,2,7000
12.0,0.0,1,0.8290604037286831,1,9,0,1,0,0,1,8500
8.0,0.1,0,0.1739797121641683,1,9,0,0,0,0,0,9999
10.0,0.0,1,1.9455209432907423,1,8,0,1,0,0,1,5599
10.0,0.1,1,0.6510405868875702,1,8,0,1,0,0,0,5499
136.59,0.0,0,0.9968185597035883,1,7,0,0,0,0,0,130000
12.0,0.1,1,1.5309253277702366,1,9,0,1,0,0,1,7299
13.0,0.1,0,1.9478585078064568,1,8,0,0,0,0,1,8999
13.0,0.0,1,1.1426938422481927,1,8,0,1,1,0,2,10499
12.0,0.1,0,0.6310247182602358,1,9,0,0,0,0,2,6799
12.0,0.1,0,0.2234752396553144,1,8,0,0,0,0,2,8999
12.0,0.0,1,1.8428207438821436,1,0,0,1,1,0,2,7499
12.0,0.0,1,0.6717848089476783,1,8,1,1,0,0,1,7799
15.0,0.0,1,1.1976826324872485,1,9,1,1,1,0,2,12999
30.0,0.1,3,0.3127359796417527,1,9,1,2,1,1,2,29499
13.0,9.3,1,0.817803959703983,1,9,1,1,1,0,2,11600
10.0,0.1,1,0.4034805102521117,1,9,0,1,1,0,1,7799
6.0,0.1,1,0.1214239661340074,1,8,0,1,0,0,1,2999
13.0,0.0,0,1.128966636581097,1,8,0,0,0,0,2,11999
14.0,0.0,1,0.6528863025115672,1,8,0,1,0,0,1,12499
10.0,0.0,1,0.2251223154357757,1,8,0,1,1,0,2,6499
17.0,0.0,1,0.0,1,9,0,1,1,0,2,14499
8.7,0.1,1,1.8637352911413465,1,8,0,1,0,0,1,3999
21.0,0.0,1,0.8118722011392612,1,9,1,1,1,0,0,15999
15.0,0.1,1,0.9582397026536924,1,9,0,1,1,0,2,13499
9.0,5.4,0,1.4065300013884423,1,8,0,0,0,0,2,7500
15.0,0.0,1,1.1902465582315254,1,9,0,1,1,0,0,9499
13.0,0.1,1,1.427825533979303,1,8,0,1,1,0,2,12499
10.0,10.2,1,0.8844395369125216,1,9,0,1,1,0,2,7900
15.5,0.0,0,0.0649011606354228,1,6,0,0,0,0,1,12499
15.0,1.6,0,0.3123203851964804,1,8,0,0,0,0,2,6999
10.0,0.1,1,0.0324331375101223,1,8,0,1,0,0,1,8499
18.0,2.5,2,1.3139865644792372,1,0,1,1,1,0,2,14999
15.0,0.0,1,0.5625368240895466,1,9,0,1,1,0,0,11999
11.0,0.0,1,0.2905305908804468,1,8,0,1,1,0,1,6999
13.0,0.0,1,0.8626949566874076,1,8,1,1,1,0,0,8999
7.0,0.0,0,0.2690946023876762,1,8,0,0,0,0,1,6500
7.0,0.1,1,1.2407904362390432,1,8,0,1,0,0,1,6499
10.0,0.0,1,0.0,1,8,0,1,0,0,1,13000
10.0,0.0,1,1.928866631031788,1,9,0,1,0,0,1,5999
13.0,0.1,1,1.267243517095314,1,8,1,1,1,0,2,10499
16.0,0.0,0,0.9418344119950326,1,8,0,0,0,0,2,14000
14.0,0.0,1,0.5724863572467896,1,9,0,1,1,0,2,12499
8.0,20.1,1,0.9089886192385388,8,9,1,1,0,0,1,9000
12.0,0.1,1,0.1623575656953752,1,5,0,1,1,0,2,11499
10.0,2.9,1,1.7369578897638145,1,8,0,1,0,0,1,6999
8.0,0.0,1,1.7956225545460391,1,6,0,1,0,0,1,5999
13.0,0.0,1,1.2198463247167688,1,8,0,1,0,0,1,9999
14.0,0.0,1,0.1719913725965778,1,8,0,1,1,0,0,9999
12.0,0.0,1,1338.4251682124025,1,8,0,1,0,0,1,5499
10.0,0.0,1,0.3479594243283366,1,9,0,1,1,0,1,9999
13.0,0.1,0,0.14142510706129,1,8,0,0,0,0,1,12500
7.0,20.0,1,1.9552948408865736e-05,2,9,0,1,0,0,0,15000
6.0,20.0,1,0.3490679617797681,8,0,0,1,0,0,0,9500
8.0,0.1,1,0.0498043752378991,1,9,0,1,1,0,2,7000
7.0,0.1,1,0.3218897844569385,1,9,0,1,1,0,2,6600
12.0,0.1,0,0.1848510250209978,1,8,0,0,0,0,2,11500
15.0,0.0,1,2.206566330290312,1,9,0,1,1,0,0,8999
20.0,20.0,2,0.8635443476562873,2,0,1,1,0,0,0,30000
18.0,0.1,0,0.3390359137671343,1,9,0,0,0,0,2,12499
15.0,0.0,0,0.6034132023105864,1,8,0,0,0,0,2,11999
12.0,0.0,1,0.4298518058347823,1,8,0,1,0,0,1,4499
10.0,1.1,1,0.7590104986491311,1,8,0,1,1,0,2,8999
14.0,0.0,1,0.1320377793305762,1,6,0,1,0,0,1,11499
12.0,0.2,0,0.473868330657258,1,8,0,0,0,0,1,10999
11.5,0.1,0,0.0,1,8,0,0,0,0,2,11800
9.0,0.1,1,0.0,1,8,0,1,0,0,0,8000
14.0,0.0,1,0.7363560525091949,1,8,1,1,0,0,1,11000
10.0,0.1,1,1.320273493164381,1,8,0,1,0,0,1,9499
15.0,0.0,1,0.0670138818500102,1,9,1,1,1,0,0,9499
22.0,0.1,1,2.182259733224673,1,0,1,1,1,0,2,15999
14.0,20.1,2,0.9099772726464848,8,0,1,1,0,0,0,12000
15.0,0.0,1,0.5249910551265058,1,9,0,1,0,0,1,10999
13.0,0.0,1,0.2198766451980917,1,9,0,1,1,0,0,13499
5.5,10.1,1,0.0,1,8,0,1,0,0,0,6500
8.0,0.1,1,0.3028006197234072,1,6,0,1,1,0,2,11000
12.0,0.1,1,0.3666655227630823,1,8,0,1,1,0,2,14499
10.0,0.9,1,0.2199584754685372,1,8,0,1,0,0,1,5999
10.0,0.0,1,0.2163080704172267,1,8,0,1,1,0,1,15000
10.0,0.1,1,1.461454870661146,1,8,0,1,0,0,1,5999
10.0,0.1,1,0.0,1,2,0,1,0,0,1,5999
25.0,0.1,2,0.0,1,9,1,2,1,1,2,16500
12.0,0.1,1,1.4875097338678014,1,9,1,1,0,0,1,7999
120.0,0.1,0,0.3170156086176665,1,2,0,0,0,0,0,250000
16.0,0.1,1,0.9217536217911272,1,8,0,1,0,0,1,13499
13.0,0.1,1,0.5033665111683832,1,8,0,1,0,0,1,5999
10.0,0.0,1,1.0700553435147904,1,8,0,1,0,0,1,6199
17.0,7.0,2,0.8598966583522998,1,9,1,1,0,0,1,14800
12.0,0.0,0,0.1219080352728215,1,8,0,0,0,0,2,10999
17.72,0.0,2,0.1270240095897872,1,9,2,1,0,1,1,21000
14.0,0.0,1,0.3440916133220537,1,9,1,1,1,0,2,11000
15.0,0.0,1,0.8324817453965224,1,9,0,1,1,0,1,12199
7.0,0.0,1,0.2250444384050667,1,8,0,1,0,0,1,4999
14.0,0.5,1,2.5440434125111357,1,9,0,1,1,0,0,12000
7.0,0.0,1,0.2331186990770841,1,8,0,1,0,0,1,3800
13.0,0.0,1,0.4003409040010144,1,9,1,1,1,0,0,8500
12.0,20.0,1,0.7037251714239455,8,2,0,1,0,1,0,22000
18.0,0.7,1,1.0761786959806166,1,9,0,1,1,0,2,14500
18.0,0.0,1,1.7565914939089995,1,9,0,1,1,0,0,11499
12.0,0.1,0,0.0,1,8,0,0,0,0,2,10999
10.0,0.1,0,0.8803823165266486,1,9,0,0,0,0,2,7599
30.0,0.1,2,0.5839496140287327,1,8,1,1,1,1,2,18999
10.0,0.1,0,0.0826961485540781,1,9,0,0,0,0,2,7999
9.0,4.6,1,0.675612934181199,1,0,0,1,0,0,1,5500
8.0,4.8,1,0.198586705836345,1,8,0,1,0,0,1,5799
8.0,0.0,1,1.6701835891022483,1,0,0,1,0,0,1,13000
18.0,0.0,1,0.3390359137671343,1,8,1,1,1,0,0,12499
11.0,2.2,1,1.99909014364492,1,8,1,1,0,0,1,5499
21.0,0.0,1,2.3172350834946323,1,9,0,1,1,0,0,13000
17.0,0.0,1,0.4828733468530839,1,9,0,1,0,0,1,13999
15.0,0.0,0,0.4966298729068804,1,9,0,0,0,0,1,35000
13.0,0.1,1,1.081040227897491,1,8,1,1,1,0,2,12499
30.0,0.0,1,0.2467948380854032,1,9,1,1,0,1,1,19585
37.0,2.1,2,0.1918384081437131,1,9,2,1,1,0,2,24000
15.5,0.0,0,0.5847374538237462,1,9,0,0,0,0,2,13499
8.0,2.9,1,1.1019073626837297,1,8,0,1,0,0,1,5999
10.0,0.0,1,1.1902465582315254,1,9,0,1,1,0,2,9499
14.0,0.0,1,0.992181444227657,1,9,1,1,0,0,1,9999
12.0,2.1,1,0.0,1,8,0,1,1,0,2,11799
15.0,20.2,1,0.9012950442581186,8,0,1,1,1,0,0,20000
20.0,0.0,3,0.324531340576056,1,8,1,1,1,0,2,13500
10.0,0.1,1,0.5573756534441461,1,8,0,1,1,0,2,12999
10.0,2.6,1,2.000126770006742,1,9,0,1,0,0,1,4499
8.0,0.1,1,0.0,1,9,0,1,0,0,1,6499
17.0,0.0,1,0.7196191929897973,1,9,1,1,1,1,2,24000
12.0,0.1,1,2.4081604601265805,1,8,0,1,1,0,2,8499
8.0,0.1,1,0.383796255209627,1,8,0,1,0,0,1,4499
5.0,20.0,1,0.7963206221772071,2,0,0,1,0,0,0,10000
8.9,0.0,1,0.0,1,8,0,1,0,0,1,5499
15.0,0.0,1,0.6267711327226091,1,9,1,1,1,0,2,11999
15.0,3.9,1,0.4379833053049325,1,9,1,1,1,0,2,7999
6.0,37.0,0,0.7058473876772662,11,8,0,1,0,0,1,15000
13.0,0.0,1,1.4140020462641762,1,9,0,1,1,0,2,7999
10.0,0.0,0,0.0,1,6,0,0,0,0,1,8299
8.0,0.0,1,0.0,1,9,0,1,0,0,1,5499
12.0,0.0,1,0.0895914249068603,1,8,0,1,1,0,2,8999
14.0,0.0,0,0.0,1,9,0,0,0,0,2,12499
40.0,0.1,2,0.0,1,8,2,1,1,1,2,23499
6.0,0.0,1,1.2875138543366795,1,2,0,1,0,0,1,4999
16.0,0.0,1,0.6046272226807606,1,6,0,1,1,0,2,12999
8.9,0.0,1,0.0,1,8,0,1,0,0,1,5499
8.5,0.0,1,1.7802346060543686,1,8,0,1,0,0,1,3999
11.0,0.0,1,0.0,1,9,0,1,0,0,0,6799
38.0,20.0,3,0.9436053762347824,2,9,2,2,1,1,0,38000
14.0,0.1,1,0.9257450299418344,1,8,1,1,1,0,2,12999
35.0,0.7,3,1.1599796420012625,1,9,1,2,1,1,0,22999
10.0,0.0,1,0.0,1,8,0,1,0,0,1,6299
5.0,20.0,1,1.6236972788834587,8,0,0,1,0,0,0,9000
19.0,0.3,0,0.415915016430178,1,9,0,0,0,0,4,58899
42.0,0.0,3,0.163154455604234,1,9,2,2,1,0,2,33999
36.0,20.1,3,0.8459946804705564,8,9,2,2,1,1,0,41000
15.0,0.1,1,1.0048190845826994,1,9,0,1,1,0,2,12999
42.0,0.1,3,0.34119674836114,1,9,2,2,0,1,0,30000
32.0,0.1,3,0.552856674264186,1,9,2,2,1,1,2,32000
16.0,0.0,1,0.7538438855224784,1,9,1,1,1,0,2,24000
40.0,0.0,3,0.6911119370359194,11,9,2,2,1,1,3,26000
15.0,0.1,1,0.5644778803582473,1,9,0,1,1,0,1,12000
13.5,0.0,1,0.9017119939022896,1,9,0,1,1,0,2,9999
18.5,0.0,1,0.2865154819297686,1,9,1,1,1,0,2,14999
17.0,0.0,1,1.525114828179542,1,9,0,1,1,0,0,13999
16.0,0.0,1,0.0480099452059774,1,9,1,1,1,0,2,9499
13.0,0.1,1,0.2965468448740984,1,8,0,1,1,0,1,10499
15.0,0.0,1,0.7255494357366316,1,9,0,0,0,0,1,10999
19.0,1.4,1,0.454908953634167,1,8,0,5,1,0,2,16000
35.0,0.0,0,0.1013808690511555,1,9,0,0,0,0,0,26999
17.0,0.0,1,0.8299684456801522,1,9,1,1,1,0,2,13999
72.27,0.0,0,0.1934868549411333,15,8,0,0,0,0,0,50000
10.0,0.0,1,2.030736661315302,1,9,0,1,0,0,1,3999
11.0,0.0,1,1.002628732968743,1,9,0,1,1,0,0,8200
18.0,0.1,1,0.6066647740261908,1,8,1,1,1,0,2,14499
15.0,0.0,1,0.3406332036644595,1,8,1,1,1,0,2,12000
6.0,0.0,0,0.3816693262033817,1,8,0,0,0,0,1,4699
6.0,0.1,1,0.1818849761767372,1,8,0,1,1,0,0,6000
10.0,2.4,1,0.2336999937283384,1,9,0,1,0,0,1,4999
8.0,0.1,1,0.156395435414077,1,9,0,1,0,0,1,7500
10.0,0.0,1,0.5456367707775481,1,8,0,1,1,0,2,10999
9.0,0.1,1,0.2777048296108302,1,6,0,1,0,0,1,8500
12.0,12.1,0,0.0,1,9,0,0,0,0,0,8500
18.8,0.0,1,0.1598469671312828,1,9,1,1,0,0,1,18999
8.0,0.0,1,1.964881114448857,1,6,0,1,0,0,1,5499
5.0,0.0,1,1.343246241907628,1,8,0,1,0,0,1,6800
30.0,0.1,3,0.9450747770632212,1,0,1,2,1,0,2,22500
18.0,0.1,1,0.8118722011392612,1,9,0,1,1,0,0,15999
60.0,0.0,0,0.0321562961763854,0,4,0,0,0,0,0,20000
34.63,1.0,0,0.2721695427742387,10,7,0,0,0,0,1,51000
7.0,0.0,1,1.043025929161132,1,8,0,1,1,0,0,6599
12.0,1.9,1,0.383796255209627,1,8,0,1,0,0,1,4499
13.0,0.1,1,0.7601804697970846,1,0,0,1,1,0,2,6499
40.0,0.0,0,0.0,1,8,0,0,0,0,0,70000
12.0,0.1,1,1.5311073852060058,1,0,0,1,1,0,2,8999
10.0,0.1,1,0.3080638150716889,1,8,0,1,1,0,2,9499
7.0,0.1,1,1.903120908904824,1,8,0,1,0,0,1,3799
12.0,0.1,1,0.424331647993441,1,8,0,1,1,0,2,12000
14.0,0.1,1,0.6247947553708618,1,9,0,1,1,0,0,12499
40.0,20.1,3,1.2200055626583632,2,9,2,2,1,0,0,55000
19.79,4.2,3,0.304106686696674,1,9,2,1,1,1,2,20000
12.0,3.0,1,0.7110407152924096,1,8,0,1,1,0,2,11500
14.0,0.0,1,1.5998131454844506,1,8,0,1,1,0,2,7999
11.0,0.0,0,0.1518367329380015,1,0,0,0,0,0,1,3699
10.0,0.1,1,0.5033665111683832,1,8,0,1,0,0,1,5999
10.0,0.1,1,0.1334460801933443,1,8,0,1,1,0,2,10499
8.0,20.0,1,1.3314674962037407,8,9,0,1,0,0,0,21000
10.0,0.1,1,0.5196116558684993,1,9,0,1,1,0,2,7499
15.37,0.1,0,1.3557328745467063,2,9,0,0,0,0,2,120000
20.0,0.1,3,1.553061561556068,1,0,2,1,1,0,2,25000
8.0,0.1,0,1.5397013704831914,1,8,0,0,0,0,1,7199
12.0,0.1,0,0.8194437472890791,1,9,0,0,0,0,2,14000
13.0,0.1,0,0.8590382157296603,1,8,0,0,0,0,2,14500
15.0,0.1,1,1.5003403962452146,1,8,0,1,1,0,2,11499
79.89,7.0,0,0.4082065351531306,1,9,0,0,0,0,4,106000
30.0,0.0,3,0.5903102586616877,1,9,1,2,1,1,1,18499
10.0,0.0,0,1.6165891977701583,1,8,0,0,0,0,2,8499
10.0,0.1,1,0.4638113361555706,1,8,0,1,0,0,1,6999
15.0,11.4,1,0.0,1,9,0,1,0,0,1,11000
10.0,13.6,1,0.7089240460545991,11,0,0,1,1,0,0,7500
10.0,0.0,0,2904.4444444444443,1,9,0,0,0,0,2,9000
10.0,0.0,1,0.4135968120796811,1,9,0,1,0,0,1,6499
16.0,0.1,1,0.8017336189537407,1,8,0,1,1,0,2,13499
10.0,0.0,0,0.0,1,8,0,0,0,0,2,11800
8.0,0.2,0,1.0668940980522086,1,8,0,0,0,0,1,5499
8.0,0.0,1,0.409855654992059,1,8,0,1,0,0,1,6999
7.0,3.5,0,0.1530100739982333,1,9,0,0,0,0,1,8999
12.0,4.6,1,0.3014776538009313,1,9,0,1,1,0,2,7499
6.0,20.0,1,4698.823529411765,2,0,0,1,0,0,0,8500
13.0,0.0,1,0.3017938159739309,1,9,1,1,1,0,0,8799
16.0,0.1,1,0.8369925064308134,1,9,1,0,1,0,2,11999
6.0,20.0,1,2.253045332809211,2,0,0,1,0,0,0,12000
15.0,0.1,1,0.8178121371131404,1,9,0,1,1,0,2,11599
9.0,20.0,1,1.3027817718690171,2,0,0,1,0,0,0,13000
12.0,0.0,1,1.3139486822654924,1,9,0,1,0,0,1,7499
13.0,0.0,1,0.5557409091415434,1,9,1,1,0,0,1,9999
5.0,30.0,1,0.0385138084861735,15,8,0,1,1,0,2,8500
16.0,0.0,1,0.5617080348093039,1,8,0,1,0,0,0,8999
8.0,0.1,1,0.3631632386005586,1,0,0,1,1,0,2,6999
8.0,0.0,1,3485.333333333333,1,9,0,1,1,0,1,7500
38.0,2.1,3,0.0,1,9,2,2,1,0,0,24999
15.0,0.0,1,0.0,1,8,1,1,1,0,2,11999
10.0,0.1,1,0.3601268902058906,1,8,0,1,0,0,1,7499
5.0,0.1,1,0.2210069151181776,1,6,0,1,1,0,1,7000
8.0,0.0,1,0.3896698637392301,1,8,0,1,1,0,1,3999
9.0,0.1,1,1.977511293875791,1,8,0,1,0,0,1,5999
12.8,1.8,1,0.0,1,8,1,1,1,0,2,13999
40.0,0.0,2,0.0,1,9,2,1,1,1,2,29999
17.0,0.1,1,1.0530867051061037,1,9,0,1,0,0,0,14999
12.0,0.0,1,0.9456591202670936,1,9,0,1,1,0,2,14000
10.0,3.6,1,1.2580617175347275,1,8,1,1,0,0,1,6700
9.0,0.0,1,0.9496284181285884,1,0,1,1,0,0,1,5999
20.0,0.1,2,1.7437466378371171,1,8,2,1,1,0,2,15000
13.0,0.1,1,0.0,1,6,0,1,1,0,2,11999
14.0,0.0,1,0.0,1,9,0,1,1,0,0,10500
16.0,0.1,1,0.322126471575228,1,0,1,1,1,0,2,8999
10.2,0.0,1,0.1423417876507141,1,8,0,1,0,0,1,3799
15.0,0.0,1,0.8246434527423052,1,8,0,1,1,0,0,10799
10.0,4.8,1,1.641497838474525,1,9,0,1,1,0,2,6999
24.0,0.2,2,0.0933205185094462,1,9,1,2,1,1,1,19000
20.0,0.0,2,0.7955549418552356,1,0,1,1,1,0,2,22000
9.0,0.1,1,0.0498052441509337,1,8,0,1,1,0,2,6999
11.0,20.0,1,0.7012324303248911,8,9,0,1,0,0,0,23000
14.0,0.0,1,1.2588111496116217,1,6,0,1,1,0,2,8499
16.0,0.0,1,1.3269411513701437,1,9,1,5,0,0,1,13499
8.0,4.4,1,0.777263216450134,1,9,0,1,1,0,1,7799
10.0,0.0,1,1.4037467328599806,1,9,0,1,1,0,2,8499
25.0,1.0,2,0.3494521237547451,1,9,1,1,1,1,2,24000
13.0,0.0,1,0.3850797688396111,1,9,0,1,1,0,0,9499
11.0,0.1,1,0.0,1,8,1,1,0,0,0,8499
9.0,0.0,0,0.199220976603735,1,9,0,0,0,0,1,6999
2000.0,0.0,0,0.0926534485881129,1,4,0,0,0,0,0,1850000
11.0,0.1,1,0.1287190144932978,1,9,1,1,0,0,1,8499
9.0,1.1,1,0.2055780696232812,1,6,0,1,1,0,2,14000
50.0,2.1,4,0.9161949321835036,1,9,2,2,1,0,2,110000
10.0,0.0,1,3075.6559595246504,1,9,0,1,1,0,2,8499
7.0,0.0,1,1.4493981487218524,8,0,0,1,1,0,1,8800
6.0,0.0,1,1.020632007170474,1,0,0,1,1,0,1,5699
14.0,0.0,1,0.0,1,9,0,1,1,0,0,11500
18.0,0.0,0,0.2588812347849892,11,8,0,0,0,0,0,12000
15.0,0.1,1,0.0,1,8,0,1,1,0,2,12499
9.0,0.0,0,0.6557690479872944,1,9,0,0,0,0,2,6999
9.0,0.0,1,2.0375753014904903,1,8,0,1,0,0,0,5499
8.0,0.0,1,1.4669598322117297,1,8,0,1,0,0,1,6499
6.0,0.0,0,0.2280846316674355,1,8,0,0,0,0,1,4499
18.0,3.1,1,0.9214362567653468,1,9,2,1,1,0,0,16999
12.0,0.0,3,0.1390270678721712,3,0,0,0,0,0,0,9500
11.0,0.0,1,1.850494673074522,1,0,0,1,0,0,1,5499
19.0,20.0,1,0.4860194479230833,8,0,1,1,0,1,0,20000
13.0,0.0,1,0.5981239006911362,1,9,0,1,1,0,0,9499
20.5,0.0,0,0.0,1,9,0,0,0,0,2,17499
27.0,20.1,2,0.1736439993524815,8,9,1,1,0,0,0,20000
15.0,0.1,2,0.9215893608361152,1,2,1,1,1,0,1,15499
12.0,0.5,1,0.2193825090803122,8,9,1,1,1,1,2,33000
29.0,20.0,3,0.9357691343845524,2,0,1,2,1,1,0,26000
12.0,0.0,1,0.0,1,9,1,1,1,0,2,10499
15.0,1.0,1,1.0681260426121195,1,8,1,1,1,0,2,16499
7.5,2.1,1,0.9813235847759398,1,8,0,1,0,0,1,4999
13.2,0.0,1,0.0536327858119687,1,8,1,1,1,0,2,11799
12.0,0.0,1,1.0752281836614832,1,9,0,1,0,0,0,12499
7.0,8.0,1,0.3896698637392301,1,9,0,1,1,0,2,3999
22.0,0.0,3,1.2889902857194149,1,0,1,1,1,0,2,10499
12.0,0.7,1,0.0944461294605485,1,9,0,1,1,0,2,9999
10.0,0.0,1,0.0,1,8,0,1,1,0,2,9499
12.0,0.0,0,0.0670130471038523,1,8,0,0,0,0,2,9500
20.0,20.1,2,0.7627714851345192,8,9,1,1,1,1,0,22500
5.0,20.0,1,2.010251975069637,8,0,0,0,0,0,0,6000
12.0,0.1,1,0.0,1,9,0,1,0,0,1,8599
19.5,0.0,2,1.3975671321785217,1,0,1,1,0,0,1,16799
10.0,0.0,1,0.6194987909824402,1,8,0,1,0,0,1,7699
12.0,0.0,1,1.465406261314195,1,9,1,1,1,0,1,9999
10.0,0.0,1,1.5048657156631016,1,9,1,1,1,0,2,7999
14.0,0.0,1,0.3440916133220537,1,9,1,1,1,0,2,11000
12.0,0.0,0,0.0,1,8,0,0,0,0,1,9499
10.0,4.5,0,0.6287912074055386,1,8,0,0,0,0,2,6999
17.0,0.0,1,2.1619339351184608,1,0,1,1,1,0,2,13999
7.0,0.0,1,0.313352527538449,1,6,0,1,0,0,1,7000
20.0,20.0,2,0.0,8,0,1,1,1,1,0,22500
4.0,20.0,1,0.5450131258631353,8,0,0,1,0,0,0,12000
20.0,6.1,1,0.195563164646073,1,9,1,1,1,0,1,20999
7.0,30.1,1,1.1184278401365269,1,9,1,0,0,0,2,10000
7.0,0.0,0,0.2174602424940574,1,8,0,0,0,0,0,7999
12.0,8.5,1,1.3190546164428272,1,9,1,1,1,0,1,7999
9.0,0.0,1,0.7197627744521619,1,0,0,1,1,0,2,7999
15.0,0.5,1,0.5625368240895466,1,9,0,1,1,0,0,11999
13.0,0.0,1,1.6909307801643796,1,8,0,1,0,0,0,5999
12.0,0.0,0,0.6191282517187514,1,8,0,0,0,0,2,9499
17.0,0.0,1,2.2977121831444767,1,8,0,1,1,0,1,13999
15.0,6.9,2,0.0,1,8,1,1,0,0,1,13000
29.0,0.0,2,0.319792481594313,11,9,2,1,1,1,2,28000
20.0,0.1,2,0.9415309620098504,1,8,1,1,1,0,2,18499
10.0,0.1,1,0.8798926466664962,1,8,1,1,0,0,1,6999
15.0,0.0,0,1.1007424706665698,1,8,0,0,0,0,2,11999
21.0,0.0,1,0.71618244909497,1,9,1,1,1,0,0,13999
6.0,20.0,1,3290.0,2,0,0,1,0,0,0,11000
48.31,2.1,3,0.4394366037578913,1,9,2,2,1,1,2,40000
13.0,0.0,0,1.5924154764751817,1,8,0,0,0,0,2,6899
15.0,0.0,1,0.4201080302383062,1,8,0,1,1,0,2,10499
14.0,0.0,1,1.1902841134949966,1,9,0,1,1,0,2,11500
10.0,0.0,1,1.3250383161638322,1,8,0,1,0,0,1,5999
13.0,0.0,1,0.4390627234236543,1,8,1,1,0,0,1,89999
12.0,0.0,1,1.652573576650606,1,9,0,1,1,0,2,11999
6.0,31.0,0,0.8310783758135554,15,7,0,0,0,0,0,15000
10.0,0.1,1,1.5587441963491528,1,6,0,1,1,0,2,5999
13.0,0.0,1,0.3174391848540795,1,9,0,1,1,0,2,6299
14.0,0.0,1,0.2083262740549092,1,8,0,1,1,0,2,11499
10.0,0.0,1,0.2079781161353359,1,8,0,1,0,0,1,6599
15.0,0.1,0,0.7213096691630126,1,8,0,0,0,0,1,12999
12.0,0.0,1,0.1719893478609948,1,8,0,1,1,0,2,10000
8.0,20.1,1,0.6666678414575852,8,9,0,1,0,0,0,12000
30.0,30.0,3,1.20560668902862,1,9,2,2,1,1,2,22000
30.0,0.0,3,0.504609134548178,1,9,2,2,0,0,2,22000
12.0,0.1,1,0.1551828960520973,1,9,0,1,1,0,2,7999
16.0,0.1,1,0.1262595625419964,1,9,1,1,1,0,2,9999
11.8,25.0,1,1.7725893508870374,2,9,0,1,1,1,2,28000
12.0,0.1,0,0.0,1,8,0,0,0,0,2,10999
10.0,0.1,0,1.3989413112997446,1,9,0,0,0,0,2,13500
23.0,2.3,3,0.2901931107195263,3,9,2,2,1,1,0,30000
16.0,0.0,1,0.322126471575228,1,8,1,1,1,0,2,8999
14.0,0.0,1,0.0,1,9,0,1,0,0,0,7799
17.0,0.0,1,0.0,8,0,1,1,0,0,0,19500
10.0,0.1,1,0.2158227246540462,1,8,0,1,0,0,1,6999
100.0,0.0,5,0.0,1,9,2,3,0,0,1,70000
14.0,0.0,1,0.7748935401548807,1,9,0,1,1,0,0,7999
10.0,20.1,1,1.1075396910222313,8,0,0,1,0,0,0,16500
10.0,0.1,1,2.417810874886385,1,6,0,1,0,0,1,7799
10.0,0.0,1,0.6617548993274897,1,8,0,1,1,0,1,6499
10.0,0.0,1,1.002628732968743,1,8,0,1,1,0,2,8200
60.0,0.0,0,0.9857772033836028,1,9,0,0,0,0,0,30000
14.0,0.0,0,1.5043507830867415,1,9,0,0,0,0,2,12499
25.0,0.2,2,0.7229480152639844,1,9,1,1,1,1,3,23000
12.5,0.0,1,0.8540678821072618,1,8,0,1,1,0,2,7799
8.0,0.1,1,1.2481199999974173,1,8,0,1,1,0,2,6499
17.0,0.0,1,1.6142678959610737,1,9,0,1,1,0,0,12999
42.66,32.5,5,0.660753014737184,1,9,2,4,1,1,2,26000
11.0,0.1,1,1.7197519219160389,1,9,0,1,1,0,1,8550
15.0,0.1,0,0.1985424085021929,1,8,0,0,0,0,2,11999
40.0,0.1,2,0.1317430164221064,1,9,1,1,1,1,2,28500
15.0,0.0,1,2.183391284660345,1,8,1,1,0,0,1,12499
6.0,0.1,1,1.7527796280037744,1,0,0,1,1,0,2,6500
9.0,0.0,1,0.5899170561666137,1,8,0,1,1,0,2,12500
46.0,33.0,0,0.6262952833359445,11,9,0,0,0,0,2,36000
10.0,28.0,2,0.8806208522731804,8,8,0,1,1,0,2,16000
16.0,0.1,1,0.473868330657258,1,8,0,1,0,0,0,10999
16.0,0.0,1,0.0,1,8,1,1,1,0,2,11999
28.0,0.0,0,0.1888081186025861,3,3,0,0,0,0,0,12000
15.0,0.0,1,1.3954475188668105,1,9,0,1,1,0,0,13799
18.0,0.1,1,0.0,1,9,1,1,1,0,2,12499
13.0,0.0,1,1.4184118490484674,1,8,0,1,0,0,0,6999
9.0,21.1,1,1.388703722220578e-05,2,9,0,1,0,0,0,15000
10.0,0.0,0,2.3172350834946323,1,9,0,0,0,0,2,13000
15.0,0.0,1,0.5617080348093039,1,8,0,1,1,0,0,8999
14.0,0.1,1,0.8474574710094531,1,9,0,1,1,0,2,10999
39.0,0.0,3,0.2657565378346312,1,9,2,2,1,1,2,27999
15.0,0.1,1,1.149260270067306,1,9,0,1,1,0,2,9999
30.0,0.1,2,0.8581292808366958,1,9,1,1,1,1,2,25000
12.0,0.0,1,0.0261727758154872,1,6,0,1,1,0,2,8999
13.0,0.0,1,0.3459674590585235,1,8,1,1,0,0,1,10500
12.0,0.1,1,1.5267998288604183,1,8,1,1,0,0,1,10999
12.0,0.0,1,1.652573576650606,1,9,0,1,1,0,2,11999
16.0,0.0,1,0.2014842001816112,1,8,1,1,0,0,1,12499
12.0,0.1,1,0.120952003612757,1,9,0,1,0,0,1,14499
16.0,0.0,1,0.0715802244332578,1,6,0,1,1,0,2,9999
8.0,0.0,0,0.7677469594156394,1,8,0,0,0,0,0,7999
15.0,0.0,1,0.9582397026536924,1,9,1,1,1,0,2,13499
22.0,20.0,0,0.0,2,0,0,0,0,0,0,45000
21.0,0.0,1,0.0,1,9,0,1,1,0,0,11999
10.0,0.1,1,1.977511293875791,1,8,1,1,0,0,0,5999
10.0,0.0,1,1.0700553435147904,1,0,1,1,1,0,1,6199
12.0,0.0,1,1.9119467483034387,1,8,0,1,0,0,1,5999
9.0,0.0,0,0.0,1,9,0,0,0,0,1,5999
17.0,0.0,1,2.5651302081609515,1,8,0,1,0,0,1,10499
15.0,1.1,1,0.1895217349558784,1,9,0,1,1,0,2,14500
25.0,2.3,2,0.784520777686916,1,8,0,1,1,0,0,21799
16.0,1.4,1,0.1568130391545029,1,9,0,1,1,0,2,14000
7.0,0.1,1,0.0,1,6,0,1,1,0,2,9500
56.0,2.3,2,0.0,15,0,2,2,1,1,2,61500
10.0,0.0,1,1.2980805855180009,1,8,0,1,0,0,1,5599
8.0,0.0,1,0.8947799199095176,1,0,0,1,0,0,1,5499
15.0,0.1,1,0.80164006402987,1,8,1,1,1,0,2,13799
17.0,0.2,0,0.3206696453386153,1,9,0,0,0,0,3,14999
26.0,20.0,3,0.8652911788300298,8,9,2,2,1,1,0,27000
25.5,0.0,2,0.6407938327703476,8,9,1,1,0,0,0,38000
7.0,1.5,1,0.0,11,0,0,1,1,0,3,11000
25.0,0.0,0,0.2467948380854032,1,9,0,0,0,0,2,19585
10.0,20.0,2,6.494709332468807e-06,2,9,1,1,0,1,0,23000
12.0,3.0,1,0.3060161021578248,1,9,0,1,1,0,2,9000
18.0,0.0,0,0.0,1,8,0,0,0,0,3,15499
12.0,0.2,1,0.0191262592497791,1,9,0,1,1,0,0,8999
25.0,32.1,5,0.870221482988636,1,0,5,5,0,0,0,32500
12.0,2.8,1,0.9693155392003664,1,8,1,1,1,0,3,9999
16.0,0.1,1,0.8273656971987347,1,8,1,1,1,0,0,10499
8.0,20.0,1,0.7854042502698635,2,9,0,1,0,0,0,13500
25.0,0.1,3,0.6859866782455813,1,0,2,2,0,0,2,18000
10.0,3.7,1,0.0,1,9,0,1,1,0,2,6799
12.0,0.0,1,0.0,1,9,0,1,1,0,2,10999
8.5,0.0,1,0.0,1,9,0,1,0,0,1,5999
11.0,5.4,1,0.5199364145633427,1,9,0,1,1,0,2,8500
30.0,0.0,3,0.0,1,9,1,2,1,1,3,24000
13.0,0.1,1,1.1787720507428472,1,9,0,1,1,0,2,10999
16.0,0.1,1,0.5662953646844715,1,9,1,1,1,0,2,11499
16.0,0.1,1,0.5083558379546568,1,9,0,1,0,0,0,8999
20.0,6.1,1,0.322126471575228,1,0,1,1,1,0,0,8999
15.37,0.1,0,1.3557328745467063,2,9,0,0,0,0,2,120000
10.0,0.1,0,0.8519934746640031,1,9,0,0,0,0,1,10000
13.0,0.0,1,0.3086801916050491,1,9,0,1,1,0,0,7499
8.0,0.0,0,0.0,1,9,0,0,0,0,1,5999
10.0,20.0,1,0.8804117953823964,2,0,0,1,0,0,0,15000
13.0,0.0,1,0.3130770805362649,1,8,0,1,1,0,1,6499
12.0,0.1,1,1.5267998288604183,1,8,1,1,0,0,1,10999
13.0,0.1,1,2.211827543957935,1,9,0,1,0,0,1,5499
11.0,0.1,1,0.8916982902616868,1,9,0,1,1,0,2,10999
14.0,0.0,0,0.340636485175331,1,8,0,0,0,0,1,11999
10.0,2.1,1,1.3186392894974734,1,8,0,1,0,0,1,9599
41.0,41.3,3,0.0,1,8,3,2,1,0,2,20000
12.0,0.0,1,1.3989930176872991,1,8,0,1,1,0,2,10999
12.0,3.1,1,2.079609060894215,1,9,0,1,1,0,2,14999
15.0,0.0,1,1.2489795867047844,1,2,0,1,1,0,0,11499
13.0,0.0,1,1.1456593106969335,1,8,0,1,1,0,2,10499
13.0,0.0,1,0.8246434527423052,1,8,1,1,1,0,2,10799
12.0,0.0,1,0.0,1,8,0,1,1,0,2,12499
12.0,0.2,0,0.3651901128291704,1,2,0,0,0,0,1,12499
900.0,0.0,0,0.0383984993487926,1,4,0,0,0,0,0,500000
12.0,0.1,1,0.0,1,9,0,1,1,0,2,9999
31.0,0.0,2,1.2983521037570058,1,9,1,1,0,0,0,21999
9.2,0.0,1,1.886566924210915,1,8,0,1,1,0,2,5999
12.0,0.0,1,0.6704941940005186,1,8,0,1,0,0,1,10999
10.0,0.1,1,0.0490051250690833,1,8,0,1,1,0,0,7999
12.0,0.0,1,1.5993312996741251,1,9,0,1,1,0,2,9499
10.0,0.0,0,0.5171260205927753,1,8,0,0,0,0,2,10999
5.0,0.0,1,0.1213503915812776,1,6,0,1,0,0,1,4000
10.0,0.1,0,0.944454487561112,1,8,0,0,0,0,1,6799
15.0,0.0,0,1.0131502316214849,1,0,0,0,0,0,2,11999
10.5,0.0,0,1.7528128187883192,1,8,0,0,0,0,1,6499
25.0,0.0,3,1.5372509203566205,1,9,3,2,0,1,3,27500
8.9,0.0,1,0.6510405868875702,1,8,0,1,0,0,1,5499
13.3,0.0,1,0.9517816089089484,1,9,0,1,0,0,1,12999
14.0,0.0,1,0.2083262740549092,1,8,0,1,1,0,2,11499
10.0,0.0,1,0.0973287706253809,11,0,0,1,1,0,2,11000
32.0,0.1,4,0.3189832116548746,1,6,2,2,1,0,0,30999
15.0,0.0,1,0.0,1,9,1,1,1,0,2,10999
40.0,20.0,3,1.2200055626583632,2,9,2,2,1,0,0,55000
13.0,0.0,1,0.6091261798008394,1,9,0,1,1,0,2,9499
50.0,0.0,0,0.51179512254171,1,8,0,0,0,0,0,30000
18.0,0.0,1,0.5209226306236612,1,8,1,1,1,0,0,16499
20.0,0.0,1,0.5848735849370059,1,9,1,1,1,0,2,18999
31.9,0.0,2,0.2403131026002508,1,9,1,1,1,1,0,24999
16.0,0.0,1,1.941597528033474,1,9,0,1,1,0,0,11099
9.0,0.0,1,0.0,1,9,0,1,0,0,1,5399
10.23,0.0,1,2.050568563548579,1,8,0,1,0,0,1,4499
7.0,0.1,1,1.5917888897792971,1,8,0,1,0,0,1,5499
10.0,0.0,1,0.0,1,9,0,1,1,0,2,7499
11.0,0.1,1,0.4034805102521117,1,8,0,1,1,0,1,7799
9.0,0.0,1,0.8764064093941596,1,8,1,1,1,0,2,6499
10.0,0.1,0,0.9179299852946512,1,8,0,0,0,0,1,14000
12.0,0.0,0,0.0255613622346238,1,8,0,0,0,0,2,10999
12.0,0.0,1,0.0,1,9,1,1,1,0,2,8999
8.0,20.0,1,0.3892950899022395,8,0,0,1,1,0,0,12000
10.0,0.1,0,1.7618605118392814,1,9,0,0,0,0,2,6999
10.0,0.0,0,1.337121845634817,1,9,0,0,0,0,1,6499
10.0,3.4,1,0.9832223412400224,1,8,0,1,1,0,2,10000
18.0,0.0,1,0.9399634068874508,1,8,0,1,1,0,0,15999
10.0,1.1,1,1.4273050437534087,1,8,0,1,0,0,0,3999
8.7,0.0,1,5808.888888888889,1,8,0,1,0,0,1,4500
14.0,0.0,1,0.8635322862070062,1,9,0,1,1,0,2,8499
6.0,0.1,1,0.0,1,8,0,1,1,0,0,9999
12.0,0.0,0,0.4484470448991576,1,0,0,0,0,0,0,14000
15.0,0.0,0,0.4954080944338961,1,0,0,0,0,0,0,16000
9.0,2.0,0,0.0079532646409708,14,0,0,0,0,0,0,10000
10.0,0.0,1,0.0,1,6,0,1,1,0,1,10000
29.0,0.0,2,0.319792481594313,11,9,2,1,1,1,2,28000
242.0,20.0,1,0.8279813320720338,1,8,4,0,1,1,2,200000
10.0,0.1,1,0.4298518058347823,1,8,0,1,0,0,1,4499
13.0,0.0,1,0.6194987909824402,1,8,0,1,0,0,1,7699
12.0,1.3,1,0.8916982902616868,1,8,0,1,1,0,1,10999
11.0,0.0,0,0.1518367329380015,1,0,0,0,0,0,1,3699
8.0,0.0,1,0.3549822203458065,1,9,0,1,1,0,2,7499
9.0,0.1,1,1.977511293875791,1,8,0,1,0,0,1,5999
10.0,0.1,1,1.2445448759061706,1,0,0,1,0,0,1,5199
41.33,4.3,3,0.1815996086615905,8,9,2,1,1,1,4,28000
45.3,0.1,3,0.3174821951865135,1,9,2,2,1,1,0,26999
12.0,0.1,0,0.1907193115296009,1,8,0,0,0,0,2,11500
10.0,0.1,1,0.5831318444839277,1,8,0,1,1,0,2,11299
15.0,0.0,0,1.125360902311944,1,8,0,0,0,0,2,13799
10.0,0.1,1,0.1786618287854817,1,6,0,1,1,0,2,8000
13.0,6.7,1,0.0,1,9,0,1,1,0,2,10000
13.0,0.0,1,1.2198463247167688,1,2,0,1,0,0,1,9999
20.0,0.0,1,0.4889539035397615,1,9,0,1,1,0,0,14399
15.0,0.6,1,0.5592993543183049,1,9,0,1,1,0,2,13000
11.0,0.1,0,6536.634158539635,1,8,0,0,0,0,1,3999
11.8,0.1,1,0.1368482182782384,1,8,0,1,1,0,2,7499
11.0,0.0,0,0.8660643404745798,1,0,0,0,0,0,2,13499
19.0,0.0,1,0.8632651599946783,1,9,0,1,1,0,0,12599
25.0,20.2,3,0.4827482946715035,8,0,2,1,1,1,0,24000
15.0,0.0,0,0.8194504123823622,1,8,0,0,0,0,2,13999
9.0,0.0,1,1.6909307801643796,1,8,0,1,0,0,1,5999
28.0,0.1,3,0.2576572183555334,1,9,1,2,1,1,2,29999
12.0,0.0,0,1.5993312996741251,1,9,0,0,0,0,2,9499
43.0,20.0,3,0.8643910108851466,8,9,2,2,1,1,0,36000
10.0,5.7,1,1.9706055704657208,1,0,0,1,1,0,2,6499
10.0,10.8,1,0.5016382203516134,8,9,1,1,0,0,2,20000
34.0,0.0,0,0.3882501155152192,2,0,0,0,0,0,0,4800
12.0,0.0,1,0.6993112016397187,1,8,0,1,1,0,1,11499
50.0,20.2,4,0.6373060643002105,8,0,2,2,1,0,0,45000
16.0,0.0,0,0.0,1,9,0,0,0,0,2,14499
10.0,0.0,1,2.4081604601265805,1,0,0,1,1,0,2,8499
12.0,4.6,1,1.060158182362123,1,9,0,1,1,0,2,8499
11.0,0.0,1,0.3017897259525305,1,9,1,1,1,0,2,8800
14.0,0.0,1,0.6361997813610754,1,9,0,1,1,0,1,8999
17.0,0.0,0,1.8015890479524468,1,0,0,0,0,0,1,15499
18.0,0.0,1,0.0,1,8,1,1,1,0,2,18000
30.0,0.0,3,0.1219494066810769,1,8,2,2,1,1,2,25000
11.5,0.0,0,0.1832094307084109,1,8,0,0,0,0,2,8999
10.0,13.1,1,0.944448760131066,1,0,0,1,1,0,2,6500
36.0,0.0,2,1.0602614341525003,1,9,2,2,1,1,1,22500
10.0,4.2,1,0.3040591987995688,1,6,0,1,1,0,2,9500
8.0,20.0,0,1.8423111060741764,1,8,0,0,0,0,1,18000
13.0,0.0,1,1.1532978140936208,1,8,0,1,0,0,1,11999
10.0,0.1,0,2.2447096107223534,1,9,0,0,0,0,2,7800
9.0,0.0,1,1.058859759267096,1,8,0,1,0,0,1,4699
10.0,4.4,1,0.9162668103318689,1,9,1,1,1,0,2,11000
8.0,13.3,1,0.0,1,0,0,1,1,0,2,5500
13.0,0.0,1,0.5557409091415434,1,9,1,1,0,0,1,9999
11.0,0.1,1,0.0826961485540781,1,9,0,1,1,0,0,7999
13.0,0.0,1,0.9846898112201068,1,9,0,1,0,0,1,7499
14.0,0.0,1,0.0,1,8,0,1,1,0,2,11999
39.0,0.1,4,1.290439205210232,1,9,1,2,1,1,2,35799
18.0,5.5,2,1.1843518653026053,1,8,1,1,0,0,1,15500
10.0,0.0,1,1.2507277442127744,1,8,0,1,0,0,1,4999
13.0,0.0,1,1.8180012739526932,1,8,0,1,1,0,1,8999
16.0,0.1,2,0.5806540294462529,1,8,1,1,1,0,2,19999
16.0,0.0,1,0.0,1,9,0,1,0,0,0,11299
73.17,41.0,6,0.2993802511872173,12,8,4,7,1,1,2,38000
12.0,0.1,1,1.5792412832858578,1,8,0,1,1,0,2,6999
15.0,0.0,1,0.4561720029563645,1,9,0,1,0,0,1,10999
13.0,6.2,1,0.9667277866244344,1,9,0,1,1,0,2,12500
8.0,0.2,0,1.8111264044450008,1,8,0,0,0,0,1,5599
11.0,6.4,1,3144.705882352941,1,9,0,1,0,0,2,8500
25.0,20.0,1,0.3026415546626988,8,0,1,1,1,0,0,15000
12.0,1.1,1,0.6559685457376375,1,6,0,1,1,0,2,11999
16.0,0.0,0,1.125360902311944,1,8,0,0,0,0,2,13799
25.0,0.0,3,0.7566649547988248,1,0,2,2,0,1,1,20999
6.0,20.1,1,1.663323840801589,2,0,0,1,0,0,0,9500
11.0,0.0,1,1.4219867493272598,1,9,0,1,0,0,1,7499
52.88,0.0,0,1.048226885368963,1,8,0,0,0,0,0,25000
12.0,0.0,1,0.073507687603625,1,8,0,1,0,0,1,7999
10.0,0.0,1,0.690217928705389,1,9,0,1,1,0,1,7799
46.0,33.0,0,0.6262952833359445,11,9,0,0,0,0,2,36000
11.0,0.0,0,0.0,1,8,0,0,0,0,2,8999
16.0,0.1,1,0.0684640337269654,1,8,0,1,1,0,1,11499
16.0,0.0,1,0.6089095214748155,1,9,0,1,1,0,0,10499
5.0,20.0,1,2.474005434598674,2,0,0,1,0,0,0,8500
15.0,0.0,1,0.1907212368108323,1,9,0,1,1,0,2,11499
15.0,20.0,1,0.2759613285516498,2,0,0,1,0,0,0,17000
25.0,0.1,3,0.8814469397613678,1,9,1,2,1,0,2,24999
8.0,7.7,1,0.2255657862615391,1,9,0,1,0,0,1,5499
15.0,0.1,1,0.9456591202670936,1,9,1,1,1,0,2,14000
20.0,0.0,2,1.2724705772655396,1,9,1,1,1,1,2,20000
45.0,2.0,3,0.8973096216896138,1,9,2,2,1,0,2,26999
8.0,0.2,0,1.1184214300811286,1,8,0,0,0,0,1,4399
13.0,0.1,1,0.0,1,9,0,1,1,0,2,7499
50.0,0.0,3,0.5685424442391486,1,9,1,2,1,0,0,36499
10.0,1.9,1,0.3130770805362649,1,9,0,1,1,0,2,6499
25.0,0.0,2,1.304972893058843,1,9,1,1,0,0,1,20999
15.0,1.1,1,2.58094603988757,1,9,0,1,1,0,0,10499
14.0,0.0,0,0.6267711327226091,1,9,0,0,0,0,2,11999
8.0,6.9,1,0.2769777703446974,1,8,0,1,1,0,1,4999
10.0,0.1,0,0.4812804871781767,1,8,0,0,0,0,2,16000
12.0,0.0,1,1.5421804826664045,1,8,0,1,1,0,1,8999
80.0,0.1,0,0.0,15,4,0,0,0,0,0,38000
10.0,0.0,1,0.7627708128633269,1,0,0,0,1,0,1,4999
132.43,1.9,0,0.8153205685377335,1,9,0,0,0,0,4,215000
15.0,0.0,1,0.5617080348093039,1,8,0,1,1,0,0,8999
14.0,0.0,1,0.0,1,9,0,0,1,0,0,8999
12.0,20.6,1,0.9885256096464812,1,8,0,1,0,0,1,8999
770.0,0.0,0,0.0323146878826211,1,4,0,0,0,0,0,308000
12.0,5.7,1,1.206090318382803,1,8,0,1,0,0,1,8500
15.0,0.0,1,0.6046272226807606,1,9,0,1,1,0,2,12999
11.0,0.1,1,4312.774662827702,1,8,0,1,0,0,1,6599
12.0,0.0,1,0.5938038127043441,1,8,0,1,0,0,1,11000
12.0,0.0,1,0.0815371851144204,1,8,0,1,1,0,2,9000
17.0,0.0,1,1.125360902311944,1,8,0,1,1,0,0,13799
14.0,0.0,1,0.1719913725965778,1,8,0,1,1,0,0,9999
15.0,0.0,1,0.6194890629506807,1,8,0,1,0,0,1,7700
5.0,25.0,3,0.7002001137479199,7,6,0,0,1,0,0,5500
30.0,44.2,2,0.846257889527045,11,0,2,1,0,0,1,15000
10.0,1.9,0,0.1870763662685282,1,8,0,0,0,0,2,5500
45.0,0.0,3,0.896416760802333,1,9,1,2,1,1,0,27000
11.0,0.0,0,1.0952300033557754,1,9,0,0,0,0,1,8999
5.0,10.5,0,0.3059317352442732,1,8,0,0,0,0,2,4500
36.0,20.1,3,0.7086060381720123,8,9,2,2,1,1,0,35000
10.0,0.0,1,0.1447298248217072,1,8,0,1,0,0,2,4000
10.0,0.0,1,0.9961048830186752,1,0,0,1,1,0,2,6999
13.0,0.1,1,0.0,1,9,0,1,0,0,1,12499
30.0,0.0,0,0.0622950363228142,1,8,0,0,0,0,0,35000
60.0,0.0,0,0.5677457236090824,1,4,0,0,0,0,0,46000
10.0,2.6,1,0.4298518058347823,1,2,0,1,0,0,1,4499
14.0,0.1,1,0.1398622403279437,1,9,1,1,1,0,2,11499
15.0,0.0,1,2.5411481794079696,1,8,0,1,1,0,2,11999
30.0,0.0,3,0.7955588871060085,1,8,1,1,1,1,2,21999
10.0,0.0,1,0.0191262592497791,1,8,0,1,0,0,1,8999
7.0,0.0,0,1.0770792913829832,1,8,0,0,0,0,2,5099
10.0,0.0,0,0.2705491279855644,1,9,0,0,0,0,2,7999
35.0,0.0,3,1.5599324943143071,1,0,2,1,1,1,2,23999
130.0,0.2,0,0.4229260151084444,1,2,0,0,0,0,0,250000
16.0,0.0,0,0.3219037576465502,1,5,0,0,0,0,2,14499
16.0,0.0,0,0.4889539035397615,1,8,0,0,0,0,2,14399
15.0,1.3,1,0.8264130114668746,1,9,0,1,1,0,0,13000
54.0,35.5,0,0.0,8,8,0,0,0,0,0,60000
12.0,0.1,1,1.2699600406307263,1,8,0,1,1,0,2,8499
10.0,0.1,1,1.6285387126035926,1,0,1,1,0,0,1,5999
15.0,0.1,1,0.0382473938101452,1,8,0,1,0,0,1,13999
14.0,0.0,1,0.0,1,9,0,1,1,0,0,10000
9.0,6.5,1,2.578910527941037,1,9,0,1,0,0,1,6500
9.0,0.0,1,0.1867260846194587,1,8,0,1,1,0,0,8800
14.0,0.0,1,0.0,1,9,1,1,1,0,1,10999
11.0,0.2,1,0.3431769144854064,1,9,0,1,1,0,0,8799
12.0,12.5,1,0.7904275917455177,1,9,1,1,1,0,2,11000
15.5,0.0,1,0.8870982655765383,1,9,0,1,1,0,2,11499
10.0,8.8,1,1.8135091491651956,1,0,0,1,0,0,1,6500
13.0,0.0,0,1.2477027828422125,1,9,0,0,0,0,2,11999
14.0,0.0,1,0.224481884878987,1,6,0,1,1,0,2,8999
10.0,0.1,1,0.5568058308842578,1,2,1,1,1,0,1,11799
12.0,0.1,1,0.0493256159599568,1,8,0,1,1,0,0,8999
8.0,4.3,1,0.0211061060422847,1,8,0,1,0,0,1,6100
15.97,42.5,2,2.013215687061784,1,0,2,2,1,0,1,23000
12.0,0.0,0,0.3086801916050491,1,9,0,0,0,0,1,7499
12.0,0.0,1,1.3037405148587389,1,9,0,1,0,0,1,7999
28.0,0.0,2,0.784604346176192,1,9,1,1,1,1,1,24999
10.0,32.0,1,0.3701147771038258,1,5,1,1,1,0,3,6000
10.0,0.1,0,0.198586705836345,1,0,0,0,0,0,1,5799
8.0,2.4,1,0.0,1,8,0,1,0,0,1,4999
11.0,0.1,1,0.5722692950945562,1,9,0,1,1,0,2,11999
15.0,3.7,0,0.6199584030191025,1,8,0,0,0,0,2,11999
40.0,0.0,2,0.1362963957023801,1,8,2,2,0,0,1,25000
21.0,20.0,3,1.3366380401733549,2,0,1,1,1,1,0,41900
11.0,0.0,1,0.2930098103088943,1,9,0,1,0,0,1,7999
12.0,0.0,1,1.964881114448857,1,9,0,1,0,0,0,5499
10.0,0.1,1,0.5090664040432561,1,9,0,1,1,0,1,10500
18.5,0.1,1,0.8299684456801522,1,9,1,1,1,1,2,13999
3000.0,0.0,0,0.0095793054051847,1,4,0,0,0,0,0,950000
10.0,6.4,1,0.0,1,8,0,1,0,0,2,8000
12.0,0.1,1,1.9754406028552884,1,8,0,1,0,0,1,4299
25.76,0.0,3,0.2110495350687463,1,9,2,2,1,1,2,30000
25.0,0.1,2,0.1361644321038605,1,9,1,1,1,1,2,28499
10.0,0.0,1,0.0493096279968251,1,9,1,1,1,0,2,7599
12.0,0.0,0,0.438731739290589,1,8,0,0,0,0,2,17000
12.0,0.0,1,1.299736670261046,1,9,1,1,1,0,0,12599
12.0,0.0,0,0.0,1,9,0,0,0,0,2,9999
8.0,0.0,1,0.4914850510015773,1,9,0,1,0,0,1,12000
15.0,50.1,0,0.8121039836716933,15,8,0,0,0,0,0,15000
10.0,0.0,0,0.0,1,6,0,0,0,0,2,12500
9.0,0.0,1,2.5161345301961355,1,8,0,1,1,0,2,6499
15.0,0.1,0,1.1330733439392244,1,9,0,0,0,0,2,12999
10.0,0.0,0,0.0,1,8,0,0,0,0,1,7799
13.0,0.0,0,0.6603592667292175,1,9,0,0,0,0,2,8999
12.0,0.1,0,0.0,1,8,0,0,0,0,2,8999
12.0,0.1,1,0.6527168923912112,1,8,0,1,1,0,2,8499
12.0,4.7,1,1.8767755649586988,1,9,1,1,0,0,1,7499
10.0,0.0,0,0.8764064093941596,1,8,0,0,0,0,1,6499
10.0,1.0,1,0.8827112598264616,1,8,0,1,0,0,1,10500
10.0,0.0,0,1.1415356836447144,1,8,0,0,0,0,2,8999
10.0,0.1,1,0.8684789448819072,1,9,0,1,0,0,1,6999
15.0,0.0,1,1.6142678959610737,1,8,0,1,1,0,2,12999
31.0,20.0,0,1.8740404105881328,2,0,0,0,0,0,0,65000
5.0,20.0,1,0.8728906492090679,8,0,0,1,0,0,0,8000
13.0,0.1,1,2.12804800284385,1,0,0,1,1,0,2,8999
72.27,0.0,4,0.1934868549411333,15,8,2,4,1,0,0,50000
10.0,3.5,1,1.1204972551471812,1,0,0,1,1,0,2,6299
10.0,0.0,1,1.7565914939089995,1,8,0,1,1,0,2,11499
11.0,0.0,1,0.8764064093941596,1,0,0,1,1,0,2,6499
18.0,0.0,0,0.5834854197270442,1,8,0,0,0,0,1,12799
13.0,0.0,1,2.3140843399714326,1,8,0,1,1,0,1,11499
10.0,0.0,1,1.7956225545460391,1,8,0,1,0,0,1,5999
15.0,0.0,1,0.080531617893807,1,8,0,1,0,0,1,8999
11.0,0.1,1,1.7779427516741733,1,8,0,1,0,0,1,6499
35.0,0.1,3,1.179963451349885,1,9,2,2,1,1,2,29000
13.0,0.0,1,1.1426938422481927,1,8,0,1,1,0,2,10499
8.0,20.0,1,1.918373497689385,8,0,0,1,0,0,0,9500
12.0,0.0,1,0.3850797688396111,1,9,1,1,1,0,2,9499
10.0,0.1,1,2.493375035306121,1,9,0,1,0,0,1,6999
13.0,0.0,1,0.0480099452059774,1,9,1,1,1,0,0,9499
24.0,0.0,0,0.6481955716944338,11,8,0,0,0,0,0,48000
10.0,0.6,1,1.9485884157357352,1,8,0,1,0,0,0,4499
15.0,0.0,0,1.6742817785200257,1,8,0,0,0,0,1,6499
11.2,0.0,1,0.0,1,9,0,1,1,0,2,7499
8.0,45.1,1,1.1161667165185325,1,8,0,1,0,0,1,6500
6.0,0.1,0,0.1722094930247701,1,8,0,0,0,0,1,3499
21.0,0.1,0,1.1312343405001395,1,8,0,0,0,0,2,17999
10.0,0.0,1,0.0,1,6,0,0,1,0,1,15000
10.0,0.1,1,1.559792797424747,1,0,0,1,0,0,1,3999
16.0,0.0,1,0.5380892986536913,1,8,0,1,1,0,0,12999
87.28,0.0,0,0.4784143377076109,15,7,0,0,0,0,4,56732
19.0,0.0,1,1.1878925313563549,1,9,0,1,1,0,2,16899
12.0,0.0,0,1.0700553435147904,1,0,0,0,0,0,2,6199
15.0,0.0,1,0.8301536517098117,1,8,1,1,1,0,2,12499
13.0,5.4,1,1.6703190029547692,1,9,0,1,1,0,2,11000
15.0,0.0,1,0.4201080302383062,1,8,0,1,1,0,2,10499
28.0,0.1,3,1.9064473944445748,1,9,2,2,1,1,2,23000
13.0,0.0,1,0.7480349976562357,1,8,0,1,0,0,1,7499
10.0,3.3,0,0.143672373125296,1,8,0,0,0,0,1,15500
14.0,0.0,1,0.8975484504856046,1,9,1,1,0,0,1,10499
10.0,0.0,1,1.2323526070853783,1,8,0,1,1,0,1,11499
23.0,20.0,2,0.643128370186901,8,0,1,1,1,1,0,28000
12.0,0.0,1,0.080531617893807,1,8,1,1,0,0,1,8999
15.0,0.0,1,2.0795933787480747,1,8,1,1,1,0,2,15000
10.0,0.0,1,1.1035284600127246,1,8,0,1,1,0,2,9999
12.0,0.1,1,0.1262595625419964,1,8,0,1,1,0,0,9999
18.0,0.0,2,0.3839510761310664,10,9,1,1,1,1,0,26000
8.0,1.8,1,0.3896698637392301,1,6,0,1,0,0,1,3999
15.0,0.1,1,0.334263967683543,1,8,1,1,1,1,2,10999
15.0,1.9,0,0.1868224278916027,1,8,0,0,0,0,2,10500
20.0,1.3,1,0.2552992771600748,1,9,1,1,1,0,2,14000
5.0,0.1,1,0.3383906533520693,8,0,1,1,0,0,0,6000
7.0,6.2,1,0.3856525707902969,1,8,0,1,1,0,1,4333
12.0,0.0,1,1.6114071701333357,1,0,0,1,1,0,2,6999
120.0,0.0,0,0.3227404954550058,1,8,0,0,0,0,0,250000
19.0,0.0,1,0.7624066489987388,1,9,0,1,0,0,0,16999
40.51,0.1,2,0.0,1,9,2,1,1,1,2,22999
13.0,0.1,0,1.3126653716690544,1,0,0,0,0,0,0,8999
12.0,0.0,1,1.4460182214735178,1,8,0,1,1,0,2,6499
7.0,2.3,1,1.059837071789692,1,9,0,1,0,0,1,5799
10.0,0.1,1,1.4975722366488404,1,9,0,1,1,0,2,13000
18.0,0.1,1,0.8437923894440029,1,9,1,1,1,0,2,16999
12.0,0.1,1,0.8321723835702765,1,9,0,1,1,1,2,9499
18.0,0.1,1,0.2507054993026527,1,8,0,1,1,0,2,16999
15.0,0.1,1,1.1362546481395672,1,9,0,1,1,0,2,12499
18.0,0.1,1,0.4889539035397615,1,9,1,1,1,0,2,14399
15.0,0.0,1,0.6046272226807606,1,9,0,1,1,0,2,12999
12.0,6.2,1,0.3523258282854057,1,9,0,1,0,0,1,8999
8.5,0.1,1,0.4263251479235496,1,8,0,1,1,0,1,4799
28.0,28.1,3,0.5255776841608917,1,9,2,2,1,1,3,27000
10.0,1.4,1,2.0311236374953228,1,8,1,0,1,0,3,11000
11.0,0.1,1,0.777263216450134,1,8,0,1,1,0,2,7799
14.0,0.1,1,1.465406261314195,1,8,0,1,1,0,2,9999
14.0,0.0,1,1.0411339464025648,1,8,0,1,1,0,2,10999
14.0,0.0,1,0.7363560525091949,1,8,1,1,0,0,1,11000
8.0,0.1,1,1.7921615626259206,1,0,0,1,1,0,2,3799
12.0,0.1,0,0.5625368240895466,1,8,0,0,0,0,2,11999
15.0,0.1,1,0.6817061643956419,1,8,0,1,1,0,2,11499
78.0,20.1,4,2.00296191637209,1,8,2,4,1,1,1,45000
10.0,0.0,1,1.7792557435521066,1,0,0,1,1,1,2,7599
15.0,5.1,1,0.120539717440343,1,8,0,1,1,0,2,12999
10.0,0.0,1,0.1621267452742285,1,9,0,1,1,0,1,5599
22.0,0.0,3,0.5046116369643826,1,9,1,2,1,1,2,21999
17.0,1.1,1,2.4799530529413625,1,8,1,1,1,1,2,15000
17.0,0.0,1,0.0,1,9,0,1,1,0,0,11999
10.0,40.0,1,1.3139301351252286,8,0,0,1,0,0,0,8000
15.0,0.1,0,1.426102485215327,1,9,0,0,0,0,2,7499
14.0,0.0,1,0.5306825891157655,1,8,0,1,1,0,2,13999
22.0,9.0,2,0.2281187801134459,1,9,2,2,0,0,4,28500
8.0,0.0,1,2.460783391681485,1,8,0,1,0,0,1,7800
13.0,0.0,1,0.7137713595069083,1,9,0,1,0,0,0,7799
12.0,20.2,1,0.5060850126998053,8,0,1,1,0,0,0,17000
18.0,0.0,1,0.0,1,9,1,1,1,1,2,15000
12.0,0.0,1,0.0,1,9,0,1,1,0,2,6999
10.0,12.4,1,0.935907218012189,1,0,0,1,1,0,1,7000
68.82,0.1,0,0.0617156347657063,15,9,0,0,0,0,1,50000
14.0,0.0,0,0.0255613622346238,1,8,0,0,0,0,2,10999
13.0,0.1,1,0.8684789448819072,1,9,1,1,1,0,0,6999
8.5,0.0,0,2.1594164059553407,1,0,0,0,0,0,1,3499
18.0,6.3,1,0.1442064677262411,1,9,1,1,0,0,1,14999
10.0,0.0,1,0.283293523029895,1,8,1,1,0,0,1,5499
10.0,0.0,1,1.163159972774932,1,9,0,1,0,0,0,6999
14.0,0.0,1,0.0,1,9,0,1,0,0,0,7799
10.0,20.0,1,0.2782226473432606,8,0,0,1,0,0,0,11000
8.0,0.1,1,1.2699199682010356,1,8,0,1,0,0,1,12500
18.0,0.0,0,0.8557515387438787,1,8,0,0,0,0,2,14999
14.0,0.0,1,0.0704201489763073,1,8,1,1,1,0,2,11499
9.0,0.1,1,0.1449921701808049,1,0,1,1,0,0,0,5299
12.0,0.1,1,0.8231725809824649,1,9,0,1,1,0,2,9999
10.0,0.1,0,0.2977886602766056,1,9,0,0,0,0,1,7000
25.0,0.0,2,0.3348519613369816,1,9,1,1,1,1,2,28000
10.0,0.1,1,0.989192590831492,1,9,0,1,1,0,2,9500
18.0,0.1,1,0.6049008143004272,1,8,0,1,1,0,2,13499
60.0,0.0,0,0.0,1,8,0,0,0,0,1,70000
15.0,0.0,1,0.0,1,9,0,1,1,0,0,9999
40.0,0.0,2,0.2560111556253642,11,6,2,1,1,1,3,28000
17.0,0.0,0,0.0,1,9,0,0,0,0,0,13999
7.0,0.0,1,1.2462426371850748,10,8,1,1,1,1,2,9500
8.0,5.1,0,0.1207978822191068,1,8,0,0,0,0,1,5500
20.0,0.1,2,0.9415309620098504,1,0,1,1,0,0,1,18499
13.0,0.6,1,1.7565737615751964,1,9,0,1,1,0,2,11500
12.0,0.0,1,2.244744361605657,1,9,0,1,1,0,2,7799
9.0,0.1,1,0.2215646262346292,1,9,0,1,1,0,2,6599
84.0,10.0,0,0.0264515237213488,15,4,0,0,0,0,0,40000
17.0,0.0,0,1.123517193173017,1,8,0,0,0,0,2,13999
37.32,0.7,2,0.1610919607298422,11,9,2,5,1,1,3,26800
10.0,3.7,1,0.0,1,8,0,1,1,0,2,8500
10.0,0.1,1,1.1505994990178532,1,9,0,1,1,0,2,7999
17.0,0.1,1,0.996344608754284,1,9,0,1,1,0,2,13999
10.0,0.0,0,0.0214394194542578,1,9,0,0,0,0,0,8000
20.0,0.1,1,1.5902960776660808,1,9,1,1,0,1,1,16999
12.5,0.0,0,0.6247183832142483,1,8,0,0,0,0,2,10500
20.0,0.3,0,0.4386608807731504,1,9,0,0,0,0,5,35000
13.0,0.0,1,0.0,1,9,0,1,1,0,2,8999
200.0,15.0,0,0.2128951896313579,1,4,0,0,0,0,0,60000
10.0,0.1,0,0.0255610912753525,1,9,0,0,0,0,2,11000
13.0,0.0,1,0.0,1,8,0,1,1,0,2,7499
50.61,0.0,3,1.419332166716178,1,9,2,2,1,1,2,26999
13.0,0.0,1,0.7692734803182133,1,0,0,1,1,0,2,8499
15.0,0.0,0,1.8925992777354823,1,6,0,0,0,0,1,6999
10.0,0.0,0,1.2249960234893666,1,9,0,0,0,0,1,15500
12.0,0.0,1,0.2355257983212288,1,9,0,1,1,0,2,11999
8.0,0.0,1,0.0,1,8,0,1,0,0,2,7499
73.81,10.3,0,0.2298222653197185,11,3,0,0,0,0,0,70000
15.0,0.0,1,0.8916982902616868,1,9,0,1,1,0,0,10999
11.0,0.1,1,2.3809532112469456,1,8,0,1,1,0,2,7499
12.0,4.7,1,0.0,1,8,0,1,0,0,1,9000
43.6,0.1,3,0.3174821951865135,1,9,2,2,1,1,0,26999
13.0,0.1,1,0.3219806932966019,1,9,0,1,1,0,2,8799
6.0,0.0,1,1.110766112677738,1,0,0,1,0,0,1,8000
10.0,0.0,1,0.2931500064013184,1,8,0,1,1,0,2,13000
15.5,0.1,1,1.0300060411960352,1,9,0,1,1,0,2,10499
11.0,2.1,1,1.6890944626681257,1,8,0,1,1,0,2,9999
46.0,0.0,3,0.6874834795145137,11,9,2,2,1,1,4,35600
35.0,20.1,3,0.932060344290122,8,9,2,2,1,1,0,34000
14.0,0.0,1,1.374185382145546,1,8,0,1,1,0,2,7999
28.0,0.0,2,0.7714769782574148,1,9,2,2,1,1,2,25999
16.0,0.0,2,0.3395727534381318,1,9,2,1,1,1,0,17000
19.0,0.0,0,0.4359454635463111,1,8,0,0,0,0,1,18000
10.0,20.0,1,1.3018859170573545,8,0,0,1,0,0,0,12500
10.0,0.1,1,0.9422259694349358,1,8,1,1,0,0,1,5999
9.0,0.0,1,4357.39289881647,1,0,0,1,1,0,1,5999
11.0,0.1,1,1.1035154689347064,1,8,0,1,1,0,2,10000
10.0,0.1,1,0.9841430163227736,1,9,0,1,1,0,2,8499
11.0,0.0,1,0.0,1,9,0,1,0,0,1,5999
52.51,0.0,3,0.3169841750941924,1,9,2,2,1,1,2,25999
27.0,20.0,3,0.9205896732351848,8,0,1,1,1,1,0,26000
17.0,0.0,1,1.125360902311944,1,8,0,1,1,0,2,13799
15.0,0.0,0,0.2793192270048568,1,0,0,0,0,0,0,12000
12.0,0.1,1,0.0,1,8,0,1,0,0,1,7799
10.0,4.6,1,1.1601028514750795,1,2,0,1,0,0,1,3999
14.0,0.0,0,1.168869767701636,1,8,0,0,0,0,2,11999
6.0,0.0,1,0.0734674776393057,1,6,0,1,0,0,1,4500
40.0,0.1,3,0.1318354727204242,1,9,2,2,1,1,2,21999
9.5,0.0,1,2.518352114931261,1,9,0,1,0,0,1,7900
14.0,0.0,1,0.777263216450134,1,9,0,1,1,0,1,7799
75.0,0.0,0,0.076409678146463,1,4,0,0,0,0,0,58000
11.0,0.0,0,0.0,1,9,0,0,0,0,2,10000
10.0,0.0,1,1.5993312996741251,1,9,0,1,1,0,1,9499
16.0,0.1,1,0.0,1,8,0,1,1,0,0,10999
5.0,20.2,1,0.8779251734188399,8,0,0,1,0,0,0,11000
11.5,0.1,0,1.5813078727043366,1,8,0,0,0,0,2,9500
34.0,0.0,3,0.0621614719251656,1,9,1,2,1,1,0,16000
40.0,0.0,2,0.319792481594313,11,6,2,1,1,1,3,28000
12.0,0.0,1,1.5998131454844506,1,0,0,1,1,0,2,7999
8.0,12.2,1,0.607061229567799,11,0,1,1,1,0,0,7500
33.0,0.0,3,1.4035397717891738,1,9,2,2,1,1,2,32000
10.0,0.1,0,0.1341521493477833,1,9,0,0,0,0,1,7799
15.0,0.0,1,0.2651873783687546,1,9,0,1,1,0,2,12999
12.0,5.4,1,0.5199364145633427,1,9,0,1,1,0,2,8500
25.0,0.0,2,0.8221693529319594,1,8,1,1,1,0,2,21499
9.2,0.1,1,1.6829831901727508,1,8,0,1,0,0,1,5299
13.0,0.0,1,1.253869874828139,1,9,1,1,1,1,2,11499
4.0,20.2,1,0.4997346213651955,8,0,0,1,0,0,0,7800
10.0,0.0,1,2.030736661315302,1,9,0,1,0,0,1,3999
11.0,4.6,1,0.0,1,8,0,1,1,0,2,8000
15.0,0.1,1,1.427825533979303,1,8,0,1,1,0,2,12499
7.0,20.0,1,1.974905306282566,2,0,0,1,0,0,0,13000
10.0,0.1,1,2.5161345301961355,1,8,0,1,1,0,1,6499
15.0,0.0,1,0.0,1,9,0,1,1,0,0,10999
26.0,20.0,2,0.2760678095378558,8,0,1,1,1,1,0,18000
400.0,0.0,0,0.0443980133132903,3,4,0,0,0,0,0,100000
38.0,0.0,3,0.3232345672791483,1,9,2,2,1,1,2,25999
15.5,0.0,0,0.0,1,8,0,0,0,0,2,12499
14.0,0.0,1,0.1226378012101499,1,8,0,1,1,0,2,8499
6.0,20.0,1,0.8514362344174575,8,0,0,1,0,0,0,13800
36.0,0.0,3,0.1147309264588519,1,8,1,3,1,1,2,29000
10.0,0.1,0,1.4653890100988805,1,8,0,0,0,0,2,10000
700.0,0.0,0,0.1050906297966956,1,4,0,0,0,0,0,500000
15.0,3.8,1,0.0,1,9,0,1,1,0,2,10000
7.3,8.9,1,0.052063807825877,11,0,0,1,0,0,2,6800
12.0,0.1,1,0.064424442559542,1,9,0,1,1,0,2,9000
10.0,0.1,1,1.9091579974830395,1,8,0,1,0,0,1,7999
11.0,0.1,1,0.9821159452283909,1,0,0,1,0,0,1,8499
13.0,0.0,1,0.6412330074794383,1,9,0,1,1,0,2,8999
6.0,0.0,2,1.110766112677738,1,0,0,1,0,0,1,8000
11.0,0.1,1,3740.4675584448055,1,8,0,1,1,0,2,7999
10.0,3.6,1,0.3808025959040143,1,9,0,1,1,0,2,6999
10.0,35.0,1,2.773843229087908e-05,2,9,1,1,0,0,0,12000
14.0,0.1,1,0.7213096691630126,1,8,0,1,1,0,0,12999
14.0,0.0,1,1.5267998288604183,1,0,1,5,0,0,1,10999
9.0,1.7,1,0.0,1,8,0,1,1,0,2,8999
72.6,0.0,0,0.4917566639006297,1,6,0,0,0,0,0,43999
12.0,0.0,0,1.4833013174225094,1,9,0,0,0,0,2,9999
13.0,0.0,1,0.0,1,9,0,1,0,0,0,6999
14.0,0.0,0,0.0649011606354228,1,9,0,0,0,0,1,12499
13.0,0.0,1,0.296072630625712,1,9,0,1,1,0,0,7999
26.0,20.2,2,0.0,8,0,2,2,0,1,0,19999
18.0,0.1,1,0.8776715579550249,8,9,1,1,1,0,0,23000
15.0,0.2,1,1.159852217292655,1,8,1,1,1,0,1,13999
12.0,4.2,1,0.2477485878125083,1,9,0,1,1,0,2,10999
200.0,0.0,0,0.0446780331956425,1,4,0,0,0,0,0,65000
9.0,0.1,1,0.8947799199095176,1,8,0,1,0,0,1,5499
20.0,0.5,2,0.4106424508995793,1,9,1,1,1,0,2,16000
15.0,2.1,1,0.6046272226807606,1,0,0,1,1,0,0,12999
10.0,0.0,1,1.3807570567872485,1,8,0,1,0,0,1,6799
10.0,0.0,1,0.6194987909824402,1,8,0,1,0,0,1,7699
45.0,0.1,0,1.324478819005913,1,8,0,0,0,0,1,38000
13.5,43.0,1,0.7453536070320205,15,9,1,1,0,1,2,53000
18.0,0.0,1,1.3269411513701437,1,9,0,1,0,0,1,13499
12.0,0.1,1,0.3040068575491215,1,8,0,1,0,0,1,8999
8.0,0.0,1,1.7956225545460391,1,8,0,1,0,0,1,5999
10.0,0.1,1,1.127287186776253,1,9,0,1,0,0,1,5999
27.0,1.3,2,0.5727485527685885,1,9,1,1,1,0,0,23000
11.0,0.0,0,1.3037405148587389,1,6,0,0,0,0,1,7999
14.0,0.1,1,0.2234752396553144,1,9,0,1,1,0,0,8999
13.0,0.0,0,1.0048190845826994,1,8,0,0,0,0,2,12999
11.0,1.1,1,0.0,1,8,0,1,1,0,2,15999
10.0,2.9,1,2.2143896520726774,1,8,1,1,0,0,0,5999
16.0,0.0,1,0.837528826095593,1,9,1,1,1,1,2,8999
12.3,2.0,1,2.2684947632076597,1,9,1,1,0,0,1,8000
17.6,0.0,1,1.6277148089052829,1,8,1,1,1,0,2,16999
13.0,0.0,0,0.0854986014063912,1,8,0,0,0,0,2,9999
43.49,3.1,3,0.3127056675977632,15,9,2,2,1,0,3,28000
13.0,0.0,1,0.9601989041195498,1,9,1,1,1,0,0,9499
8.0,0.0,0,0.2054241949759803,2,0,0,0,0,0,2,18000
12.0,0.1,1,0.8279824256463877,1,0,0,1,1,0,2,7999
150.0,2.1,8,0.7293794339294548,1,9,3,5,1,0,2,130000
60.0,0.1,4,0.0481878993352314,1,8,1,3,1,1,2,22000
17.0,0.0,1,0.0,1,9,1,1,1,0,2,11999
10.0,0.0,1,0.8228705152873113,1,8,0,1,1,0,2,11000
5.0,40.0,1,1.2487804549003532,2,9,0,1,0,0,1,13000
34.0,0.0,1,0.0,15,0,1,1,1,1,0,8800
18.0,0.0,1,0.1320377793305762,1,9,0,1,1,0,0,11499
28.14,0.6,2,0.1240314281089154,8,9,1,1,1,1,0,20000
14.0,20.0,1,2.177155583982756,2,9,1,1,1,0,0,25000
6.5,30.2,1,0.4500034465226592,6,9,1,1,0,0,1,8500
14.0,0.0,1,0.6122157133500141,1,8,0,1,1,0,0,7499
12.0,0.0,1,1.5993312996741251,1,9,0,1,1,0,2,9499
29.0,20.0,0,0.7478157749999533,8,0,0,0,0,0,0,33000
9.0,0.0,1,0.159264258803058,1,8,0,1,0,0,0,8000
56.0,10.1,5,0.0823842127098923,1,2,2,4,1,1,2,28000
9.0,0.0,1,4431.259535514494,1,8,0,1,0,0,1,5899
15.0,0.1,1,0.0,1,9,0,1,1,0,2,10999
17.0,0.0,1,0.0700737912360681,1,8,1,1,1,0,2,11999
6.0,20.0,1,0.3026415546626988,8,0,0,1,1,0,0,15000
16.0,0.0,0,0.3219037576465502,1,5,0,0,0,0,2,14499
50.0,0.0,4,0.4763133691094446,1,9,2,3,1,0,2,85000
15.0,0.0,1,0.1465762964074571,1,9,0,1,1,0,0,12999
11.0,0.0,1,0.0,1,9,0,1,1,0,0,5599
11.0,0.0,1,1.002628732968743,1,9,0,1,1,0,2,8200
13.0,0.0,1,0.2942742560033932,1,9,0,1,0,0,1,9999
17.0,0.2,2,0.4078614889780316,1,9,0,1,1,0,0,17000
10.0,0.0,1,0.1443193419208899,1,9,0,1,0,0,0,5499
14.0,0.0,1,0.0,1,9,0,1,0,0,0,11999
8.0,0.0,1,0.5054574803931728,1,8,0,1,0,0,0,3999
9.0,0.0,0,0.3896572206738271,1,0,0,0,0,0,2,4000
10.0,2.4,1,0.0220735857017737,1,2,0,1,0,0,1,6299
10.0,0.1,1,1.394203634786534,1,8,0,1,1,0,2,8999
20.85,10.6,2,0.2383144691154748,15,9,2,2,1,1,3,23500
12.0,2.0,1,0.3529402926653243,1,8,0,1,1,0,2,12999
12.0,20.0,1,0.4269238231918948,8,0,0,1,0,0,0,15000
10.26,0.0,1,0.6370920814306943,1,9,0,1,1,0,2,6999
10.0,0.1,1,0.6528863025115672,1,0,0,1,0,0,1,12499
17.0,0.0,1,0.1471371280016966,1,8,0,1,1,0,2,9999
16.0,0.0,1,0.2218263550076393,1,9,0,1,1,0,2,12499
10.0,0.0,1,1.5993312996741251,1,9,0,1,1,0,1,9499
58.0,25.1,4,0.1345022556661685,8,9,2,2,1,1,0,32000
14.0,0.0,1,2.297693494440673,1,8,0,1,1,0,2,14000
8.0,0.1,0,0.3765892964617319,1,9,0,0,0,0,1,3799
8.2,0.0,1,1.422851673882103,1,8,0,1,0,0,1,3999
22.0,0.0,1,1.1953887199246012,1,9,1,1,1,0,2,17500
12.5,0.0,1,2.26663895506995,1,0,0,1,1,0,1,7199
17.0,0.0,1,1.3269411513701437,1,9,0,1,0,0,1,13499
10.0,3.6,1,0.1653097512356621,1,8,0,1,0,0,1,4799
13.0,0.1,0,1.4847619411180633,1,8,0,0,0,0,2,14015
12.0,0.0,1,1.1013823827235192,1,8,1,1,1,0,2,12499
10.0,0.0,1,0.6931673154348073,1,9,1,1,0,0,1,6499
33.0,20.0,0,1.42655976425313,2,9,0,0,0,0,0,38000
11.0,0.1,0,0.1511120281784463,1,9,0,0,0,0,2,10000
18.5,0.0,0,0.6640022062681892,1,8,0,0,0,0,2,15999
32.79,30.8,3,0.4952119273287128,8,6,2,2,1,1,3,22500
8.0,0.0,1,1.464597046539425,1,8,0,1,0,0,1,6000
30.0,0.1,2,0.0,1,8,1,2,1,1,2,25999
5.0,20.0,1,0.690145121479918,8,0,0,1,0,0,0,8000
12.0,4.0,1,0.3523258282854057,1,9,0,1,0,0,1,8999
13.0,1.1,1,1.1347873151486116,1,9,1,1,1,0,2,17499
12.0,0.1,0,1.6554343288556348,1,9,0,0,0,0,2,6499
14.0,0.1,1,0.2797244806558874,1,8,0,1,0,0,1,11499
8.0,0.0,1,0.6214761190981656,1,8,0,1,0,0,2,7499
14.0,20.0,1,0.3736675401825524,2,0,1,5,1,0,0,18000
48.0,0.1,4,0.044778247984889,1,8,0,3,1,1,2,21000
14.0,0.0,1,1.0411339464025648,1,8,0,1,1,0,2,10999
20.0,20.1,2,0.0,8,0,1,1,1,1,0,12500
8.0,7.0,1,1.0310554323968353,1,0,0,1,0,0,1,5299
13.0,0.0,1,1.2048799104201708,1,0,1,1,1,1,2,11999
16.0,0.0,1,0.7692734803182133,1,0,1,1,1,0,2,8499
10.5,0.0,0,1.3139486822654924,1,6,0,0,0,0,1,7499
11.0,0.0,1,0.0220735857017737,1,8,0,1,0,0,1,6299
15.0,0.0,1,0.4881373638434665,1,9,0,1,1,0,2,9999
10.0,0.0,1,0.0895172555654642,1,8,0,1,1,0,2,7499
10.0,0.1,1,0.1907193115296009,1,9,0,1,1,0,2,11500
12.0,0.0,0,0.2865133213421161,1,8,0,0,0,0,2,15000
13.0,0.1,1,0.0,1,9,0,1,1,0,2,6199
10.0,0.4,1,0.1433309750224809,1,9,0,1,1,0,2,10499
23.25,62.1,0,1.0326412290392772,8,9,0,0,0,0,3,21000
40.0,43.0,2,1.240422785286399,1,8,2,2,0,0,2,17000
29.0,20.0,3,0.3981863487008394,8,0,2,2,1,1,0,29500
7.0,20.2,1,0.0,8,0,0,1,0,0,0,11000
10.0,2.2,1,1.977511293875791,1,8,0,1,1,0,1,5999
8.0,5.7,1,0.1337542492314353,1,9,0,1,0,0,1,6200
15.0,20.0,1,0.4377962771599055,2,0,0,1,0,0,0,17000
7.0,20.0,1,0.5875474253517221,8,0,0,1,0,0,0,10000
14.0,0.1,1,0.0,1,8,0,1,0,0,1,10499
13.0,0.11,1,0.6039842415738795,1,6,0,1,0,0,1,7499
12.0,0.0,1,2.388961866531621,1,9,0,1,1,0,0,10000
18.0,0.0,0,0.6640022062681892,1,9,0,0,0,0,2,15999
5.0,20.0,1,0.9719669036379058,8,0,0,1,0,0,0,8500
36.8,0.6,2,0.1709306617928963,1,9,1,1,1,1,3,22000
12.0,0.1,0,0.6005213193803846,1,8,0,0,0,0,2,11500
30.0,0.1,3,0.5774663081074526,1,8,3,2,0,0,0,25000
7.0,20.0,1,0.9225786983526196,2,0,0,1,0,0,0,10000
16.0,0.0,1,0.2477485878125083,1,9,0,1,1,0,2,10999
7.0,0.0,1,0.3741612568319368,1,9,0,1,1,0,1,5499
13.0,0.1,0,1.004810219309782,1,9,0,0,0,0,2,13000
15.0,0.1,1,0.2506546606944743,1,8,0,1,0,0,1,8999
22.0,0.0,2,1.5526172107413558,1,8,1,1,1,0,1,21000
1972.0,0.1,0,0.0158642721896718,1,4,0,0,0,0,0,1680000
8.0,0.1,1,0.3772168908346049,1,8,0,1,1,0,2,4499
15.0,5.7,0,0.3310360849473658,1,9,0,0,0,0,1,10800
12.0,0.1,1,0.0837664429528468,1,0,0,1,0,0,1,6499
15.0,0.0,1,0.6325924371269201,1,9,1,1,1,0,2,12999
12.0,1.1,1,1.3076630441850403,1,8,0,1,1,0,2,11499
36.0,20.0,3,1.0919189489962302,2,9,1,1,1,1,0,58000
14.0,0.1,1,2.58094603988757,1,9,0,0,1,0,0,10499
40.0,1.4,5,0.0667196051521149,1,8,1,4,1,1,2,50000
8.0,0.1,1,1.0718680432625434,1,8,0,1,1,0,2,5299
7.0,20.0,1,0.0,2,0,0,1,0,0,0,12000
30.0,20.1,3,0.6312675169373395,8,0,2,1,1,1,0,25000
20.0,0.0,2,0.4106424508995793,1,9,1,1,1,0,2,16000
25.0,0.0,2,0.3144785697709802,1,9,1,1,1,1,2,27999
13.0,0.0,1,1.060158182362123,1,9,1,1,1,0,2,8499
8.0,0.1,1,0.1882535612395317,1,8,0,1,0,0,1,5000
13.0,1.0,2,0.6603592667292175,1,8,0,1,1,0,0,8999
25.0,0.0,2,0.0,1,6,1,1,0,0,1,20999
12.0,3.0,1,2.3172350834946323,1,9,0,1,1,0,2,13000
10.0,0.0,1,0.8493427885463277,1,9,1,1,0,0,2,8499
10.0,0.0,1,1.0974386495496178,1,8,0,1,0,0,1,6199
14.0,0.1,1,0.0681009298342541,1,9,0,1,1,0,2,8299
31.0,35.1,3,0.0,1,0,2,2,1,0,3,16000
17.6,0.0,1,1.6277148089052829,1,8,1,1,1,0,2,16999
25.0,0.0,2,0.8201075613367083,1,8,1,1,1,0,2,21999
39.0,0.0,4,0.6376134156117578,1,9,2,2,1,0,0,20000
10.0,0.0,1,0.3579751923348363,1,9,0,1,1,0,2,6999
41.0,0.0,3,0.0,1,9,2,2,1,1,2,30000
10.0,1.7,0,0.6441254079832971,1,8,0,0,0,0,2,9500
12.0,0.0,1,0.128246392335655,1,8,0,1,1,0,2,10000
15.0,0.0,2,0.3494521237547451,1,9,1,1,1,0,2,24000
15.0,0.0,1,0.8292336840874924,1,8,0,1,1,0,2,10299
12.0,3.0,1,2.3172350834946323,1,9,0,1,1,0,2,13000
8.0,0.1,0,4753.5915621022,1,9,0,0,0,0,1,5499
19.0,0.0,2,0.4798952281427644,1,9,1,1,1,1,2,16999
19.0,0.0,0,0.8627319445981012,1,8,0,0,0,0,2,15999
12.5,0.0,0,0.5261024295018855,1,8,0,0,0,0,2,9500
10.0,0.2,1,0.0,1,8,0,1,1,0,2,19999
15.0,0.1,1,0.1262595625419964,1,9,0,1,1,0,2,9999
16.0,0.0,1,0.6559685457376375,1,9,0,1,1,0,0,11999
9.0,0.0,0,1.1942979512631433,2,0,1,1,1,1,2,24500
12.0,0.0,0,1.1035284600127246,1,8,0,0,0,0,2,9999
15.0,0.1,1,2.12804800284385,1,8,0,1,1,0,0,8999
9.0,0.0,1,0.4155580774907273,1,8,0,1,1,0,2,10000
11.5,0.0,0,0.6091185923320309,1,8,0,0,0,0,2,9500
24.0,0.1,3,0.3205345962953496,1,9,2,1,1,1,3,32000
10.0,0.1,1,1.7369578897638145,1,0,0,1,1,0,2,6999
13.0,0.11,1,0.989192590831492,1,8,0,1,1,0,2,9500
10.0,0.0,0,1.7090537367842824,1,0,0,0,0,0,1,7999
12.0,0.0,1,1.6703367091009986,1,8,1,1,1,0,1,10999
49.12,1.1,0,0.1332913990313272,15,8,0,0,0,0,2,42000
12.0,0.1,1,1.5323174178241148,1,8,0,1,0,0,1,9499
10.0,0.0,0,0.9712912493060876,1,8,0,0,0,0,2,12000
13.0,0.1,1,0.0,1,8,0,1,0,0,1,6499
8.0,0.1,1,1.670093456372383,1,8,0,1,0,0,1,6499
13.0,0.0,1,0.5651006471970196,1,9,0,1,1,0,2,14000
34.0,20.0,3,0.5775753407188148,8,0,2,2,1,1,0,28000
17.0,0.0,2,0.1701054153562316,1,9,2,1,1,0,2,23000
10.0,0.0,1,1.5439456742340194,1,9,0,1,1,0,1,9999
17.0,0.0,1,0.1471371280016966,1,8,0,1,1,0,2,9999
10.0,0.0,1,0.0973287706253809,11,0,0,1,1,0,2,11000
8.7,0.1,1,0.0,1,9,0,1,0,0,1,5199
1972.0,0.1,0,0.0158642721896718,1,4,0,0,0,0,0,1680000
19.0,0.5,1,0.7940783111369244,1,8,0,1,0,0,0,15000
11.0,0.0,0,0.0498052441509337,1,8,0,0,0,0,2,6999
20.0,0.1,1,0.80164006402987,1,9,1,1,1,0,2,13799
7.63,0.0,1,0.1248560996911452,1,9,1,1,1,0,2,11000
12.0,0.0,0,0.2777087399304221,1,9,0,0,0,0,0,8499
22.0,20.1,2,0.3394083416946605,8,0,1,1,0,0,0,17500
14.0,0.1,1,0.0,1,9,0,1,1,0,2,8499
15.0,0.0,1,0.960924647019992,1,0,1,1,1,0,2,12499
12.0,0.0,0,1.945911841284852,1,6,0,0,0,0,1,7999
13.0,0.1,1,1.5309253277702366,1,9,0,1,0,0,0,7299
13.0,0.0,1,0.6441334315135313,1,9,0,1,1,0,2,9499
28.0,0.0,2,1.6281955157073336,1,9,2,1,0,1,1,28000
27.0,20.0,1,1.42655976425313,2,9,0,1,0,0,0,38000
18.0,0.0,2,0.0,1,6,1,1,1,0,1,15000
6.0,21.9,1,0.6218989061188276,8,0,0,1,0,0,0,12000
14.0,0.1,0,1.1300759280076262,1,9,0,0,0,0,2,9799
17.0,0.1,1,2.257552419643824,1,9,0,1,1,0,2,13999
15.0,0.0,1,1.4975854494788217,1,9,0,1,1,0,0,12999
7.0,20.1,1,0.797211391174258,8,9,0,1,0,0,0,12500
9.0,0.1,1,0.3595475079774165,1,8,0,1,1,0,1,5999
22.0,0.0,2,0.8161479228433219,1,8,1,0,0,0,2,22999
6.0,0.1,1,0.1639719938608404,1,6,0,1,1,0,3,6300
16.0,0.0,1,1.1404300073909115,1,9,0,1,1,0,0,10999
14.0,0.0,1,1.759625498635673,2,9,2,1,1,1,4,30000
18.0,0.1,2,0.0111203777841789,1,9,2,1,1,0,1,18500
12.0,0.0,1,0.5229271501438338,1,8,1,1,1,0,2,10000
7.0,0.0,0,1.977511293875791,1,8,0,0,0,0,1,5999
11.0,0.1,1,0.1013521275951935,1,0,0,1,0,0,1,8500
15.0,0.0,1,1.1173761982765722,1,8,1,1,1,0,2,8999
15.0,0.1,1,0.0,1,8,1,1,1,0,2,13799
36.0,20.0,4,0.4215041080340739,2,0,1,1,0,1,0,24000
12.0,0.2,0,0.1134546844618284,1,9,0,0,0,0,2,11499
41.0,0.1,2,1.1546330480762452,1,9,2,2,1,1,2,24000
50.0,0.0,0,0.622300648799025,1,8,0,0,0,0,1,25000
45.0,0.1,2,0.1361644321038605,1,9,2,1,1,0,2,28499
14.0,1.3,1,1.1589865854491137,1,8,0,1,1,0,2,11500
12.0,20.0,1,0.891020958741361,8,0,1,1,0,0,0,13500
12.0,0.1,1,1.3262747363151282,1,0,0,1,0,0,1,9499
8.0,0.1,1,0.1815784513881741,1,6,0,1,0,0,1,7000
5.0,1.0,1,0.1847873772009839,1,6,0,1,1,0,1,8000
10.0,0.0,1,1.002628732968743,1,8,0,1,1,0,2,8200
7.0,20.1,1,0.1952865915086118,8,0,0,1,0,0,0,9000
13.0,0.0,1,0.6688523667565792,1,9,0,1,1,0,2,14999
13.0,0.1,1,1.184441721309651,1,8,0,1,1,0,2,11999
14.0,0.0,0,0.827260035425804,1,8,0,0,0,0,2,11999
10.0,3.6,1,3734.285714285714,1,8,0,1,0,0,1,7000
70.0,30.1,6,0.2866239428792379,1,8,2,3,1,1,3,26000
12.0,0.0,1,1.4065527397470072,1,9,0,1,1,0,2,7499
16.0,0.1,1,2.3396860296042736,1,9,1,1,1,0,3,11999
50.0,0.0,8,0.0,1,8,2,4,1,1,0,30000
17.0,0.0,1,2.1619339351184608,1,0,0,1,1,0,2,13999
13.0,0.1,0,0.8713561679211888,1,9,0,0,0,0,1,12800
16.0,0.1,1,0.5380892986536913,1,8,0,1,1,0,0,12999
30.01,28.0,2,0.6634072503938852,8,9,2,1,1,1,3,19000
10.0,0.0,1,0.3346619738053415,1,8,0,1,1,0,2,14000
20.0,20.6,2,0.0,8,0,2,1,0,1,0,22500
122.0,40.0,0,0.6997218590328054,15,8,0,0,0,0,1,50000
11.0,0.1,1,0.3573290369620662,1,9,0,1,0,0,1,7999
15.0,0.0,0,0.0762890791808851,1,8,0,0,0,0,0,16000
25.0,0.0,2,0.8221693529319594,1,8,1,1,1,0,2,21499
15.0,0.0,1,0.0,1,9,1,1,1,0,2,12799
72.96,0.0,0,0.7945091240500792,10,4,0,0,0,0,0,72000
14.0,0.0,1,0.5083558379546568,1,9,0,1,0,0,1,8999
15.0,4.4,2,0.6174705116632915,1,8,1,1,1,0,2,13300
14.0,20.1,2,1.594160009824312e-05,2,0,1,1,1,0,0,14000
11.0,0.0,1,0.6456028470649277,1,8,0,1,0,0,1,6799
7.0,32.1,1,1.0553776851807697,1,0,1,1,0,0,0,5999
17.0,0.0,1,0.8624787304187757,1,8,1,1,1,0,2,13999
9.0,0.1,1,1.5277055145574718,1,9,0,1,0,0,1,4999
11.0,0.1,0,0.3219806932966019,1,9,0,0,0,0,1,8799
11.0,0.0,1,2.23790071148814,1,9,0,1,1,0,2,7999
10.0,0.1,1,0.0,1,9,0,1,0,0,1,11999
40.0,8.1,2,0.3861146307802868,1,9,2,2,1,0,0,34800
10.0,6.5,1,0.0,1,9,0,1,0,0,2,5499
10.0,0.0,1,1.933348331042185,1,9,0,1,1,0,1,7599
10.0,0.0,1,1.6742817785200257,1,8,0,1,0,0,2,6499
40.0,0.2,3,0.2152057635226126,1,9,2,2,0,1,0,24999
18.0,0.1,1,1.2476902115935098,1,8,1,1,1,1,2,15499
12.0,0.0,1,0.8540678821072618,1,8,0,1,1,0,2,7799
28.95,0.0,0,0.2422584745887221,15,0,0,0,0,0,2,35000
22.0,0.1,1,1.081401332812935,1,9,1,1,1,0,2,16999
11.0,0.1,1,0.6482709532553921,1,8,0,1,0,0,1,9000
15.0,0.1,1,1.2588111496116217,1,9,0,1,1,0,0,8499
8.0,0.0,1,0.8732651677834279,1,0,1,1,0,0,1,6499
23.0,0.0,2,0.8110154597697824,1,9,1,1,1,0,2,21999
11.0,0.0,1,2.23790071148814,1,9,0,1,1,0,2,7999
15.0,0.0,1,0.8778688846518531,1,9,0,1,0,0,1,11999
12.0,0.1,1,0.3357702496728263,1,8,0,1,1,0,2,11999
25.0,0.0,2,0.1663192068010163,1,9,1,1,1,1,1,21000
10.0,0.1,0,1.57460658640698,1,8,0,0,0,0,1,5999
3.0,20.0,1,0.5419869582751075,8,0,0,1,0,0,0,5500
10.0,0.1,1,0.2919888702032884,1,8,0,1,1,0,2,7999
11.0,2.1,1,0.3805684509217596,1,8,0,1,1,0,2,10499
12.0,0.1,1,0.18773795910084,1,9,0,1,1,0,2,8799
12.0,0.0,1,0.0,1,9,0,1,1,0,2,11000
23.0,0.0,2,0.1375320379475915,1,9,1,1,1,1,2,23000
13.0,0.0,0,0.5625368240895466,1,9,0,0,0,0,2,11999
132.18,23.0,0,0.7879020987782729,10,9,0,0,0,0,1,78400
13.0,0.0,1,1.5993312996741251,1,9,0,1,1,0,2,9499
7.0,21.1,1,0.0,8,0,0,1,0,0,0,6000
15.0,0.0,0,0.2276622003477908,1,9,0,0,0,0,0,10000
15.0,0.0,1,0.5209226306236612,1,9,1,1,1,0,2,16499
12.0,30.1,1,0.8371629914317076,1,9,1,1,1,0,3,9500
10.0,0.0,1,0.0519333319396307,1,8,1,1,0,0,0,4999
12.0,0.1,1,0.0,1,9,0,1,1,0,0,11999
11.0,8.8,1,0.2345931531211155,1,8,0,0,0,0,2,7500
15.0,6.3,1,0.2054742448576054,1,9,1,1,1,0,1,13499
14.0,0.0,0,0.6095401763641078,1,8,0,0,0,0,2,10999
8.0,5.1,1,0.0,1,9,0,1,0,0,1,5500
11.5,0.1,0,0.0,1,8,0,0,0,0,1,9999
16.0,0.0,1,1.6201342624954913,1,8,1,1,1,0,0,10499
9.0,0.0,1,1.4140020462641762,1,9,0,1,1,0,2,7999
14.0,0.0,1,1.943646659148131,1,9,0,1,1,0,0,10999
11.0,0.0,0,0.2623781628642918,1,8,0,0,0,0,0,7499
13.0,0.1,1,1.102575805366846,1,9,0,1,0,0,0,6499
10.0,0.1,1,1.1904766056234728,1,8,0,1,0,0,1,7499
60.0,0.0,0,0.5807541742962331,11,9,0,0,0,0,2,85000
10.0,0.0,0,1.5736752567985492,1,8,0,0,0,0,2,10499
15.0,0.0,0,0.8837741373167883,1,9,0,0,0,0,0,15500
6.0,20.0,1,1.1020762815257776,8,0,0,1,0,0,0,11000
12.0,5.4,1,1.107974994897013,1,9,0,1,1,0,2,11000
16.0,0.0,1,0.5412279822001659,1,9,0,1,1,0,1,8499
24.0,30.1,3,0.802828587037912,1,9,2,2,0,1,0,22000
22.0,0.0,1,0.0,1,9,0,1,1,0,0,16999
13.0,0.0,1,0.1262595625419964,1,8,0,1,1,0,2,9999
6.0,0.0,1,1.399774576810871,2,8,0,1,0,0,1,10000
13.0,0.0,1,0.7522404964972964,1,8,0,0,1,0,1,10499
10.0,0.1,1,0.6741312499700967,1,2,0,1,0,1,0,9500
14.0,0.1,1,0.5151067037724668,1,8,0,1,0,0,1,9499
10.0,1.4,1,0.8797364675262798,1,9,0,1,1,0,2,8500
40.0,0.1,2,0.7829869511802998,1,0,1,3,1,0,2,16999
10.0,20.0,1,1.0318108777941142,2,0,0,1,0,0,0,13000
900.0,0.0,0,0.0189970443087291,1,4,0,0,0,0,0,460000
8.0,6.2,1,0.3896698637392301,1,9,0,1,0,0,1,3999
13.0,0.1,1,0.0,1,9,0,1,1,0,2,7699
9.0,0.0,1,0.8749456705042592,1,9,0,1,0,0,1,7999
12.0,7.9,1,0.1262580761754123,1,9,0,1,1,0,2,10000
12.0,2.0,1,0.0,1,9,0,1,1,0,1,11499
14.0,0.0,1,0.8724274012064742,1,9,1,1,1,0,2,11499
15.0,0.0,1,0.5557409091415434,1,9,0,1,1,0,0,9999
15.0,0.0,0,0.2083262740549092,1,9,0,0,0,0,2,11499
37.0,0.0,3,0.355499408303311,11,0,2,2,1,1,1,22000
23.0,0.0,2,1.004810219309782,8,0,1,1,1,1,0,13000
11.0,0.0,1,2.5161345301961355,1,8,0,1,1,0,2,6499
12.0,0.1,1,2.5161345301961355,1,8,0,1,1,0,2,6499
15.0,0.0,1,0.6046272226807606,1,9,0,1,1,0,2,12999
10.0,0.0,1,0.0519333319396307,1,8,1,1,0,0,0,4999
30.0,0.0,3,0.1341469293980422,1,9,2,2,1,1,1,29000
14.0,0.0,1,0.424331647993441,1,9,1,1,1,0,2,12000
12.0,4.6,1,1.8690387583853945,1,9,0,1,1,0,1,6499
12.0,0.0,1,0.2083260560927972,1,8,0,0,1,0,0,5999
10.0,0.0,0,0.0,1,0,0,0,0,0,0,8500
18.5,0.0,1,0.0,1,9,1,1,1,1,2,10999
30.0,0.0,2,0.5183446622158351,1,9,2,1,1,1,2,19000
6.5,28.0,1,1.2554257909059292,3,9,0,1,0,0,1,6500
12.0,0.0,0,0.5635100711900476,1,8,0,0,0,0,2,11999
18.0,0.0,1,0.6066647740261908,1,8,1,1,1,0,0,14499
11.0,20.0,1,1.2592407267264625,8,9,0,1,0,0,0,16000
14.0,0.0,0,0.6852411337512632,1,8,0,0,0,0,1,10999
9.0,0.0,1,0.7197627744521619,1,0,0,1,1,0,2,7999
10.0,0.0,1,1.0700553435147904,1,8,0,1,0,0,1,6199
12.0,0.1,0,0.5573756534441461,1,8,0,0,0,0,2,12999
8.0,0.0,1,0.4384237133335185,1,0,0,1,0,0,1,10000
9.0,0.1,0,0.6482709532553921,1,8,0,0,0,0,1,9000
15.0,0.0,1,1.0491940415672696,1,9,0,1,0,0,0,15499
40.0,0.1,6,1.1249160461020271,1,0,1,3,1,0,2,36000
6.0,0.0,1,0.0,1,9,0,1,1,0,2,5599
11.0,0.2,0,0.0,1,8,0,0,0,0,2,8999
80.0,0.1,0,0.1487113090807507,1,4,0,0,0,0,0,58000
17.0,0.1,1,0.8107801709231184,1,8,1,1,1,0,0,12499
10.0,0.1,1,0.0316486668134281,1,8,1,1,0,0,0,8000
9.0,2.5,1,0.2284184168327117,1,8,0,1,1,0,1,5999
5.0,20.0,1,1.356539771505689,8,0,0,1,0,0,0,8800
32.0,20.1,3,0.8398087848489563,2,0,2,2,1,1,0,38000
7.0,20.1,1,0.858235216109123,8,0,0,1,0,0,0,13000
42.82,32.0,3,1.0953127717732394,2,9,2,2,1,0,3,88000
13.0,0.6,1,0.6321309452120369,1,9,0,1,1,0,0,9499
10.0,0.1,1,0.1099434563756114,1,6,0,1,0,0,1,6499
10.0,3.8,1,1.120947073624092,1,8,0,1,1,0,1,10499
14.0,0.1,1,0.8107801709231184,1,0,1,1,1,0,2,12499
8.0,0.1,1,0.7725083126020077,1,8,0,1,0,0,1,4999
14.0,0.1,1,1.6324832288638396,1,8,0,1,0,0,0,7999
13.0,0.0,1,0.0,1,9,0,1,1,0,2,9999
7.0,20.1,1,0.422638372071957,8,0,0,1,0,0,0,8500
15.0,20.0,1,5.327573785573034e-06,2,9,0,1,0,0,0,25000
10.0,0.0,1,1.1075552003700764,1,8,0,1,1,0,2,11999
10.0,0.1,1,2.5022316798339053,1,8,1,1,0,0,1,6799
12.0,0.1,1,0.6132421306686764,1,8,0,1,1,0,2,11499
28.0,2.5,2,0.2418487023239916,7,9,2,1,1,1,3,22000
10.0,0.0,1,0.0,1,9,1,1,0,0,1,9999
10.0,0.0,0,0.989192590831492,1,8,0,0,0,0,0,9500
10.0,0.1,1,1.2422418582535015,1,6,0,1,1,0,2,9500
12.0,0.0,1,0.2186293251477872,1,9,0,1,1,0,1,6300
13.0,0.0,1,0.0,1,9,0,1,0,0,0,6999
12.5,0.1,0,0.2734688657425386,1,8,0,0,0,0,2,13999
13.0,0.0,1,0.3850797688396111,1,8,0,1,1,0,0,9499
9.8,2.2,1,0.0,1,8,0,1,1,0,1,6899
15.0,0.1,1,1.099348357035391,1,8,0,1,1,0,2,12799
15.0,0.1,1,0.0,1,8,1,1,1,0,2,12499
12.0,0.0,0,0.7481614100211065,1,9,0,0,0,0,2,10999
3.0,0.0,1,1.0278616095569104,11,0,0,0,0,0,0,6000
18.5,0.1,1,0.0,1,8,1,1,1,0,2,12499
10.0,0.0,1,0.3850797688396111,1,8,0,1,1,0,1,9499
12.0,0.1,1,0.8146078231192917,1,8,0,1,1,0,2,11999
9.0,20.1,1,0.0,8,9,0,1,0,0,0,12500
13.0,0.0,1,0.9542724755631242,1,8,0,1,1,0,2,13999
12.0,0.0,1,1.144595944195444,1,9,0,1,0,0,0,8799
13.0,20.0,1,0.6102200534217604,8,0,0,1,0,0,0,12000
15.0,0.0,1,0.124212064432099,1,8,1,1,1,0,2,11500
19.54,9.0,2,0.4106963103921746,10,9,2,1,1,1,3,24000
40.0,0.1,0,1.3062357166887482,1,9,0,0,0,0,0,46000
10.0,3.1,1,4668.69083764958,1,8,0,1,0,0,0,5599
8.0,0.0,1,0.3786709565162995,1,6,0,1,1,0,2,5000
13.0,0.1,1,0.9816030093040564,1,9,0,1,1,0,2,7499
35.0,0.0,0,0.0353218072809377,15,4,0,0,0,0,0,18000
28.0,0.0,2,0.9998217232374254,1,9,1,2,1,1,3,23000
30.0,0.1,2,1.0455447555535375,1,8,1,2,1,1,2,19999
45.0,1.3,3,0.3242571201970434,1,9,2,2,1,0,0,38000
13.0,0.1,1,0.0434935372482011,1,9,0,1,0,0,1,10499
10.0,9.3,1,1.4646273486727115,1,8,0,1,0,0,1,5999
9.0,0.0,0,0.5138625224260002,1,8,0,0,0,0,0,8499
8.9,0.0,1,1.9370168526496971,1,9,0,1,1,0,1,5799
22.0,0.0,2,0.8221693529319594,1,8,1,1,1,0,2,21499
13.0,0.0,0,0.7356856400084831,1,8,0,0,0,0,2,9999
12.0,0.0,0,0.0255613622346238,1,8,0,0,0,0,1,10999
40.0,0.2,3,1.4480893183449417,1,0,2,1,1,1,2,17499
13.0,0.0,1,1.5998131454844506,1,0,1,1,1,0,2,7999
11.0,0.0,1,0.1534181884440957,1,9,0,1,1,0,2,8800
140.0,5.4,4,0.906386758664434,1,9,2,3,1,1,2,70000
16.0,0.0,1,0.8271492601176459,1,9,0,1,1,0,0,9999
10.0,1.1,1,0.1286167465021038,1,8,0,1,1,0,0,7499
12.0,0.1,1,2.0375753014904903,1,8,0,1,0,0,1,5499
11.0,0.0,1,1.4345662261383942,1,8,0,1,0,0,0,11999
11.2,0.0,1,0.0,1,9,0,1,1,0,2,7499
12.0,0.0,1,0.9692401326319772,1,8,1,1,0,0,1,7500
27.0,20.0,3,0.9205896732351848,8,0,1,1,1,1,0,26000
10.0,0.0,1,0.1692225644069192,1,8,0,1,0,0,0,4000
14.0,0.0,1,0.6931061682849936,1,9,1,1,1,0,2,10999
25.0,1.1,2,0.6324981491920763,1,9,2,1,1,1,2,28000
6.5,1.0,1,0.2031297776778567,5,9,0,1,0,0,1,6500
5.0,20.0,1,0.7963206221772071,2,0,0,1,0,0,0,10000
12.0,0.1,1,0.8474574710094531,1,9,0,1,1,0,2,10999
15.0,0.1,0,0.0563721325256649,1,9,0,0,0,0,2,8999
8.0,0.0,1,1.4184118490484674,1,2,0,1,0,0,1,6999
25.0,14.0,1,1.3004303683669018,1,9,1,1,1,1,2,28000
47.31,0.7,3,0.2254764676658764,1,9,2,2,1,1,3,33000
16.0,1.1,1,1.6431947506700642,1,8,0,1,1,0,2,14999
10.0,10.5,1,0.5392464765089513,1,8,1,1,0,0,2,6499
30.0,20.1,3,1.2242161009413906,8,0,2,1,1,1,0,23000
13.0,0.1,1,2.5161345301961355,1,8,0,1,1,0,0,6499
40.0,0.0,3,1.8715587316311373,1,6,1,1,1,0,2,23999
15.0,1.3,1,1.1581353871315243,1,9,0,1,1,0,2,13000
12.0,20.0,1,0.8746570921891275,8,0,1,1,0,0,0,17000
8.0,0.0,1,0.347114410211793,1,8,0,1,0,0,1,8000
15.0,2.1,1,0.0275130760793486,1,8,1,1,1,0,1,14999
26.0,1.0,2,0.5307913175753758,1,9,1,1,1,0,3,23500
12.0,0.0,0,0.0593680731305577,1,9,0,0,0,0,1,11999
8.0,4.6,1,0.1337542492314353,1,9,0,1,0,0,1,6200
15.0,0.1,1,1.184441721309651,1,8,0,1,1,0,2,11999
5.0,3.2,1,0.0507585980028104,1,8,0,1,0,0,1,6000
8.0,0.1,1,0.0,1,9,0,1,0,0,0,7999
5.0,0.0,1,1.9244975843912409,1,0,0,1,0,0,0,6500
12.0,0.0,1,1.127287186776253,1,8,0,1,0,0,1,5999
10.0,0.1,1,0.0,1,8,0,1,1,0,0,8499
8.0,0.0,0,0.1680897664279097,1,8,0,0,0,0,1,7000
16.0,0.1,1,0.8474574710094531,1,9,1,1,1,0,2,10999
8.0,0.0,1,0.8196628468457916,1,9,0,1,0,0,1,13000
42.0,3.1,2,1.938251015940577,1,9,2,1,1,0,2,27999
20.0,20.1,1,0.0,8,0,0,1,0,0,0,20000
18.0,0.1,1,0.8017336189537407,1,8,1,1,1,1,2,13499
8.0,0.1,1,1.812496409392223,1,8,0,1,0,0,1,6499
10.0,0.0,0,0.1937940222976412,1,9,0,0,0,0,2,8799
16.0,0.1,1,0.4828733468530839,1,9,0,1,1,0,2,13999
16.0,0.0,1,0.1907212368108323,1,9,0,1,1,0,0,11499
22.0,0.1,3,1.3505701725980022,1,0,1,1,1,1,1,18800
10.0,1.1,1,1.637475471809966,1,8,0,1,1,0,0,7799
12.0,3.4,1,2.3172350834946323,1,8,0,1,1,0,2,13000
11.0,0.1,1,1.5046711516271298,1,8,0,1,1,0,2,6799
12.0,0.0,0,0.0684029870755955,1,8,0,0,0,0,2,7999
10.0,0.0,1,1.641497838474525,1,9,0,1,1,0,1,6999
25.0,0.0,3,0.8895518307330912,1,0,2,2,1,1,2,18000
15.0,0.0,0,1.862194752625168,1,9,0,0,0,0,2,7999
8.0,20.1,1,0.0,8,0,0,1,0,0,0,10000
25.0,30.0,2,0.83531840127123,1,9,2,1,1,1,2,18800
12.0,0.1,1,1.4837950596933942,1,8,1,1,1,0,2,8999
14.0,0.0,1,0.5625368240895466,1,9,0,1,1,0,2,11999
540.0,0.0,0,0.0425471336458848,15,4,0,0,0,0,0,130000
10.0,5.6,1,0.1183048115344415,1,9,0,1,1,0,2,10000
32.02,30.0,3,0.5794982521140979,8,9,2,2,1,1,1,26000
10.0,0.0,0,0.5396807840174185,1,9,0,0,0,0,1,7799
14.0,0.0,1,0.823372933434469,1,8,0,1,1,0,2,12499
13.0,0.0,1,0.3549822203458065,1,9,0,1,1,0,1,7499
12.0,0.1,0,0.3776897681445809,1,8,0,0,0,0,2,6999
10.0,0.0,1,1.5094390238352104,1,8,0,1,0,0,1,5500
8.0,0.1,0,0.0,1,6,0,0,0,0,1,14000
24.0,20.0,0,0.8761455880982807,2,0,0,0,0,0,0,60000
54.0,35.5,0,0.0,8,8,0,0,0,0,0,60000
11.0,0.1,1,3395.2461358618,1,9,0,1,0,0,1,7699
16.0,0.0,1,1.7804228842971226,1,8,1,1,0,0,2,12499
13.0,0.1,1,0.5659136846092567,1,8,0,1,0,0,2,7499
10.0,0.0,1,0.276678441823368,1,8,0,1,0,0,1,5200
8.0,0.0,1,1.5917888897792971,1,8,0,1,0,0,1,5499
10.0,0.1,1,1.151746270990343,1,8,1,1,1,0,1,6999
300.0,0.0,0,0.0612414624301166,1,4,0,0,0,0,0,120000
10.0,0.1,1,1.4931796507768005,1,9,0,1,1,0,1,5999
25.0,0.1,2,0.449242031353454,1,9,1,2,1,1,2,24999
43.8,0.1,3,0.3174821951865135,1,9,2,2,1,1,0,26999
9.0,0.0,1,1.2588111496116217,1,9,0,1,1,0,2,8499
8.0,0.1,1,0.3595400691865736,1,8,0,1,0,0,1,6000
8.0,0.0,0,0.0,1,9,0,0,0,0,2,12500
11.0,0.0,1,0.7769354203660925,1,9,0,1,0,0,0,7999
10.0,0.0,1,0.0493888306568078,1,8,0,1,0,0,1,7499
300.0,0.0,0,0.0214345118505408,1,4,0,0,0,0,0,120000
16.0,0.0,1,1.941597528033474,1,9,0,1,1,0,0,11099
30.0,0.0,2,0.0,11,6,2,2,1,1,2,23000
17.0,0.1,1,0.2734688657425386,1,8,0,1,1,0,1,13999
16.0,0.1,1,0.1700201910611498,1,9,1,1,1,0,2,10499
14.5,0.0,0,0.8959007841985767,1,8,0,0,0,0,2,11499
18.0,0.1,1,0.8242313366086303,1,9,1,1,1,0,2,13999
12.0,0.1,1,0.0322126471575228,1,9,0,1,1,0,0,8999
162.0,31.1,12,0.6877940165889381,1,8,4,8,0,0,1,200000
30.0,0.0,1,1.082941213133252,1,8,1,1,1,0,0,22499
8.0,0.1,1,0.3479594243283366,1,9,0,1,0,0,1,9999
12.0,0.0,1,1.0084965473223315,1,8,1,1,1,0,2,14999
7.0,0.1,1,0.0,1,8,0,1,0,0,3,5499
10.8,2.1,1,0.0,1,8,0,1,0,0,1,8000
12.0,0.0,1,0.9099833150076856,1,6,0,1,0,0,1,6999
8.0,20.1,1,0.0,8,0,0,1,1,0,0,13000
15.0,0.1,0,2.38898999045998,1,0,0,0,0,0,0,9999
11.5,0.0,0,2.553682678993785,1,8,0,0,0,0,2,11500
12.0,0.1,0,2.388961866531621,1,0,0,0,0,0,2,10000
14.5,0.1,0,0.8959007841985767,1,8,0,0,0,0,2,11499
8.0,0.0,1,0.5977362882851676,1,8,0,1,1,0,2,11000
15.0,0.1,1,2.58094603988757,1,9,0,1,1,0,2,10499
30.0,30.9,2,0.0762563595039998,8,0,2,1,1,1,0,20000
11.5,0.0,0,0.989192590831492,1,8,0,0,0,0,2,9500
31.0,20.0,0,1.8740404105881328,2,0,0,0,0,0,0,65000
11.0,0.1,1,0.3902111856686589,1,0,0,1,1,0,2,8499
12.0,0.0,0,1.862194752625168,1,8,0,0,0,0,1,7999
11.0,0.0,1,0.8246434527423052,1,2,0,1,1,0,2,10799
10.0,1.3,1,0.3850749721639276,1,9,0,1,1,0,2,9500
6.0,0.1,1,0.1368329993278378,1,8,0,1,1,0,1,5500
12.0,0.0,1,1.3807570567872485,1,8,0,1,0,0,0,6799
15.0,0.1,0,0.8474574710094531,1,9,0,0,0,0,1,10999
13.0,3.6,1,0.413476980193181,1,8,0,1,1,0,2,16999
10.0,0.0,1,0.0975997306446965,1,8,1,1,1,0,2,18000
7.0,7.0,1,0.0,1,8,0,1,0,0,0,5499
10.0,0.3,1,0.0,1,8,0,1,0,0,1,11499
9.0,12.2,1,2.493331535347328,1,8,0,1,1,0,2,7000
17.3,0.0,1,0.0,1,0,1,1,1,0,2,14499
9.0,0.0,1,1.928866631031788,1,9,0,1,0,0,1,5999
10.0,0.1,0,0.891688837951722,1,8,0,0,0,0,2,11000
15.0,0.1,1,0.0,1,9,1,1,1,0,2,17000
14.0,0.1,1,1.466828940540724,1,0,1,1,0,0,1,10999
10.0,0.0,0,0.0,1,8,0,0,0,0,2,12000
32.79,30.8,3,0.4952119273287128,8,6,2,2,1,1,3,22500
15.0,0.0,0,0.0920190616447901,1,9,0,0,0,0,1,9499
6.0,20.1,1,1.9961201093773984,2,9,0,1,0,0,0,13000
16.0,0.0,1,0.6089095214748155,1,9,0,1,1,0,0,10499
10.0,2.7,1,1.34235724831937,1,9,0,1,0,0,1,6499
12.0,0.0,1,1.206107301157673,1,0,1,1,0,0,1,8499
10.0,0.0,1,1.8944812640165336,1,0,0,1,1,0,2,9000
10.0,0.1,1,0.0,1,9,1,1,0,0,1,7999
10.0,0.0,1,0.5810425623584349,1,9,0,1,1,0,2,6799
25.0,0.1,0,0.520317202993464,1,9,0,0,0,0,2,24499
10.0,0.1,1,0.6612390049426484,1,8,0,1,0,0,1,4799
4.0,20.0,1,0.9593202149881812,2,0,0,1,0,0,0,9000
12.0,0.0,1,1.2588111496116217,1,9,0,1,1,0,2,8499
45.0,0.1,2,0.6711695960792349,1,9,2,1,1,0,2,22499
13.0,0.0,1,0.9280984427591812,1,9,0,1,0,0,1,7499
12.0,0.1,1,0.7522404964972964,1,8,0,1,1,0,2,10499
10.0,0.1,1,1.4381264248582122,1,9,0,1,0,0,1,6999
9.0,20.0,1,1.0550066122069577,2,0,1,1,0,0,0,18000
62.99,27.1,4,1.9500667473805533,1,9,2,3,0,0,5,33000
16.0,0.1,1,1.948164686056455,1,8,0,1,1,0,1,13499
29.0,20.0,3,1.2498229081706955,2,0,2,2,0,0,0,32000
9.0,0.1,1,0.1306746144461374,1,8,0,1,1,0,2,7499
16.0,0.1,1,0.0572541704680983,1,8,0,1,1,0,0,16500
13.0,0.0,1,0.5812044236008017,1,8,0,1,1,0,0,12499
10.0,0.1,1,2.046182320631897,1,8,0,1,0,0,1,4499
25.0,0.0,2,0.0,1,9,2,1,1,0,2,29999
13.0,0.1,1,1.465406261314195,1,8,0,1,1,0,2,9999
13.0,5.1,1,0.1630438445424206,1,8,1,0,1,0,0,9999
12.0,0.4,1,0.1453389143383197,1,9,1,1,1,0,2,14000
13.0,0.1,0,0.1277002020609924,1,8,0,0,0,0,2,13500
9.0,0.1,1,0.3741527325370564,1,9,0,1,0,0,0,5500
30.0,20.0,3,0.2259316705651237,8,9,2,1,1,1,0,29000
11.5,0.0,0,0.8233653493294281,1,8,0,0,0,0,2,12500
20.0,0.0,1,2.1619339351184608,1,9,1,1,1,0,0,13999
8.0,0.0,1,1.8767755649586988,1,9,0,1,0,0,2,7499
9.0,0.1,1,0.7771549696325487,1,6,1,1,1,0,2,16500
12.0,0.0,0,1.0589456174500746,1,8,0,0,0,0,2,5699
15.5,0.0,0,0.610534412694523,1,8,0,0,0,0,2,12799
11.0,0.0,0,0.4035343483346936,1,8,0,0,0,0,1,4499
6.0,0.0,1,0.1460624960802115,1,0,0,1,0,0,2,4999
13.0,0.1,1,0.2221872255778844,1,9,0,1,1,0,2,10999
11.2,0.0,1,0.6578222045686565,1,0,0,1,0,0,1,4999
31.0,0.1,3,0.0,1,9,2,2,1,1,0,18500
10.0,0.1,1,1.5965441764075787,1,0,0,1,1,0,2,4799
12.0,1.4,1,0.0,1,8,0,1,1,0,2,9500
10.0,0.1,1,0.0,1,8,1,1,0,0,1,7799
15.0,0.5,1,0.5737639927920541,1,9,0,1,1,0,2,13000
12.0,0.1,1,0.1912625924977916,1,9,0,1,1,0,2,8999
20.0,27.3,0,0.0497079040060678,8,9,0,0,0,0,0,10000
15.0,0.1,1,0.0,1,8,1,1,1,0,2,15999
6.0,20.2,1,0.564333552577332,8,0,0,1,0,0,0,11500
23.0,0.0,1,0.2128574448462564,1,9,1,1,1,1,0,15999
13.0,0.0,1,0.6194987909824402,1,8,0,1,1,0,2,7699
45.0,25.0,3,0.0385875554116625,8,9,2,2,1,1,3,20000
15.0,0.0,1,0.803653938999139,1,9,1,1,1,0,2,13499
8.0,6.5,1,0.1666772308338951,1,9,0,1,0,0,1,4499
7.0,0.1,1,2.190151829216279,1,0,0,1,1,0,2,12500
11.0,0.1,1,1.8690387583853945,1,9,0,1,0,0,1,6499
11.0,0.1,1,0.8146078231192917,1,8,0,1,1,0,1,11999
15.0,0.0,1,1.142716521334452,1,8,0,1,1,0,2,12999
15.0,1.4,1,0.8660570094662798,1,8,0,1,1,0,2,13500
6.0,20.0,1,1.1295295123995317,2,0,0,1,0,0,0,15500
7.0,0.1,1,0.296071396875998,1,0,0,1,0,0,1,4499
18.0,0.1,1,0.5901080455639607,1,8,1,1,1,0,1,14999
13.0,0.0,1,0.6132421306686764,1,9,1,1,1,0,2,11499
10.0,20.0,1,1.786949334626426,2,0,0,1,0,0,0,19000
12.0,0.1,1,2.123333494221596,1,9,0,1,1,0,2,12499
16.0,0.0,1,0.4201080302383062,1,8,0,1,1,0,1,10499
12.0,3.1,1,2.0959571807959603,1,9,0,1,1,0,1,13999
15.0,0.0,0,0.0,1,9,0,0,0,0,2,11999
10.0,0.0,1,0.5531204386411845,1,9,0,1,1,0,2,8799
22.0,20.0,2,0.4477606358128166,8,0,2,1,1,1,0,19500
8.0,0.0,1,0.619559313127937,1,8,1,1,1,0,1,6800
17.0,0.1,1,0.5380892986536913,1,8,1,1,1,0,2,12999
13.0,0.1,1,0.9841430163227736,1,9,0,1,1,0,1,8499
15.0,0.0,1,1.0411339464025648,1,8,1,1,1,0,3,10999
8.0,20.0,1,0.6140454681456353,8,0,0,1,0,0,0,9000
6.0,20.0,1,0.6571976102736232,8,0,0,1,0,0,0,8900
10.0,0.1,1,0.121414208697986,1,8,0,1,0,0,1,7499
5.0,20.0,1,0.9720237054359504,8,0,0,1,0,0,0,13000
7.0,0.0,1,0.7855119972694883,9,9,0,1,0,0,0,11000
16.0,0.1,1,1.8379896115303505,1,8,0,1,1,0,0,12999
11.0,0.0,1,0.0,1,9,0,1,0,0,0,6799
68.82,0.1,0,0.0617156347657063,15,9,0,0,0,0,1,50000
17.0,0.0,1,0.0,8,0,1,1,0,0,0,19500
5.0,0.0,1,0.5893756910829522,1,0,0,1,0,0,1,5800
6.0,20.2,1,0.950260479637846,8,0,0,1,0,0,0,12500
15.0,0.0,1,0.7051372866897895,1,9,1,1,0,0,1,9500
8.0,0.0,1,0.6214761190981656,1,8,0,1,0,0,2,7499
16.0,0.0,0,0.1482071280182044,1,9,0,0,0,0,2,12499
14.0,3.4,1,1.6457410305746225,1,8,0,1,1,0,2,11000
11.0,0.0,1,1.039223311736999,1,0,0,1,0,0,1,7499
11.0,0.0,1,0.2879051097808647,1,9,0,1,1,0,2,7999
9.0,0.1,1,0.9483748573740302,1,9,0,1,1,0,2,6999
23.0,0.0,2,0.5527997752690893,1,9,1,1,1,0,2,21999
12.0,0.1,1,0.0,1,8,0,1,0,0,1,10999
8.0,0.0,1,0.0,1,8,0,1,0,0,0,5499
12.0,0.1,1,0.0,1,0,0,1,0,0,1,7499
10.0,0.0,1,0.0,1,8,0,1,0,0,1,7499
14.0,0.0,1,1.2588111496116217,1,6,0,1,1,0,2,8499
16.0,0.0,1,0.2083262740549092,1,9,0,1,1,0,0,11499
15.0,0.1,1,0.1219403228827845,1,8,0,1,1,0,2,13499
15.0,0.0,1,0.8557515387438787,1,0,1,1,1,0,2,14999
11.0,0.0,1,1.620066414261017,1,9,0,1,0,0,1,7799
12.0,0.1,0,1.5061381474553894,1,0,0,0,0,0,1,11000
10.0,0.0,1,0.5138625224260002,1,8,0,1,1,0,2,8499
12.0,0.1,1,1.471860840058442,1,8,1,1,1,0,2,10499
18.0,0.0,1,0.2218263550076393,1,9,0,1,1,0,0,12499
15.0,0.0,1,0.6132421306686764,1,9,0,1,1,1,2,11499
14.0,0.1,1,1.933619923974439,1,9,1,1,1,0,2,11499
53.39,11.4,3,0.1685771210003122,8,9,2,2,1,1,3,25000
13.0,0.0,1,0.0,1,8,0,1,1,0,2,7499
10.0,0.0,1,0.2198625048009888,1,8,0,1,1,0,2,13000
15.0,0.0,0,0.6267711327226091,1,8,0,0,0,0,1,11999
25.0,0.1,2,0.8728192169031695,1,9,2,1,1,1,2,31000
25.0,0.0,3,0.5414838003237062,8,0,1,1,1,1,0,12500
400.0,0.0,0,0.0443980133132903,3,4,0,0,0,0,0,100000
11.0,0.0,0,0.0483189707362842,1,9,0,0,0,0,2,8999
18.5,0.1,1,0.0,1,9,1,1,1,0,2,16999
10.0,0.0,0,0.2251223154357757,1,8,0,0,0,0,2,6499
51.64,9.4,4,0.2061770974067365,8,9,2,2,1,1,3,36000
9.0,0.1,1,2.5161345301961355,1,0,0,1,1,0,2,6499
6.0,20.0,1,0.8606820212617888,8,0,0,1,0,0,0,11500
12.0,0.1,0,0.2203603661963045,1,9,0,0,0,0,1,6899
30.0,20.0,3,1.2464843279278206,8,9,2,2,1,0,0,39000
15.0,0.0,0,0.0762890791808851,1,8,0,0,0,0,0,16000
12.0,0.1,0,0.0744917465517714,1,8,0,0,0,0,2,8999
20.0,0.1,2,0.978729669794132,1,8,1,2,1,0,2,20999
15.0,0.0,1,0.0191262592497791,1,9,0,1,1,0,2,8999
18.0,0.1,1,1.0530867051061037,1,6,0,1,0,0,1,14999
10.0,0.0,1,0.0588228631265803,1,9,0,1,1,0,0,13000
10.0,0.1,1,0.3219806932966019,1,9,0,1,1,0,2,8799
11.0,0.0,1,1.3190546164428272,1,9,0,1,0,0,0,7999
40.0,0.2,5,0.3303778726333836,1,8,2,4,1,0,2,25999
15.0,0.0,1,0.0,1,9,1,1,1,1,2,20500
10.0,0.1,1,1.6554343288556348,1,9,1,1,1,0,2,6499
10.0,0.0,0,1.1445804322079252,1,0,0,0,0,0,2,8800
40.0,0.0,2,0.0370111300044254,1,8,1,1,1,1,0,23499
10.0,0.0,1,0.3179546774909875,1,9,0,1,1,0,0,7699
10.0,5.5,1,0.5392464765089513,1,8,1,1,0,0,1,6499
14.0,0.1,2,0.4742863665949155,1,2,1,1,1,1,1,20999
13.0,0.1,1,0.069642191203549,1,9,0,1,0,0,1,6899
12.0,0.0,1,0.0,1,9,0,1,1,0,2,8999
15.0,3.9,0,0.8122849486055719,1,8,0,0,0,0,2,11800
9.5,0.0,1,1.924534026841655,1,6,0,1,0,0,1,6499
10.0,2.0,1,4443.055555555556,1,9,0,1,1,0,2,7200
5.0,19.1,1,0.1950127578817915,1,8,0,1,0,0,1,3800
11.0,0.1,1,2.206566330290312,1,9,0,1,1,0,2,8999
8.0,20.6,1,0.0,1,8,0,1,0,0,0,5499
7.0,0.1,1,0.1099434563756114,1,9,0,1,0,0,1,6499
10.0,3.0,1,2.03621938979969,1,8,0,1,1,0,2,4999
17.0,0.1,1,0.0,1,8,0,1,1,0,2,13999
10.0,0.0,1,0.2315677197147315,1,8,0,1,0,0,2,4000
8.0,0.1,0,2.3967701080491497,1,8,0,0,0,0,1,5499
16.0,0.1,1,0.0463697022299637,1,8,1,1,1,0,2,12799
15.0,0.0,0,1.3232920603001437,1,9,0,0,0,0,1,10999
10.0,0.1,0,0.0,1,6,0,0,0,0,2,11500
38.0,0.0,3,0.5046116369643826,1,9,2,2,1,0,0,21999
58.0,0.1,3,0.0175875234372377,1,8,1,0,1,1,3,29999
30.0,0.0,1,0.2467948380854032,1,9,1,1,0,1,1,19585
13.0,0.0,1,0.340636485175331,1,8,0,1,0,0,1,11999
25.0,20.0,3,0.5989882179033263,8,0,2,2,1,0,0,23000
8.0,2.6,1,0.0,1,8,1,1,0,0,0,5099
8.0,6.0,1,5810.180040008891,1,0,0,1,0,0,1,4499
10.0,0.0,1,0.1443193419208899,1,9,0,1,0,0,0,5499
12.0,0.0,1,0.3850797688396111,1,8,0,1,1,0,2,9499
18.0,0.2,1,0.4830073470638511,1,9,1,1,1,1,2,15499
13.0,1.8,1,0.5587958485778357,11,0,1,1,1,1,2,15000
8.0,32.5,1,0.6964378291212243,8,0,0,1,0,0,0,8800
12.0,0.1,1,0.0,1,9,0,1,0,0,1,6999
12.0,1.1,1,0.0,1,8,0,1,1,0,2,12499
10.0,0.0,0,0.0679059254887796,1,8,0,0,0,0,1,8500
19.0,0.1,0,0.8627319445981012,1,8,0,0,0,0,2,15999
68.0,0.1,5,0.0394346031733359,1,8,3,4,1,1,2,31000
15.0,0.1,1,0.966736691256,1,9,0,1,1,0,2,12499
12.0,0.0,0,0.981570056533266,1,9,0,0,0,0,2,10499
5.0,20.0,1,1.8748077331575896,2,0,0,1,1,0,0,11000
8.0,0.0,1,0.1340237708389982,1,8,0,1,1,0,0,6500
12.0,0.0,1,0.5957763659300795,1,8,1,1,1,0,2,10999
10.0,0.0,1,1.4407828187889649,1,8,0,1,0,0,1,6499
15.0,3.2,0,0.4889500475874569,1,9,0,0,0,0,2,14400
105.47,22.6,0,0.4072557251602754,15,9,0,0,0,0,2,120000
19.0,0.0,1,0.2467948380854032,1,9,1,1,0,0,2,19585
25.0,1.0,2,0.1856141704631097,11,6,2,1,1,1,3,25000
10.0,0.0,0,1.3139486822654924,1,8,0,0,0,0,1,7499
14.0,0.4,1,0.891688837951722,1,9,0,1,1,0,2,11000
13.0,0.0,1,0.8545268683921412,1,9,0,1,1,0,2,7999
10.0,0.0,1,1.9656002505865189,1,9,0,0,0,0,1,6299
10.0,0.0,1,0.1540552339446941,1,6,0,1,0,0,0,8500
25.0,0.1,2,0.1536557544840397,1,9,1,1,1,0,0,22000
10.0,0.1,1,1.465406261314195,1,8,0,1,1,0,2,9999
15.0,0.1,1,0.0,1,9,1,1,1,0,2,12500
9.0,0.1,1,0.2690735751599005,1,8,0,1,1,0,0,9200
12.0,0.0,1,0.5874381300897252,1,8,0,1,1,0,2,8799
10.0,0.0,1,0.0,1,8,0,1,0,0,1,7499
8.0,0.1,1,1.0973839055417776,1,8,0,1,1,0,2,13000
10.0,0.1,1,1.0194825540261565,1,8,0,1,1,0,2,5799
14.5,0.1,1,0.0,1,8,0,1,1,0,1,11500
31.28,8.1,2,0.5004531980306139,3,9,2,2,1,1,2,32000
10.0,0.0,1,0.0928139098624766,1,6,0,1,1,0,1,10600
11.0,5.5,1,0.9911756058809932,1,9,0,1,1,0,2,10000
12.0,1.8,1,0.9950165270179726,1,9,0,1,0,1,2,12799
11.0,0.0,1,1.1241147087646877,1,8,1,1,0,0,2,5999
41.0,20.0,3,0.7738716495073985,8,9,2,2,1,1,0,45000
8.5,0.0,0,1.6909307801643796,1,8,0,0,0,0,1,5999
15.0,0.1,0,0.8474574710094531,1,9,0,0,0,0,1,10999
12.0,10.2,1,1.7820848298498777,1,0,0,1,0,0,1,7500
14.0,0.0,0,1.343937775951186,1,6,0,0,0,0,2,10999
12.0,0.0,0,0.7256914517889864,1,9,0,0,0,0,1,8499
18.0,0.0,1,0.6066647740261908,1,8,1,1,1,0,0,14499
10.0,0.0,1,1.0797805265781564,1,8,0,1,0,0,1,4999
12.0,0.0,1,0.3631632386005586,1,8,0,1,0,0,1,6999
8.0,0.0,1,0.6046218882027192,1,8,0,1,1,0,2,13000
14.0,0.1,1,0.0,1,8,1,2,1,0,2,16999
9.0,20.0,2,0.6135131117848742,8,0,1,1,0,1,0,19000
13.0,0.1,1,1.1031542629316462,1,8,0,1,1,0,2,10499
12.0,0.1,1,0.1480306643850972,1,8,0,1,1,0,2,9499
12.0,0.1,1,1.0804288933059492,1,6,0,1,1,0,2,8499
13.0,0.1,1,0.5380892986536913,1,8,1,1,1,0,2,12999
20.0,0.7,3,0.2126317691952895,1,9,2,2,1,0,0,23000
9.0,0.1,0,0.6573381722111948,1,9,0,0,0,0,2,10500
14.0,0.0,1,0.0,1,0,1,1,1,0,2,11499
35.0,5.4,2,0.1116803789738783,1,9,1,2,1,1,2,30000
7.0,0.0,1,2.472488363815968,1,8,0,1,1,0,2,7500
70.0,20.4,4,0.4493596350838725,6,8,2,4,1,0,1,30000
16.0,0.1,1,1.282000628998059,1,0,1,1,1,0,2,10999
12.0,0.1,0,2.206566330290312,1,8,0,0,0,0,0,8999
10.0,0.1,1,0.0826949036092801,1,9,0,1,1,0,2,8000
16.0,0.0,1,0.2172715789943029,1,9,1,1,1,0,2,10999
40.0,0.0,2,0.0,1,9,2,1,1,1,2,29999
12.0,0.0,1,0.2757543045005106,1,8,1,1,1,0,2,7499
10.0,1.8,1,1.9518843065625788,1,8,0,1,1,0,2,5799
97.0,0.0,0,0.9296814098066404,1,4,0,0,0,0,0,85000
16.0,0.0,1,1.1031542629316462,1,8,0,1,1,0,0,10499
11.5,0.1,0,2.206566330290312,1,8,0,0,0,0,1,8999
9.0,0.1,1,0.9011107795272186,1,0,0,1,0,0,1,5199
10.0,0.0,1,0.0498052441509337,1,9,0,1,1,0,2,6999
13.0,0.0,1,1.2588111496116217,1,9,0,1,1,0,2,8499
12.3,0.0,1,0.0,1,8,0,1,0,0,1,6199
11.0,0.0,1,0.9483748573740302,1,9,0,1,1,0,2,6999
11.0,0.0,0,0.0,1,8,0,0,0,0,2,11500
15.0,0.1,1,0.8474574710094531,1,9,0,1,1,0,0,10999
12.0,0.0,1,0.5176088411099385,1,9,0,1,1,0,2,8000
11.0,0.0,1,0.6456028470649277,1,8,0,1,0,0,1,6799
30.0,30.0,3,1.20560668902862,1,9,2,2,1,1,2,22000
12.0,20.0,1,0.2319946084095225,2,9,0,1,0,0,0,17000
13.0,0.2,0,0.6095401763641078,1,8,0,0,0,0,1,10999
13.0,0.0,1,1.2662623048076562,1,9,0,1,1,0,2,9499
8.5,0.0,0,1.6062215436208374,1,8,0,0,0,0,0,6499
10.0,0.1,1,0.2705450550180152,1,8,0,1,1,0,2,8000
10.0,0.0,1,0.3741612568319368,1,9,1,1,0,0,2,5499
57.1,13.0,2,0.7898031494586627,1,9,2,2,1,0,2,95000
11.0,0.0,0,0.6019833787618311,1,9,0,0,0,0,1,10500
9.0,0.0,1,1.0621384183067082,1,8,0,1,0,0,1,5699
15.0,0.0,1,0.0,1,9,0,1,1,0,0,13999
15.0,0.1,1,0.8246434527423052,1,8,0,1,1,0,2,10799
8.0,20.3,1,0.6342433246034529,2,0,0,1,1,1,0,17000
10.0,30.1,1,0.812653500170925,11,9,1,1,1,1,0,12000
12.0,0.0,1,0.0,1,9,1,1,1,0,2,11999
15.0,0.4,1,0.2053978663272395,1,9,0,1,1,0,0,13000
10.0,0.1,1,1.609382691464588,1,9,0,1,1,0,2,10999
9.2,0.1,1,0.5340110738243984,1,8,0,1,0,0,1,6499
10.0,0.0,0,0.7466215076302309,1,8,0,0,0,0,2,9999
12.0,0.0,1,0.0,1,6,0,1,0,0,1,5799
13.0,0.0,1,1.7323588561823544,1,0,0,1,1,0,2,9499
12.0,0.0,1,0.9841430163227736,1,9,0,1,1,0,2,8499
9.0,20.0,1,1.3917776638697177,2,0,0,1,0,0,0,10500
14.0,0.0,0,0.0895914249068603,1,9,0,0,0,0,2,8999
11.0,0.1,1,0.5661102188176182,1,9,0,1,0,0,1,9500
13.0,0.1,1,0.0,1,9,0,1,1,0,2,8499
15.0,0.0,1,0.4889539035397615,1,9,0,1,1,0,2,14399
14.0,0.1,1,0.3040068575491215,1,8,0,1,1,0,2,8999
10.0,0.1,1,0.2208878867056672,1,8,0,1,0,0,1,5799
8.0,5.2,1,1.254379158700761,1,8,0,1,0,0,1,10500
14.0,0.0,1,1.5998131454844506,1,8,0,1,1,0,2,7999
13.0,0.1,1,0.88285012641124,1,9,1,1,1,0,2,10999
9.0,0.1,1,1.127287186776253,1,0,0,1,0,0,1,5999
15.0,0.1,1,0.5380892986536913,1,8,0,1,1,0,2,12999
17.0,3.9,3,0.4183853467280569,1,8,0,1,1,0,2,15000
15.0,0.0,0,0.4749073838697351,1,9,0,0,0,0,0,16800
14.0,0.1,1,1.506154113209376,1,8,0,1,1,0,2,10999
44.13,0.6,0,0.2035032608808106,3,9,0,0,0,0,1,48000
16.0,6.4,1,0.8698069268881224,1,9,0,0,0,0,2,13000
16.0,0.1,1,0.8624787304187757,1,9,0,1,1,0,0,13999
6.0,0.0,1,0.0,1,9,0,1,1,0,2,5599
10.0,0.1,1,0.9499471967290796,1,8,0,1,0,0,1,4999
10.5,0.0,1,1.8829452446749235,1,9,1,1,0,0,1,7299
12.0,1.1,1,0.0,1,8,0,1,1,0,2,14799
450.0,0.0,0,0.0021136174956331,1,4,0,0,0,0,0,298000
8.0,0.1,1,0.1130825566454048,1,8,0,1,0,0,1,6500
12.0,0.2,0,0.3459713190197815,1,9,0,0,0,0,2,10499
10.0,1.1,1,0.6741396472672673,1,9,0,1,1,0,2,9499
10.0,8.0,1,0.3741612568319368,1,9,0,1,1,0,1,5499
30.0,0.2,2,0.7046378714367504,1,9,2,1,1,0,2,21999
9.0,0.0,1,1.0718680432625434,1,0,0,1,1,0,2,5299
10.0,0.0,0,0.0,1,9,0,0,0,0,2,9000
10.0,0.1,1,0.1109491006221382,1,8,1,2,0,0,3,12000
6.0,20.2,1,0.6295596972659725,8,0,0,1,1,0,0,10800
33.0,0.0,3,1.4035397717891738,1,9,2,2,1,1,2,32000
8.0,0.0,1,1.2425538878631308,1,9,1,1,1,0,2,5999
17.0,0.1,1,0.4889539035397615,1,8,0,1,1,0,2,14399
28.0,0.0,2,1.6281955157073336,1,9,2,1,0,1,1,28000
12.0,0.1,1,0.0,1,8,1,1,1,0,1,8499
12.0,0.0,0,1.876745224968924,1,2,0,0,0,0,1,7500
10.0,0.0,1,0.0493888306568078,1,8,0,1,0,0,1,7499
8.0,0.0,1,0.6559622264852736,1,8,0,1,1,0,2,12000
10.0,0.1,1,0.1800605341938386,1,8,0,1,1,0,0,7500
12.0,0.1,1,1.099348357035391,1,8,0,1,1,0,2,12799
9.0,0.0,0,0.1469605850130306,1,8,0,0,0,0,2,8500
72.96,0.0,0,0.7752093072715348,10,4,0,0,0,0,0,72000
10.0,0.1,1,0.0826961485540781,1,9,0,1,1,0,2,7999
10.0,0.0,1,0.6194987909824402,1,5,0,1,0,0,1,7699
9.5,0.0,1,1.8767755649586988,1,8,0,1,0,0,1,7499
12.0,0.0,0,1.0700553435147904,1,0,0,0,0,0,2,6199
28.0,0.0,3,1.398709144822472,1,9,2,2,1,1,2,24000
110.0,0.3,0,0.009489322474787,7,4,0,0,0,0,0,36000
10.0,1.7,1,0.1198134235650161,1,8,0,1,0,0,1,7800
11.0,0.1,1,0.9055874756973116,1,9,0,1,0,0,0,4999
16.0,10.4,1,1.2249960234893666,1,0,0,1,0,0,1,15500
10.0,1.3,1,0.0815382631174796,1,8,0,1,1,0,1,8999
14.0,0.1,1,0.7964954976567128,1,2,0,1,1,0,2,14000
40.0,0.0,2,0.1362963957023801,1,8,1,2,1,0,2,25000
15.0,3.1,0,0.0,1,8,0,0,0,0,1,8499
15.0,0.0,1,1.1902465582315254,1,9,0,1,1,0,0,9499
1300.0,0.0,0,0.0522006945038694,1,4,0,0,0,0,0,850000
12.0,0.0,1,0.1796087290912432,1,8,1,2,1,1,2,17000
15.0,0.1,1,0.6370610440934023,1,8,0,1,0,0,1,11000
16.0,0.0,1,0.1320377793305762,1,9,1,1,0,0,1,11499
12.0,0.0,1,0.0,1,8,1,1,1,0,2,11499
36.0,0.0,2,1.0602614341525003,1,9,2,2,1,1,1,22500
10.0,0.0,1,1.2588111496116217,1,9,0,1,1,0,2,8499
10.0,6.1,1,0.3664781879187047,1,9,0,1,1,0,2,6499
9.0,0.0,0,0.0,1,9,0,0,0,0,1,10500
8.0,20.0,1,1.382010882711343,2,0,0,1,0,0,0,11999
10.0,0.0,1,0.4890303105852277,1,9,0,1,1,0,2,7999
20.0,0.0,1,1.2679011048063151,1,9,0,1,1,0,0,13999
45.0,1.1,3,0.0741338294041812,1,9,2,2,1,0,2,29000
13.0,0.1,1,0.8685999639429628,1,9,0,1,1,0,2,8499
12.0,0.1,1,0.1681097523533221,1,8,0,1,1,0,2,8999
7.0,20.0,1,0.4639238878685257,2,0,0,1,0,0,0,15000
14.0,0.1,1,1.5975851396639922,1,8,1,1,1,0,2,10999
13.0,0.1,0,0.2233986231384875,1,9,0,0,0,0,1,10499
9.0,0.0,1,0.2142269763291905,1,8,0,1,0,0,1,6100
6.0,20.0,1,0.3136149275706718,8,0,0,1,0,0,0,11000
14.0,0.1,1,0.4905815290414351,1,8,0,1,1,0,2,10999
15.0,0.0,1,0.0,1,8,0,1,0,0,1,11499
25.0,26.2,3,1.5437805816979715,1,9,2,2,0,0,3,28500
12.0,0.1,1,0.8369925064308134,1,9,0,1,1,0,2,11999
20.0,6.0,1,0.3606455763645804,1,9,1,1,0,0,1,19300
25.0,0.1,2,0.1361639230134522,1,9,1,1,1,1,2,28500
12.0,0.1,1,0.9990948868283424,1,9,0,1,0,0,1,7499
30.0,0.0,2,0.162111488079125,1,9,2,2,1,0,2,27999
9.0,0.0,1,1.1109854127381895,1,8,0,1,1,0,2,13800
30.0,0.0,3,0.0,8,0,2,1,1,1,0,28000
12.0,0.0,1,1.1533527468259668,1,8,0,1,0,0,0,4999
15.0,0.0,1,0.6499501564383295,1,9,1,1,1,0,2,12999
10.0,0.0,1,0.6091261798008394,1,9,0,1,1,0,2,9499
15.0,0.1,1,0.0,1,8,0,1,1,0,0,11999
49.12,1.1,0,0.1264994806093487,15,8,0,0,0,0,2,42000
10.23,2.4,1,0.9309800590656382,1,8,0,1,0,0,1,4499
13.0,0.0,0,0.1719913725965778,1,9,0,0,0,0,2,9999
11.0,2.4,1,0.0,1,9,0,1,0,0,1,6999
16.0,0.0,1,0.0,1,9,1,1,1,0,2,9499
14.5,0.0,0,0.5956370934245996,1,8,0,0,0,0,2,11499
20.0,0.1,2,1.7311028090674927,1,0,1,1,0,0,1,16000
7.0,40.0,1,1.4250505134769518,1,0,0,1,0,0,2,7500
12.0,1.0,1,0.517616633542193,1,0,0,1,1,0,0,7999
12.0,0.0,1,1.977511293875791,1,8,0,1,1,0,0,5999
38.33,1.2,2,1.4277622575199422,1,9,1,1,1,1,3,26000
11.0,7.6,1,0.0,1,0,0,1,1,0,2,7500
10.0,0.1,1,1.4910853400778945,1,8,1,1,0,0,0,5199
160.0,0.0,0,0.2745527227258759,1,4,0,0,0,0,0,85000
15.0,0.0,0,1.096849482264566,1,8,0,0,0,0,2,11999
14.5,0.0,0,0.5956370934245996,1,8,0,0,0,0,2,11499
30.0,0.1,3,0.5528584962394198,1,9,1,2,1,1,2,31999
10.0,0.1,1,0.3561491827921319,1,8,0,1,1,0,2,7299
13.0,0.1,1,0.2797244806558874,1,8,0,1,1,0,2,11499
10.0,0.0,1,1.7105541207615886,1,9,0,1,1,0,2,4999
10.0,0.0,1,1.5421804826664045,1,8,0,1,1,0,1,8999
15.0,0.0,2,0.1791565072684333,1,9,1,1,1,0,2,20000
10.0,0.1,1,1.7779427516741733,1,0,0,1,0,0,1,6499
16.0,0.1,1,0.5949840452855332,1,9,0,1,1,0,2,12999
40.0,0.1,4,1.018733395032753,1,9,2,2,1,1,2,27999
20.0,0.0,2,1.5609584915336836,1,8,1,1,1,0,2,20000
14.5,0.0,1,0.8959007841985767,1,9,1,1,1,0,2,11499
13.0,0.1,1,0.2505307855164024,1,8,0,1,1,0,2,9999
10.0,0.1,1,0.1668269689374347,1,8,1,1,0,0,1,12999
6.5,0.0,1,0.1080363205163032,1,8,0,1,1,0,2,7500
13.0,0.1,1,0.6331352799652991,1,8,0,1,1,0,2,10999
7.0,40.0,1,1.106072166741678,1,0,0,1,0,0,1,7000
54.51,0.2,3,0.2100275461959862,1,9,2,2,1,1,2,21999
6.0,20.0,1,2.253045332809211,2,0,0,1,0,0,0,12000
5.0,20.1,1,2.205356684296187,2,9,0,1,0,0,0,12000
170.0,0.0,0,0.0953882555234238,1,4,0,0,0,0,0,160000
10.0,0.0,1,0.5659136846092567,1,8,0,1,0,0,1,7499
10.0,30.0,1,0.8088445937774985,1,8,0,1,1,1,3,6200
15.0,0.0,1,0.4561720029563645,1,8,0,1,0,0,1,10999
10.0,2.1,0,0.3701224346826346,1,9,0,0,0,0,1,5999
18.0,0.1,1,0.8727753094405372,1,0,1,1,0,0,1,12499
16.0,0.1,1,0.1719913725965778,1,9,1,1,1,0,2,9999
8.0,0.0,1,1.9370168526496971,1,8,0,1,0,0,1,5799
6.0,0.0,0,0.2703429573399324,1,8,0,0,0,0,2,7100
12.0,0.1,0,0.2210107709197685,1,9,0,0,0,0,2,6999
9.0,20.1,1,0.4839366190646396,8,0,0,1,0,0,0,17500
19.0,0.0,1,0.0,1,9,1,1,1,0,2,13500
14.0,0.0,0,1.6701835891022483,1,0,0,0,0,0,0,13000
6.0,0.1,1,0.1649654435091337,1,6,0,1,1,0,0,6000
15.0,0.0,0,1.0131502316214849,1,0,0,0,0,0,2,11999
35.0,0.1,3,0.5335286542297116,1,9,2,2,1,1,2,25000
37.0,0.1,3,0.2786833400516986,1,0,2,2,1,1,2,23000
14.0,0.1,1,0.593810107296647,1,8,0,1,0,0,1,10999
20.0,0.1,2,0.0,1,9,1,1,0,0,1,22000
8.0,0.0,1,1.0718680432625434,1,8,1,1,1,0,2,5299
12.0,6.2,1,1.609382691464588,1,9,0,1,1,0,2,10999
11.0,0.1,1,0.3211308065485976,1,8,0,1,0,0,1,5299
15.0,0.0,0,0.6559685457376375,1,8,0,0,0,0,2,11999
19.0,20.0,1,0.4860194479230833,8,0,1,1,0,1,0,20000
13.0,0.0,1,0.3017938159739309,1,9,1,1,1,0,0,8799
15.0,0.0,0,1.187571918474955,1,9,0,0,0,0,1,14000
15.0,0.0,0,0.0650200406250377,10,9,0,0,0,0,0,14000
9.0,0.1,1,1.127386080856151,1,0,0,1,0,0,1,4999
33.0,29.1,1,0.5852445904102157,1,9,1,2,1,1,3,20000
15.0,0.0,1,1.84629271897188,1,0,1,1,1,0,2,12499
15.0,0.0,1,1.8948876079137416,1,9,0,1,0,0,0,9999
10.0,20.0,1,0.2936382956734473,8,0,0,1,0,0,0,7000
18.0,0.1,1,0.9456591202670936,1,9,1,1,1,0,2,14000
35.0,0.0,2,0.4925942999668764,1,9,2,1,1,0,2,31999
17.0,0.1,0,0.1973336782753647,1,8,0,0,0,0,0,15000
26.01,0.0,2,0.1245528177818787,8,9,1,1,0,0,0,8000
12.0,0.1,1,0.4932496383464939,1,8,0,1,0,0,1,9000
10.0,13.7,2,0.3581514827100603,15,8,0,1,1,0,2,12000
18.0,0.0,1,1.0896790456607008,1,9,0,1,1,0,2,12999
9.0,20.0,1,2.0093949520735657,2,9,0,1,0,0,0,19500
12.0,0.1,0,1.491242164377684,1,8,0,0,0,0,2,13490
25.0,10.4,2,1.4690833596011537,1,9,1,1,1,1,3,20000
12.0,8.9,1,2.209019254029656,1,9,0,1,1,0,2,10000
8.0,0.1,1,0.3631632386005586,1,6,0,1,1,0,2,6999
14.0,0.1,0,0.6321309452120369,1,9,0,0,0,0,1,9499
24.0,20.1,2,0.8363543495385928,8,0,2,1,1,1,0,16000
5.0,0.0,5,0.2384592534837242,1,8,1,2,0,0,1,3200
100.0,2.1,5,0.0,1,9,2,3,0,0,1,70000
10.0,2.1,1,0.8491759058307269,1,8,0,1,1,0,2,9499
28.0,1.3,2,0.3212096938907565,1,9,1,1,1,0,2,23000
16.0,0.1,0,0.0885336275024252,1,5,0,0,0,0,1,15999
14.0,0.0,0,1.5429640955790591,1,9,0,0,0,0,1,13500
9.0,0.1,1,0.3440916133220537,1,9,1,1,0,0,0,11000
25.0,0.0,3,0.1146442319649275,1,9,1,2,1,1,2,23499
9.0,20.1,1,0.7169090018010128,8,0,0,1,0,0,0,11500
14.0,0.0,1,2.152741020793952e-05,1,8,0,1,1,0,2,11499
7.0,0.0,1,0.0,1,9,0,1,0,0,1,4799
45.0,2.1,3,0.2520449156469543,1,9,2,2,1,0,2,35800
30.0,0.0,3,0.7083572671998057,1,9,2,2,1,1,3,20000
7.0,0.0,0,0.6318667912974616,1,8,0,0,0,0,2,5799
80.51,18.0,0,0.3905429939504203,1,9,0,0,0,0,0,170000
12.0,0.1,0,0.0740144102341055,1,8,0,0,0,0,2,9500
17.0,0.0,1,2.1619339351184608,1,0,1,1,1,0,2,13999
42.8,6.0,2,0.0584662154715364,1,9,2,2,0,0,2,28000
14.0,3.4,1,0.0934308215765374,1,9,0,1,0,0,1,12000
33.0,25.0,1,0.0398462234979101,8,9,2,5,1,1,4,15000
10.0,0.0,0,0.5155747533309812,1,8,0,0,0,0,1,7999
10.0,0.1,1,2.311953825498572,1,0,0,1,1,0,2,6499
20.0,0.0,1,0.4931341057291089,1,9,1,1,1,0,2,14800
22.0,0.0,2,0.1654762485180497,1,9,1,1,1,1,2,21999
11.5,0.0,0,0.7593409956288739,1,8,0,0,0,0,2,7500
14.0,0.0,1,0.1502504014028765,1,9,0,1,1,0,1,10499
33.0,1.0,2,0.3494521237547451,1,9,2,1,1,0,2,24000
7.0,4.2,1,0.3601268902058906,1,9,0,1,1,0,1,7499
13.0,0.1,1,1.029752115946383,1,9,0,1,0,0,1,8499
13.0,0.0,1,0.3124897322837459,1,8,0,1,1,0,1,6599
10.0,0.1,1,0.3549822203458065,1,8,0,1,1,0,0,7499
12.0,1.3,1,1.538956708027861,1,9,0,1,1,0,2,10000
9.0,0.1,1,0.0714637627195612,1,0,0,1,0,0,1,5599
7.0,0.1,1,0.383796255209627,1,6,0,1,0,0,1,4499
13.0,0.1,1,0.3062042934089362,1,8,0,1,1,0,2,9999
11.0,5.4,1,1.41805880843403,1,0,0,1,1,0,2,9800
9.0,0.1,0,0.5413786240484758,1,9,0,0,0,0,2,7599
15.0,0.0,1,0.1414264097428617,1,8,0,1,1,0,0,12499
13.0,0.0,1,0.9658993764733296,1,0,0,1,0,0,1,8499
7.0,8.2,1,0.1722094930247701,1,8,0,1,0,0,1,3499
23.0,30.4,1,1.091127103958316,1,0,1,1,1,1,2,21000
10.0,0.1,1,0.8425418244258717,1,9,0,1,1,0,0,10999
23.0,0.0,2,0.4420400230347984,15,9,1,2,1,1,0,28000
8.0,0.0,1,1.1164404127778478,1,8,1,1,1,0,2,14800
10.0,0.0,0,0.3390359137671343,1,9,0,0,0,0,2,12499
10.0,2.4,1,0.2215646262346292,1,9,1,1,1,0,1,6599
9.1,0.0,1,1.480609544892093,1,8,0,1,0,0,1,5499
10.0,6.0,1,0.3595493708101832,1,9,0,1,0,0,1,7599
11.0,0.0,1,0.7794088357901264,1,8,0,1,1,0,2,8499
6.0,0.1,1,0.0,1,8,0,1,1,0,0,9999
15.0,0.0,1,1.1976826324872485,1,9,1,1,1,0,2,12999
370.0,20.0,0,0.3951590362345002,2,9,0,0,0,0,0,580000
11.0,20.0,1,0.8783989407118618,8,0,0,1,0,0,0,17000
15.0,0.0,1,0.996344608754284,1,8,0,1,1,0,0,13999
16.5,0.0,0,0.5847374538237462,1,8,0,0,0,0,2,13499
17.64,0.1,1,0.0,1,9,1,1,1,0,1,12000
22.0,0.0,1,0.282554130326889,1,9,1,1,1,0,0,15999
5.0,0.0,1,1.529105730810579e-05,2,9,0,1,0,0,0,16000
8.0,20.2,1,1.2951052612393474,8,0,0,1,0,1,0,12500
8.0,7.2,1,1.4910853400778945,1,0,0,1,0,0,1,5199
9.0,0.0,1,2.5022316798339053,1,8,0,1,0,0,1,6799
10.0,0.0,1,1.0700553435147904,1,8,0,1,0,0,0,6199
20.0,0.0,3,1.218907156280677,8,0,2,1,1,1,1,17000
16.5,0.1,0,0.6043389469843135,1,8,0,0,0,0,1,14999
16.0,0.0,1,0.3850797688396111,1,9,0,1,1,0,0,9499
8.0,0.0,0,0.3595475079774165,1,8,0,0,0,0,1,5999
8.7,0.1,1,0.0,1,9,0,1,0,0,1,4999
11.0,0.0,1,0.606443568115101,1,2,0,1,1,0,2,9999
5.0,20.0,1,0.6783345190715663,2,0,0,1,0,0,0,15000
45.0,42.1,0,0.6246878364431379,8,0,0,0,0,0,0,100000
10.0,0.1,1,0.3375082310541495,1,8,0,1,1,0,2,13000
15.0,0.1,1,0.0,1,6,0,1,0,0,1,11999
7.0,1.4,1,0.3644466547811394,1,9,0,1,0,0,1,6800
17.0,0.1,1,0.2083262740549092,1,9,1,1,1,0,2,11499
12.0,0.2,0,0.0363350241196379,1,8,0,0,0,0,2,13999
8.0,0.0,1,1.480609544892093,1,8,0,1,0,0,1,5499
22.0,0.0,2,0.1801743271132956,1,9,2,1,1,0,2,18999
16.0,0.1,1,0.2826186813451548,1,9,1,1,1,0,3,15500
13.0,0.0,1,1.369417266135056,1,9,0,1,1,0,2,12599
15.0,20.1,1,0.628052379895632,8,0,2,2,0,0,0,15000
28.0,0.1,2,0.135279741695183,1,9,1,1,1,1,1,28500
12.0,0.1,1,0.5196116558684993,1,9,0,1,1,0,2,7499
40.0,0.0,3,2.354309203312701,1,0,1,2,0,1,1,23999
15.0,0.1,1,0.7522404964972964,1,8,0,1,1,0,1,10499
25.0,10.1,1,0.3076173589077554,1,8,1,1,1,1,3,12999
30.0,0.0,2,0.1609252704899191,1,9,2,2,1,1,3,30000
56.0,0.0,5,0.3119715273268357,1,8,2,3,0,0,0,31000
11.0,0.1,0,0.2797216569100814,1,8,0,0,0,0,1,11500
10.0,0.0,0,0.8851213652267578,1,8,0,0,0,0,0,5999
13.0,0.0,1,1.1102299828882294,1,0,0,1,1,0,1,9499
15.0,0.0,1,0.0681272970350662,1,9,1,1,1,0,2,11999
13.0,0.1,1,0.1173120344878392,1,8,0,1,1,0,2,9999
8.0,0.0,1,0.0,1,9,0,1,0,0,1,3499
56.0,2.3,2,0.0,15,0,2,2,1,1,2,61500
10.0,0.2,0,1.0492174618519194,1,0,0,0,0,0,1,5799
16.0,0.1,1,1.9316781303138333,1,8,0,1,1,0,1,11599
24.5,0.0,2,0.1450053141006919,1,9,2,1,1,1,3,18000
12.0,1.1,1,0.0,1,9,0,1,0,0,1,11999
30.0,20.1,2,0.6134741744272044,8,0,1,1,0,1,0,18500
10.0,5.2,1,1.0668940980522086,1,0,0,1,1,0,2,5499
32.0,0.0,3,0.6094076871002889,1,9,2,2,1,1,2,29999
26.0,20.2,3,1.2904528653227043,8,0,1,1,1,0,0,24500
20.0,0.0,1,1.2679011048063151,1,9,0,1,1,0,0,13999
13.0,0.1,1,4312.774662827702,1,8,0,1,0,0,2,6599
12.0,0.0,0,1.6851241044279115,1,0,0,0,0,0,2,8999
13.0,7.3,1,1.6890745781261858,1,9,0,1,1,0,2,10000
16.0,0.0,1,0.5456367707775481,1,8,0,1,1,0,0,10999
22.0,1.4,1,0.5037101279031628,1,0,1,1,1,0,2,23500
8.0,0.1,1,0.3558999738285474,1,8,0,1,0,0,1,6999
20.0,0.2,2,0.0352878255260267,1,9,2,1,0,0,3,23000
16.0,0.0,1,0.3712623297162565,1,9,1,1,1,0,2,12999
8.0,0.1,1,0.1224357557931688,1,9,0,1,0,0,0,7000
8.0,0.0,1,1.6983518116614538,1,8,0,1,1,0,2,9499
13.0,0.1,1,0.0,1,9,0,1,1,0,2,11999
17.0,0.0,1,1.5436873986859037,1,9,0,1,1,0,2,15999
15.0,0.0,1,0.0890184400694166,1,9,0,1,1,0,0,9499
11.0,0.1,1,1.509473413276271,1,9,0,1,0,0,1,5499
8.0,0.0,0,0.3549764816964248,1,8,0,0,0,0,2,7500
4.0,2.3,1,0.1546352425272983,1,9,0,1,0,0,1,3600
10.0,0.1,1,1.677727982398317,1,0,1,1,0,0,1,12500
4.0,0.0,1,0.0,1,9,0,1,0,0,1,4299
13.0,0.1,1,0.7371609439336835,1,8,1,1,1,0,2,12499
10.0,1.0,1,0.5308698322136666,1,0,0,1,1,0,0,6499
15.0,0.0,1,0.5209226306236612,1,9,1,1,1,0,2,16499
12.0,0.0,1,1.5998131454844506,1,0,1,1,1,0,2,7999
8.0,0.1,1,0.6800619527895465,1,2,0,1,0,0,2,7599
16.0,0.0,1,1.525114828179542,1,9,1,1,1,0,2,13999
12.0,0.0,1,0.0,1,8,0,0,1,0,1,8000
9.0,0.0,1,1.928866631031788,1,9,0,1,0,0,1,5999
9.0,0.0,1,0.3413734442845251,1,8,0,1,0,0,1,6999
14.0,0.1,1,0.2221872255778844,1,8,0,1,1,0,2,10999
7.0,20.0,1,0.9225786983526196,2,0,0,1,0,0,0,10000
26.0,0.1,2,0.9415309620098504,1,8,1,1,0,1,1,18499
24.0,20.0,3,1.125856765055311,8,0,2,1,1,1,0,27000
27.05,5.9,2,0.0986249482650492,8,9,2,2,1,1,3,23000
14.0,0.1,1,1.1148686451562877,1,8,0,1,1,0,2,10999
8.0,0.11,1,0.2705491279855644,1,9,0,1,1,0,1,7999
23.0,2.3,3,0.2901931107195263,3,9,2,2,1,1,0,30000
5.0,1.0,1,0.1847873772009839,1,6,0,1,1,0,1,8000
10.0,1.1,1,0.2634786568799692,1,8,0,1,1,0,2,10999
13.19,11.0,2,0.4439301639759163,8,9,1,1,1,1,1,24500
10.0,0.0,1,1.685101825698022,1,8,0,1,0,0,1,9000
22.92,11.0,2,0.496426283717667,8,9,1,1,1,1,1,22000
10.0,0.0,1,1.5433967114062022,1,8,0,1,1,0,1,6499
12.0,1.4,1,1.166147427982352,1,9,0,1,1,0,1,10000
15.0,0.1,1,1.0048190845826994,1,9,0,1,1,0,2,12999
14.0,0.0,1,0.0,1,8,0,1,0,0,0,7499
11.5,0.1,0,3351.2820512820517,1,8,0,0,0,0,1,7800
14.0,0.0,1,1.138311001738954,1,8,1,1,0,0,1,10000
6.0,0.0,1,0.1493549597547716,1,0,0,1,1,0,2,4199
228.0,20.0,0,0.1735392118547639,8,4,0,0,0,0,0,140000
500.0,0.0,0,0.0384038210691106,1,4,0,0,0,0,0,330000
9.0,0.0,1,0.5239835311487311,1,9,0,1,0,0,1,7000
10.0,0.0,1,0.0,1,8,0,1,1,0,0,7299
16.0,20.0,3,0.8864080472887348,8,9,1,1,0,0,0,30000
6.0,20.0,1,0.6621289131753768,8,0,0,1,0,0,0,9500
13.0,0.0,1,0.0,1,9,0,1,1,0,2,9999
12.0,0.0,0,0.3637539912261711,1,8,0,0,0,0,2,11000
17.0,0.0,1,2.1619339351184608,1,0,0,1,1,0,2,13999
80.0,30.3,5,0.247983203705777,1,8,3,3,1,0,2,30000
9.0,0.0,0,1.337121845634817,1,6,0,0,0,0,1,6499
15.0,0.0,1,1.1878925313563549,1,9,0,1,1,0,2,16899
1200.0,0.0,0,0.0183363195483676,1,4,0,0,0,0,0,700000
25.0,0.1,2,0.435353251510855,1,9,1,1,1,0,2,22499
13.0,0.0,0,0.2073461233039764,1,9,0,0,0,0,2,11500
11.0,0.1,0,1.2377413808250832,1,8,0,0,0,0,2,9999
22.14,25.1,2,0.2844115839203479,1,9,2,2,1,1,3,42000
6.0,22.3,1,0.6709510846801812,8,0,0,1,0,0,0,8500
8.0,0.0,1,1.7702427304535155,1,8,0,1,0,0,2,5999
13.0,0.1,0,0.8688502833099925,1,8,0,0,0,0,2,12999
16.0,0.0,0,0.8557515387438787,1,8,0,0,0,0,2,14999
10.0,0.2,0,0.3320543664748975,1,9,0,0,0,0,2,14999
25.0,0.0,3,1.6003176131293748,1,0,2,2,1,1,2,18999
17.0,0.0,0,1.2535583321275108,1,6,0,0,0,0,2,13999
15.0,0.0,1,0.0684640337269654,1,9,0,1,1,0,0,11499
10.0,0.1,1,2.030736661315302,1,9,0,1,0,0,1,3999
20.0,0.0,1,1.125360902311944,1,8,0,1,1,0,1,13799
49.0,20.0,0,0.5111269708383741,8,0,0,0,0,0,0,85000
58.0,0.1,2,1.402435355207652,1,9,2,2,1,1,0,26999
10.0,0.0,1,1.0188982253946917,1,9,1,1,1,0,2,7999
36.0,0.1,3,0.0,1,9,2,2,1,1,2,32000
13.0,0.0,1,1.34235724831937,1,9,0,1,0,0,2,6499
15.0,0.0,1,0.0890184400694166,1,9,0,1,1,0,0,9499
10.0,0.1,1,0.2787222754776135,1,8,0,1,1,0,2,8499
14.0,0.0,1,0.624986643401143,1,8,0,1,1,0,2,12299
10.3,0.0,1,1.7777227035831105,1,8,0,1,0,0,1,5799
16.0,0.1,1,2.3396860296042736,1,9,1,1,1,0,2,11999
32.0,3.1,4,0.4384798519635781,1,8,2,3,0,0,2,25000
15.0,0.0,0,0.5651006471970196,1,9,0,0,0,0,1,14000
35.0,20.2,3,0.0,1,6,2,2,1,1,1,22000
8.0,1.2,1,1.6377572727615064,1,8,0,1,0,0,0,5499
13.0,0.1,1,0.9990948868283424,1,9,0,1,1,0,0,7499
11.0,0.0,0,1.810107489218888,1,8,0,0,0,0,2,6600
15.0,0.0,0,0.5848701803611829,1,5,0,0,0,0,2,19000
13.0,0.0,1,1.776435783754272,1,8,1,1,0,0,1,7999
9.0,20.0,1,1.417853431369718,8,0,0,1,1,1,0,22999
12.0,0.1,0,0.2992415821165285,1,9,0,0,0,0,2,10000
8.0,0.0,1,0.378680545393141,1,9,0,1,1,0,0,4999
13.0,0.1,1,0.0,1,8,0,1,1,0,2,8999
12.0,0.1,1,0.1664236509332073,1,8,1,1,1,0,2,12000
11.0,0.1,1,0.6810252798160478,1,8,0,1,1,0,2,5999
10.0,0.0,0,2.532090615467206,1,9,0,0,0,0,2,12500
11.5,0.0,0,3351.2820512820517,1,8,0,0,0,0,2,7800
12.0,0.0,1,0.5508578588835353,1,8,0,1,1,0,2,11999
14.0,0.1,1,0.0,1,8,0,1,1,0,0,8999
12.0,0.0,1,0.7256914517889864,1,9,0,1,1,0,2,8499
8.0,0.1,1,0.1530080510789124,1,9,0,1,0,0,1,9000
8.5,20.6,1,1.00561352086193,1,8,0,1,0,0,1,7800
25.0,0.0,2,0.3494521237547451,1,9,2,1,1,0,1,24000
16.0,0.1,1,2.3172350834946323,1,9,1,1,1,0,2,13000
29.0,20.0,0,0.6572769617287133,8,0,0,0,0,0,0,33000
15.0,0.0,1,0.5421568072588091,1,9,1,1,1,0,2,13999
15.0,0.0,1,0.1799050858902864,1,8,1,1,1,0,0,10499
31.0,20.0,3,2.025722847239955,2,0,2,2,1,1,0,45000
48.51,0.1,3,1.0219522161224612,1,9,2,2,1,1,2,21999
10.0,0.0,0,0.6503388472709605,1,8,0,0,0,0,1,7999
36.51,0.1,2,0.1727261986327461,1,9,2,1,1,1,2,19999
25.0,0.0,2,0.3494521237547451,1,9,2,1,1,0,1,24000
13.0,0.0,0,0.0062256555188667,1,9,0,0,0,0,1,6999
15.0,0.0,1,0.2218263550076393,1,9,0,1,1,0,2,12499
10.0,0.1,1,0.8598366381946381,1,6,1,1,0,0,2,7599
13.0,0.1,1,0.0,1,9,0,1,1,0,0,12799
17.0,0.0,0,1.2535583321275108,1,6,0,0,0,0,2,13999
8.9,0.0,1,0.0,1,8,0,1,0,0,1,5999
18.0,0.1,1,0.0,1,8,1,1,1,0,2,10999
13.0,0.1,0,0.1597537045668259,1,9,0,0,0,0,2,7799
5.0,20.0,1,1.356539771505689,8,0,0,1,0,0,0,8800
12.0,0.0,0,1.554327449728475,1,9,0,0,0,0,2,10999
11.0,5.7,1,1.134487130336603,1,8,0,1,0,0,1,8800
13.0,0.0,1,0.2355235293908548,1,9,0,1,1,0,2,12000
15.0,0.0,1,1.6142678959610737,1,8,0,1,1,0,2,12999
22.0,0.1,2,0.5775480148255073,1,8,1,1,1,0,0,21000
8.0,0.0,1,1.789559839819035,1,9,1,1,1,0,1,5499
10.0,8.0,1,0.3741612568319368,1,9,0,1,1,0,1,5499
28.0,0.0,2,1.5609670823246578,1,8,1,1,1,1,2,19999
14.5,0.1,0,0.2689658467845072,1,8,0,0,0,0,2,11499
10.0,0.0,0,1.778956145745766,1,9,0,0,0,0,0,6500
8.0,0.0,1,0.1633414707100291,1,8,0,1,0,0,4,6500
10.0,0.1,1,0.5118354513316176,1,9,0,1,1,0,1,8499
12.0,0.0,1,0.6132421306686764,1,9,1,1,1,0,2,11499
4.8,0.0,1,0.2660728755108124,1,9,0,1,0,0,1,9800
14.0,0.0,1,0.943794139397633,1,8,0,1,0,0,1,11000
9.0,0.0,1,0.0,1,8,0,1,0,0,1,5499
25.0,0.0,0,1.008772665560379,1,8,0,0,0,0,1,25000
10.0,8.0,1,0.378680545393141,1,9,0,1,1,0,1,4999
12.0,0.0,0,0.6091261798008394,1,9,0,0,0,0,1,9499
10.0,0.0,1,2.030736661315302,1,9,0,1,0,0,1,3999
17.0,0.1,1,0.8299684456801522,1,8,0,1,1,0,2,13999
8.0,0.0,1,0.2315752333078853,1,9,0,1,0,0,1,3999
16.0,0.1,1,0.3009869218781037,1,9,1,1,1,0,2,8999
26.82,0.0,3,0.0,1,9,2,2,1,1,2,31000
17.0,1.1,1,0.4586795382306498,1,8,0,1,1,0,2,15999
13.0,0.0,1,0.6521753781696824,1,6,1,1,0,0,1,9999
9.0,0.1,1,0.8432615752631798,1,9,0,1,1,0,0,8499
12.0,0.0,1,0.2218263550076393,1,8,0,1,1,0,0,12499
16.0,0.1,1,1.3989531530725752,1,8,0,1,1,0,2,13499
30.0,0.1,2,0.5839496140287327,1,8,1,1,1,1,2,18999
6.0,20.0,1,0.3026415546626988,8,0,0,1,0,0,0,15000
8.0,0.0,0,0.1250836523100512,1,9,0,0,0,0,1,6299
11.0,0.1,1,1.506154113209376,1,8,0,1,1,0,2,10999
10.0,0.1,1,0.064424442559542,1,9,0,1,1,0,2,9000
15.0,0.0,1,1.261601455636169,1,9,0,1,1,0,2,9999
14.0,0.1,1,2.192783058714694,1,8,0,1,1,0,2,11500
13.0,0.0,0,1.9370168526496971,1,6,0,0,0,0,2,5799
13.0,0.0,0,0.0,1,9,0,0,0,0,1,7999
9.0,0.0,0,2904.4444444444443,1,9,0,0,0,0,2,9000
45.0,20.0,0,2.512962423849116,2,0,0,0,0,0,0,98000
5.0,20.1,1,0.4082879369446361,8,0,0,1,0,0,0,16500
29.0,20.2,3,0.2805200070288754,8,9,1,2,1,1,0,30000
20.0,0.1,0,1.4938606889872492,1,8,0,0,0,0,1,17199
15.0,2.8,1,2.58094603988757,1,9,1,1,1,0,1,10499
10.0,0.2,0,1.709283589796054,1,9,0,0,0,0,1,8999
10.0,0.0,1,1.2186340284264288,1,8,0,1,1,0,1,7799
13.0,0.0,1,0.8916982902616868,1,9,0,1,1,0,2,10999
15.0,3.9,1,0.0,1,9,1,1,1,0,2,7999
17.0,0.1,1,1.567186961370702,1,0,0,1,1,0,2,13999
99.0,1.4,6,0.8115027091928528,1,2,2,5,0,0,2,250000
14.0,0.0,1,0.6194987909824402,1,8,0,1,0,0,1,7699
40.0,0.0,2,0.8161479228433219,1,8,1,1,1,0,2,22999
10.0,0.1,1,0.1403597733338064,1,8,0,1,1,0,2,4499
10.0,7.5,1,1.7462967497241153,1,0,0,1,1,0,2,6699
12.0,0.0,1,1.1204972551471812,1,0,0,1,1,0,1,6299
10.0,0.2,1,0.0187810906346055,1,6,0,1,1,0,2,10500
10.0,0.1,1,0.1165245056990889,1,8,0,1,0,0,1,5499
5.5,40.0,3,1.934376613415678,2,0,1,1,1,0,0,9500
18.0,0.1,1,0.0,1,8,1,1,1,0,0,12499
10.0,0.0,0,0.6194419170213712,1,9,0,0,0,0,0,7000
12.0,5.0,1,0.0,1,8,1,2,1,0,2,12000
12.0,0.0,1,1.6114071701333357,1,0,0,1,1,0,2,6999
25.0,0.1,2,0.4262284408690529,1,9,1,0,1,0,2,12999
14.5,0.0,0,0.2591852705377978,1,8,0,0,0,0,2,11499
13.0,0.0,1,0.5377909162010546,11,9,1,1,1,1,3,16000
44.0,0.0,0,0.2239027642708114,1,9,0,0,0,0,0,34000
16.0,0.0,1,0.6559685457376375,1,9,0,1,1,0,0,11999
20.0,0.1,2,0.9484625087558816,1,8,1,1,1,0,2,25500
14.0,0.11,1,2.3387661165737232,1,8,0,1,0,0,1,10499
15.0,0.0,1,0.0,1,9,1,1,1,1,2,8999
14.0,0.1,1,0.0,1,9,0,1,1,0,2,9999
20.0,0.0,2,2.4474294360712947,1,8,1,1,1,0,2,18000
12.0,0.0,0,0.0412719085147066,1,9,0,0,0,0,0,9000
10.0,0.0,1,1.7777227035831105,1,8,1,1,0,0,1,5799
13.0,0.1,1,2.23790071148814,1,9,0,1,1,0,2,7999
19.69,56.1,2,0.5496572239451214,8,0,2,1,1,1,1,21490
10.0,0.1,1,0.9422259694349358,1,8,0,1,0,0,1,5999
13.0,0.0,1,1.6909307801643796,1,8,0,1,0,0,0,5999
9.0,0.1,1,1.6554343288556348,1,9,0,1,1,0,2,6499
10.0,4.1,1,0.6101142408489385,1,9,0,1,0,0,2,6999
7.0,0.1,1,1.57460658640698,1,8,0,1,0,0,1,5999
48.0,0.1,5,0.3913880620325775,1,8,2,3,1,1,0,20000
13.0,20.1,2,0.7412347882735959,2,8,1,1,0,0,0,24000
12.0,0.0,1,0.0,1,9,0,1,1,0,2,8999
35.0,20.0,3,0.743949611117331,8,0,1,2,0,1,0,30000
22.0,0.5,1,0.7829818033821387,1,8,0,1,1,0,2,17000
13.0,0.1,0,0.308675201475152,1,9,0,0,0,0,2,7500
40.0,0.1,2,0.698006745435097,1,9,2,1,1,0,2,23999
9.0,0.0,1,1.5993312996741251,1,9,0,1,1,0,2,9499
8.5,0.1,1,1.5917888897792971,1,8,0,0,0,0,1,5499
14.0,1.3,1,0.0,1,9,0,1,1,0,0,12500
12.0,2.0,1,0.0,1,8,0,1,1,0,2,11799
23.0,0.0,1,0.2128574448462564,1,9,1,1,1,1,0,15999
15.0,0.0,1,0.2103896737772888,1,9,1,1,1,0,2,10999
33.0,20.0,3,0.6694285673122492,2,0,2,2,1,0,0,36000
13.0,0.0,1,0.8967411449833133,1,9,1,1,1,0,2,9999
12.0,0.0,2,0.5781732624319444,8,0,1,1,1,0,3,16500
7.0,20.0,1,0.8218957651604178,8,0,0,1,1,0,0,14500
7.0,0.0,0,0.6318667912974616,1,8,0,0,0,0,2,5799
17.0,0.0,1,0.0,1,9,1,1,1,0,2,11499
25.0,16.1,3,0.0,8,0,1,1,0,0,2,21000
15.0,0.0,1,0.0,1,9,0,1,1,0,0,8499
8.0,0.0,1,0.0,1,9,0,1,0,0,1,7799
8.0,0.1,1,0.1334460801933443,1,9,0,1,1,0,1,10499
6.0,20.1,1,1.4438967186482703,2,0,0,1,0,0,0,6500
11.0,0.0,0,1.3037405148587389,1,6,0,0,0,0,1,7999
17.0,0.0,0,0.3601505171755173,15,8,0,0,0,0,0,20000
16.0,5.4,2,1.1980898662231227,1,8,1,1,0,0,2,14000
9.0,0.1,0,0.5413786240484758,1,9,0,0,0,0,2,7599
19.0,0.0,1,0.5227251411047447,1,8,1,1,1,0,0,15999
11.0,20.0,2,0.7736177134552025,8,0,1,1,0,0,0,23000
12.0,0.0,1,0.5874381300897252,1,8,0,1,0,0,1,8799
11.0,0.0,1,0.5161848258597294,1,1,0,1,0,0,0,14500
11.0,0.0,1,0.6194987909824402,1,8,0,1,0,0,0,7699
9.0,0.0,0,0.814561507441224,1,9,0,0,0,0,2,11400
23.0,20.0,3,0.5519377838686239,8,0,2,1,1,1,0,23000
36.54,44.1,0,4.71161779981252e-07,2,9,0,0,0,0,2,92000
10.0,0.0,1,0.2250387398725437,1,8,0,1,0,0,1,5000
8.0,0.0,1,0.4331414880222934,1,8,0,1,0,0,1,4499
15.0,0.1,1,0.1681097523533221,1,9,0,1,1,0,2,8999
15.0,0.0,1,0.2083262740549092,1,9,0,1,1,0,0,11499
10.0,20.0,1,0.9637579867046284,2,0,0,1,0,0,0,22000
10.0,2.5,1,0.0,1,9,1,1,0,0,1,5499
12.0,0.1,0,1.720959126566386,1,0,0,0,0,0,2,8500
20.0,0.1,1,0.123021602995503,1,9,1,1,1,0,2,12499
21.0,0.0,1,1.0040090097615455,1,9,1,1,1,0,0,15999
10.0,0.0,1,0.6881136311783789,1,9,0,1,1,0,2,7999
13.0,0.1,1,0.1334460801933443,1,8,0,1,1,0,2,10499
16.0,0.0,1,0.2228735860147166,1,9,0,1,1,0,2,11999
9.0,0.1,0,0.3613328708834133,1,9,0,0,0,0,2,5499
15.0,0.1,1,0.9179374514434864,1,8,0,1,1,0,2,13999
16.0,0.0,1,3075.6559595246504,1,9,1,1,1,1,2,8499
17.0,0.0,1,1.948164686056455,1,8,0,1,0,0,1,13499
73.8,0.0,3,0.3302618816821738,1,9,2,2,0,0,0,38000
8.0,0.1,1,1.6554343288556348,1,8,0,1,1,0,0,6499
15.0,0.0,1,0.0,1,9,0,1,1,0,0,9499
13.0,0.0,1,0.2083262740549092,1,9,0,1,1,0,2,11499
13.0,0.0,0,0.120952003612757,1,8,0,0,0,0,2,14499
40.0,0.0,3,0.1138797165307158,1,9,2,2,1,1,2,24999
13.0,0.0,0,0.069642191203549,1,6,0,0,0,0,1,6899
12.0,0.1,1,0.5508578588835353,1,8,0,1,1,0,2,11999
14.0,0.0,1,0.3318740641416591,1,9,0,1,1,0,2,12000
10.0,0.1,1,0.8778688846518531,1,8,0,1,1,0,2,11999
17.0,0.0,1,1.5008203357968186,1,9,0,1,1,0,0,16499
13.0,0.0,0,0.0,1,8,0,0,0,0,2,6999
10.0,0.1,1,0.0,1,8,0,1,0,0,2,5999
11.0,0.1,0,0.0,1,8,0,0,0,0,1,5799
21.0,0.0,1,2.3172350834946323,1,9,0,1,1,0,0,13000
13.0,0.0,0,1.6114071701333357,1,0,0,0,0,0,2,6999
10.0,0.0,1,1.759580117369964,1,0,0,1,1,0,2,6299
8.9,0.0,1,0.1692280551096085,1,8,0,1,0,0,1,3999
14.5,0.0,1,1.34235724831937,1,9,1,1,1,0,2,6499
9.0,0.1,1,0.2843049353615802,1,8,0,1,1,0,2,6999
8.0,0.0,0,1.025201843719507,1,0,0,0,0,0,1,5499
12.0,0.1,1,0.6816992827493942,1,8,0,1,1,0,2,11500
13.0,0.1,1,1.5267998288604183,1,0,1,1,0,0,1,10999
13.0,0.0,0,0.1187841363933653,1,8,0,0,0,0,0,8999
12.0,0.0,1,2.4851077757262616,1,0,0,1,1,0,2,5999
40.0,0.0,2,1.4303168284012884,1,9,2,1,1,0,0,22499
10.0,0.0,1,0.1357670846218742,1,0,0,1,0,0,1,5499
10.0,1.8,1,1.8428207438821436,1,8,0,1,0,0,1,7499
12.0,4.6,1,1.387145778793739,1,9,0,1,1,0,1,12199
53.63,9.1,3,0.0714327583499658,1,9,2,2,0,0,2,26000
10.0,0.0,1,1.163159972774932,1,0,1,1,0,0,1,6999
10.0,2.9,1,0.6310247182602358,1,9,0,1,1,0,2,6799
100.0,0.0,4,0.4763133691094446,1,9,2,3,1,1,2,85000
10.0,0.0,0,0.0856551341297425,1,9,0,0,0,0,0,6000
